{"labels": [1711, 1712, 1713, 1714, 1715, 1716, 1717, 1718, 1719, 1720, 1721, 1722, 1723, 1724, 1725, 1726, 1727, 1728, 1729, 1730, 1731, 1732, 1733, 1734, 1735, 1736, 1737, 1738, 1739, 1740, 1741, 1742, 1743, 1744, 1745, 1746, 1747, 1748, 1749, 1750, 1751, 1752, 1753, 1754, 1755, 1756, 1757, 1758, 1759, 1760, 1761, 1762, 1763, 1764, 1765, 1766, 1767, 1768, 1769, 1770, 1771, 1772, 1773, 1774, 1775, 1776, 1777], "data": [0.0, 0.0, 0.0, 0.0, 0.0, 0.0, 0.0, 0.0, 0.0, 0.0, 0.0, 0.0, 0.02702702702702703, 0.0, 0.030303030303030304, 0.0, 0.0, 0.125, 0.0, 0.0, 0.0, 0.009900990099009901, 0.0078125, 0.02654867256637168, 0.0136986301369863, 0.0, 0.018750000000000003, 0.03300330033003299, 0.007874015748031496, 0.003968253968253968, 0.005847953216374269, 0.007874015748031496, 0.01764705882352941, 0.013333333333333334, 0.00980392156862745, 0.016853932584269662, 0.01282051282051282, 0.0, 0.0, 0.004672897196261682, 0.02359882005899705, 0.0029069767441860465, 0.010869565217391304, 0.01182033096926714, 0.023090586145648306, 0.014492753623188406, 0.019370460048426155, 0.07449209932279909, 0.14285714285714274, 0.04967320261437911, 0.048175182481751844, 0.012110726643598618, 0.02058823529411765, 0.014492753623188406, 0.008955223880597015, 0.010416666666666666, 0.02478314745972738, 0.04513399153737658, 0.01468189233278956, 0.01712779973649539, 0.013011152416356874, 0.011695906432748537, 0.00546448087431694, 0.012526096033402923, 0.013888888888888888, 0.0099009900990099, 0.023419203747072594]}