{"labels": [1711, 1712, 1713, 1714, 1715, 1716, 1717, 1718, 1719, 1720, 1721, 1722, 1723, 1724, 1725, 1726, 1727, 1728, 1729, 1730, 1731, 1732, 1733, 1734, 1735, 1736, 1737, 1738, 1739, 1740, 1741, 1742, 1743, 1744, 1745, 1746, 1747, 1748, 1749, 1750, 1751, 1752, 1753, 1754, 1755, 1756, 1757, 1758, 1759, 1760, 1761, 1762, 1763, 1764, 1765, 1766, 1767, 1768, 1769, 1770, 1771, 1772, 1773, 1774, 1775, 1776, 1777], "data": [0.0, 0.0, 0.0, 0.0, 0.0, 0.06666666666666667, 0.0, 0.0, 0.0, 0.0, 0.0, 0.0, 0.0, 0.024390243902439025, 0.0, 0.0, 0.0, 0.0, 0.0, 0.0, 0.0, 0.0, 0.015625, 0.0, 0.0, 0.003968253968253968, 0.0, 0.0033003300330033004, 0.0026246719160104987, 0.007936507936507936, 0.0, 0.0, 0.0, 0.0, 0.0, 0.0, 0.0, 0.0, 0.0, 0.0, 0.0, 0.0, 0.013043478260869565, 0.002364066193853428, 0.01953818827708703, 0.00966183574879227, 0.004842615012106538, 0.009029345372460496, 0.014778325123152709, 0.00522875816993464, 0.00875912408759124, 0.012110726643598618, 0.029411764705882366, 0.02576489533011272, 0.03731343283582091, 0.025297619047619055, 0.01363073110285006, 0.011283497884344145, 0.0, 0.003952569169960474, 0.011152416356877321, 0.005847953216374269, 0.0, 0.0041753653444676405, 0.00992063492063492, 0.0033003300330033004, 0.014051522248243558]}