{"labels": [1711, 1712, 1713, 1714, 1715, 1716, 1717, 1718, 1719, 1720, 1721, 1722, 1723, 1724, 1725, 1726, 1727, 1728, 1729, 1730, 1731, 1732, 1733, 1734, 1735, 1736, 1737, 1738, 1739, 1740, 1741, 1742, 1743, 1744, 1745, 1746, 1747, 1748, 1749, 1750, 1751, 1752, 1753, 1754, 1755, 1756, 1757, 1758, 1759, 1760, 1761, 1762, 1763, 1764, 1765, 1766, 1767, 1768, 1769, 1770, 1771, 1772, 1773, 1774, 1775, 1776, 1777], "data": [0.0, 0.0, 0.0, 0.0, 0.0, 0.06666666666666667, 0.0, 0.0, 0.0, 0.0, 0.0, 0.06060606060606061, 0.02702702702702703, 0.0, 0.0, 0.06666666666666667, 0.0, 0.125, 0.045454545454545456, 0.0, 0.017543859649122806, 0.019801980198019802, 0.0390625, 0.04424778761061947, 0.00684931506849315, 0.011904761904761904, 0.018750000000000003, 0.0165016501650165, 0.007874015748031496, 0.023809523809523808, 0.0, 0.03937007874015748, 0.058823529411764705, 0.02, 0.029411764705882353, 0.016853932584269662, 0.038461538461538464, 0.0049261083743842365, 0.0091324200913242, 0.037383177570093455, 0.02654867256637168, 0.043604651162790685, 0.02173913043478261, 0.0070921985815602835, 0.01598579040852575, 0.00966183574879227, 0.016949152542372885, 0.03160270880361174, 0.016420361247947456, 0.013071895424836603, 0.01605839416058394, 0.01730103806228374, 0.016176470588235292, 0.014492753623188406, 0.01791044776119403, 0.019345238095238096, 0.012391573729863692, 0.023977433004231316, 0.016313213703099513, 0.019762845849802375, 0.026022304832713745, 0.009746588693957114, 0.018214936247723138, 0.016701461377870565, 0.02976190476190476, 0.028052805280528042, 0.03044496487119437]}