{"labels": [1711, 1712, 1713, 1714, 1715, 1716, 1717, 1718, 1719, 1720, 1721, 1722, 1723, 1724, 1725, 1726, 1727, 1728, 1729, 1730, 1731, 1732, 1733, 1734, 1735, 1736, 1737, 1738, 1739, 1740, 1741, 1742, 1743, 1744, 1745, 1746, 1747, 1748, 1749, 1750, 1751, 1752, 1753, 1754, 1755, 1756, 1757, 1758, 1759, 1760, 1761, 1762, 1763, 1764, 1765, 1766, 1767, 1768, 1769, 1770, 1771, 1772, 1773, 1774, 1775, 1776, 1777], "data": [0.0, 0.0, 0.0, 0.0, 0.0, 0.0, 0.0, 0.0, 0.0, 0.0, 0.0, 0.0, 0.0, 0.0, 0.030303030303030304, 0.0, 0.09090909090909091, 0.0, 0.0, 0.0, 0.0, 0.009900990099009901, 0.0, 0.0, 0.00684931506849315, 0.0, 0.0, 0.0, 0.0, 0.0992063492063492, 0.05847953216374269, 0.07874015748031496, 0.06470588235294117, 0.03333333333333333, 0.0196078431372549, 0.016853932584269662, 0.02564102564102564, 0.014778325123152709, 0.0821917808219178, 0.10747663551401869, 0.08849557522123894, 0.05813953488372091, 0.0739130434782609, 0.002364066193853428, 0.003552397868561279, 0.004830917874396135, 0.007263922518159807, 0.004514672686230248, 0.016420361247947456, 0.009150326797385621, 0.0, 0.0034602076124567475, 0.0014705882352941176, 0.0, 0.004477611940298508, 0.008928571428571428, 0.012391573729863692, 0.008462623413258109, 0.017944535073409464, 0.04216073781291171, 0.061338289962825254, 0.042884990253411304, 0.020036429872495452, 0.0417536534446764, 0.03373015873015873, 0.019801980198019795, 0.021077283372365335]}