{"labels": [1711, 1712, 1713, 1714, 1715, 1716, 1717, 1718, 1719, 1720, 1721, 1722, 1723, 1724, 1725, 1726, 1727, 1728, 1729, 1730, 1731, 1732, 1733, 1734, 1735, 1736, 1737, 1738, 1739, 1740, 1741, 1742, 1743, 1744, 1745, 1746, 1747, 1748, 1749, 1750, 1751, 1752, 1753, 1754, 1755, 1756, 1757, 1758, 1759, 1760, 1761, 1762, 1763, 1764, 1765, 1766, 1767, 1768, 1769, 1770, 1771, 1772, 1773, 1774, 1775, 1776, 1777], "data": [0.0, 0.0, 0.0, 0.0, 0.0, 0.0, 0.0, 0.0, 0.0, 0.0, 0.0, 0.0, 0.0, 0.0, 0.0, 0.0, 0.0, 0.0, 0.0, 0.0, 0.0, 0.0, 0.015625, 0.0, 0.0136986301369863, 0.015873015873015872, 0.0125, 0.013201320132013201, 0.0, 0.011904761904761904, 0.0, 0.0, 0.0, 0.0, 0.0, 0.0056179775280898875, 0.0, 0.0049261083743842365, 0.0045662100456621, 0.004672897196261682, 0.0029498525073746312, 0.005813953488372093, 0.0, 0.0, 0.007104795737122558, 0.004830917874396135, 0.036319612590799036, 0.04740406320541762, 0.021346469622331696, 0.07320261437908497, 0.02919708029197081, 0.020761245674740483, 0.026470588235294128, 0.06763285024154587, 0.041791044776119425, 0.03720238095238097, 0.0359355638166047, 0.0380818053596615, 0.02936378466557912, 0.04874835309617915, 0.03159851301115241, 0.021442495126705652, 0.04007285974499089, 0.016701461377870565, 0.013888888888888888, 0.031353135313531344, 0.03044496487119437]}