{"labels": [1711, 1712, 1713, 1714, 1715, 1716, 1717, 1718, 1719, 1720, 1721, 1722, 1723, 1724, 1725, 1726, 1727, 1728, 1729, 1730, 1731, 1732, 1733, 1734, 1735, 1736, 1737, 1738, 1739, 1740, 1741, 1742, 1743, 1744, 1745, 1746, 1747, 1748, 1749, 1750, 1751, 1752, 1753, 1754, 1755, 1756, 1757, 1758, 1759, 1760, 1761, 1762, 1763, 1764, 1765, 1766, 1767, 1768, 1769, 1770, 1771, 1772, 1773, 1774, 1775, 1776, 1777], "data": [0.0, 0.0, 0.0, 0.0, 0.0, 0.0, 0.0, 0.0, 0.0, 0.0, 0.0, 0.0, 0.0, 0.0, 0.0, 0.0, 0.0, 0.0, 0.045454545454545456, 0.0, 0.05263157894736842, 0.0, 0.0078125, 0.0, 0.0547945205479452, 0.0, 0.0125, 0.0165016501650165, 0.01837270341207349, 0.007936507936507936, 0.023391812865497075, 0.03937007874015748, 0.0, 0.0, 0.00980392156862745, 0.016853932584269662, 0.0, 0.019704433497536946, 0.0228310502283105, 0.0, 0.0058997050147492625, 0.03488372093023255, 0.010869565217391304, 0.049645390070922, 0.024866785079928944, 0.03140096618357488, 0.026634382566585964, 0.013544018058690743, 0.011494252873563218, 0.028758169934640514, 0.01021897810218978, 0.013840830449826992, 0.02352941176470589, 0.01288244766505636, 0.005970149253731343, 0.016369047619047616, 0.008674101610904586, 0.029619181946403395, 0.0407830342577488, 0.003952569169960474, 0.007434944237918215, 0.011695906432748537, 0.009107468123861567, 0.0020876826722338203, 0.001984126984126984, 0.0049504950495049506, 0.011709601873536299]}