{"labels": [0, 1, 2, 3, 4, 5, 6, 7, 8, 9, 10, 11, 12, 13, 14, 15, 16, 17, 18, 19, 20, 21, 22, 23, 24, 25, 26, 27, 28, 29, 30, 31, 32, 33, 34, 35, 36, 37, 38, 39], "data": [0.0, 0.0, 0.0, 0.0, 0.0008051010800471871, 0.0, 0.013024391370613862, 0.04274978598971691, 0.017326018158329525, 0.0, 0.0, 0.0007162635429399062, 0.0, 0.0, 0.0, 0.0, 0.0, 0.0, 0.0, 0.0, 0.0, 0.0760034514623399, 0.0, 0.0, 0.0, 0.0, 0.0, 0.0, 0.0, 0.02974921179676219, 0.0, 0.0, 0.000507801877971413, 0.04176167298736412, 0.0, 0.0, 0.0, 0.0, 0.0, 0.0]}