{"labels": [0, 1, 2, 3, 4, 5, 6, 7, 8, 9, 10, 11, 12, 13, 14, 15, 16, 17, 18, 19, 20, 21, 22, 23, 24, 25, 26, 27, 28, 29, 30, 31, 32, 33, 34, 35, 36, 37, 38, 39], "data": [0.011583619210992255, 0.0, 0.0, 0.0, 0.024431328923300133, 0.0, 0.0, 0.010088785750320847, 0.007729500947166188, 0.0, 0.014679157958805651, 0.0, 0.04711185147778152, 0.0, 0.0, 0.0, 0.002018850449509849, 0.0, 0.0003734871182272944, 0.0, 0.0, 0.0, 0.0, 0.0, 0.0, 0.010564609514610634, 0.05803341219871928, 0.0026873567706929558, 0.0039991619538819545, 0.0, 0.0, 0.0, 0.0007741038439133624, 0.020000734260717086, 0.026883764356661025, 0.001227451930071449, 0.019110202916587098, 0.019201582913977985, 0.020738237149184748, 0.031335773525119556]}