{"labels": [0, 1, 2, 3, 4, 5, 6, 7, 8, 9, 10, 11, 12, 13, 14, 15, 16, 17, 18, 19, 20, 21, 22, 23, 24, 25, 26, 27, 28, 29, 30, 31, 32, 33, 34, 35, 36, 37, 38, 39], "data": [0.0, 0.0, 0.0, 0.0, 0.0, 0.0007598574437613161, 0.030452645361312623, 0.057413012941684126, 0.0036328865170321394, 0.0, 0.0, 0.0, 0.0, 2.6187858865039944e-06, 0.0, 0.0, 0.005206050905888956, 0.0, 0.0, 0.0, 0.0, 0.005460981942306876, 0.0, 0.0023648200133948817, 0.0032581657526328254, 0.0023728769813009414, 0.0, 0.0004706429586566269, 0.007629909626787181, 0.0, 0.0, 0.005935182292481877, 0.0, 0.0, 0.03508028178879369, 0.0, 0.0, 0.0, 0.0, 0.0]}