{"labels": [0, 1, 2, 3, 4, 5, 6, 7, 8, 9, 10, 11, 12, 13, 14, 15, 16, 17, 18, 19, 20, 21, 22, 23, 24, 25, 26, 27, 28, 29, 30, 31, 32, 33, 34, 35, 36, 37, 38, 39], "data": [0.0, 0.0, 0.0, 0.0, 0.0, 0.023002928899905767, 0.012281903996183398, 0.0008380232652895844, 0.006655107849240211, 0.0, 0.0, 0.0032555010269656086, 0.04144487480285652, 0.0, 0.0, 0.0, 0.0, 0.0002827324791978629, 0.0, 0.0008162183437593092, 0.0, 0.05436970461775302, 0.0021890658053859255, 0.0, 0.0009030827975540881, 0.0, 0.00613908416255652, 0.0, 0.0, 0.0, 0.0, 0.0015936918065410284, 0.07212568826219015, 0.0, 0.0, 0.0, 0.020126231044831345, 0.015133771881973694, 0.00966847091312774, 0.003453840428267046]}