{"labels": [0, 1, 2, 3, 4, 5, 6, 7, 8, 9, 10, 11, 12, 13, 14, 15, 16, 17, 18, 19, 20, 21, 22, 23, 24, 25, 26, 27, 28, 29, 30, 31, 32, 33, 34, 35, 36, 37, 38, 39], "data": [0.0, 0.0, 0.0, 0.0, 0.010800912606982566, 0.0, 0.014645466150848621, 0.0, 0.029725031606621488, 0.0, 0.0, 0.00981967302608483, 0.0, 0.0064996300934175655, 0.0, 0.0, 0.0, 0.0, 0.0, 0.00046567532561574447, 0.0, 0.01000409277408965, 0.0, 0.00024295310624655072, 0.0, 0.0, 0.0, 0.0, 0.0, 0.0, 0.0, 0.0, 0.002003301280086153, 0.0, 0.02300588808176653, 0.038738041567807226, 0.0028226163117552384, 0.039968689534009456, 0.0, 0.0022777468047594693]}