{"labels": [0, 1, 2, 3, 4, 5, 6, 7, 8, 9, 10, 11, 12, 13, 14, 15, 16, 17, 18, 19, 20, 21, 22, 23, 24, 25, 26, 27, 28, 29, 30, 31, 32, 33, 34, 35, 36, 37, 38, 39], "data": [0.0, 0.001598010254454759, 0.0, 0.0, 0.0, 0.0, 0.0, 0.0, 0.0, 0.00979138009704522, 0.0, 0.0, 0.0, 0.001312180654947481, 0.002141101118258524, 0.0, 0.0, 0.00018671034687509801, 0.021485033914297257, 0.0, 0.004649767492877515, 0.0, 0.14042833136966953, 0.023145836548881412, 0.0, 0.0, 0.0, 0.0, 0.0, 0.0026365156165157723, 0.0, 0.0, 0.0, 0.027446073860028713, 0.0, 0.0, 0.059136411392678744, 0.014476949754276651, 0.0, 0.0]}