{"labels": [0, 1, 2, 3, 4, 5, 6, 7, 8, 9, 10, 11, 12, 13, 14, 15, 16, 17, 18, 19, 20, 21, 22, 23, 24, 25, 26, 27, 28, 29, 30, 31, 32, 33, 34, 35, 36, 37, 38, 39], "data": [0.0, 0.0, 0.029354411735485683, 0.0, 0.014658828561209893, 0.0, 0.0, 0.0, 0.0, 0.0, 0.015473208359605336, 0.0, 0.0012139889432804696, 0.0, 0.01461025653946037, 0.013364495010938567, 0.0, 0.017325839356337233, 0.0, 0.0, 0.0, 0.0, 0.0, 0.0295958267985655, 0.0, 0.0, 0.034062686564089874, 0.0, 0.015641505677675173, 0.0067473916010918926, 0.0018985767151075677, 0.0005600982358741658, 0.0, 0.020583382721327644, 0.014493368481148924, 0.008715238203747038, 0.0, 0.04679792177113505, 0.0, 0.028709707008061136]}