{"labels": [0, 1, 2, 3, 4, 5, 6, 7, 8, 9, 10, 11, 12, 13, 14, 15, 16, 17, 18, 19, 20, 21, 22, 23, 24, 25, 26, 27, 28, 29, 30, 31, 32, 33, 34, 35, 36, 37, 38, 39], "data": [0.0007592337406058285, 0.0, 0.0043404523581317455, 0.0, 0.0, 0.0, 0.0, 0.0, 0.0, 0.0, 0.0, 0.0, 0.0, 0.0, 9.668402010714944e-05, 0.0, 0.002503068671697532, 0.0037534368101088166, 0.0, 0.0, 0.0, 0.0, 0.0, 0.0, 0.0, 0.0, 0.0, 0.0, 0.0, 0.0, 0.0, 0.000550753116994841, 0.0, 0.07850766072713374, 0.0, 0.01125283248326194, 0.057625822087191914, 0.0, 0.0, 0.0]}