{"labels": [0, 1, 2, 3, 4, 5, 6, 7, 8, 9, 10, 11, 12, 13, 14, 15, 16, 17, 18, 19, 20, 21, 22, 23, 24, 25, 26, 27, 28, 29, 30, 31, 32, 33, 34, 35, 36, 37, 38, 39], "data": [0.00028329755865349955, 0.0, 0.0, 0.0, 0.0, 0.00968552152182837, 0.02579609235373748, 0.013751478925640314, 0.005393219037925559, 0.0, 0.0, 0.0, 0.0, 0.00726444678219055, 5.43582308556717e-05, 0.0, 0.0, 0.013911422698924236, 0.0, 0.0, 0.19309797504305576, 0.0, 0.0, 0.0009529486998978224, 0.0, 0.0, 0.0, 0.0, 0.0, 0.024615332618639966, 0.0, 0.0, 0.006474157312426679, 0.0, 0.0012689677002657958, 0.0, 0.0008920182645958284, 0.0, 0.002424114174404879, 0.0004417998987051358]}