{"labels": [0, 1, 2, 3, 4, 5, 6, 7, 8, 9, 10, 11, 12, 13, 14, 15, 16, 17, 18, 19, 20, 21, 22, 23, 24, 25, 26, 27, 28, 29, 30, 31, 32, 33, 34, 35, 36, 37, 38, 39], "data": [0.0, 0.01035194383609015, 0.0, 0.0, 0.0, 0.0, 0.004517947425330812, 0.0, 0.005797209452904327, 0.005522497978846788, 0.0, 0.0, 0.0, 0.0, 0.022562667600388553, 0.0, 0.0, 0.0, 0.0, 0.0, 0.0, 0.01610794392270028, 0.0, 0.0, 0.0, 0.0, 0.0, 0.0, 0.0, 0.0, 0.008202600728722784, 0.0, 0.0, 0.0, 0.0, 0.0422332516576333, 0.04875617554056465, 0.0, 0.0, 0.0]}