{"labels": [0, 1, 2, 3, 4, 5, 6, 7, 8, 9, 10, 11, 12, 13, 14, 15, 16, 17, 18, 19, 20, 21, 22, 23, 24, 25, 26, 27, 28, 29, 30, 31, 32, 33, 34, 35, 36, 37, 38, 39], "data": [0.0005138778822589895, 0.0, 0.046916035583282854, 0.0, 0.0, 0.0, 0.005795510530027372, 0.0010687077651539065, 0.0014118969038026893, 0.0, 0.0, 0.006749873574522928, 0.0, 0.0, 0.0042202609784714575, 0.0004763483824599422, 0.0, 0.0, 0.0018354821755336614, 0.0, 0.014570727331902584, 0.0, 0.0, 0.004011815769889122, 0.00017594725050800288, 0.0, 0.0, 0.0, 0.0, 0.0, 0.0, 0.0, 0.0, 0.0, 0.0, 0.008710361652508504, 0.0, 0.0, 0.0019333708070703266, 0.0]}