{"labels": [0, 1, 2, 3, 4, 5, 6, 7, 8, 9, 10, 11, 12, 13, 14, 15, 16, 17, 18, 19, 20, 21, 22, 23, 24, 25, 26, 27, 28, 29, 30, 31, 32, 33, 34, 35, 36, 37, 38, 39], "data": [0.0, 0.0, 0.0, 0.0, 0.0, 0.0002918228989376352, 0.011946409114790186, 0.0, 0.0014210656518596457, 0.0, 0.0, 0.0, 0.0, 0.0, 0.002689726416694745, 0.0, 0.0, 0.045874011925998937, 0.008364748325631851, 0.0, 0.0, 0.0, 0.0006353388056682368, 0.0, 0.0, 0.0, 0.009603242826331074, 0.0, 0.0030548852906676863, 0.0, 0.0, 0.0, 0.07661809181428421, 0.0, 0.0, 0.0008425306824063723, 0.0, 0.011979815002933436, 0.0, 0.0]}