{"labels": [0, 1, 2, 3, 4, 5, 6, 7, 8, 9, 10, 11, 12, 13, 14, 15, 16, 17, 18, 19, 20, 21, 22, 23, 24, 25, 26, 27, 28, 29, 30, 31, 32, 33, 34, 35, 36, 37, 38, 39], "data": [0.0, 0.012925693200430018, 0.001270187660573816, 0.0, 0.0, 0.0, 0.012207901994367082, 0.011369831824536698, 0.0032168394712179115, 0.0, 0.018823064885005413, 0.0, 0.0007010598928530437, 0.0, 0.004042944482681013, 0.0, 0.0, 0.0, 0.0, 0.0, 0.0, 0.00920289930616307, 0.0, 0.0, 0.0, 0.02134058370884481, 0.005706487727696024, 0.0, 0.0, 0.03904592777640622, 0.0, 0.0016219946577734703, 0.004857279711253253, 0.0, 0.0, 0.005548096651247267, 0.0, 0.019532936631764666, 0.0, 0.004296852016923189]}