{"labels": [0, 1, 2, 3, 4, 5, 6, 7, 8, 9, 10, 11, 12, 13, 14, 15, 16, 17, 18, 19, 20, 21, 22, 23, 24, 25, 26, 27, 28, 29, 30, 31, 32, 33, 34, 35, 36, 37, 38, 39], "data": [0.0, 0.0, 0.0, 0.0, 0.06477561178920833, 0.023145260661872072, 0.0, 0.0, 0.0, 0.0, 0.0, 0.0, 0.0, 0.0, 0.0, 0.0, 0.06504901823057321, 0.0, 0.0, 0.0003765653438000109, 0.0, 0.0, 0.0, 0.016666383469907398, 0.03235196520859754, 0.0, 0.005411754656519098, 0.0, 0.0, 0.0, 0.0, 0.0, 0.0, 0.0038913330644713227, 0.04347032994070924, 0.0, 0.0, 0.008692778670375776, 0.07860824982597231, 0.033580008548994886]}