{"labels": [0, 1, 2, 3, 4, 5, 6, 7, 8, 9, 10, 11, 12, 13, 14, 15, 16, 17, 18, 19, 20, 21, 22, 23, 24, 25, 26, 27, 28, 29, 30, 31, 32, 33, 34, 35, 36, 37, 38, 39], "data": [0.06143461480762529, 0.0050903227793167765, 0.005408405021424646, 0.01274459280996922, 0.021722188526979682, 0.01067140908786263, 0.0, 0.0, 0.011763076027460623, 0.0, 0.06180438545066233, 0.0, 0.0, 0.01217898947868963, 0.025134424344494054, 0.0, 0.0, 0.016895544108379092, 0.0, 0.0, 0.0, 0.0, 0.0024680130829180576, 0.0, 0.01775151028712737, 0.0, 0.0, 0.0030924075088036274, 0.009201514533177415, 0.0, 0.0, 0.008509006173800626, 0.0, 0.001991982142538517, 0.0, 0.0, 0.0, 0.0, 0.015949477032262807, 0.0]}