{"labels": [0, 1, 2, 3, 4, 5, 6, 7, 8, 9, 10, 11, 12, 13, 14, 15, 16, 17, 18, 19, 20, 21, 22, 23, 24, 25, 26, 27, 28, 29, 30, 31, 32, 33, 34, 35, 36, 37, 38, 39], "data": [0.003165881086057148, 0.0, 0.012486677230524277, 0.00024226554389829096, 0.0, 0.035283162877812455, 0.0030262680775503753, 0.0, 0.0, 0.024570854604346503, 0.008253462399422793, 0.0, 0.0005878515884631305, 0.0, 0.0, 0.0, 0.0, 0.008193010656146981, 0.0, 0.00526182253003958, 0.002484989672520601, 0.0, 0.0023156604247176944, 0.021915834090005592, 0.003700422463603751, 0.0, 0.0, 0.046337228365940245, 0.0, 0.0, 0.0, 0.0, 0.057616764886116424, 0.0, 0.005570116490361847, 0.0, 0.07819390840311316, 0.015048239056060701, 0.0191388901281099, 0.030038951656624686]}