{"labels": [0, 1, 2, 3, 4, 5, 6, 7, 8, 9, 10, 11, 12, 13, 14, 15, 16, 17, 18, 19, 20, 21, 22, 23, 24, 25, 26, 27, 28, 29, 30, 31, 32, 33, 34, 35, 36, 37, 38, 39], "data": [0.003351440492124972, 0.03437007913781406, 0.0, 0.00036446722488764425, 0.0010742559924784329, 0.011300415451407048, 0.0, 0.0, 0.0036347173650743245, 0.0, 0.0, 0.00597640675631373, 0.0, 0.005095847790212777, 0.0, 0.006870588718541912, 0.0002579722478705296, 0.0, 0.0069353515947047995, 0.0005874226738673408, 0.0043264251162644565, 0.00375688598681013, 0.0035727831376116143, 0.00011025558137026228, 0.0, 0.0001581045552993179, 0.0024869213111573625, 0.0, 0.012096376513334535, 0.0, 0.0, 0.0009511129861266437, 0.0, 0.008426196234838083, 0.024660693823103007, 0.0, 0.0075558882073719765, 0.03481573366851088, 0.004077252331276639, 0.0002955564883385504]}