{"labels": [0, 1, 2, 3, 4, 5, 6, 7, 8, 9, 10, 11, 12, 13, 14, 15, 16, 17, 18, 19, 20, 21, 22, 23, 24, 25, 26, 27, 28, 29, 30, 31, 32, 33, 34, 35, 36, 37, 38, 39], "data": [0.0, 0.0, 0.0, 0.0, 0.008341972345536179, 0.0, 0.0019147205123688394, 0.0, 0.0015196393698063196, 0.020200691775212498, 0.0, 0.0, 0.0, 0.008687251840926176, 0.0, 0.0, 0.014797376145956859, 0.0538766358309249, 0.0, 0.0, 0.010633217309371933, 0.0, 0.0, 0.04462842634626455, 0.0, 0.027616525646813432, 0.0, 0.05163728393467135, 0.0, 0.002983089602253884, 0.0, 0.0, 0.0, 0.0, 0.0, 0.0, 0.012618591778456388, 0.01669639709516125, 0.0, 0.0]}