{"labels": [0, 1, 2, 3, 4, 5, 6, 7, 8, 9, 10, 11, 12, 13, 14, 15, 16, 17, 18, 19, 20, 21, 22, 23, 24, 25, 26, 27, 28, 29, 30, 31, 32, 33, 34, 35, 36, 37, 38, 39], "data": [0.01147286836346513, 0.006481257112073124, 0.0, 0.0, 0.0021762291929822725, 0.0049638622050063854, 0.0, 0.06661570217528362, 0.0, 0.0002385716420215836, 0.0, 0.005234364792747155, 0.007483301107376295, 0.0, 0.0007183028204826632, 0.0, 0.006220757726117695, 0.006923528795468742, 0.01914872677886282, 0.0, 0.011387665183401457, 0.014329295591523539, 0.0, 0.0, 0.0, 0.01929546750800564, 0.0016612187884881386, 0.035168143640461856, 0.0, 0.0, 0.0, 0.0, 0.003714766585383032, 0.011540160036712401, 0.00033575692843184544, 0.002049271702815312, 0.0, 0.01703585574380979, 0.005217927628500295, 0.002006099751577367]}