{"labels": [0, 1, 2, 3, 4, 5, 6, 7, 8, 9, 10, 11, 12, 13, 14, 15, 16, 17, 18, 19, 20, 21, 22, 23, 24, 25, 26, 27, 28, 29, 30, 31, 32, 33, 34, 35, 36, 37, 38, 39], "data": [0.010204904998205174, 0.0, 0.0003334240323303027, 0.0, 0.00659978822547748, 0.0, 0.005852612170382923, 0.0, 0.0, 0.0, 0.0022818763519844923, 0.0, 0.0, 0.0, 0.002096696218265504, 0.0, 0.08688812870352462, 0.0, 0.0, 0.048299417354540436, 0.0, 0.0, 0.0030159566677380617, 0.024526685127307102, 0.004645413657277237, 0.0, 0.0003253923362896262, 0.03679124345844803, 0.0, 0.0, 0.0, 0.0006077794370064169, 0.0370711765610896, 0.059728060300552915, 0.0, 0.0014790260497438397, 0.0, 0.0, 0.0, 0.0]}