{"labels": [0, 1, 2, 3, 4, 5, 6, 7, 8, 9, 10, 11, 12, 13, 14, 15, 16, 17, 18, 19, 20, 21, 22, 23, 24, 25, 26, 27, 28, 29, 30, 31, 32, 33, 34, 35, 36, 37, 38, 39], "data": [0.015770694675000183, 0.0, 0.0011777849513044693, 0.006685991051273162, 0.0, 0.0, 0.0, 0.04495596357341484, 0.009580396498885441, 0.0, 0.0, 0.0016541706442971221, 0.029550985660283715, 0.003310773801143258, 0.0, 0.0, 0.0011681154462870346, 0.009398215889547716, 0.0, 0.0, 0.049063380131669214, 0.046615254593880946, 0.0, 0.0, 0.0, 0.010625040258545299, 0.0002876211792537863, 0.0, 0.0, 0.0, 0.0, 0.00885038524584313, 0.00012952070785417425, 0.0096934428701854, 0.0, 0.0, 0.0, 0.008122769515854443, 0.005434202416411352, 0.0]}