{"labels": [0, 1, 2, 3, 4, 5, 6, 7, 8, 9, 10, 11, 12, 13, 14, 15, 16, 17, 18, 19, 20, 21, 22, 23, 24, 25, 26, 27, 28, 29, 30, 31, 32, 33, 34, 35, 36, 37, 38, 39], "data": [0.0, 0.0012026029489407624, 0.0, 0.0, 0.002250301579606678, 0.0, 0.006011852984712994, 0.0, 0.007670937943060672, 0.013352421388601328, 0.0, 0.0, 0.0, 0.0, 5.7909736818798694e-05, 0.0, 0.005138779298688529, 0.03281646752465461, 0.0, 0.0, 0.0, 0.042110364496201855, 0.0, 0.0, 0.0, 0.0, 0.0, 0.003003630281642803, 0.0, 0.007259061512359838, 0.0, 0.0, 0.0, 0.0, 0.026354730650488267, 0.0, 0.0, 0.042972867286796564, 0.0, 0.0]}