{"labels": [0, 1, 2, 3, 4, 5, 6, 7, 8, 9, 10, 11, 12, 13, 14, 15, 16, 17, 18, 19, 20, 21, 22, 23, 24, 25, 26, 27, 28, 29, 30, 31, 32, 33, 34, 35, 36, 37, 38, 39], "data": [0.0026911860309080816, 0.0, 0.010866888811674198, 0.00539363915948348, 0.010912504595908853, 0.0, 0.0043694071455519365, 0.0, 0.0, 0.0, 0.02241498592913928, 0.0, 0.01952039166276634, 0.0, 0.0, 0.004618497152142388, 0.0, 0.06134961123446865, 0.00836656625889442, 0.00011879010009044584, 0.0, 0.02053561200352876, 0.00039381932306016597, 0.0003005262757022493, 0.019938439490254645, 0.003204039099758034, 0.0, 0.013721938780374983, 0.0, 0.0, 0.013502483496507693, 0.0, 0.024986937459370525, 0.03598445559408098, 0.03920241251182948, 0.0, 0.040522679772666034, 0.0, 0.0, 0.028534191296707527]}