{"labels": [0, 1, 2, 3, 4, 5, 6, 7, 8, 9, 10, 11, 12, 13, 14, 15, 16, 17, 18, 19, 20, 21, 22, 23, 24, 25, 26, 27, 28, 29, 30, 31, 32, 33, 34, 35, 36, 37, 38, 39], "data": [0.002063943987317054, 0.00249694450661601, 0.021623994170111783, 0.010669351178328077, 0.044120221894597564, 0.0, 0.0, 0.02038461252072234, 0.0006897339641796006, 0.007054910030161687, 0.0018554770763055473, 0.0, 0.019957039220659608, 0.028143316390485874, 0.0017437858605393844, 0.0, 0.006820594372853326, 0.024018421942131513, 0.0003785031128550863, 0.0, 0.0, 0.0, 0.0, 0.0, 0.0, 0.002345700776265327, 0.0, 0.036188003290109155, 0.003922819263690825, 0.006244836435092608, 0.0, 0.0, 0.0, 0.03675885502273898, 0.0010581661250999741, 0.0, 0.0, 0.009992680435491508, 0.0, 0.0]}