{"labels": [0, 1, 2, 3, 4, 5, 6, 7, 8, 9, 10, 11, 12, 13, 14, 15, 16, 17, 18, 19, 20, 21, 22, 23, 24, 25, 26, 27, 28, 29, 30, 31, 32, 33, 34, 35, 36, 37, 38, 39], "data": [0.014553402240535477, 0.0008074936768528918, 0.00023081450243861315, 0.002029277318994106, 0.0, 0.0, 0.01818001587188155, 0.0, 0.0, 0.024726078901545264, 0.0, 0.0, 0.0, 0.023587468317564107, 0.0, 0.0, 0.0, 0.025474762605782096, 0.0, 0.0, 0.0, 0.031220409459873734, 0.03011266200938554, 0.0, 0.0020279174828799697, 0.015392745368547211, 0.0, 0.000374559860656402, 0.0, 0.0, 0.017579084844645324, 0.0014932977059347154, 0.0, 0.0, 0.01790238545263577, 0.0, 0.020887601228210612, 0.016763180779140324, 0.020848048506245807, 0.0024048241833147517]}