{"labels": [0, 1, 2, 3, 4, 5, 6, 7, 8, 9, 10, 11, 12, 13, 14, 15, 16, 17, 18, 19, 20, 21, 22, 23, 24, 25, 26, 27, 28, 29, 30, 31, 32, 33, 34, 35, 36, 37, 38, 39], "data": [0.0, 0.017434373079460205, 0.0, 0.025438738397877005, 0.0, 0.0, 0.0, 0.0, 0.0, 0.017477905834831626, 0.0057745680745127734, 0.0, 0.0, 0.0, 0.01029229246880049, 0.0, 0.03942240663229037, 0.015545997204904714, 0.012637676320518246, 0.0, 0.03188894405688447, 0.01613054715958057, 0.001415512164746977, 0.04384358296174695, 0.0, 0.028085697331956844, 0.0, 0.003763124966126839, 0.0024474994359367655, 0.0062350076469604755, 0.0, 0.006395238170623758, 0.0, 0.0, 0.0, 0.0, 0.018775716179732654, 0.04640250622982625, 0.0, 0.026396769806891828]}