{"labels": [0, 1, 2, 3, 4, 5, 6, 7, 8, 9, 10, 11, 12, 13, 14, 15, 16, 17, 18, 19, 20, 21, 22, 23, 24, 25, 26, 27, 28, 29, 30, 31, 32, 33, 34, 35, 36, 37, 38, 39], "data": [0.0, 0.0, 0.0, 0.0, 0.03885519855239668, 0.0697470894614402, 0.0073231980260121355, 0.0, 0.0, 0.0, 0.005935298645442123, 0.0011786092998015206, 0.0, 0.0, 0.0, 0.020620603174906497, 0.035022481345446534, 0.0, 0.0013820815695936553, 0.000388820509572138, 0.0, 0.0, 0.0, 0.04185108535534477, 0.0, 0.0, 0.0, 0.0017826327262374239, 0.0, 0.02506165439512303, 0.0, 0.07763865011575626, 0.0, 0.0, 0.01712065408489372, 0.0, 0.0, 0.016063000072990052, 0.0, 0.0011750579974661754]}