{"labels": [0, 1, 2, 3, 4, 5, 6, 7, 8, 9, 10, 11, 12, 13, 14, 15, 16, 17, 18, 19, 20, 21, 22, 23, 24, 25, 26, 27, 28, 29, 30, 31, 32, 33, 34, 35, 36, 37, 38, 39], "data": [0.011852675312792571, 0.0, 0.0015164552652906875, 0.003189349841270628, 0.02143954512430859, 0.0, 0.004991493438310993, 0.01024658773452273, 4.6080176002437755e-05, 0.004942855366953075, 0.0010292091662009435, 0.0, 0.027898838563817648, 0.004849100534649145, 0.005434878472893079, 0.00564166660193607, 0.0, 0.05128371495144552, 0.009980358036538479, 0.0, 0.005494721551474184, 0.022748728315177703, 0.0, 0.0006340497211987859, 0.0, 0.019979751814770928, 0.0021463101098377706, 0.0028890304529319076, 0.0007385583445472816, 0.0025984216163238844, 0.02227357029516139, 0.00026718228680108373, 0.0, 0.013996470854176022, 0.007424631506533614, 0.02136927533658097, 0.0004096059445841659, 0.03618761671894356, 0.0302195000288602, 0.00026418621853309296]}