{"labels": [0, 1, 2, 3, 4, 5, 6, 7, 8, 9, 10, 11, 12, 13, 14, 15, 16, 17, 18, 19, 20, 21, 22, 23, 24, 25, 26, 27, 28, 29, 30, 31, 32, 33, 34, 35, 36, 37, 38, 39], "data": [0.014881131784049583, 0.0, 0.0011305832111265285, 0.006361758140756889, 0.029084924959593597, 0.003194833083648237, 0.0, 0.0, 0.005343473424010866, 0.0, 0.0, 0.010308371684254601, 0.004988027414117723, 0.008782770102363488, 0.001491180538503641, 0.0, 0.0, 0.02775346321605925, 0.0, 0.0009810560046990286, 0.0, 0.06704600578369078, 0.0, 0.0005264078069393552, 0.0, 0.011194847701517923, 0.0037889363246257825, 0.0, 0.0, 0.0, 0.0022646413218800877, 0.0, 0.03267543059137111, 0.010199590675190447, 0.0028950932419579446, 0.022728934755317752, 0.003042038134642256, 0.01565082847595877, 0.009656728514449845, 0.0007057129785939567]}