{"labels": [0, 1, 2, 3, 4, 5, 6, 7, 8, 9, 10, 11, 12, 13, 14, 15, 16, 17, 18, 19, 20, 21, 22, 23, 24, 25, 26, 27, 28, 29, 30, 31, 32, 33, 34, 35, 36, 37, 38, 39], "data": [0.0, 0.04260818354705908, 0.00010360133508572413, 0.0, 0.0007250117909343556, 0.002761622703274382, 0.0, 0.0, 0.050249570925374, 0.0, 0.05848398702353529, 0.0, 0.0, 0.002667647987446108, 0.0, 0.0, 0.0, 0.0, 0.0, 0.0, 0.0, 0.0006751119183420638, 0.0, 0.0026430980112195483, 0.0, 0.0, 0.0, 0.0, 0.0, 0.010047750980072873, 0.0, 0.0, 0.0011190588347778623, 0.0, 0.0, 0.0, 0.0, 0.0, 0.0, 0.06128855771835797]}