{"labels": [0, 1, 2, 3, 4, 5, 6, 7, 8, 9, 10, 11, 12, 13, 14, 15, 16, 17, 18, 19, 20, 21, 22, 23, 24, 25, 26, 27, 28, 29, 30, 31, 32, 33, 34, 35, 36, 37, 38, 39], "data": [0.0008150885462114859, 0.0011419672421231868, 0.0018731796267485606, 0.00817209245765713, 0.0, 0.0, 0.0, 0.006371306678223455, 0.004434068145273569, 0.0, 0.004207848191805595, 0.0, 0.009617621271389862, 0.0, 9.434119758345777e-05, 0.0, 0.0, 0.0, 0.0005891729913208209, 0.0, 0.0708240734747487, 0.0, 0.00024348144898682857, 0.0, 0.003547400721516745, 0.0, 0.0, 0.004177165377091549, 0.003086771796566054, 0.01708003447798615, 0.0, 0.0, 0.0, 0.023173677199342824, 0.00486081064287736, 0.0, 0.0, 0.028048917421715315, 0.0, 0.0013597169647511075]}