{"labels": [0, 1, 2, 3, 4, 5, 6, 7, 8, 9, 10, 11, 12, 13, 14, 15, 16, 17, 18, 19, 20, 21, 22, 23, 24, 25, 26, 27, 28, 29, 30, 31, 32, 33, 34, 35, 36, 37, 38, 39], "data": [0.007734624372497968, 0.0, 0.0, 0.0, 0.0, 0.0037881204486644375, 0.010215936374832748, 0.01494993222296433, 0.07766052924542745, 0.0023202269280376327, 0.0, 0.0, 0.007545694731216633, 0.0, 0.0, 0.0, 0.0, 0.012144228005538344, 0.0, 0.0, 0.006459342468106643, 0.0, 0.004783721032418736, 0.0, 0.0, 0.001254044467574977, 0.0, 0.0, 0.0, 0.0, 0.0, 0.0, 0.0, 0.0, 0.009144411305605239, 0.0, 0.07951577240199209, 0.0, 0.032031735932435856, 0.004012530497717871]}