{"labels": [0, 1, 2, 3, 4, 5, 6, 7, 8, 9, 10, 11, 12, 13, 14, 15, 16, 17, 18, 19, 20, 21, 22, 23, 24, 25, 26, 27, 28, 29, 30, 31, 32, 33, 34, 35, 36, 37, 38, 39], "data": [0.0, 0.000328706071861508, 0.0, 0.0, 0.005250002274533193, 0.000358708819726833, 0.058803784297963374, 0.0, 0.0, 0.0, 0.001768484136706924, 0.0, 0.0, 0.0, 0.0, 0.0, 0.000733936910105776, 0.0, 0.0, 0.0, 0.0, 0.0034308420281372507, 0.004355287002528846, 0.0004784593293393243, 0.0027680572127220804, 0.0, 0.0013029772807100352, 0.00021299809391670573, 0.0, 0.0, 0.0, 0.005516021380136566, 7.437417069449133e-05, 0.0, 0.0, 0.07033852335920585, 0.0, 0.00040537287906331285, 0.0, 0.0]}