{"labels": [0, 1, 2, 3, 4, 5, 6, 7, 8, 9, 10, 11, 12, 13, 14, 15, 16, 17, 18, 19, 20, 21, 22, 23, 24, 25, 26, 27, 28, 29, 30, 31, 32, 33, 34, 35, 36, 37, 38, 39], "data": [0.007958786586485776, 0.0, 0.00412071088953335, 0.00449763077475731, 0.0, 0.02445298707516436, 0.0, 0.0, 0.00514747351646805, 0.0, 0.0021202146711059083, 0.0, 0.01206894526741186, 0.06348024979044205, 0.006652228526327921, 0.017138597295353494, 0.0, 0.0, 0.0, 0.027884127198224768, 0.0, 0.0, 0.0, 0.003666572901083834, 0.002298289137704518, 0.0, 0.02551675869094723, 0.0, 0.0, 0.016014686660463753, 0.0, 0.0, 0.0005972960902502028, 0.0318954973154728, 0.0, 0.0, 0.0, 0.08892520183915369, 0.0, 0.023244163022617337]}