{"labels": [0, 1, 2, 3, 4, 5, 6, 7, 8, 9, 10, 11, 12, 13, 14, 15, 16, 17, 18, 19, 20, 21, 22, 23, 24, 25, 26, 27, 28, 29, 30, 31, 32, 33, 34, 35, 36, 37, 38, 39], "data": [0.010899335603881323, 0.0025007750503177285, 0.0, 0.0, 0.0, 0.013144869402178396, 0.020094899393625392, 0.0, 0.01013871079345255, 0.0, 0.0, 0.005377430002119956, 0.0, 0.0, 0.018946685507377325, 0.013439439370968755, 0.0036237431346475557, 0.0, 0.04495753373202534, 0.021308367641181585, 0.0024763829495258872, 0.0, 0.002539117209671828, 0.012069681778388724, 0.007828534481472188, 0.021279866257130374, 0.0, 0.017367265751584034, 0.0, 0.0, 0.005009290134201283, 0.0006195859139680503, 0.0, 0.0012943577133496423, 0.012265562025214458, 0.026415741614754955, 0.014586488258144, 0.016812127871070892, 0.01758021345121832, 0.0]}