{"labels": [0, 1, 2, 3, 4, 5, 6, 7, 8, 9, 10, 11, 12, 13, 14, 15, 16, 17, 18, 19, 20, 21, 22, 23, 24, 25, 26, 27, 28, 29, 30, 31, 32, 33, 34, 35, 36, 37, 38, 39], "data": [0.0, 0.0, 0.0, 0.012304962622470678, 0.0, 0.0027087565638840823, 0.0, 0.023116749204990655, 0.0, 0.018915062204222396, 0.0, 0.0, 0.00653505805974259, 0.02594595421872386, 0.011423781145592032, 0.010581125362564624, 0.0, 0.007287737987222065, 0.0, 0.02282914168100634, 0.0, 0.0021436853846760087, 0.03809441680534567, 0.017422045908189056, 0.0027122296925730298, 0.017009543624902954, 0.05352845207906989, 0.015828810438262415, 0.007199588248558114, 0.006964854470796947, 0.0, 0.04542135870154838, 0.0, 0.004732853241288862, 0.0, 0.053556264578218306, 0.0, 0.023495756386654864, 0.019585318300293208, 0.0020046654187232033]}