{"labels": [0, 1, 2, 3, 4, 5, 6, 7, 8, 9, 10, 11, 12, 13, 14, 15, 16, 17, 18, 19, 20, 21, 22, 23, 24, 25, 26, 27, 28, 29, 30, 31, 32, 33, 34, 35, 36, 37, 38, 39], "data": [0.0015145853070993051, 0.0017589282752588976, 0.0385675076191764, 0.0, 0.0, 0.0, 0.005241677552186892, 0.0, 0.0013197295703243064, 0.0219559816951257, 0.0009116327669021086, 0.000897909212757932, 0.0, 0.0, 0.0, 0.0014005531510480108, 0.03226082568389229, 0.0, 0.003686277617491577, 0.05942423990151023, 0.02879688254916221, 0.0, 0.04270107267881814, 0.00849649656704673, 0.0324116814777118, 0.0, 0.007664693364932906, 0.017221533952513274, 0.0009001671019935101, 0.01910455309739356, 0.007071335038254227, 0.0028706304353558333, 0.04011204182850994, 0.011462331374703068, 0.0073793482772540235, 0.00010370632708683002, 0.011074937888935802, 0.0, 0.0, 0.0]}