{"labels": [0, 1, 2, 3, 4, 5, 6, 7, 8, 9, 10, 11, 12, 13, 14, 15, 16, 17, 18, 19, 20, 21, 22, 23, 24, 25, 26, 27, 28, 29, 30, 31, 32, 33, 34, 35, 36, 37, 38, 39], "data": [0.0, 0.0, 0.0, 0.0, 0.0, 0.0027413591033914214, 0.01440425067240701, 0.04149904306733056, 0.0, 0.0, 0.010026025334027942, 0.0, 0.011982503005169452, 0.0, 0.06190459910459441, 0.0, 0.0, 0.003052345405863854, 0.008596122180522374, 0.0, 0.0, 0.006053976229421608, 0.0020366212795814567, 0.0, 0.0, 0.0, 0.0022740435184234156, 0.0, 0.0014282020612445374, 0.0, 0.09421724864675358, 0.0007044314869963002, 0.0, 0.001141782826021237, 0.015168628997815244, 0.0, 0.005997856330059759, 0.00736642677840189, 0.018577017513479302, 0.0497402475869757]}