{"labels": [0, 1, 2, 3, 4, 5, 6, 7, 8, 9, 10, 11, 12, 13, 14, 15, 16, 17, 18, 19, 20, 21, 22, 23, 24, 25, 26, 27, 28, 29, 30, 31, 32, 33, 34, 35, 36, 37, 38, 39], "data": [0.0, 0.034888736152602406, 0.0005028477229773511, 0.033154476180237605, 0.0005500879842797696, 0.0, 0.004563526365549557, 0.019421226948163964, 0.0019902324274665246, 0.0, 0.0, 0.0014503194601732442, 0.03797565801651136, 0.0, 0.0, 0.029214243162321584, 0.0, 0.0, 0.01636257167956623, 0.0, 0.046004423398638375, 0.0033325840011024705, 0.0, 0.007662403045803142, 0.0, 0.0, 0.0, 0.0, 0.0, 0.0, 0.0, 0.0, 0.0, 0.014718197330884381, 0.024729180015637325, 0.07236801625807025, 0.0, 0.0, 0.0, 0.0]}