{"labels": [0, 1, 2, 3, 4, 5, 6, 7, 8, 9, 10, 11, 12, 13, 14, 15, 16, 17, 18, 19, 20, 21, 22, 23, 24, 25, 26, 27, 28, 29, 30, 31, 32, 33, 34, 35, 36, 37, 38, 39], "data": [0.01395205519958676, 0.04109455345940618, 0.0, 0.018260871267811805, 0.0129913940092078, 0.003930518619193089, 0.0, 0.0, 0.0, 0.0, 0.01769436355291123, 0.024095204904317456, 0.0, 0.001462214910623978, 0.0010039064004121218, 0.0, 0.009465533405951384, 0.0, 0.003737573208749562, 0.0, 0.0, 0.005742979874455351, 0.002790100701964116, 0.0018737273221277433, 0.0, 0.009222598990536601, 0.0, 0.0, 0.0, 0.0, 0.0, 0.0, 0.0, 0.046517048483091364, 0.0, 0.0, 0.01416952303553124, 0.0, 0.000409944896236, 0.0053050404805576245]}