{"labels": [0, 1, 2, 3, 4, 5, 6, 7, 8, 9, 10, 11, 12, 13, 14, 15, 16, 17, 18, 19, 20, 21, 22, 23, 24, 25, 26, 27, 28, 29, 30, 31, 32, 33, 34, 35, 36, 37, 38, 39], "data": [0.0, 0.002079052254506511, 0.005973312178594948, 0.012693391141646727, 0.005880769176527571, 0.020189306750311567, 0.013704507352512574, 0.0, 0.022212327542735336, 0.0, 0.04154143292245465, 0.008829257720981561, 0.0, 0.0, 0.003225448219062045, 0.0, 0.0, 0.0, 0.0, 0.039567836806045836, 0.0, 0.0, 0.0, 0.0, 0.0006175983798798105, 0.0, 0.0, 0.0, 0.0, 0.0, 0.043845424136392926, 0.0, 0.0, 0.0, 0.0, 0.0, 0.0494291263030195, 0.0, 0.0, 0.003281147923632615]}