{"labels": [0, 1, 2, 3, 4, 5, 6, 7, 8, 9, 10, 11, 12, 13, 14, 15, 16, 17, 18, 19, 20, 21, 22, 23, 24, 25, 26, 27, 28, 29, 30, 31, 32, 33, 34, 35, 36, 37, 38, 39], "data": [0.0, 0.003058006140387635, 0.003162997755163678, 0.013907646047436035, 0.024086068389770315, 0.009835501755733876, 0.0, 0.0, 0.0, 0.012041075182942541, 0.0009473242056995841, 0.0, 0.02071549918707435, 0.0, 0.002760928758164621, 0.00044421390661157596, 0.0, 0.03380001073452841, 0.0, 0.0013059728501617438, 0.0, 0.0014237540950070278, 0.0, 0.008498990121939966, 0.0006814361938135214, 0.0016892599108361585, 0.00901732917922612, 0.014865593356148418, 0.007718573575720611, 0.024282804289233167, 0.00568004809992594, 0.005378473009887215, 0.03689420520686472, 0.021123812566231713, 0.008048868282639126, 0.004015698542364915, 0.0037221348153751604, 0.020231510300238363, 0.002299573881908957, 0.0027783079588163096]}