{"labels": [0, 1, 2, 3, 4, 5, 6, 7, 8, 9, 10, 11, 12, 13, 14, 15, 16, 17, 18, 19, 20, 21, 22, 23, 24, 25, 26, 27, 28, 29, 30, 31, 32, 33, 34, 35, 36, 37, 38, 39], "data": [0.0, 0.0, 0.0, 0.0, 0.03353792946582052, 0.0011276242337363003, 0.01737860633196177, 0.0, 0.0, 0.0165491107800808, 0.0, 0.0, 0.033817877175883485, 0.0, 0.0, 0.0, 0.0, 0.0, 0.0011987943459983589, 0.0, 0.005314513730581358, 0.0, 0.004618945714755739, 0.03785922099387668, 0.0, 0.0112992320060736, 0.0, 0.0, 0.0, 0.0, 0.0, 0.0, 0.0, 0.0, 0.005248180859649371, 0.0, 0.0, 0.0, 0.0, 0.0023974843033680217]}