{"labels": [0, 1, 2, 3, 4, 5, 6, 7, 8, 9, 10, 11, 12, 13, 14, 15, 16, 17, 18, 19, 20, 21, 22, 23, 24, 25, 26, 27, 28, 29, 30, 31, 32, 33, 34, 35, 36, 37, 38, 39], "data": [0.0, 0.0, 0.0, 0.019013397260037153, 0.0006268730208466856, 0.0030552928984347344, 0.0, 0.0, 0.0, 0.00023759214473602515, 0.0, 0.0, 0.027137871333113597, 0.06880586013662227, 0.018996242297440787, 0.0, 0.003463413390151052, 0.0068383989275591466, 0.02396716758821052, 0.020459072836239874, 0.005038232996149715, 0.052238317550110124, 0.0007118754300017638, 0.0, 0.0, 0.0, 0.005125786500920741, 0.014431721152598661, 0.0, 0.006047498412001894, 0.0, 0.0, 0.04724608188011824, 0.013614445241576678, 0.0, 0.004724153542741944, 0.0, 0.008508524719161659, 0.02892102539579692, 0.058477255793772394]}