{"labels": [0, 1, 2, 3, 4, 5, 6, 7, 8, 9, 10, 11, 12, 13, 14, 15, 16, 17, 18, 19, 20, 21, 22, 23, 24, 25, 26, 27, 28, 29, 30, 31, 32, 33, 34, 35, 36, 37, 38, 39], "data": [0.007267778089602754, 0.0, 0.00013074537265100907, 0.0, 0.0, 0.0, 0.010034527153020525, 0.01474255589167737, 0.021681669385420953, 0.0, 0.015338607536429053, 0.03495109889062086, 0.009543476603585543, 0.021775810975067273, 0.0, 0.0, 0.001593550526434107, 0.0063407508155963795, 0.0, 0.00138318298513732, 0.007706907379956262, 0.028781813064146042, 0.0, 0.001587699253046904, 0.0, 0.01345537675479351, 0.0027311218190548686, 0.0005387499376819787, 0.0, 0.0, 0.0, 0.007194338862838467, 0.0, 0.03421671335477908, 0.039416192322691605, 0.0, 0.0, 0.015745797415345642, 0.0, 0.0025495835338303074]}