{"labels": [0, 1, 2, 3, 4, 5, 6, 7, 8, 9, 10, 11, 12, 13, 14, 15, 16, 17, 18, 19, 20, 21, 22, 23, 24, 25, 26, 27, 28, 29, 30, 31, 32, 33, 34, 35, 36, 37, 38, 39], "data": [0.0, 0.0, 0.0, 0.05095424702689121, 0.0, 0.0, 0.003150529770400717, 0.002908247662846314, 0.010423896194856423, 0.005927284844117124, 0.0, 0.0, 0.0, 0.0, 0.0, 0.0, 0.0023421148025581937, 0.007551904231801163, 0.0, 0.0, 0.0, 0.0, 0.07183432063870879, 0.0, 0.0, 0.0, 0.0, 0.0, 0.0009291244374740407, 0.0, 0.0, 0.06636348163310968, 0.0, 0.0, 0.007442393920744307, 0.0, 0.0, 0.0, 0.0, 0.0]}