{"labels": [0, 1, 2, 3, 4, 5, 6, 7, 8, 9, 10, 11, 12, 13, 14, 15, 16, 17, 18, 19, 20, 21, 22, 23, 24, 25, 26, 27, 28, 29, 30, 31, 32, 33, 34, 35, 36, 37, 38, 39], "data": [0.00898126927018065, 0.0, 0.002945410450392147, 0.009126821700959235, 0.0006186176029458175, 0.003546901655203534, 0.015563031594504386, 0.0, 0.048651355154022594, 0.0, 0.0, 0.00921240837711484, 0.0006641404336942837, 0.003634358326921964, 0.05464077318776191, 0.0, 0.0, 0.00714832511579292, 0.0010579324486307492, 0.0, 0.0, 0.0, 0.002265146207258056, 0.00019156852859227456, 0.000292778631277557, 0.015329032225982902, 0.0010852892394146902, 0.0033354703137661685, 0.0, 0.008202782680213917, 0.03763377959669649, 0.0, 0.0035504518001769855, 0.0017622724645260685, 0.0, 0.020789595432209405, 0.0, 0.0, 0.057101268973978034, 0.0]}