{"labels": [0, 1, 2, 3, 4, 5, 6, 7, 8, 9, 10, 11, 12, 13, 14, 15, 16, 17, 18, 19, 20, 21, 22, 23, 24, 25, 26, 27, 28, 29, 30, 31, 32, 33, 34, 35, 36, 37, 38, 39], "data": [0.0, 0.0, 0.0, 0.0, 0.031996390568102544, 0.01153425774759919, 0.0007980369778481381, 0.0, 0.0, 0.0, 0.0005583791015368526, 0.0, 0.0006191064485493329, 0.0, 0.00305090338781098, 0.0, 0.08045826752536073, 0.0, 0.0, 0.0, 0.0, 0.0, 0.0, 0.0, 0.013182219318530454, 0.0, 0.0021158873610262665, 0.0018840064998220949, 0.0067889168679008925, 0.0, 0.0003543874782231167, 0.06550069805525457, 0.00036544915230812564, 0.020099036161385614, 0.0, 0.0, 0.0, 0.01832807286801081, 0.003405806039989043, 0.004555680922751315]}