{"labels": [0, 1, 2, 3, 4, 5, 6, 7, 8, 9, 10, 11, 12, 13, 14, 15, 16, 17, 18, 19, 20, 21, 22, 23, 24, 25, 26, 27, 28, 29, 30, 31, 32, 33, 34, 35, 36, 37, 38, 39], "data": [0.00042332147821785957, 0.0, 0.042560915186075465, 0.0, 0.0, 0.0, 0.0, 0.013867805051118414, 0.0, 0.012101450446346033, 0.015981441540867877, 0.0, 0.0379132670624742, 0.0, 0.049035210918592954, 0.0, 0.0, 0.00029792113641424316, 0.0, 0.0, 0.004524452857821196, 0.0025159098508380296, 0.0076616538306140645, 0.0, 0.0013973243236838377, 0.0, 0.0, 0.0, 0.0, 0.0, 0.020917558048952355, 0.0, 0.0020181220612695773, 0.0, 0.0, 0.0, 0.023966609485736187, 0.0, 0.0, 0.0]}