{"labels": [0, 1, 2, 3, 4, 5, 6, 7, 8, 9, 10, 11, 12, 13, 14, 15, 16, 17, 18, 19, 20, 21, 22, 23, 24, 25, 26, 27, 28, 29, 30, 31, 32, 33, 34, 35, 36, 37, 38, 39], "data": [0.01044580659763219, 0.0, 0.0025122400628488305, 0.007871176745755366, 0.003377560040878853, 0.0, 0.0, 0.0, 0.0, 0.0, 0.016633150443055005, 0.0004610505360251966, 0.0, 0.007467735643471269, 0.006301835211791415, 0.0, 0.009441954148813565, 0.0, 0.004992921822969877, 0.0, 0.0, 0.007406374910085317, 0.0038132526407397226, 0.0011469525213478767, 0.0, 0.017511497382175112, 0.0, 0.036773967201657036, 0.0, 0.0, 0.0, 0.004676537089303008, 0.0, 0.07709858725772362, 0.03051036502767941, 0.007847565878021828, 0.0, 0.0, 0.0, 0.0]}