{"labels": [0, 1, 2, 3, 4, 5, 6, 7, 8, 9, 10, 11, 12, 13, 14, 15, 16, 17, 18, 19, 20, 21, 22, 23, 24, 25, 26, 27, 28, 29, 30, 31, 32, 33, 34, 35, 36, 37, 38, 39], "data": [0.0, 0.0, 0.00016515799598925445, 0.0, 0.047334531585815486, 0.0, 0.054731220136001416, 0.0, 0.0, 0.0, 0.0, 0.0, 0.0, 0.0, 0.0, 0.007349636670908964, 0.0, 0.0, 0.0, 0.0, 0.0, 0.0, 0.0, 0.0, 0.0, 0.0, 0.011110607486846643, 0.0, 0.0016456289499217427, 0.0, 0.004884336528232146, 0.006511178788209144, 0.0, 0.0, 0.0, 0.10144896122024977, 0.0, 0.002169280163657784, 0.0, 0.0]}