{"labels": [0, 1, 2, 3, 4, 5, 6, 7, 8, 9, 10, 11, 12, 13, 14, 15, 16, 17, 18, 19, 20, 21, 22, 23, 24, 25, 26, 27, 28, 29, 30, 31, 32, 33, 34, 35, 36, 37, 38, 39], "data": [0.008129691847772368, 0.0034402177302070105, 0.0176662666885107, 0.005597620842959973, 0.0023721152336351552, 0.0, 0.0, 0.0, 0.0, 0.009244937594028918, 0.0, 0.0, 0.009045969723474937, 0.0, 0.0, 0.0, 0.004970627965460434, 0.013022804216907895, 0.0004276047058303912, 0.0, 0.0, 0.0, 0.0, 0.0, 0.046710200252098176, 0.0, 0.02681888817558365, 0.018369523418829303, 0.003667140859094661, 0.0, 0.0047228107976103415, 0.05290604752819795, 0.0710023121796627, 0.0030295591460058097, 0.016591750058698385, 0.0, 0.0035085654974524195, 0.00823686794493976, 0.0, 0.0]}