{"labels": [0, 1, 2, 3, 4, 5, 6, 7, 8, 9, 10, 11, 12, 13, 14, 15, 16, 17, 18, 19, 20, 21, 22, 23, 24, 25, 26, 27, 28, 29, 30, 31, 32, 33, 34, 35, 36, 37, 38, 39], "data": [0.0, 0.0, 0.0, 0.003983713918255762, 0.004858132644834288, 0.0902238783787191, 0.002252099705996368, 0.028139671135944015, 0.0030986141069834967, 0.0, 0.014792516465381433, 0.0, 0.010530213328096415, 0.0, 0.0, 0.0, 0.010584730784908066, 0.0, 0.0, 0.0, 0.0, 0.0, 0.000570252706049699, 0.0, 0.0029194999675235416, 0.0015509408381880758, 0.0, 0.0027597772297583167, 0.0, 0.0, 0.0007719654797881818, 0.0024129105514725715, 0.0, 0.0, 0.0, 0.0, 0.005241956317106208, 0.026527571689451725, 0.0, 0.0]}