{"labels": [0, 1, 2, 3, 4, 5, 6, 7, 8, 9, 10, 11, 12, 13, 14, 15, 16, 17, 18, 19, 20, 21, 22, 23, 24, 25, 26, 27, 28, 29, 30, 31, 32, 33, 34, 35, 36, 37, 38, 39], "data": [0.0014131896916035603, 0.0, 0.0, 0.07020735130267163, 0.0, 0.0, 0.010609597068200548, 0.0, 0.0, 0.0, 0.0010317760339565584, 0.00159225104773645, 0.0, 0.000963950769625566, 0.01661395827424216, 0.000592516723866453, 0.054241080060088875, 0.0, 0.004884690885891644, 0.0, 0.0, 0.0007531571556205821, 0.0, 0.0, 0.0, 0.0, 0.0, 0.0, 0.0026651152607581148, 0.0, 0.0, 0.0, 0.0, 0.010172747981514149, 0.0, 0.0, 0.0, 0.0, 0.0005283795598376904, 0.0015005153003858978]}