{"labels": [0, 1, 2, 3, 4, 5, 6, 7, 8, 9, 10, 11, 12, 13, 14, 15, 16, 17, 18, 19, 20, 21, 22, 23, 24, 25, 26, 27, 28, 29, 30, 31, 32, 33, 34, 35, 36, 37, 38, 39], "data": [0.0, 0.0, 0.0, 0.0, 0.027449406712562786, 0.0, 0.023112523499834874, 0.0, 0.0, 0.0, 0.04311213675327933, 0.0, 0.0, 0.0, 0.00367596108777964, 0.0, 0.0, 0.0, 0.0, 0.12277515972533477, 0.0, 0.0, 0.0, 0.0, 0.0, 0.0, 0.007172687950912624, 0.0, 0.0, 0.0, 0.008033912460488218, 0.0, 0.0, 0.0, 0.0, 0.010914888326824213, 0.0, 0.0, 0.0, 0.0]}