{"labels": [0, 1, 2, 3, 4, 5, 6, 7, 8, 9, 10, 11, 12, 13, 14, 15, 16, 17, 18, 19, 20, 21, 22, 23, 24, 25, 26, 27, 28, 29, 30, 31, 32, 33, 34, 35, 36, 37, 38, 39], "data": [0.00998061306128667, 0.0, 0.003021225641367791, 0.0, 0.0, 0.0, 0.003066004815793119, 0.04889952332926347, 0.0, 0.0, 0.021253768531874318, 0.0, 0.0, 0.0, 0.0, 0.0, 0.0, 0.0, 0.0, 6.463058414455367e-05, 0.0, 0.0, 0.0, 0.0, 0.006535189632082316, 0.0, 0.0, 0.0, 0.006416245545012288, 0.0021829980829210843, 0.0, 0.001360339123142154, 0.0, 0.004805217003876575, 0.016712115392691098, 0.0, 0.0, 0.071674423208745, 0.0, 0.0]}