{"labels": [0, 1, 2, 3, 4, 5, 6, 7, 8, 9, 10, 11, 12, 13, 14, 15, 16, 17, 18, 19, 20, 21, 22, 23, 24, 25, 26, 27, 28, 29, 30, 31, 32, 33, 34, 35, 36, 37, 38, 39], "data": [0.0, 0.0, 0.0017335345063952592, 0.0006145375023347568, 0.0042578628479035515, 0.0, 0.009961948290034198, 0.0, 0.04977410257723776, 0.0, 0.0, 0.004632719829145993, 0.0, 0.0, 0.0, 0.0, 0.0777494112230128, 0.0, 0.00038417756758311726, 0.0, 0.0, 0.0, 0.0, 0.0, 0.0, 0.0, 0.014155096192060963, 0.0005560323483637638, 0.006046258023256764, 0.0, 0.0, 0.0, 0.0, 0.0, 0.025446893648678127, 0.0, 0.0, 0.002104576174143308, 0.011093785599742773, 0.0014478727545130332]}