{"labels": [0, 1, 2, 3, 4, 5, 6, 7, 8, 9, 10, 11, 12, 13, 14, 15, 16, 17, 18, 19, 20, 21, 22, 23, 24, 25, 26, 27, 28, 29, 30, 31, 32, 33, 34, 35, 36, 37, 38, 39], "data": [0.015517751086977121, 0.00611977997785749, 0.004092871463758821, 0.00032495795509576876, 0.0, 0.007033089503899721, 0.015433120701780687, 0.0, 0.020787602089122437, 0.0, 0.0, 0.003299532520919992, 0.0, 0.0, 0.02655129576850778, 0.0, 0.0, 0.0, 0.09811122470196829, 0.0, 0.0, 0.0, 0.0, 0.0, 0.0005890687386581843, 0.0, 0.0, 0.01839060621489736, 0.0006263452574602629, 0.0, 0.0, 0.001983966045601603, 0.0, 0.002537546708077813, 0.0, 0.0, 0.0, 0.0, 0.05237855789116121, 0.05935914050786501]}