{"labels": [0, 1, 2, 3, 4, 5, 6, 7, 8, 9, 10, 11, 12, 13, 14, 15, 16, 17, 18, 19, 20, 21, 22, 23, 24, 25, 26, 27, 28, 29, 30, 31, 32, 33, 34, 35, 36, 37, 38, 39], "data": [0.0, 0.0, 0.0010376350674777125, 0.0, 0.021619716749399335, 0.009003181371203135, 0.0, 0.012550835341804062, 0.0, 0.0, 0.0059213096669733425, 0.0, 0.0, 0.0004609916843994634, 0.017006177057939866, 0.0016004297599869588, 0.0, 0.0, 0.0, 0.0, 0.008024436865733215, 0.06894359354930452, 0.004035757219500436, 0.0, 0.04196974202443451, 0.0, 0.003576992030791708, 0.036955651275629414, 0.0095344693293479, 0.02079086710640316, 0.0, 0.0, 0.0, 0.015779468003585685, 0.0, 0.0, 0.03789574756370621, 0.0, 0.004566022839240799, 0.0]}