{"labels": [0, 1, 2, 3, 4, 5, 6, 7, 8, 9, 10, 11, 12, 13, 14, 15, 16, 17, 18, 19, 20, 21, 22, 23, 24, 25, 26, 27, 28, 29, 30, 31, 32, 33, 34, 35, 36, 37, 38, 39], "data": [0.0, 0.056668058421098545, 0.015013071326268168, 0.0, 0.0, 0.0, 0.002013675073307407, 0.017546785436304172, 0.0, 0.0, 0.0, 0.0, 0.0, 0.0, 0.0095511475194954, 0.0, 0.0, 0.05372695614733042, 0.0, 0.00028066648248259175, 0.0, 0.0, 0.0015275170341235106, 0.03662973219916786, 2.7769480657383464e-05, 0.0039061547835242444, 0.0, 0.0, 0.0, 0.0, 0.032861623019907464, 0.00044930374118354864, 0.0, 0.01003827257191358, 0.0, 0.0, 0.0, 0.0031674207582977052, 0.0, 0.0]}