{"labels": [0, 1, 2, 3, 4, 5, 6, 7, 8, 9, 10, 11, 12, 13, 14, 15, 16, 17, 18, 19, 20, 21, 22, 23, 24, 25, 26, 27, 28, 29, 30, 31, 32, 33, 34, 35, 36, 37, 38, 39], "data": [0.0, 0.0, 0.00018290286963717892, 0.01592148512180264, 0.017017192273689447, 0.001512234071646211, 0.005661688880424538, 0.011668520335178706, 0.010942930544694548, 0.0, 0.0, 0.0, 0.015093623715085585, 0.02147506820430091, 0.0, 0.0, 0.0, 0.0006802087285000059, 0.0, 0.011379023138878872, 0.0, 0.024965057396464953, 0.00018772037699287528, 0.005123455595442233, 0.0, 0.05664670016317085, 0.0, 0.015050628057925924, 0.0, 0.061313415056767996, 0.0536874874586522, 0.004151765670232952, 0.0, 0.014086129410308849, 0.009169750855101962, 0.04242396108475806, 0.015754114135281196, 0.0, 0.01911630383168818, 0.0]}