{"labels": [0, 1, 2, 3, 4, 5, 6, 7, 8, 9, 10, 11, 12, 13, 14, 15, 16, 17, 18, 19, 20, 21, 22, 23, 24, 25, 26, 27, 28, 29, 30, 31, 32, 33, 34, 35, 36, 37, 38, 39], "data": [0.01761761301647176, 0.011712095365621204, 0.0, 0.08042593674399426, 0.008951830869055136, 0.0021703437362551583, 0.012271574530873346, 0.0, 0.0, 0.017350115394849392, 0.0, 0.003899533707773267, 0.03331895283092518, 0.0, 0.004960876718773618, 0.0, 0.0031427492507426847, 0.005048184348279893, 0.010001576436670283, 0.0, 0.00541617537610374, 0.0033318146465472947, 0.002210052901852407, 0.00701150655841387, 0.0024662590996014726, 0.01496557640191127, 0.014733278304922026, 0.0, 0.0022340931754660314, 0.0015078564142227172, 0.011515784858691898, 0.04496722650872923, 0.0007857764306441938, 0.005900327643400096, 0.03922086155593083, 0.0, 0.008817814764557955, 0.006506938760651343, 0.003386553180835475, 4.513802014157175e-05]}