{"labels": [0, 1, 2, 3, 4, 5, 6, 7, 8, 9, 10, 11, 12, 13, 14, 15, 16, 17, 18, 19, 20, 21, 22, 23, 24, 25, 26, 27, 28, 29, 30, 31, 32, 33, 34, 35, 36, 37, 38, 39], "data": [0.005070022425552318, 9.150500718247525e-06, 0.0004069371282790968, 0.03463930239260822, 0.023627568399249507, 0.0, 0.0, 0.00046187557101224106, 0.0, 0.0, 0.0, 0.0, 0.0330483570386461, 0.0, 0.0, 0.0, 0.0, 0.014616016354834024, 0.0, 0.0005778271367384168, 0.02130439882096875, 0.02573686914198856, 0.00524063639186184, 0.0, 0.0, 0.053933691350244485, 0.02576993315560899, 0.011875652348894818, 0.0, 0.0, 0.011711773014854671, 0.006301395409755146, 0.022315712658563108, 0.0, 0.015280976935627162, 0.0076648782674059715, 0.0, 0.00729043920168265, 0.019154702477986375, 0.0]}