{"labels": [0, 1, 2, 3, 4, 5, 6, 7, 8, 9, 10, 11, 12, 13, 14, 15, 16, 17, 18, 19, 20, 21, 22, 23, 24, 25, 26, 27, 28, 29, 30, 31, 32, 33, 34, 35, 36, 37, 38, 39], "data": [0.00045901472133776366, 0.0, 0.0, 0.0013874040569543688, 0.0, 4.8869183984054435e-05, 0.0, 0.0, 0.0, 0.006934597794955841, 0.0, 0.0, 0.0019383032134656947, 0.0, 0.0, 0.0, 0.0, 0.0, 0.0, 0.07272245099915228, 0.0, 0.0, 0.06291329022210389, 0.0, 0.0002571740300241238, 0.024152822024861513, 0.0, 0.0, 0.0, 0.013305053141493817, 0.0, 0.0, 0.0021468623364794444, 0.0073797329117257105, 0.0, 0.0, 0.0, 0.00033386250587177533, 0.0, 0.0012632895490959466]}