{"labels": [0, 1, 2, 3, 4, 5, 6, 7, 8, 9, 10, 11, 12, 13, 14, 15, 16, 17, 18, 19, 20, 21, 22, 23, 24, 25, 26, 27, 28, 29, 30, 31, 32, 33, 34, 35, 36, 37, 38, 39], "data": [0.004503535418597006, 0.008823055810494591, 0.0216231117792972, 0.0, 0.0, 0.0, 0.03964923536237647, 0.02367750095615887, 0.0340844056728059, 0.0, 0.012719053029255332, 0.0052417633470168866, 0.0, 0.0, 0.0, 0.0010715847919225742, 0.0, 0.0, 0.0, 0.030965176697636158, 0.0, 0.006961029118109792, 0.0, 0.0700950600877778, 0.0, 0.0, 0.0, 0.0, 0.0, 0.02318561075300116, 0.0, 0.0, 0.0, 0.0, 0.004839938055092791, 0.0, 0.0, 0.0, 0.0, 0.0011787713338634108]}