{"labels": [0, 1, 2, 3, 4, 5, 6, 7, 8, 9, 10, 11, 12, 13, 14, 15, 16, 17, 18, 19, 20, 21, 22, 23, 24, 25, 26, 27, 28, 29, 30, 31, 32, 33, 34, 35, 36, 37, 38, 39], "data": [0.03746499848135958, 0.0008122348947035329, 0.0, 0.0, 0.004260168124729979, 0.0, 0.007965503185960624, 0.00488639914712548, 0.0, 0.0, 0.0007492093245609085, 0.0, 0.0, 0.0, 0.0008138316859117197, 0.0, 0.0, 0.0, 0.007369168361225411, 0.011269328228274375, 0.01782203558110658, 0.0014320961350176374, 0.01566838797794809, 0.0033162532976059914, 0.008499085392660147, 0.0, 0.0, 0.014988293440936709, 0.0, 0.0, 0.008451260015269824, 0.0, 0.0011435078677353423, 0.0483811698935433, 0.00902915756832881, 0.0024087238467693146, 0.006074575013598725, 0.0888191692175589, 0.0, 0.0020861756111099994]}