{"labels": [0, 1, 2, 3, 4, 5, 6, 7, 8, 9, 10, 11, 12, 13, 14, 15, 16, 17, 18, 19, 20, 21, 22, 23, 24, 25, 26, 27, 28, 29, 30, 31, 32, 33, 34, 35, 36, 37, 38, 39], "data": [0.01027145993681246, 0.0, 0.0027527446652163353, 0.0018404250614083829, 0.0036393741628188863, 0.0, 0.04852039818971841, 0.0, 0.0, 0.000260479679263346, 0.03010603303407023, 0.0, 0.0, 0.0, 0.0, 0.0010160713621161464, 0.0, 0.0011744485568869734, 0.0, 0.0008249796436947779, 0.0009132135787846528, 0.0, 0.0029606107004165223, 0.0, 0.003285767458371815, 0.0, 0.04404585329483339, 0.0, 0.0, 0.0, 0.0, 0.0, 0.0, 0.0, 0.0, 0.0, 0.0, 0.0, 0.0, 0.0]}