{"labels": [0, 1, 2, 3, 4, 5, 6, 7, 8, 9, 10, 11, 12, 13, 14, 15, 16, 17, 18, 19, 20, 21, 22, 23, 24, 25, 26, 27, 28, 29, 30, 31, 32, 33, 34, 35, 36, 37, 38, 39], "data": [0.0, 0.0, 0.0, 0.0, 0.0, 0.0, 0.04646271885881274, 0.002860922366868961, 0.0, 0.0, 0.06330675830558158, 0.0, 0.0, 0.00426862876937115, 0.0, 0.0, 0.0, 0.0, 0.0, 0.046419095304958954, 0.0, 0.0, 0.0, 0.0, 0.008592154475635248, 0.0, 0.06065689804027843, 0.0, 0.0, 0.0, 0.0, 0.0, 0.0, 0.0, 0.0, 0.0, 0.0, 0.00020396294258120162, 0.0, 0.0]}