{"labels": [0, 1, 2, 3, 4, 5, 6, 7, 8, 9, 10, 11, 12, 13, 14, 15, 16, 17, 18, 19, 20, 21, 22, 23, 24, 25, 26, 27, 28, 29, 30, 31, 32, 33, 34, 35, 36, 37, 38, 39], "data": [0.0008500196474985975, 0.005367002797978565, 0.0, 0.0, 0.0, 0.0020556590466399337, 0.03636236806981952, 0.0, 0.0009968142414515813, 0.017209657664094026, 0.0, 0.1295695969543468, 0.02434071756891986, 0.008744444647700267, 0.0018771882705307366, 0.0, 0.0, 0.0, 0.0, 0.0, 0.0, 0.0005495792686995664, 0.0, 0.008204584304594904, 0.0, 0.013598408292134044, 0.0009671214754421135, 0.0, 0.0, 0.0, 0.0, 0.0, 0.0, 0.0, 0.0, 0.0, 0.0, 0.0, 0.008414572200858209, 0.004309205014365227]}