{"labels": [0, 1, 2, 3, 4, 5, 6, 7, 8, 9, 10, 11, 12, 13, 14, 15, 16, 17, 18, 19, 20, 21, 22, 23, 24, 25, 26, 27, 28, 29, 30, 31, 32, 33, 34, 35, 36, 37, 38, 39], "data": [0.0036775368224272994, 0.00725037210243569, 0.013566349438849084, 0.01583976276801719, 0.003786833902071162, 0.0, 0.007040961098063046, 0.0, 0.0, 0.0016157789156922154, 0.0, 0.0, 0.0, 0.0, 0.006377439809496658, 0.0002953897875193933, 0.07734465969617203, 0.01529790515295834, 0.0, 0.0024629960329473803, 0.0, 0.006049261043700918, 0.006861749781280563, 0.0037813756212070103, 0.022882297389465404, 0.00505739625548253, 0.0336823848056789, 0.0, 0.011818310647149903, 0.0, 0.017542137764838338, 0.0031593161138043124, 0.0018772325913818252, 0.005184046839085068, 0.0, 0.0, 0.01831913093591843, 9.631644379912174e-05, 0.004413929626118347, 0.029487989499299573]}