{"labels": [0, 1, 2, 3, 4, 5, 6, 7, 8, 9, 10, 11, 12, 13, 14, 15, 16, 17, 18, 19, 20, 21, 22, 23, 24, 25, 26, 27, 28, 29, 30, 31, 32, 33, 34, 35, 36, 37, 38, 39], "data": [0.00337832794239862, 0.035850541558743405, 0.040613395535132685, 0.0, 0.013602059161531484, 0.0, 0.010928012216876688, 0.026208306172968085, 0.0, 0.009147311871963191, 0.019216556623890865, 0.0, 0.039106964098718625, 0.0, 0.0, 0.03981401225862932, 0.0, 0.0, 0.0, 0.0, 0.0016818709433102394, 0.03227766606772812, 0.0, 0.0, 0.0030499045297251557, 0.0, 0.0, 0.0003174301100621186, 0.0, 0.005595933192870842, 0.0, 0.0, 0.0, 0.0, 0.010256220584705569, 0.0, 0.0, 0.0, 0.0, 0.0]}