{"labels": [0, 1, 2, 3, 4, 5, 6, 7, 8, 9, 10, 11, 12, 13, 14, 15, 16, 17, 18, 19, 20, 21, 22, 23, 24, 25, 26, 27, 28, 29, 30, 31, 32, 33, 34, 35, 36, 37, 38, 39], "data": [0.0, 0.0, 0.0015723125648066038, 0.0, 0.0, 0.0, 0.000444703828301243, 0.0004262633152204078, 0.0006258415424211122, 0.011738889709977326, 0.0, 0.0, 0.0, 0.0, 0.0, 0.0, 0.0, 0.0007694821710691219, 0.0, 0.0, 0.0, 0.00014990670555621, 0.0, 0.0, 0.0, 0.0, 0.0, 0.00011351872971909085, 0.0011191178971651713, 0.0, 0.0, 0.0015241120117044748, 0.0, 0.0026395986984544067, 0.0, 0.0, 0.0, 0.0069824297777880745, 0.00425439828540943, 0.09895274295015434]}