{"labels": [0, 1, 2, 3, 4, 5, 6, 7, 8, 9, 10, 11, 12, 13, 14, 15, 16, 17, 18, 19, 20, 21, 22, 23, 24, 25, 26, 27, 28, 29, 30, 31, 32, 33, 34, 35, 36, 37, 38, 39], "data": [0.0017656035777107802, 0.0, 0.00027298797002532144, 0.0, 0.0, 0.02004392210255493, 0.00040266517980484535, 0.0, 0.0, 0.0017486944373667648, 0.0037105263974312364, 0.003085584289622641, 0.020740530936897275, 0.008633916495337568, 0.0, 0.0, 0.0022437180342923606, 0.01130148965217841, 0.0, 0.0019828484705253784, 0.0, 0.0009617994103984868, 0.006013524899359038, 0.03745038859423277, 0.003721088731056103, 0.0, 0.0033340589694838122, 0.00023494807850803806, 0.0, 0.0, 0.0, 0.0, 0.00010133714670862525, 4.311143063126096e-05, 0.0, 0.0, 0.008886954982531402, 0.0, 0.0, 0.0024971012025970765]}