{"labels": [0, 1, 2, 3, 4, 5, 6, 7, 8, 9, 10, 11, 12, 13, 14, 15, 16, 17, 18, 19, 20, 21, 22, 23, 24, 25, 26, 27, 28, 29, 30, 31, 32, 33, 34, 35, 36, 37, 38, 39], "data": [0.0, 0.04309752192178131, 0.0025659031334577718, 0.0, 0.0, 0.01112477939131466, 0.018528347735546544, 0.0, 0.0, 0.0, 0.0, 0.001888117024081056, 0.0017265534401510543, 0.0, 0.0, 0.0, 0.0006938669378905863, 0.0259131472008104, 0.0, 0.0, 0.0, 0.0, 0.0, 0.0, 0.0, 0.0, 0.0, 0.0, 0.0, 0.0, 0.0, 0.0, 0.0, 0.0002683395457426189, 0.0, 0.041086653867808534, 0.1063378606160745, 0.011752099760617161, 0.0031529970767427747, 0.0]}