{"labels": [0, 1, 2, 3, 4, 5, 6, 7, 8, 9, 10, 11, 12, 13, 14, 15, 16, 17, 18, 19, 20, 21, 22, 23, 24, 25, 26, 27, 28, 29, 30, 31, 32, 33, 34, 35, 36, 37, 38, 39], "data": [0.0, 0.0, 0.003617759897882308, 0.020880042029865393, 0.02727452380041592, 0.006333173229884742, 0.0007358134804422905, 0.04916570645426382, 0.0002155452659593637, 0.0, 0.0, 0.00012011005402548322, 0.007474475884483586, 0.039361950593026586, 0.0, 0.0, 0.0039758260870789335, 0.005960527208472706, 0.0, 0.0, 0.0, 0.0, 1.0043073353735272e-05, 0.0, 0.0, 0.0, 0.0, 0.025952416335401567, 0.027133709538794057, 0.0005740386987695091, 0.001381475095818641, 0.008089964873744993, 0.0, 0.0, 0.01750254988559906, 0.0, 0.0, 0.016464722794700595, 0.0, 0.0]}