{"labels": [0, 1, 2, 3, 4, 5, 6, 7, 8, 9, 10, 11, 12, 13, 14, 15, 16, 17, 18, 19, 20, 21, 22, 23, 24, 25, 26, 27, 28, 29, 30, 31, 32, 33, 34, 35, 36, 37, 38, 39], "data": [0.0018485832186479285, 0.0, 0.0010854106511702984, 0.0, 0.0, 0.000534108051350729, 0.006151026838650931, 0.0, 0.0004096355278111451, 0.01868266425271307, 0.0011638529755297637, 0.0, 0.04099876197655135, 0.0, 0.0, 0.0, 0.0, 0.008996410149678018, 0.0, 0.0, 0.0, 0.011383303997802083, 0.0013425765575643756, 0.007910987004850984, 0.0, 0.0, 0.00017288365630254977, 0.0, 0.0, 0.0122709781007449, 0.0, 0.0029348318794206597, 0.07066027783841895, 0.0, 0.013084865768777884, 0.0051703958759204876, 0.0, 0.01827500957394107, 0.03355811459283772, 0.0]}