{"labels": [0, 1, 2, 3, 4, 5, 6, 7, 8, 9, 10, 11, 12, 13, 14, 15, 16, 17, 18, 19, 20, 21, 22, 23, 24, 25, 26, 27, 28, 29, 30, 31, 32, 33, 34, 35, 36, 37, 38, 39], "data": [0.004254698449274202, 0.0, 0.003082478435830063, 0.0, 0.011972989024575196, 0.0, 0.00032274841252575876, 0.0, 0.0, 0.005944323183728177, 0.0, 0.0, 0.0, 0.009315183532345468, 0.0, 0.0013800568336561504, 0.0011453848061636495, 0.016086002803306406, 0.032231463046231604, 0.0031653665076672066, 0.0, 0.0, 0.0, 0.03289949157688349, 0.0002967335220844786, 0.0, 0.0, 0.001360456050443213, 0.003013121851263108, 0.0, 0.0, 0.001049627300372732, 0.0, 0.00520524021550217, 0.0, 0.0, 0.0, 0.0, 0.0, 0.0]}