{"labels": [0, 1, 2, 3, 4, 5, 6, 7, 8, 9, 10, 11, 12, 13, 14, 15, 16, 17, 18, 19, 20, 21, 22, 23, 24, 25, 26, 27, 28, 29, 30, 31, 32, 33, 34, 35, 36, 37, 38, 39], "data": [0.006030384104149086, 0.0019529914600222456, 0.00363105822517048, 0.02717247025644976, 0.025165491024866787, 0.0, 0.0, 0.0, 0.000494827243518872, 0.004520219888344532, 0.0, 0.027665393038788913, 0.0055230574852305, 0.012792049211188346, 0.0, 0.01457576979390225, 0.009736222918821901, 0.008014556796422838, 0.032175186904236805, 0.0, 0.005744636108130438, 0.0051365275229308385, 0.0017351465093968462, 0.0, 0.0, 0.02308600206941053, 0.010550567806100466, 0.02059064750472204, 0.009485579127811148, 0.0, 0.02145908658759501, 0.007674685077120926, 0.0005057167271384625, 0.04103168598817889, 0.011193540408920484, 0.0, 0.0, 0.0, 0.011873084106273614, 1.450455027715602e-05]}