{"labels": [0, 1, 2, 3, 4, 5, 6, 7, 8, 9, 10, 11, 12, 13, 14, 15, 16, 17, 18, 19, 20, 21, 22, 23, 24, 25, 26, 27, 28, 29, 30, 31, 32, 33, 34, 35, 36, 37, 38, 39], "data": [0.006939654443959466, 0.008209403178167814, 0.0, 0.0, 0.00843794862992549, 0.0484744566580554, 0.007751068568773891, 0.009266166399343911, 0.003752973688132816, 0.0, 0.0, 0.030095221706599496, 0.04663525228991372, 0.0, 0.0004828505235187258, 0.0031559903817065037, 0.0, 0.003104154886197545, 0.013612523583567272, 0.0, 0.0, 0.00030291462028983316, 0.0, 0.0003414894415372425, 0.0, 0.0010238779351018413, 0.0, 0.0, 0.0, 0.0, 0.0, 0.0, 0.030081548340690427, 0.005036769372362368, 0.015110036387263456, 0.024364048049482927, 0.060398497487203245, 0.0, 0.02253686061909804, 0.001336843453793937]}