{"labels": [0, 1, 2, 3, 4, 5, 6, 7, 8, 9, 10, 11, 12, 13, 14, 15, 16, 17, 18, 19, 20, 21, 22, 23, 24, 25, 26, 27, 28, 29, 30, 31, 32, 33, 34, 35, 36, 37, 38, 39], "data": [0.00431576773187217, 0.023596065993007374, 0.0019457622256723386, 0.008725074183690897, 0.0, 0.0, 0.010348206455557809, 0.0, 0.0042785106831146206, 0.025050561801053133, 0.0, 0.0, 0.0009495262129203146, 0.0017439955814032, 0.0, 0.01683846090919525, 0.08484519515653068, 0.0, 0.0, 0.050282725002655584, 0.0, 0.0, 0.0, 0.026191406436701196, 0.0011013298648449763, 0.0, 0.0, 0.0, 0.0, 0.006677539638605414, 0.0, 0.0, 0.061239374461549936, 0.0, 0.0, 0.0, 0.0, 0.0, 0.0, 0.0]}