{"labels": [0, 1, 2, 3, 4, 5, 6, 7, 8, 9, 10, 11, 12, 13, 14, 15, 16, 17, 18, 19, 20, 21, 22, 23, 24, 25, 26, 27, 28, 29, 30, 31, 32, 33, 34, 35, 36, 37, 38, 39], "data": [0.0, 0.0, 0.0, 0.0, 0.0, 0.0, 0.0, 0.0005595343891818397, 0.0, 0.00023938909739521544, 0.0, 0.0, 0.0, 0.0, 0.021815922573741424, 0.0, 0.0, 0.06072878009187713, 0.0, 0.0, 0.0, 0.0013427096664885112, 0.00659677729399833, 0.022328612969352058, 0.0008338420980368459, 0.009386314034897791, 0.0, 0.02639150575833682, 0.0, 0.0, 0.0, 0.0, 0.09364875449628936, 0.0, 0.011507436205270095, 0.0, 0.008888458770445319, 0.0, 0.0, 0.05108399025708034]}