{"labels": [0, 1, 2, 3, 4, 5, 6, 7, 8, 9, 10, 11, 12, 13, 14, 15, 16, 17, 18, 19, 20, 21, 22, 23, 24, 25, 26, 27, 28, 29, 30, 31, 32, 33, 34, 35, 36, 37, 38, 39], "data": [0.0, 0.0, 0.0, 0.037028600564453736, 0.0, 0.0, 0.037438758414413284, 0.0012291014442627332, 0.0016919402591712056, 0.008098699203240807, 0.0, 0.0005217732065820236, 0.0010181685746801954, 0.0, 0.0025415859343928156, 0.01668389189813632, 0.0, 0.0, 0.0, 0.0, 0.010405293887264326, 0.001029100896456438, 0.036636518977504945, 0.0, 0.02436131210395188, 0.025974589361017528, 0.0, 0.014675046544029713, 0.0, 0.0061800190100791096, 0.006179451856826752, 0.0035268503862623747, 0.0, 0.005835957937338215, 0.03367417795140706, 0.022231677542049504, 0.027417727415091336, 0.0, 0.0, 0.0]}