{"labels": [0, 1, 2, 3, 4, 5, 6, 7, 8, 9, 10, 11, 12, 13, 14, 15, 16, 17, 18, 19, 20, 21, 22, 23, 24, 25, 26, 27, 28, 29, 30, 31, 32, 33, 34, 35, 36, 37, 38, 39], "data": [0.06050136104726879, 0.0, 0.0, 0.0, 0.0, 0.0, 0.0, 0.0, 0.0, 0.0, 0.0, 0.013390220274116623, 0.0, 0.0, 0.0, 0.0, 0.02266398026113324, 0.0, 0.0378183557478924, 0.006930138598971464, 0.0, 0.09343568560766476, 0.0, 0.0, 0.0, 0.023112133927950303, 0.0, 0.0, 0.0, 0.006090465325728004, 0.0, 0.0, 0.0, 0.05847062006307561, 0.0010373124744865727, 0.0, 0.0, 0.1120031324982827, 0.0, 0.0026256169129627435]}