{"labels": [0, 1, 2, 3, 4, 5, 6, 7, 8, 9, 10, 11, 12, 13, 14, 15, 16, 17, 18, 19, 20, 21, 22, 23, 24, 25, 26, 27, 28, 29, 30, 31, 32, 33, 34, 35, 36, 37, 38, 39], "data": [0.02761531483941647, 0.017574576216474916, 0.0, 0.004983970861998055, 0.0, 0.007529328283821686, 0.012136388365590462, 0.01588472957815514, 0.004059739125358526, 0.0, 0.0, 0.0, 0.0024454612365939843, 0.0010395029943570733, 0.0, 0.0, 0.0, 0.0, 0.020605998157284044, 0.02327720893878491, 0.0, 0.0, 0.0011106197736116849, 0.0, 0.0, 0.03984482258489961, 0.006449051315314381, 0.03225711363156193, 0.0, 0.0, 0.0, 0.0, 0.014012234947387868, 0.0, 0.019881758964308008, 0.008721337794329091, 0.0, 0.004498982163335371, 0.0, 0.010281960131068604]}