{"labels": [0, 1, 2, 3, 4, 5, 6, 7, 8, 9, 10, 11, 12, 13, 14, 15, 16, 17, 18, 19, 20, 21, 22, 23, 24, 25, 26, 27, 28, 29, 30, 31, 32, 33, 34, 35, 36, 37, 38, 39], "data": [0.0, 0.009164399844830053, 0.0013658447699892036, 0.0, 0.00496058247839505, 0.0, 0.0009676706234984453, 0.0, 0.0, 0.0, 0.004079191507093887, 0.0, 0.0, 0.0, 0.0, 0.0, 0.005600666218612252, 0.02003839644886074, 0.006311899722960456, 0.0008910006445430113, 0.06436797375160107, 0.0, 0.0, 0.0, 0.0, 0.0055062164506424725, 0.0, 0.03502262688069196, 0.0, 0.0, 0.021479721110324604, 0.0, 0.002619383588039791, 0.0, 0.0, 0.01169539245480089, 0.0, 0.02420140168355389, 0.0, 0.0]}