{"labels": [0, 1, 2, 3, 4, 5, 6, 7, 8, 9, 10, 11, 12, 13, 14, 15, 16, 17, 18, 19, 20, 21, 22, 23, 24, 25, 26, 27, 28, 29, 30, 31, 32, 33, 34, 35, 36, 37, 38, 39], "data": [0.0008715386002382886, 0.030943953207281986, 0.03900404980079853, 0.0, 0.001252536324546051, 0.014495379683717977, 0.012287635879451635, 0.0, 0.0, 0.016072931059516026, 0.00563752915996773, 0.0020937826484575986, 0.012460582863704522, 0.033999365668362105, 0.014595323806966118, 0.0, 0.0015206930288973624, 0.0, 0.0, 0.02859852869550607, 0.02001646459612313, 0.0, 0.0, 0.04100571623496206, 0.0022027302892971726, 0.0, 0.003278858129898742, 0.01647055668403912, 0.0, 0.009389282529510204, 0.0, 0.0, 0.0038923497899554806, 0.0053430461891899265, 0.0007463197091951624, 0.0, 0.0, 0.0, 0.037631331102590704, 0.0026593220875741623]}