{"labels": [0, 1, 2, 3, 4, 5, 6, 7, 8, 9, 10, 11, 12, 13, 14, 15, 16, 17, 18, 19, 20, 21, 22, 23, 24, 25, 26, 27, 28, 29, 30, 31, 32, 33, 34, 35, 36, 37, 38, 39], "data": [0.005261498178558722, 0.0, 0.0, 0.0, 0.0018866465661898223, 0.0, 0.006347514593733678, 0.0, 0.0, 0.0, 0.03381144607748254, 0.0, 0.0, 0.0, 0.0, 0.0, 0.0, 0.0, 0.0, 0.0, 0.0024556157538572643, 0.0, 0.002509503628177504, 0.0, 0.0, 0.0, 0.0, 0.0, 0.0, 0.0, 0.0, 0.0, 0.0, 0.055297503309384696, 0.0, 0.0, 0.0, 0.0, 0.00015783913552284583, 0.0]}