{"labels": [0, 1, 2, 3, 4, 5, 6, 7, 8, 9, 10, 11, 12, 13, 14, 15, 16, 17, 18, 19, 20, 21, 22, 23, 24, 25, 26, 27, 28, 29, 30, 31, 32, 33, 34, 35, 36, 37, 38, 39], "data": [0.0, 0.002406440601999681, 0.0036971217797118756, 0.004016319338490355, 0.0, 0.007555036355812708, 0.0, 0.0, 0.0023114521612303306, 0.03750395027281348, 0.004889936368161559, 0.0, 0.003543889440503, 0.0, 0.0008556192185157671, 0.0, 0.004768842651916562, 0.0, 0.0404497204391341, 0.0, 0.04724081278196691, 0.0, 5.072247148117004e-05, 0.0, 0.0, 0.0, 0.0023559985371872953, 0.0, 0.0, 0.004945184261111268, 0.0, 0.05473758536886035, 0.0015966966190068604, 0.0, 0.018684422570552438, 0.023959394391741475, 0.007764575683118024, 0.0, 0.023797200104893227, 0.0]}