{"labels": [0, 1, 2, 3, 4, 5, 6, 7, 8, 9, 10, 11, 12, 13, 14, 15, 16, 17, 18, 19, 20, 21, 22, 23, 24, 25, 26, 27, 28, 29, 30, 31, 32, 33, 34, 35, 36, 37, 38, 39], "data": [0.0, 0.0, 0.0, 0.0, 0.0, 0.0, 0.0, 0.0, 0.0, 0.31578681057692354, 0.0, 0.0, 0.0, 0.03354668099330611, 0.0, 0.0, 0.0, 0.2446663964076274, 0.0, 0.0, 0.07293315486414786, 0.0, 0.0, 0.0, 0.0, 0.011429103946874975, 0.0, 0.02120755571787183, 0.0, 0.0, 0.0, 0.0, 0.0, 0.0, 0.0, 0.0, 0.0, 0.0, 0.015300755839197553, 0.0]}