{"labels": [0, 1, 2, 3, 4, 5, 6, 7, 8, 9, 10, 11, 12, 13, 14, 15, 16, 17, 18, 19, 20, 21, 22, 23, 24, 25, 26, 27, 28, 29, 30, 31, 32, 33, 34, 35, 36, 37, 38, 39], "data": [0.0, 0.014144895239634633, 0.01881453469187991, 0.0, 0.05391471249572054, 0.0, 0.0386222737648135, 0.0, 0.0, 0.0, 0.0, 0.0015574097245775061, 0.0, 0.00040360191320824894, 0.0, 0.024712380140831783, 0.0, 0.0, 0.0, 0.0017654158312235542, 0.0, 0.0, 0.0007347368835248947, 0.0017451997404960044, 0.0, 0.005072089023152091, 0.0, 0.0, 0.07190872778563216, 0.0, 0.0, 0.0, 0.054220780530821126, 0.0, 0.0011107336048570518, 0.0, 0.02017227482249228, 0.008766132682103587, 0.0, 0.003414712148464501]}