{"labels": [0, 1, 2, 3, 4, 5, 6, 7, 8, 9, 10, 11, 12, 13, 14, 15, 16, 17, 18, 19, 20, 21, 22, 23, 24, 25, 26, 27, 28, 29, 30, 31, 32, 33, 34, 35, 36, 37, 38, 39], "data": [0.007324745152629113, 0.0, 0.0025899525886241446, 0.028397746441133173, 0.014363302374977027, 0.0, 0.0152005554310888, 0.002562981732881341, 0.010695166517917493, 0.006763784207964235, 0.016705377221768593, 0.0035033535832137176, 0.0282978630209087, 0.0, 0.0, 0.0, 0.1074213782753815, 0.019899163651919603, 0.002445275225168878, 0.0005699595788689277, 0.02074894395373884, 0.006919165494881546, 0.003310642965712292, 0.009574774473184573, 0.0, 0.0015398780198502514, 0.0, 0.011459926153492376, 0.0, 0.0, 0.01336538141104454, 0.0026190590001684854, 0.0, 0.02175365699308471, 0.013926174096086973, 0.004157960348820583, 0.0, 0.02075543870563175, 0.0005181793872384833, 0.0]}