{"labels": [0, 1, 2, 3, 4, 5, 6, 7, 8, 9, 10, 11, 12, 13, 14, 15, 16, 17, 18, 19, 20, 21, 22, 23, 24, 25, 26, 27, 28, 29, 30, 31, 32, 33, 34, 35, 36, 37, 38, 39], "data": [0.008106960097766567, 0.02529830234627344, 0.007989694972226007, 0.04624366935078573, 0.0, 0.005253400338088639, 0.0, 0.0, 0.0, 0.006529863015753586, 0.0, 0.0037773777693963597, 0.0347429619595077, 0.0017308897563219068, 0.0, 0.004434404917322199, 0.025748971903671678, 0.0, 0.0004920796308432383, 0.0, 0.0, 0.03144658547369791, 0.0, 0.0, 0.0, 0.0040069969428662726, 0.0, 0.0009687017750580205, 0.0, 0.0012289620751670725, 0.01768037560889054, 0.04700439904954128, 0.049263475341419755, 0.0, 0.04563216480842604, 0.0, 0.0, 0.0, 0.007383486907474865, 0.007071654058343486]}