{"labels": [0, 1, 2, 3, 4, 5, 6, 7, 8, 9, 10, 11, 12, 13, 14, 15, 16, 17, 18, 19, 20, 21, 22, 23, 24, 25, 26, 27, 28, 29, 30, 31, 32, 33, 34, 35, 36, 37, 38, 39], "data": [0.0013081872498034888, 0.000993252650975835, 0.011836476099819611, 0.008669781218521307, 0.027573118556775838, 0.0, 0.01801294513690228, 0.009518242391271522, 0.0007991380006215594, 0.034093508124944244, 0.0, 0.0024585953095620726, 0.0, 0.0, 0.004495298287280777, 0.0007763748727625605, 0.0, 0.003996857510600665, 0.0, 0.024925848201392167, 0.002193403362734107, 0.03237188153051589, 0.005607708914578311, 0.0, 0.0, 0.0, 0.0, 0.016075978723404577, 0.0, 0.0, 0.028897157071012407, 0.0, 0.0, 0.020319200397601402, 0.01656850460024798, 0.03178454782222236, 0.002969050718601818, 0.0, 0.0, 0.0]}