{"labels": [0, 1, 2, 3, 4, 5, 6, 7, 8, 9, 10, 11, 12, 13, 14, 15, 16, 17, 18, 19, 20, 21, 22, 23, 24, 25, 26, 27, 28, 29, 30, 31, 32, 33, 34, 35, 36, 37, 38, 39], "data": [0.0742126812873248, 0.04120732848941755, 0.0, 0.023359638695983353, 0.0, 0.0, 0.0, 0.0, 0.0, 0.0, 0.00877568675962441, 0.0, 0.0, 0.0, 0.0, 0.0, 0.0, 0.019703948270690063, 0.052693538125880374, 0.0, 0.0010793783599755973, 0.0, 0.0, 0.03796299700297645, 0.0, 0.26157275250540335, 0.006224338172312406, 0.0, 0.0, 0.0, 0.0037508807478241484, 0.0, 0.07178435887246945, 0.005177469193887606, 0.0, 0.005704053402847367, 0.02345575999890751, 0.0, 0.008162161517154085, 0.009218650101330314]}