{"labels": [0, 1, 2, 3, 4, 5, 6, 7, 8, 9, 10, 11, 12, 13, 14, 15, 16, 17, 18, 19, 20, 21, 22, 23, 24, 25, 26, 27, 28, 29, 30, 31, 32, 33, 34, 35, 36, 37, 38, 39], "data": [0.0009792229598728386, 0.0, 0.0, 0.005971015884609517, 0.010337732562306986, 0.0, 0.024506001303663663, 0.0046409760530801035, 0.0, 0.0, 0.0, 0.0, 0.03586902737390389, 0.0, 0.0, 0.00022656655021340146, 0.0, 0.0, 0.00010999149485187622, 0.030444095640174397, 0.0, 0.0002876408568081985, 0.0015154011588343166, 0.0, 6.0997373265170426e-05, 0.0, 0.0, 0.0003277263927371621, 0.0, 0.0, 0.06899182302107074, 0.002171741419253014, 0.0, 0.003405016260540107, 0.03438876889539057, 0.0014523571525470722, 0.004438479516441184, 0.04251642557052156, 0.0, 0.0014209609481034176]}