{"labels": [0, 1, 2, 3, 4, 5, 6, 7, 8, 9, 10, 11, 12, 13, 14, 15, 16, 17, 18, 19, 20, 21, 22, 23, 24, 25, 26, 27, 28, 29, 30, 31, 32, 33, 34, 35, 36, 37, 38, 39], "data": [0.011504391370789626, 0.0, 0.0021286191094975686, 0.01736652752273195, 0.03064190636015061, 0.017883873434805898, 0.0, 0.0, 0.0, 0.0, 0.0034911241681360415, 0.003829228070769209, 0.002136335282400622, 0.008933469272278505, 0.0, 0.0016321091888268284, 0.000578308048565537, 0.0, 0.0, 0.00021071590185381222, 0.00673193181565839, 0.025553515961441346, 0.003975353485270269, 0.0, 0.005059413577064761, 0.016834720716461877, 0.0, 0.018588734344786636, 0.0, 0.006743031134695345, 0.0, 0.0025999815435523922, 0.0, 0.013326253224050727, 0.00891338002141418, 0.009244303523372157, 0.006253737066607644, 0.0, 0.031925804368987766, 0.0]}