{"labels": [0, 1, 2, 3, 4, 5, 6, 7, 8, 9, 10, 11, 12, 13, 14, 15, 16, 17, 18, 19, 20, 21, 22, 23, 24, 25, 26, 27, 28, 29, 30, 31, 32, 33, 34, 35, 36, 37, 38, 39], "data": [0.01208516398398124, 0.0, 0.0011097399562079865, 0.0, 0.06305208333039598, 0.0, 0.0190964407042717, 0.001321194696007618, 0.0033925547036202553, 0.005804238421257201, 0.0, 0.0, 0.0, 0.005711944486220982, 0.0, 0.0, 0.003330957136259335, 0.0, 0.0012834489266353338, 0.0006017751403841569, 0.0, 0.03889364661122268, 0.0008002389955573057, 0.0007405235163112715, 0.0, 0.03764193560223312, 0.0, 0.0, 0.0, 0.008623020599917092, 0.0, 0.0, 0.0, 0.0, 0.0, 0.0, 0.0, 0.0, 0.0, 0.0]}