{"labels": [0, 1, 2, 3, 4, 5, 6, 7, 8, 9, 10, 11, 12, 13, 14, 15, 16, 17, 18, 19, 20, 21, 22, 23, 24, 25, 26, 27, 28, 29, 30, 31, 32, 33, 34, 35, 36, 37, 38, 39], "data": [0.0, 0.0, 0.0, 0.0, 0.01503076318860114, 0.0012585475972808075, 0.0, 0.0, 0.004777676730408302, 0.012092539775751686, 0.002247291985423146, 0.0, 0.06655629719475352, 0.0, 0.0, 0.0, 0.0, 0.0, 0.00010827081136678481, 0.004706316979924661, 0.10488321772961805, 0.0, 0.0, 0.0, 0.0, 0.0, 0.0, 0.0, 0.006490007759026629, 0.0, 0.0, 0.0, 0.0, 0.0, 0.0, 0.0, 0.0, 0.0, 0.0, 0.0]}