{"labels": [0, 1, 2, 3, 4, 5, 6, 7, 8, 9, 10, 11, 12, 13, 14, 15, 16, 17, 18, 19, 20, 21, 22, 23, 24, 25, 26, 27, 28, 29, 30, 31, 32, 33, 34, 35, 36, 37, 38, 39], "data": [0.0, 0.0, 0.0015662276059992335, 0.0018629501265878187, 0.0, 0.0, 0.02564115810968838, 0.0, 0.0017005213719238925, 0.0020219462952198353, 0.006265710326044513, 0.0, 0.033942154091984485, 0.0, 0.0, 0.0, 0.0, 0.0, 0.0, 0.0, 0.005192638041286159, 0.01749189625494452, 0.06672096357561354, 0.014518635620466413, 0.0, 0.0, 0.0, 0.00044320815664136275, 0.006725017434943215, 0.0, 0.0, 0.0, 0.0006221044608742057, 0.0, 0.02831312313721532, 0.0, 0.015127117110686228, 0.09123919261269796, 0.0, 0.0]}