{"labels": [0, 1, 2, 3, 4, 5, 6, 7, 8, 9, 10, 11, 12, 13, 14, 15, 16, 17, 18, 19, 20, 21, 22, 23, 24, 25, 26, 27, 28, 29, 30, 31, 32, 33, 34, 35, 36, 37, 38, 39], "data": [0.0, 0.0026501137031063214, 6.422130553793421e-05, 0.0, 0.001404135058301905, 0.0, 0.0, 0.0, 0.0, 0.002282228587038596, 0.0, 0.0, 0.0, 0.00330730258839008, 0.020220823604088913, 0.0, 0.0, 0.0020705906110192753, 0.0, 0.0, 0.02331560846986454, 0.0, 0.0001303641360585154, 0.0, 0.0, 0.010270080253553113, 0.0, 0.00012843621061385272, 0.0, 0.0, 0.021221326069646274, 0.0, 0.0, 0.0011791392884960717, 0.0, 0.0022257050231969653, 0.0, 0.05204552234049423, 0.0013878859487187621, 0.00024073807956699852]}