{"labels": [0, 1, 2, 3, 4, 5, 6, 7, 8, 9, 10, 11, 12, 13, 14, 15, 16, 17, 18, 19, 20, 21, 22, 23, 24, 25, 26, 27, 28, 29, 30, 31, 32, 33, 34, 35, 36, 37, 38, 39], "data": [0.004769963716610986, 0.0, 0.0, 0.012524024061276786, 0.0010393615275989725, 0.005093169302948661, 0.0, 0.017396003801423764, 0.0, 0.0, 0.0, 0.0, 0.0, 0.005260882445843199, 0.02219014847320882, 0.026811831563492056, 0.0, 0.033595369652199385, 0.0, 0.02045654558937244, 0.0, 0.003020681839027572, 0.0, 0.019588738922764196, 0.0, 0.020902262878787502, 0.0, 0.01682366511221836, 0.0032444667930324094, 0.0, 0.0014237939791380669, 0.0, 0.00449746745099764, 0.04902453020377569, 0.0, 0.0, 0.0, 0.02950893611062473, 0.0, 0.0]}