{"labels": [0, 1, 2, 3, 4, 5, 6, 7, 8, 9, 10, 11, 12, 13, 14, 15, 16, 17, 18, 19, 20, 21, 22, 23, 24, 25, 26, 27, 28, 29, 30, 31, 32, 33, 34, 35, 36, 37, 38, 39], "data": [0.01840266854174778, 0.0, 0.0, 0.0, 0.0, 0.0, 0.015428785439367883, 0.0007435975810936047, 0.0, 0.015749093849232683, 0.0, 0.0, 0.0, 0.006177760469607201, 0.013495302312653935, 0.0, 0.0, 0.018317467407970214, 0.00422597572649594, 0.05168818653423486, 0.009226349777752512, 0.00812658688577963, 0.0, 0.0, 0.0, 0.00650798912295334, 0.0, 0.0, 0.0, 0.0, 0.0, 0.002132075743904791, 0.0002511947566877731, 0.0, 0.0, 0.00621208639396087, 0.011410090140766084, 0.010231740781231171, 0.0033986565307774124, 0.0]}