{"labels": [0, 1, 2, 3, 4, 5, 6, 7, 8, 9, 10, 11, 12, 13, 14, 15, 16, 17, 18, 19, 20, 21, 22, 23, 24, 25, 26, 27, 28, 29, 30, 31, 32, 33, 34, 35, 36, 37, 38, 39], "data": [0.0034854794229531518, 0.0, 0.023333345720873533, 0.0, 0.0146728952895127, 0.031241403982417666, 0.0, 0.0, 0.0, 0.014664933939226422, 0.007053377767479308, 0.004835098551145799, 0.0, 0.0037732356736514486, 0.0, 0.0, 0.010029795443540152, 0.004248538865932793, 0.0, 0.0, 0.010088380690716098, 0.0006745959385982844, 0.0, 0.0, 0.0008832771730902683, 0.0, 0.0015715609017502793, 0.0, 0.0, 0.0, 0.004989976124294928, 0.00569586610841851, 0.0, 0.010283376718752785, 0.0009529672303539556, 0.0007264505853122361, 0.027643149115449128, 0.013999008750687188, 0.0035101866481732427, 0.0]}