{"labels": [0, 1, 2, 3, 4, 5, 6, 7, 8, 9, 10, 11, 12, 13, 14, 15, 16, 17, 18, 19, 20, 21, 22, 23, 24, 25, 26, 27, 28, 29, 30, 31, 32, 33, 34, 35, 36, 37, 38, 39], "data": [0.009738842130314338, 0.0015017017005153955, 0.0016087332055760822, 0.024538794383370147, 0.05693763024791075, 0.0, 0.00014327844488843937, 0.0, 0.0, 0.0, 0.0, 0.0, 0.028198082598221087, 0.0, 0.0, 0.0, 0.0, 0.007489615851347445, 0.0, 0.00039754770495697934, 0.0, 0.0, 0.0027717479869447327, 0.005461368954760415, 0.0, 0.0, 0.0008024306464772644, 0.033678030181318964, 0.012205456640218887, 0.0, 0.0, 0.0014295096629383696, 0.0, 0.004827514248661188, 0.0, 0.004098885557460205, 0.0, 0.0027525011653085035, 0.0028629818619830597, 0.0]}