{"labels": [0, 1, 2, 3, 4, 5, 6, 7, 8, 9, 10, 11, 12, 13, 14, 15, 16, 17, 18, 19, 20, 21, 22, 23, 24, 25, 26, 27, 28, 29, 30, 31, 32, 33, 34, 35, 36, 37, 38, 39], "data": [0.00739527181537172, 0.002806571794966205, 0.009851980144300086, 0.0, 0.0, 0.0, 0.00201255504551197, 0.0026287157897548347, 0.0, 0.003887485922276085, 0.0002534408534224559, 0.0029095075273967938, 0.01151159206485716, 0.000948856319665796, 0.0, 0.0, 0.00023906311191797648, 0.013298003482268466, 0.0006758117749439225, 0.027784009561875732, 0.0, 0.008354638745786798, 7.283943975689336e-05, 0.05060476907918507, 0.03054148358522816, 0.04471043758550371, 0.0, 0.014128257639727583, 0.0, 0.00039936672302841433, 0.0, 0.00419247760125083, 0.0033041808439704438, 0.0, 0.0, 0.04754782003265633, 0.01665490976654847, 0.021286595475318897, 0.000383470826446, 0.0]}