{"labels": [0, 1, 2, 3, 4, 5, 6, 7, 8, 9, 10, 11, 12, 13, 14, 15, 16, 17, 18, 19, 20, 21, 22, 23, 24, 25, 26, 27, 28, 29, 30, 31, 32, 33, 34, 35, 36, 37, 38, 39], "data": [0.0006202743714040428, 0.0, 0.0, 0.0, 0.0, 0.014615516494525102, 0.0029948655804204675, 0.014292018342357063, 0.0, 0.0, 3.0069541518023283e-05, 0.0, 0.0, 0.0, 0.015874648440988896, 0.0, 0.003920621012695752, 0.006899258584745551, 0.025007929152682136, 0.0, 0.0, 0.0, 0.0, 0.0, 0.003943057006355226, 0.0, 0.0, 0.0036358869570954776, 0.10170312326299134, 0.0011741346922392532, 0.027790909024825654, 0.004078824679346256, 0.0, 0.0, 0.0, 0.0, 0.0, 0.009084138435866683, 0.060873499329641985, 0.06002631149979808]}