{"labels": [0, 1, 2, 3, 4, 5, 6, 7, 8, 9, 10, 11, 12, 13, 14, 15, 16, 17, 18, 19, 20, 21, 22, 23, 24, 25, 26, 27, 28, 29, 30, 31, 32, 33, 34, 35, 36, 37, 38, 39], "data": [0.0, 0.0, 0.00474219828359367, 0.003287487470328959, 0.004884729972912453, 0.018419226789038557, 0.0, 0.00218195590411937, 0.0, 0.00020745352838071003, 0.0, 0.004459875574198773, 0.0, 0.008514896807902737, 0.005827596873754472, 0.0, 0.0, 0.017725826172543088, 0.0, 0.00036507473172503897, 0.0, 0.014206818386484465, 0.0005947830416904631, 0.0, 0.006250179588061096, 0.001802227168451471, 0.003766436053470596, 0.0007643388936771387, 0.0006208629378312427, 0.00039054148652658584, 0.0, 0.0, 0.00207637222031077, 0.0033797351370486836, 0.025460341497741228, 0.0, 0.02738062973425232, 0.0, 0.002044364113813445, 0.0004628841906446683]}