{"labels": [0, 1, 2, 3, 4, 5, 6, 7, 8, 9, 10, 11, 12, 13, 14, 15, 16, 17, 18, 19, 20, 21, 22, 23, 24, 25, 26, 27, 28, 29, 30, 31, 32, 33, 34, 35, 36, 37, 38, 39], "data": [0.0, 0.0, 0.0, 0.0, 0.0, 0.0, 0.0, 0.0, 0.0, 0.0, 0.0, 0.007632277003963603, 0.007149797639971212, 0.0, 0.0, 0.0, 0.02605637422731306, 0.0070189623921824915, 0.0, 0.0, 0.0, 0.03137747620676514, 0.022608963273186997, 0.0, 0.0, 0.02260588468556135, 0.0, 0.0, 0.0, 0.0775824360202099, 0.018181439245074104, 0.0, 0.0, 0.0, 0.12664741043337616, 0.0, 0.0, 0.0, 0.0, 0.0]}