{"labels": [0, 1, 2, 3, 4, 5, 6, 7, 8, 9, 10, 11, 12, 13, 14, 15, 16, 17, 18, 19, 20, 21, 22, 23, 24, 25, 26, 27, 28, 29, 30, 31, 32, 33, 34, 35, 36, 37, 38, 39], "data": [0.006576065951053444, 0.004210414611983626, 0.0, 0.0, 0.0020943512342304835, 4.069472574950106e-05, 0.01854494564952891, 0.026337556908022502, 0.0, 0.0, 0.04730851459671342, 0.0, 0.0, 0.0, 0.0017872901855842075, 0.0, 0.0, 0.004012159346187394, 0.00041977253728392683, 0.0, 0.00038550856100664355, 0.0, 0.0, 0.002227118152890681, 0.0, 0.0, 0.00799761411881651, 0.0, 0.00025060159747791603, 0.015778599100737718, 0.0, 0.0, 0.0008931618219150868, 0.0, 0.002650505832785357, 0.0, 0.0, 0.023753074766769945, 0.0, 0.0008162847005568072]}