{"labels": [0, 1, 2, 3, 4, 5, 6, 7, 8, 9, 10, 11, 12, 13, 14, 15, 16, 17, 18, 19, 20, 21, 22, 23, 24, 25, 26, 27, 28, 29, 30, 31, 32, 33, 34, 35, 36, 37, 38, 39], "data": [0.003145450036069346, 0.0, 0.0016688018581949894, 0.022466257804708047, 0.04528919248988774, 0.002336867787970201, 0.017024230896394762, 0.01729683396180052, 0.0, 0.019597023472235693, 0.004050777829618224, 0.0, 0.0, 0.006997985119044544, 0.0, 0.011302318467860062, 0.0, 0.0, 0.0029229626200399177, 0.0, 0.0, 0.0, 0.0, 0.05787998860717339, 0.0, 0.0, 0.0, 0.04931538094650828, 0.0010537762734942767, 0.0, 0.0, 0.0005387066402033789, 0.0, 0.005053235571277901, 0.0, 0.0, 0.0, 0.04005063640107834, 0.004181146913747685, 0.034759570775107766]}