{"labels": [0, 1, 2, 3, 4, 5, 6, 7, 8, 9, 10, 11, 12, 13, 14, 15, 16, 17, 18, 19, 20, 21, 22, 23, 24, 25, 26, 27, 28, 29, 30, 31, 32, 33, 34, 35, 36, 37, 38, 39], "data": [0.005425609395812123, 0.0011358574684873898, 0.0, 0.0, 0.042629022679615894, 0.0, 0.01466219528938632, 0.0, 0.0017369661310368389, 0.0032209101010871955, 0.02411034761212014, 0.004576282158531287, 0.0, 0.0, 0.0, 0.0, 0.0, 0.0029898458687416963, 0.0, 0.00707345556170725, 0.0, 0.02756609598222885, 0.0, 0.003187967497407117, 0.0, 0.005646722781847101, 0.0, 0.0, 0.02257383729532901, 0.009054903975172534, 0.014055606531689122, 0.0, 0.0, 0.0, 0.0031464780089470626, 0.0, 0.0, 0.0, 0.0, 0.054226082771142346]}