{"labels": [0, 1, 2, 3, 4, 5, 6, 7, 8, 9, 10, 11, 12, 13, 14, 15, 16, 17, 18, 19, 20, 21, 22, 23, 24, 25, 26, 27, 28, 29, 30, 31, 32, 33, 34, 35, 36, 37, 38, 39], "data": [0.0, 0.005527065927902731, 0.012763589724389306, 0.0, 0.002466429202305416, 0.08101008514824391, 0.01966201222114494, 0.0, 0.0, 0.0, 0.01192261932405605, 0.0, 0.022134242565707323, 0.0, 0.0, 0.0, 0.015260605776289614, 0.0, 0.0, 0.0, 0.0, 0.0, 0.0, 0.02962630654335704, 0.0, 0.06404776638834098, 0.0, 0.0, 0.0, 0.0042361399996412, 0.002791058095440314, 0.0, 0.0, 0.0, 0.03176986564262641, 0.0, 0.0, 0.0005439795998765278, 0.0, 0.06131728385835514]}