{"labels": [0, 1, 2, 3, 4, 5, 6, 7, 8, 9, 10, 11, 12, 13, 14, 15, 16, 17, 18, 19, 20, 21, 22, 23, 24, 25, 26, 27, 28, 29, 30, 31, 32, 33, 34, 35, 36, 37, 38, 39], "data": [0.0, 0.0, 0.0, 0.0, 0.0, 0.0, 0.056965310756751576, 0.0, 0.0068739837824127745, 0.014338499437741077, 0.0, 0.0037321239575354237, 0.0, 0.0, 0.0, 0.0, 0.0, 0.0, 0.0, 0.0, 0.0077859614006127904, 0.01781767035214962, 0.002732549403213701, 0.0, 0.0023225708025361442, 0.0, 0.11372704410726953, 0.00070809666548743, 0.0, 0.0, 0.0, 0.0008371250627876282, 0.0, 0.004640465443553756, 0.0, 0.0, 0.0, 8.843264220389725e-05, 0.0, 0.0]}