{"labels": [0, 1, 2, 3, 4, 5, 6, 7, 8, 9, 10, 11, 12, 13, 14, 15, 16, 17, 18, 19, 20, 21, 22, 23, 24, 25, 26, 27, 28, 29, 30, 31, 32, 33, 34, 35, 36, 37, 38, 39], "data": [0.001109951562184161, 0.0, 0.027272486170076354, 0.0, 0.013065961388667358, 0.022851249430403828, 0.0, 0.0, 0.0, 0.016130844956379706, 0.0, 0.00652733945980231, 0.0, 0.003721970871746098, 0.0, 0.0, 0.006943154559774859, 0.006158374255800646, 0.010772912578749532, 0.0, 0.033247269724860994, 0.0, 0.0, 0.012078282976544771, 0.0, 0.009502274736152845, 0.0, 0.0, 0.0, 0.0, 0.0, 0.0004915633684435663, 0.0031155789567483662, 0.0, 0.003804802175419511, 0.0, 0.010952532451143892, 0.0, 0.0006219232556134117, 0.0]}