{"labels": [0, 1, 2, 3, 4, 5, 6, 7, 8, 9, 10, 11, 12, 13, 14, 15, 16, 17, 18, 19, 20, 21, 22, 23, 24, 25, 26, 27, 28, 29, 30, 31, 32, 33, 34, 35, 36, 37, 38, 39], "data": [0.013117563790808761, 0.0, 0.027341266726045987, 0.00022504705296858753, 0.0, 0.0013268884067067326, 0.0, 0.0, 0.0045854196730675005, 0.001327214241735056, 0.01628480020108934, 0.008016543875164593, 0.0508472826304891, 0.0011626523038215219, 0.0019483092929951423, 7.247526836130502e-05, 0.0, 0.0, 0.0, 0.004165756718689918, 0.00211726802118905, 0.0, 0.0, 0.0008148600008093443, 0.00041806631889709724, 0.03399200775438003, 0.0, 0.024391874604541574, 0.0, 0.0, 0.007260396000187504, 0.00454825645402244, 0.0, 0.0, 0.0027549458736117645, 0.003457854162600481, 0.0, 0.005079221519981185, 0.0, 0.0008301294242088341]}