{"labels": [0, 1, 2, 3, 4, 5, 6, 7, 8, 9, 10, 11, 12, 13, 14, 15, 16, 17, 18, 19, 20, 21, 22, 23, 24, 25, 26, 27, 28, 29, 30, 31, 32, 33, 34, 35, 36, 37, 38, 39], "data": [0.0, 0.0024344597992618454, 0.0016271953503083705, 0.0, 0.0, 0.012345647161836757, 0.0, 0.0, 0.00278861685627014, 0.0071774126338706385, 0.0, 0.009328507817292114, 0.03232867985877243, 0.0, 0.02284622565339523, 0.0, 0.0, 0.00765935890231955, 0.018519893382337307, 0.0, 0.0, 0.0, 0.0, 0.0059794687533571075, 0.0, 0.0, 0.0, 0.0, 0.0, 0.0, 0.0, 0.003349918205391159, 0.003166791269609472, 0.03915996121811931, 0.007432746385829516, 0.0, 0.004563935512847061, 0.004264227961686149, 0.003678695940525117, 0.09778401481639648]}