{"labels": [0, 1, 2, 3, 4, 5, 6, 7, 8, 9, 10, 11, 12, 13, 14, 15, 16, 17, 18, 19, 20, 21, 22, 23, 24, 25, 26, 27, 28, 29, 30, 31, 32, 33, 34, 35, 36, 37, 38, 39], "data": [0.0, 0.0, 0.0, 0.047679019525233984, 0.01880472100831902, 0.0, 0.0, 0.0, 0.0, 0.0049101979901182945, 0.0, 0.0, 0.0, 0.036277398475015266, 0.0, 0.0, 0.0, 0.009967836385562328, 0.0, 0.0013223431845546852, 0.0, 0.0, 0.0, 0.0538463053714063, 0.0, 0.0089474506930685, 0.0, 0.0, 0.08205924284661863, 0.004547821600223848, 0.0, 0.0, 0.0010153601863205064, 0.0, 0.0, 0.046778329653362455, 0.0, 0.0, 0.0, 0.0]}