{"labels": [0, 1, 2, 3, 4, 5, 6, 7, 8, 9, 10, 11, 12, 13, 14, 15, 16, 17, 18, 19, 20, 21, 22, 23, 24, 25, 26, 27, 28, 29, 30, 31, 32, 33, 34, 35, 36, 37, 38, 39], "data": [0.004912245091441355, 0.0034839553130334, 0.004317216268834346, 0.021038271280469187, 0.0, 0.0002679406940010775, 0.04911950633473431, 0.0, 0.045835611277993515, 0.010868587092596325, 0.001616809810302685, 0.0, 0.0, 0.002300455280619264, 0.0, 0.0, 0.0, 0.0, 0.0, 0.0009169051860992651, 0.0, 0.0038936945243599154, 0.0032896938019529908, 0.004911064184195024, 0.0, 0.0, 0.005825710075326926, 0.0, 0.0011890752889711909, 0.0, 0.0026513863748849785, 0.0, 0.0, 0.00551413955784382, 0.0, 0.008327086988317661, 0.006194068440385791, 0.0, 0.0022417470578472544, 0.0]}