{"labels": [0, 1, 2, 3, 4, 5, 6, 7, 8, 9, 10, 11, 12, 13, 14, 15, 16, 17, 18, 19, 20, 21, 22, 23, 24, 25, 26, 27, 28, 29, 30, 31, 32, 33, 34, 35, 36, 37, 38, 39], "data": [0.002441028195127116, 0.007962853967241265, 0.0007083287398950058, 0.0, 0.01922177536843078, 0.0, 0.0, 0.0, 0.036334841438722225, 0.0, 0.0, 6.573923051139211e-05, 0.002308937363952298, 0.0, 0.009964991017921383, 0.0, 0.00974047490803996, 0.010033919618472442, 0.0062649529114622215, 0.0, 0.012779879467881387, 0.0, 0.0, 0.005551771656202679, 0.005295340287797907, 0.0, 0.0042711928189410235, 0.005466704090222952, 0.0, 0.022979012340437387, 0.0, 0.0, 0.005112681993099591, 0.008964623045709172, 0.008203325850960164, 0.007016008442180923, 0.0, 0.0047092633717378245, 0.001188203624994049, 0.0044274850708792635]}