{"labels": [0, 1, 2, 3, 4, 5, 6, 7, 8, 9, 10, 11, 12, 13, 14, 15, 16, 17, 18, 19, 20, 21, 22, 23, 24, 25, 26, 27, 28, 29, 30, 31, 32, 33, 34, 35, 36, 37, 38, 39], "data": [0.0, 0.0, 0.001464975872245844, 0.0, 0.03177859139318061, 0.0, 0.0, 0.00314357844880738, 0.004463828253158183, 0.0, 0.0, 0.0, 0.009772372296781302, 0.0, 0.0, 0.0024764276666713564, 0.0, 0.0, 0.012130623651962621, 0.0, 0.0, 0.041151433669425405, 0.0, 0.0, 0.0, 0.033145640118575494, 0.0038929553096383445, 0.0, 0.0, 0.0, 0.0033086990846947994, 0.0, 0.0005816455393907399, 0.0, 0.04662970369912559, 0.010868531185036053, 0.0, 0.01307603804702068, 0.0001436360340456947, 0.004446600900873174]}