{"labels": [0, 1, 2, 3, 4, 5, 6, 7, 8, 9, 10, 11, 12, 13, 14, 15, 16, 17, 18, 19, 20, 21, 22, 23, 24, 25, 26, 27, 28, 29, 30, 31, 32, 33, 34, 35, 36, 37, 38, 39], "data": [0.0, 0.0, 0.0, 0.0, 0.0, 0.03125988471068093, 0.0, 0.02515566444809606, 0.0, 0.0, 0.0009992302136409778, 0.0, 0.0, 0.0, 0.0, 0.0, 0.004973843801141403, 0.03813851212198535, 0.018753681177730023, 0.001449662131511868, 0.0, 0.00882391599921922, 0.0680856781065953, 0.0, 0.0, 0.0, 0.0, 0.0005681158274940855, 0.0013695882466328694, 0.037250882006867325, 0.0, 0.0014973156756583415, 0.0, 0.0, 0.014226286413112575, 0.0, 0.0, 0.0, 0.0, 0.0]}