{"labels": [0, 1, 2, 3, 4, 5, 6, 7, 8, 9, 10, 11, 12, 13, 14, 15, 16, 17, 18, 19, 20, 21, 22, 23, 24, 25, 26, 27, 28, 29, 30, 31, 32, 33, 34, 35, 36, 37, 38, 39], "data": [0.003381672006294376, 0.0008084105840095307, 0.0, 0.0, 0.0, 0.0, 0.02243815278274674, 0.014836020306792796, 0.0, 0.0006944655967604452, 0.0, 0.0, 0.0, 0.0, 0.02013259687939806, 0.00026978331533820195, 0.0018218726831556765, 0.012190661033956747, 0.0, 0.0013375757609832973, 0.0, 0.0, 0.0029863187758980554, 0.0, 0.004487459143498745, 0.0027332837261602465, 0.0, 0.003296851644193809, 0.0, 0.0, 0.0, 0.00968687521918356, 0.0, 0.0095079552527002, 0.0006853202145310541, 0.022516649906534358, 0.0003316449624678729, 0.0019924762790012856, 0.03222027428466189, 0.002440090283436468]}