{"labels": [0, 1, 2, 3, 4, 5, 6, 7, 8, 9, 10, 11, 12, 13, 14, 15, 16, 17, 18, 19, 20, 21, 22, 23, 24, 25, 26, 27, 28, 29, 30, 31, 32, 33, 34, 35, 36, 37, 38, 39], "data": [0.0, 0.03667619243751485, 0.003917202408351123, 0.0, 0.0, 0.012277066131833051, 0.0, 0.0, 0.003852038577062709, 0.0, 0.0, 0.0007030140182694975, 0.0, 0.0010590778945977707, 0.0, 0.0033842175138138276, 0.0020133207368861284, 0.0, 0.003689564770202978, 0.0007359110086655845, 0.0, 0.03209231866056795, 0.0, 0.0, 0.0, 0.0, 0.0, 0.0, 0.0, 0.0, 0.0, 0.005569564116895802, 0.013263850342892788, 0.0008497119800706449, 0.0, 0.0, 0.07672974428144227, 0.021447719200765592, 0.006443694717652146, 0.002608377235285934]}