{"labels": [0, 1, 2, 3, 4, 5, 6, 7, 8, 9, 10, 11, 12, 13, 14, 15, 16, 17, 18, 19, 20, 21, 22, 23, 24, 25, 26, 27, 28, 29, 30, 31, 32, 33, 34, 35, 36, 37, 38, 39], "data": [0.0, 0.006359814890197699, 0.004669829015361397, 0.0, 0.012620766576505037, 0.0, 0.04822068558611044, 0.0, 0.0, 0.004735424898654732, 0.04803139046074933, 0.0, 0.0, 0.0, 0.0, 0.0, 0.0, 0.0, 0.0, 0.05137392981183154, 0.0, 0.0, 0.0, 0.0, 0.0, 0.0, 0.0, 0.0, 0.00048190026772581304, 0.0022507969398512214, 0.0, 0.0, 0.0, 0.0, 0.0348905002887498, 0.0, 0.002050596306624105, 0.0, 0.0, 0.0]}