{"labels": [0, 1, 2, 3, 4, 5, 6, 7, 8, 9, 10, 11, 12, 13, 14, 15, 16, 17, 18, 19, 20, 21, 22, 23, 24, 25, 26, 27, 28, 29, 30, 31, 32, 33, 34, 35, 36, 37, 38, 39], "data": [0.002397887845105567, 0.0, 0.0, 0.0, 0.0, 0.0, 0.0006492186718072418, 0.0, 0.012962575926524491, 0.00828095914705557, 0.0, 0.011194427864492344, 0.0, 0.0, 0.0, 0.0, 0.0, 0.0, 0.0, 0.0022123023704567414, 0.004720188777569041, 0.0025792956513205245, 0.0016873200035555271, 0.018831150079615774, 0.0, 0.0, 0.0007210758155340475, 0.0, 0.0, 0.0003892749178378847, 0.0, 0.006034795364773282, 0.0, 4.8851700508773435e-05, 0.007989849076140516, 0.004994664079086475, 0.0, 0.010263024035967318, 0.0, 0.002977650215375938]}