{"labels": [0, 1, 2, 3, 4, 5, 6, 7, 8, 9, 10, 11, 12, 13, 14, 15, 16, 17, 18, 19, 20, 21, 22, 23, 24, 25, 26, 27, 28, 29, 30, 31, 32, 33, 34, 35, 36, 37, 38, 39], "data": [0.004011475233598432, 0.010566162108342774, 0.0019585735163973853, 0.0, 0.09717329398227348, 0.0055097739109765155, 0.01354299603685086, 0.0, 0.00032048834587913627, 0.006785407861914148, 0.0, 0.0067436769725834666, 0.0005234017543056797, 0.0, 0.005129846506594502, 0.0007157560247213434, 0.01040252846825067, 0.0, 0.006016813140987041, 0.0, 0.0184357179933361, 0.0002302718476703992, 0.007123773018444685, 0.023856652016559867, 0.0, 0.0007237057440577935, 0.0046381388633426075, 0.02080140728243576, 0.0, 0.0, 0.013151836967029222, 0.0010518600849591482, 0.0, 0.0026079241639457972, 0.0, 0.0023666948984408186, 0.0, 0.0, 0.02109501866417952, 0.003894817793743538]}