{"labels": [0, 1, 2, 3, 4, 5, 6, 7, 8, 9, 10, 11, 12, 13, 14, 15, 16, 17, 18, 19, 20, 21, 22, 23, 24, 25, 26, 27, 28, 29, 30, 31, 32, 33, 34, 35, 36, 37, 38, 39], "data": [0.0, 0.0, 0.04433985802886583, 0.0, 0.06163086878179895, 0.0, 0.00032860464562895186, 0.0135245614328748, 0.0, 0.0, 0.0, 0.0, 0.0, 0.0, 0.0, 0.0, 0.0013203312058976346, 0.0, 0.0, 0.0, 0.0, 0.0, 0.0, 0.0, 0.0, 0.0, 0.0, 0.028369827281381814, 0.0018693800330319933, 0.0, 0.0, 0.0, 0.0, 0.038043681795952855, 0.005077947103592909, 0.0, 0.0, 0.056945472896312285, 0.0, 0.0]}