{"labels": [0, 1, 2, 3, 4, 5, 6, 7, 8, 9, 10, 11, 12, 13, 14, 15, 16, 17, 18, 19, 20, 21, 22, 23, 24, 25, 26, 27, 28, 29, 30, 31, 32, 33, 34, 35, 36, 37, 38, 39], "data": [0.007064470038371823, 0.0, 0.0, 0.0, 0.0006452734329312449, 0.0, 0.011739961661894704, 0.04029260390596695, 0.004022059186670832, 0.0, 0.005192432320137931, 0.0, 0.0029820076007025663, 0.0404182090004897, 0.0, 0.020876760484853808, 0.0, 0.01794679917598643, 0.0, 0.02809834856955584, 0.0, 0.0, 0.0, 0.0, 0.007978533231216195, 0.0021142234320130644, 0.0, 0.018059613400847208, 0.0, 0.0, 0.0, 0.0012388355271073668, 0.0, 0.022217373584666, 0.003873236110953831, 0.0, 0.0015664558051998565, 0.0015000557547567874, 0.0, 0.0002234817936775988]}