{"labels": [0, 1, 2, 3, 4, 5, 6, 7, 8, 9, 10, 11, 12, 13, 14, 15, 16, 17, 18, 19, 20, 21, 22, 23, 24, 25, 26, 27, 28, 29, 30, 31, 32, 33, 34, 35, 36, 37, 38, 39], "data": [0.0, 0.0, 0.0, 0.0, 0.03976407488897087, 0.0, 0.014508579003139555, 0.0, 0.0, 0.0, 0.025017098327330567, 0.0, 0.04852475467467652, 0.0010107655980929595, 0.0, 0.0, 0.0020468501445911396, 0.0, 0.0, 0.0, 0.0, 0.0, 0.000408869666351997, 0.0, 0.00568505695731179, 0.0, 0.0031553877703045506, 0.0, 0.0021725650190444544, 0.006825755928535772, 0.002609566038740701, 0.0019950417487723383, 0.0002486615492259989, 0.051713149917145436, 0.01024498082969496, 0.0022664352476647926, 0.0, 0.015523213884124067, 0.0, 0.0002415708010583937]}