{"labels": [0, 1, 2, 3, 4, 5, 6, 7, 8, 9, 10, 11, 12, 13, 14, 15, 16, 17, 18, 19, 20, 21, 22, 23, 24, 25, 26, 27, 28, 29, 30, 31, 32, 33, 34, 35, 36, 37, 38, 39], "data": [0.002596882567516, 0.013307241095901966, 0.0, 0.0, 0.0, 0.0023995403558159083, 0.03268235242996802, 0.0350322709267761, 0.020600372805948824, 0.007267824737243062, 0.01782988468966733, 0.04967231163034385, 0.0, 0.0, 0.023969060652586503, 0.005512472736469252, 0.0, 0.0, 0.0, 0.014759042117486236, 0.0047475588760057825, 0.0, 0.0, 0.0, 0.0032683265022500677, 0.0, 0.0547303947047695, 0.0, 0.0, 0.0, 0.003146201053429564, 0.0, 0.0, 0.0, 0.0, 0.05613808368069785, 0.0, 0.00836000911301534, 0.028917520622101314, 0.0]}