{"labels": [0, 1, 2, 3, 4, 5, 6, 7, 8, 9, 10, 11, 12, 13, 14, 15, 16, 17, 18, 19, 20, 21, 22, 23, 24, 25, 26, 27, 28, 29, 30, 31, 32, 33, 34, 35, 36, 37, 38, 39], "data": [0.0010503538853194293, 0.0, 0.029770386487510996, 0.0, 0.05225375308629947, 0.0, 0.0, 0.0, 0.0, 0.017168578426221805, 0.0, 0.00018730127592738051, 0.0, 0.0, 0.003854708097692842, 0.0, 0.0, 0.0, 0.0031383977115377075, 0.0, 0.008438137696406082, 0.0011063066138806603, 0.002226488189885301, 0.005804289188287213, 0.003533314171487877, 0.0, 0.0022001945775633703, 0.003347703759752925, 0.0005939083450068755, 0.0001303499578926941, 0.0, 0.0008042036481310415, 0.0, 5.594823035955499e-05, 0.015630862820472262, 0.0, 0.0013145662418668509, 0.02994078552631325, 0.0034136929933423865, 0.0015195952251385483]}