{"labels": [0, 1, 2, 3, 4, 5, 6, 7, 8, 9, 10, 11, 12, 13, 14, 15, 16, 17, 18, 19, 20, 21, 22, 23, 24, 25, 26, 27, 28, 29, 30, 31, 32, 33, 34, 35, 36, 37, 38, 39], "data": [0.0, 0.002049679385431922, 0.0, 0.0, 0.0, 0.047882056658484044, 0.006208256942011662, 0.0, 0.002239659574640473, 0.0, 0.0015976795498150425, 0.005013753123606627, 0.0, 0.0, 0.0041703765844712855, 0.0, 0.0, 0.09695206915555456, 0.0, 0.0, 0.0, 0.0, 0.0, 0.0, 0.0, 0.0, 0.0014702359382928341, 0.0, 0.0, 0.028336374323528486, 0.0008145116317789334, 0.0, 0.0, 0.0, 0.0, 0.0, 0.0, 0.0, 0.0, 0.0]}