{"labels": [0, 1, 2, 3, 4, 5, 6, 7, 8, 9, 10, 11, 12, 13, 14, 15, 16, 17, 18, 19, 20, 21, 22, 23, 24, 25, 26, 27, 28, 29, 30, 31, 32, 33, 34, 35, 36, 37, 38, 39], "data": [0.026864079621334525, 0.0, 0.003533692660721408, 0.002438814007523289, 0.0160575811518879, 0.0, 0.022004696212915075, 0.006621587203439704, 0.0, 0.012831323414161662, 0.0006223991932834949, 0.0, 0.0, 0.013667286989626283, 0.0, 0.0023079968813505608, 0.0015675800420340686, 0.0038536153641578483, 0.006297885681486062, 0.0260295672469379, 0.0, 0.0, 0.0009552124832556531, 0.0016520864073713746, 0.0, 0.0022100500255517043, 0.0, 0.0, 0.005058788448014998, 0.0, 0.0, 0.0031602477433963143, 0.00462159507414225, 0.008862793970736004, 0.00411311218802255, 0.008003692500935052, 5.418875291244474e-05, 0.007931703288268753, 0.0022321177259198993, 0.0]}