{"labels": [0, 1, 2, 3, 4, 5, 6, 7, 8, 9, 10, 11, 12, 13, 14, 15, 16, 17, 18, 19, 20, 21, 22, 23, 24, 25, 26, 27, 28, 29, 30, 31, 32, 33, 34, 35, 36, 37, 38, 39], "data": [0.022750602931914422, 0.007771557444042747, 0.0022588980637391312, 0.0, 0.012145658893449904, 0.0, 0.008657528062222983, 0.0162153828087208, 0.0, 0.0016834285695278893, 0.0016788320615965214, 0.0, 0.06813015001649611, 0.0034386373886688276, 0.022518853356895106, 0.011553511458196986, 0.0, 0.0, 0.0065634523090095254, 0.0006178512168365051, 0.0033505188371643355, 0.0, 0.0, 0.0023978727420961676, 0.0, 0.003984824189476151, 0.0029838600752576413, 0.0034943090943897765, 0.0, 0.006372212276297449, 0.003757658578160322, 0.0, 0.0011630379140676074, 0.004527342361440116, 0.0, 0.0370251983706944, 0.0, 0.03202950108346089, 0.00419787509013684, 0.0]}