{"labels": [0, 1, 2, 3, 4, 5, 6, 7, 8, 9, 10, 11, 12, 13, 14, 15, 16, 17, 18, 19, 20, 21, 22, 23, 24, 25, 26, 27, 28, 29, 30, 31, 32, 33, 34, 35, 36, 37, 38, 39], "data": [0.0, 0.0023704140849836633, 0.0, 0.0, 0.0, 0.0, 0.03866469427561593, 0.0, 0.0, 0.0, 0.01954756124341583, 0.0, 0.0, 0.0, 0.0, 0.0036403515275043583, 0.0, 0.0, 0.00025714427082742597, 0.005888430689716919, 0.0022364528144184883, 0.0, 0.0, 0.0, 0.0, 0.0, 0.003336266145145526, 0.0, 0.0, 0.0, 0.032923886567229124, 0.0, 0.002582455480538129, 0.0, 0.0, 0.05815573923277648, 0.0, 0.018452456782884735, 0.0, 0.0]}