{"labels": [0, 1, 2, 3, 4, 5, 6, 7, 8, 9, 10, 11, 12, 13, 14, 15, 16, 17, 18, 19, 20, 21, 22, 23, 24, 25, 26, 27, 28, 29, 30, 31, 32, 33, 34, 35, 36, 37, 38, 39], "data": [0.002738332021680585, 0.04084410032931074, 0.006964523807291691, 0.0010268487353736818, 0.0074826238257118555, 0.06654177925084753, 0.02070369889720849, 0.0, 0.0, 0.006979159767080661, 0.006654501880495665, 0.0029376699933758646, 0.0, 0.0, 0.004315990679704988, 0.0, 0.027506717563290175, 0.0, 0.013792264820771737, 0.0, 0.0, 0.0020750027882662724, 0.0, 0.0010458487204018986, 0.0, 0.0, 0.0012974531812235924, 0.016237459158727485, 0.0, 0.0, 0.0, 0.0, 0.07105372339785135, 0.02102913421699045, 0.0, 0.0004820434947238499, 0.0, 0.0, 0.02306053297829184, 0.01222332476701301]}