{"labels": [0, 1, 2, 3, 4, 5, 6, 7, 8, 9, 10, 11, 12, 13, 14, 15, 16, 17, 18, 19, 20, 21, 22, 23, 24, 25, 26, 27, 28, 29, 30, 31, 32, 33, 34, 35, 36, 37, 38, 39], "data": [0.0, 0.002926063767246283, 0.02696166071856812, 0.01766059477128509, 0.014025292649690973, 0.0, 0.024841370224917347, 0.0, 0.0, 0.0, 0.0020331088108657544, 0.0, 0.0, 0.001489427078752914, 0.0, 0.002687901416258876, 0.0, 0.0, 0.010028368926301375, 0.001866094136403352, 0.0, 0.0, 0.0036048101181078585, 0.002036824924208212, 0.0028234350216966996, 0.0008568992096083803, 0.0009707019644627636, 0.001581919260493117, 0.0, 0.0, 0.008917281011470171, 0.0, 0.00022508546834870918, 0.0, 0.0, 0.0, 0.06741764191597241, 0.02062044807103139, 0.0, 0.0]}