{"labels": [0, 1, 2, 3, 4, 5, 6, 7, 8, 9, 10, 11, 12, 13, 14, 15, 16, 17, 18, 19, 20, 21, 22, 23, 24, 25, 26, 27, 28, 29, 30, 31, 32, 33, 34, 35, 36, 37, 38, 39], "data": [0.0, 0.0, 0.016571800957100438, 0.0, 0.07614362192951, 0.0, 0.0, 0.033529574628656654, 0.005789232030177986, 0.0, 0.0, 0.0031763490388351822, 0.04870073322164544, 0.004562168522217836, 0.0, 0.0, 0.004829555871445874, 0.032442960570954464, 0.0, 0.04678882935917595, 0.0, 0.0, 0.0002353885014687493, 0.0037486359122905002, 0.0, 0.0, 0.03321164895014881, 0.0025093530969561638, 0.0, 0.0, 0.0, 0.0, 0.0, 0.0, 0.02841185992765469, 0.0, 0.0, 0.0, 0.00043819294344383007, 0.0]}