{"labels": [0, 1, 2, 3, 4, 5, 6, 7, 8, 9, 10, 11, 12, 13, 14, 15, 16, 17, 18, 19, 20, 21, 22, 23, 24, 25, 26, 27, 28, 29, 30, 31, 32, 33, 34, 35, 36, 37, 38, 39], "data": [0.0, 0.0, 0.0394181159403328, 0.001159141224046868, 0.0075138467766414484, 0.014483656517642782, 0.010144009395636642, 0.0, 0.0, 0.0, 0.02614356651670162, 0.0, 0.0, 0.001323843008955724, 0.0, 0.0, 0.0003003449737776142, 0.004561969776480684, 0.003193826836786602, 0.03066817152921203, 0.0, 0.002909017725688497, 0.002917503489802985, 0.0, 0.0, 0.0, 0.0, 0.0010641315694136465, 0.002433086518901276, 0.0, 0.0, 0.0028289375728873306, 0.003500658485110678, 0.012262402766638592, 0.0025675212862210505, 0.0012562724447291, 0.004257430437846822, 0.025828936243619822, 0.002065664945685928, 0.0]}