{"labels": [0, 1, 2, 3, 4, 5, 6, 7, 8, 9, 10, 11, 12, 13, 14, 15, 16, 17, 18, 19, 20, 21, 22, 23, 24, 25, 26, 27, 28, 29, 30, 31, 32, 33, 34, 35, 36, 37, 38, 39], "data": [0.0, 0.0, 0.0, 0.0, 0.0012917330605493294, 0.0, 0.0, 0.008221620652697485, 0.0, 0.0, 0.01042871593056684, 0.0, 0.0, 0.03279983852999181, 0.0, 0.020150434834929575, 0.0, 0.01706043190971331, 0.005980558792516348, 0.07048017927360868, 0.0025507273649530474, 0.004138510439822241, 0.0, 0.00837590555428275, 0.0, 0.0, 0.0, 0.0, 0.0005251762002201128, 0.007181670639525311, 0.012684791665001638, 0.0, 0.0022113167464294604, 0.08774386165399385, 0.0, 0.002184436340884962, 0.0, 0.031956063818694876, 0.0, 0.0]}