{"labels": [0, 1, 2, 3, 4, 5, 6, 7, 8, 9, 10, 11, 12, 13, 14, 15, 16, 17, 18, 19, 20, 21, 22, 23, 24, 25, 26, 27, 28, 29, 30, 31, 32, 33, 34, 35, 36, 37, 38, 39], "data": [0.002493630568648485, 0.0002435825798733479, 0.0, 0.0, 0.0, 0.0693070411157711, 0.0, 0.0, 0.0, 0.00926219747409739, 0.0, 0.003040391876644398, 0.0, 0.022030733110139145, 0.017198597289492513, 8.083959492345265e-06, 0.0, 0.047465723265604255, 0.024217382220288915, 0.022769159407081026, 0.0, 0.003478919467771989, 0.0039627573384076725, 0.03645519776211305, 0.0, 0.00276624469754414, 0.0031168865591320715, 0.0, 0.06889663735344208, 0.0017869741072978813, 0.0, 0.0, 0.0, 0.0, 0.0, 0.006989707709207158, 0.03483943481455124, 0.0, 0.01766430403225341, 0.0]}