{"labels": [0, 1, 2, 3, 4, 5, 6, 7, 8, 9, 10, 11, 12, 13, 14, 15, 16, 17, 18, 19, 20, 21, 22, 23, 24, 25, 26, 27, 28, 29, 30, 31, 32, 33, 34, 35, 36, 37, 38, 39], "data": [0.0, 0.0, 0.0, 0.0, 0.0, 0.0, 0.015374239328712045, 0.0014605526367079628, 7.096678850864078e-05, 0.0, 0.007895379870270813, 0.0026796593396907547, 0.011737429440189887, 0.0, 0.01137914058113557, 0.0011601002544233132, 0.011550252054037933, 0.01878807456514116, 0.003754311987709976, 3.036752049697729e-05, 0.0, 0.035660488027615865, 0.0, 0.003000775968726242, 0.0021651129400292947, 0.025792648864250825, 0.008378002921804097, 0.0, 0.0033916496882881045, 0.0030131615559756595, 0.033071134443142906, 0.002379296790726545, 0.03519683833024493, 0.01514329105797298, 0.017417174980091966, 0.0, 0.02067676654404982, 0.006155668688342923, 0.0, 0.006085850189696975]}