{"labels": [0, 1, 2, 3, 4, 5, 6, 7, 8, 9, 10, 11, 12, 13, 14, 15, 16, 17, 18, 19, 20, 21, 22, 23, 24, 25, 26, 27, 28, 29, 30, 31, 32, 33, 34, 35, 36, 37, 38, 39], "data": [0.0014146217402067915, 0.009936773549847157, 0.002450292123826758, 0.0, 0.00407480265783818, 0.0, 0.06165586775944377, 0.000161864963793542, 0.0032441701200351747, 0.0, 0.003581893204024695, 0.0, 0.0, 0.0, 0.01453331828205707, 0.0, 0.0, 0.0, 0.00013534416974344608, 0.0016353651217571735, 0.0, 0.0, 0.0, 0.0, 0.007086705048633296, 0.0, 0.0, 0.0, 0.004883605988366065, 0.0, 0.0031871448938066817, 0.0, 0.0, 0.0, 0.0, 0.0060297344448969285, 0.004689809758026194, 0.0, 5.0409996083175074e-05, 0.0]}