{"labels": [0, 1, 2, 3, 4, 5, 6, 7, 8, 9, 10, 11, 12, 13, 14, 15, 16, 17, 18, 19, 20, 21, 22, 23, 24, 25, 26, 27, 28, 29, 30, 31, 32, 33, 34, 35, 36, 37, 38, 39], "data": [0.010144779343486154, 0.0, 0.0, 0.03764726120232741, 0.0, 0.0007609940238967866, 0.0, 0.0, 0.0, 0.0, 0.0, 0.02716858522968919, 0.0, 0.042571998651912135, 0.0, 0.013798736681918411, 0.0, 0.0, 0.03749625763921801, 0.0, 0.0, 0.044229535949545415, 0.0, 0.0, 0.0, 0.11717450632777202, 0.0, 0.0, 0.0, 0.012462343129533029, 0.0, 0.007004947218605768, 0.0, 0.0, 0.0, 0.025001807810880503, 0.0, 0.0, 0.014717347156104147, 0.019453655708841475]}