{"labels": [0, 1, 2, 3, 4, 5, 6, 7, 8, 9, 10, 11, 12, 13, 14, 15, 16, 17, 18, 19, 20, 21, 22, 23, 24, 25, 26, 27, 28, 29, 30, 31, 32, 33, 34, 35, 36, 37, 38, 39], "data": [0.00737874770506693, 0.0011486569339713077, 0.002685654109986395, 0.0, 0.047666359652451785, 0.0, 0.015688679367517062, 0.0020890751642644438, 0.0016172776713712495, 0.01995790425139484, 0.009189922624645866, 0.0, 0.0027836408519111857, 0.0, 0.0, 0.0, 0.10044371663287031, 0.0, 0.022090192904807144, 0.0, 0.0, 0.0, 0.0, 0.0, 0.0, 0.0, 0.010057343392454572, 0.014192739405470837, 0.0013734052703221567, 0.0, 0.009126622740657182, 0.0, 0.0, 0.003218816432648444, 0.027781855156370095, 0.0, 0.0, 0.01685063466220075, 0.0, 0.0]}