{"labels": [0, 1, 2, 3, 4, 5, 6, 7, 8, 9, 10, 11, 12, 13, 14, 15, 16, 17, 18, 19, 20, 21, 22, 23, 24, 25, 26, 27, 28, 29, 30, 31, 32, 33, 34, 35, 36, 37, 38, 39], "data": [0.0, 0.0, 0.0, 0.00023311085078312724, 0.008526783891660764, 0.03802460734404753, 0.02256860615206808, 0.0, 0.005199257117373882, 0.0029360271518621872, 0.001192531350938872, 0.006120275694340933, 0.03422159386254388, 0.0, 0.0, 7.465731551769292e-06, 0.0, 0.01068963640702402, 0.0, 0.0, 0.00013791778409984437, 0.004267751365869419, 2.18297420407083e-06, 0.0, 0.002384002956442979, 0.002814097656371455, 0.017149433582405407, 0.02048123772502174, 0.007098983129145958, 0.0, 0.005665695997600852, 0.0006890464326481605, 0.0023433974005459333, 0.006815219408263929, 0.009130271878309611, 0.0, 0.001799399050948284, 0.019015462854631245, 0.051034189053088416, 0.00633807868681218]}