{"labels": [0, 1, 2, 3, 4, 5, 6, 7, 8, 9, 10, 11, 12, 13, 14, 15, 16, 17, 18, 19, 20, 21, 22, 23, 24, 25, 26, 27, 28, 29, 30, 31, 32, 33, 34, 35, 36, 37, 38, 39], "data": [0.002866475008671981, 0.0, 4.674756950431124e-05, 0.011341980429922734, 0.0, 0.0016266566099937061, 0.020421545244445456, 0.0, 0.0, 0.024145857412103577, 0.0, 0.06128572765411221, 0.0, 0.004785641357921076, 0.0, 0.05446257452461049, 0.0, 0.0006079043660989672, 0.0, 0.0, 0.0, 0.03067601536416317, 0.0007171457991870697, 0.003874124427751233, 0.0, 0.009849948616680121, 0.0034799799253545155, 0.0, 0.0, 0.010529867921114435, 0.0, 0.0, 0.0, 0.0, 0.0, 0.0, 0.0, 0.0, 0.0353622995196918, 0.0010527850706336433]}