{"labels": [0, 1, 2, 3, 4, 5, 6, 7, 8, 9, 10, 11, 12, 13, 14, 15, 16, 17, 18, 19, 20, 21, 22, 23, 24, 25, 26, 27, 28, 29, 30, 31, 32, 33, 34, 35, 36, 37, 38, 39], "data": [0.0, 0.0, 0.0, 0.0077142060411876335, 0.0033412930107867417, 0.0, 0.015504336466105972, 0.03391979148114769, 0.0, 0.0, 0.0, 0.0, 0.0, 0.0, 0.0, 0.0, 0.006296584510086162, 0.02774966922886598, 0.0, 0.0, 0.006296834924770316, 0.0, 0.0335303581420443, 0.0, 0.0, 0.0063920903120456415, 0.0, 0.005391866113165225, 0.1195709093719193, 0.0011556448525032298, 0.009072886204179493, 0.0, 0.0, 0.0, 0.012270211024371544, 0.005498989415412905, 0.0, 0.021320375269801867, 0.0, 0.0]}