{"labels": [0, 1, 2, 3, 4, 5, 6, 7, 8, 9, 10, 11, 12, 13, 14, 15, 16, 17, 18, 19, 20, 21, 22, 23, 24, 25, 26, 27, 28, 29, 30, 31, 32, 33, 34, 35, 36, 37, 38, 39], "data": [0.0, 0.0006806192074518917, 0.0015546636733625404, 0.002151236670839191, 0.008134195395229575, 0.0007071389395924493, 0.016889122308768035, 0.011463839550876034, 0.03617782664288738, 0.0029821693249814083, 0.00199474946504087, 0.0023644981953448757, 0.0, 0.027647739885726514, 0.002916569699860519, 0.0006406239835471955, 0.0018804408492496716, 0.014348978899101087, 0.0, 0.002343749116413039, 0.00914168833266186, 0.027882917063246013, 0.0009960338502869289, 0.01121428981635837, 0.01770980343317011, 0.009427055616380842, 0.0004028448523514183, 0.00025624807285936973, 0.0018222566558381335, 0.001596590636751996, 0.00185563128267556, 0.006270087071898194, 0.0, 0.006168935744434591, 0.033607185261642795, 0.017188742790382225, 0.00039655681420990615, 0.010266090820308943, 0.0032400717560942755, 0.003940020253056302]}