{"labels": [0, 1, 2, 3, 4, 5, 6, 7, 8, 9, 10, 11, 12, 13, 14, 15, 16, 17, 18, 19, 20, 21, 22, 23, 24, 25, 26, 27, 28, 29, 30, 31, 32, 33, 34, 35, 36, 37, 38, 39], "data": [0.0, 0.00554750547542183, 0.0005186091937203931, 0.0, 0.0, 0.0, 0.01505373407802314, 0.0027580947144678902, 0.0, 0.0, 0.0, 0.0, 0.07603384352443639, 0.0, 0.0, 0.0, 0.0, 0.029890928142960498, 0.0, 0.0, 0.0, 0.09393964585441542, 0.0, 0.0, 0.002339292104224342, 0.0, 0.0005742112727531158, 0.0, 0.0, 0.0, 0.007375398734043275, 0.0, 0.0, 0.0, 0.0, 0.0006262931558357961, 0.0, 0.0, 0.0, 0.0]}