{"labels": [0, 1, 2, 3, 4, 5, 6, 7, 8, 9, 10, 11, 12, 13, 14, 15, 16, 17, 18, 19, 20, 21, 22, 23, 24, 25, 26, 27, 28, 29, 30, 31, 32, 33, 34, 35, 36, 37, 38, 39], "data": [0.0, 0.036473810954673364, 9.819934262847927e-06, 0.0, 0.0032657178589445097, 0.0, 0.01559590692114135, 0.0, 0.0, 0.0, 0.0, 0.0, 0.005743907671193917, 0.0, 0.0, 0.0, 0.006244595260739189, 0.0, 0.0, 0.0, 0.0, 0.02848936534204913, 0.0, 0.04472532520156239, 0.0, 0.0, 0.0, 0.006020862028372021, 0.0, 0.0, 0.0, 0.0, 0.0, 0.0, 0.013642785805889639, 0.07313119617579082, 0.00195982506469737, 0.029172952781861845, 0.0, 0.0015764732908014984]}