{"labels": [0, 1, 2, 3, 4, 5, 6, 7, 8, 9, 10, 11, 12, 13, 14, 15, 16, 17, 18, 19, 20, 21, 22, 23, 24, 25, 26, 27, 28, 29, 30, 31, 32, 33, 34, 35, 36, 37, 38, 39], "data": [0.008614908053403739, 0.0, 0.0, 0.04988389220611196, 0.02334218643168961, 0.0, 0.0, 0.000155953152683191, 0.0, 0.04047179818648799, 0.0, 0.0, 0.002778643920346412, 0.002265012748236582, 0.0, 0.0, 0.0, 0.00017274263932520278, 0.00971129420371863, 0.0003858800300959967, 0.0, 0.0, 0.0001893327592212369, 0.0010381685291554461, 0.0, 0.03259998916362942, 0.0, 0.0310392274483605, 0.00025738679883154363, 0.0, 0.0, 0.005622662385952245, 0.0, 0.0011064481049865025, 0.006889733949963176, 0.0, 0.004317940765267835, 0.011168254816698605, 0.008762667102846419, 0.0]}