{"labels": [0, 1, 2, 3, 4, 5, 6, 7, 8, 9, 10, 11, 12, 13, 14, 15, 16, 17, 18, 19, 20, 21, 22, 23, 24, 25, 26, 27, 28, 29, 30, 31, 32, 33, 34, 35, 36, 37, 38, 39], "data": [0.0, 0.0002993913565378271, 0.0, 0.0, 0.01328136930830014, 0.0, 0.0, 0.0, 0.000314519576939041, 0.0, 0.0, 0.0, 0.037858194506585854, 0.0, 0.0, 0.0, 0.0, 0.0, 0.0, 0.0, 0.0, 0.0, 0.0, 0.003167728408111892, 0.006918505363652389, 0.0, 0.0, 0.025882486248291234, 0.005975240749366836, 0.00829688827170131, 0.0, 0.0, 0.0, 0.11618347535441252, 0.0004991158219408362, 0.004459155671008416, 0.0, 0.010985826616794793, 0.0, 0.0]}