{"labels": [0, 1, 2, 3, 4, 5, 6, 7, 8, 9, 10, 11, 12, 13, 14, 15, 16, 17, 18, 19, 20, 21, 22, 23, 24, 25, 26, 27, 28, 29, 30, 31, 32, 33, 34, 35, 36, 37, 38, 39], "data": [0.0, 0.041612871962036606, 0.014115215284652247, 0.0, 0.0, 0.005483013522375412, 0.0, 0.026556869528863294, 0.0, 0.0, 0.1283808860263359, 0.016016205363664496, 0.004214747793760063, 0.0, 0.06133342642385672, 0.0, 0.03693964406739953, 0.0, 0.0, 0.0392788500419057, 0.0, 0.0, 0.0, 0.002128345189744015, 0.0, 0.0, 0.0075385595236347035, 0.0, 0.0, 0.010486222159702173, 0.038527147127189305, 0.0, 0.007782293700611901, 0.03820018492077207, 0.0, 0.041308391938586535, 0.0017104210673148414, 0.0, 0.0, 0.015375392074668244]}