{"labels": [0, 1, 2, 3, 4, 5, 6, 7, 8, 9, 10, 11, 12, 13, 14, 15, 16, 17, 18, 19, 20, 21, 22, 23, 24, 25, 26, 27, 28, 29, 30, 31, 32, 33, 34, 35, 36, 37, 38, 39], "data": [0.0, 0.0, 0.0, 0.0, 0.0, 0.0, 0.016301196165927883, 0.0, 0.0, 0.07404563930530167, 0.00654112443616466, 0.0, 0.0, 0.0, 0.0009037450017073895, 3.0082445862217797e-05, 0.0, 0.0, 0.0, 0.0, 0.011280050332391833, 0.0, 0.0, 0.0, 0.0, 0.0, 0.0, 0.0, 0.004781201076323796, 0.0, 0.0018264275055957383, 0.0, 0.0, 0.0, 0.0, 0.07430033042925678, 0.0, 0.0, 0.0, 0.0]}