{"labels": [0, 1, 2, 3, 4, 5, 6, 7, 8, 9, 10, 11, 12, 13, 14, 15, 16, 17, 18, 19, 20, 21, 22, 23, 24, 25, 26, 27, 28, 29, 30, 31, 32, 33, 34, 35, 36, 37, 38, 39], "data": [0.0018783133707546825, 0.0, 0.0012435312753617787, 0.0, 0.0, 0.0, 0.033118245030702015, 0.0, 0.0, 0.021085909839072187, 0.0, 0.004529907270266992, 0.0, 0.06113833914275646, 0.0, 0.0, 0.0, 0.040234521505459774, 0.0, 0.0, 0.0, 0.0, 0.0, 0.021972381921241412, 0.0008641516253008096, 0.02635641185993274, 0.0, 0.0, 0.0, 0.0, 0.0, 0.0, 0.0, 0.0, 0.0, 0.0, 0.0, 0.0, 0.004933977885026234, 0.0007510603690403112]}