{"labels": [0, 1, 2, 3, 4, 5, 6, 7, 8, 9, 10, 11, 12, 13, 14, 15, 16, 17, 18, 19, 20, 21, 22, 23, 24, 25, 26, 27, 28, 29, 30, 31, 32, 33, 34, 35, 36, 37, 38, 39], "data": [0.00312440420883209, 0.01569208672561853, 0.0, 0.0, 0.01328981883123883, 0.0, 0.0, 0.03213072934098369, 0.0, 0.0, 0.0, 0.0, 0.0, 0.0, 0.005961364966597268, 0.0, 0.0, 0.01984080206463481, 0.0, 0.0, 0.0, 0.0, 0.0025088651877030873, 0.0, 0.09943748551036952, 0.0, 0.0, 0.04419799260106858, 0.0, 0.0, 0.0, 0.0, 0.0, 0.011018398238339592, 0.0, 0.0012710591925089462, 0.006999222721790744, 0.0, 0.0, 0.0]}