{"labels": [0, 1, 2, 3, 4, 5, 6, 7, 8, 9, 10, 11, 12, 13, 14, 15, 16, 17, 18, 19, 20, 21, 22, 23, 24, 25, 26, 27, 28, 29, 30, 31, 32, 33, 34, 35, 36, 37, 38, 39], "data": [0.0031596927418157624, 0.0, 0.0, 0.0, 0.0, 0.0, 0.01163772769349561, 0.04695687663274933, 0.005748722686101043, 0.0, 0.0, 0.004676117416741397, 0.0038400579491225315, 0.0, 0.0, 0.04586148746970597, 0.0, 0.0, 0.009197640227008657, 0.0, 0.0, 0.006199730923746248, 0.0, 0.0, 0.0, 0.002456749505701752, 0.04216112372876362, 0.000775426519181957, 0.0052693805983654975, 0.0, 0.0021332914970684388, 0.0015940597304880011, 0.0, 0.0, 0.0, 0.003242013547900087, 0.002082328826458338, 0.013071912375849346, 0.04735828585099656, 0.0]}