{"labels": [0, 1, 2, 3, 4, 5, 6, 7, 8, 9, 10, 11, 12, 13, 14, 15, 16, 17, 18, 19, 20, 21, 22, 23, 24, 25, 26, 27, 28, 29, 30, 31, 32, 33, 34, 35, 36, 37, 38, 39], "data": [0.0, 0.0, 0.0, 0.02494420706094631, 0.028342858241708617, 0.0, 0.0, 0.0, 0.0, 0.001168605803295035, 0.001930649404685482, 0.0, 0.0, 0.0019344608879931584, 0.034079347902578175, 0.0, 0.0055481684950002, 0.0, 0.008055986529492314, 0.0, 0.0, 0.0, 0.0805111619233456, 0.003050394823101471, 0.10457908431478596, 0.012904686977578995, 0.001141205757122804, 0.0, 0.0, 0.0, 0.0014259301456639843, 0.0, 0.0, 0.0, 0.0, 0.0, 0.0, 0.0, 0.0, 0.0]}