{"labels": [0, 1, 2, 3, 4, 5, 6, 7, 8, 9, 10, 11, 12, 13, 14, 15, 16, 17, 18, 19, 20, 21, 22, 23, 24, 25, 26, 27, 28, 29, 30, 31, 32, 33, 34, 35, 36, 37, 38, 39], "data": [0.016726253439290104, 0.0, 0.007394409714028474, 0.0001850033698242403, 0.0, 0.0, 0.015658554302478735, 0.013698713130339674, 0.007187882289351363, 0.0, 0.0, 0.0, 0.003726742345103397, 0.004437976277324692, 0.0, 0.0, 0.0, 0.0, 0.0, 0.0011498557015135497, 0.0, 0.008430393260688111, 0.0, 0.0, 0.0, 0.0, 0.006217667943272497, 0.0, 0.0, 0.0, 0.0, 0.014213603625775428, 0.0, 0.09017409534430083, 0.0, 0.029856243857922665, 0.000357297676474073, 0.022778173516213123, 0.003162771259800506, 0.0]}