{"labels": [0, 1, 2, 3, 4, 5, 6, 7, 8, 9, 10, 11, 12, 13, 14, 15, 16, 17, 18, 19, 20, 21, 22, 23, 24, 25, 26, 27, 28, 29, 30, 31, 32, 33, 34, 35, 36, 37, 38, 39], "data": [0.0, 0.003408608222716622, 0.00020941473110395155, 0.0, 0.004236552430816878, 0.0108952193383462, 0.005165500911265871, 0.004225153032894215, 0.0, 0.02852351994993135, 0.0006520673749095786, 0.0, 0.0, 0.0, 0.00219566679589224, 0.0, 0.0, 0.00594969341622518, 0.03127975418675658, 0.0, 0.0009292275098606178, 0.00728177942888803, 0.0, 0.0, 0.017296206727279398, 0.029304413497836728, 0.0017815354922937426, 0.002038286221279112, 0.0008797428902463536, 0.0, 0.015018133168755875, 0.0, 0.0, 0.03661132347902862, 0.023409269724048547, 0.0, 0.0009406831173926127, 0.0, 0.0058517120292802, 0.03970469211415849]}