{"labels": [0, 1, 2, 3, 4, 5, 6, 7, 8, 9, 10, 11, 12, 13, 14, 15, 16, 17, 18, 19, 20, 21, 22, 23, 24, 25, 26, 27, 28, 29, 30, 31, 32, 33, 34, 35, 36, 37, 38, 39], "data": [0.002936019068477784, 0.0004876846967538906, 0.0, 0.0, 0.0005784647876618346, 0.0, 0.06089629152063019, 0.027313656824207343, 0.026979894074170032, 0.0, 0.0, 0.004262153021719968, 0.0, 0.03367992318260964, 0.0, 0.0, 0.0, 0.0, 0.0, 0.030261433949042224, 0.0, 0.0006411038242709422, 0.0, 0.0, 0.0, 0.0, 0.0, 0.0, 0.0, 0.0, 0.018823918676046828, 0.0, 0.07313663301339027, 0.012140693708081586, 0.0, 0.015222512168302622, 0.0, 0.022221783035309795, 0.0440943383857317, 0.0047235066708172235]}