{"labels": [0, 1, 2, 3, 4, 5, 6, 7, 8, 9, 10, 11, 12, 13, 14, 15, 16, 17, 18, 19, 20, 21, 22, 23, 24, 25, 26, 27, 28, 29, 30, 31, 32, 33, 34, 35, 36, 37, 38, 39], "data": [0.0006103204632560544, 0.002222234275565904, 0.006754101544987593, 0.0, 0.027873628949019433, 0.031353716453772974, 0.02504523776136099, 0.0, 0.0, 0.0, 0.0008510040192918492, 0.03420291111642926, 0.0, 0.005301597599300821, 0.0, 0.0, 0.000865309600580907, 0.0, 0.0, 0.0022698066305860244, 0.0, 0.0, 0.0001318182242885005, 0.006475728575711759, 0.005786173728360841, 0.0, 0.0025258350230058634, 0.00017599463879204864, 0.09014834941819838, 0.004227214865792674, 0.0, 0.0, 0.0, 0.033206253544723945, 0.014094655929093237, 0.0, 6.205001657894444e-05, 0.024777494447470832, 0.0, 0.0]}