{"labels": [0, 1, 2, 3, 4, 5, 6, 7, 8, 9, 10, 11, 12, 13, 14, 15, 16, 17, 18, 19, 20, 21, 22, 23, 24, 25, 26, 27, 28, 29, 30, 31, 32, 33, 34, 35, 36, 37, 38, 39], "data": [0.0, 0.004245754029314424, 0.0008997880148450526, 0.000899066949859997, 0.0, 0.0, 0.04105156008233164, 0.023766528782026775, 0.06126641845842537, 0.0, 0.0, 0.0012454927319880886, 0.0, 0.0007459490962738425, 0.0, 0.0, 0.0, 0.0, 0.0, 0.03775551262037945, 0.0, 0.0, 0.0, 0.0, 0.039495027991711396, 0.0, 0.007008158842508733, 0.025768579114926304, 0.0, 0.0, 0.0, 0.0050772867575798655, 0.0, 0.0, 0.0, 0.0004907533476331116, 0.005505250975246736, 0.0, 0.0, 0.0]}