{"labels": [0, 1, 2, 3, 4, 5, 6, 7, 8, 9, 10, 11, 12, 13, 14, 15, 16, 17, 18, 19, 20, 21, 22, 23, 24, 25, 26, 27, 28, 29, 30, 31, 32, 33, 34, 35, 36, 37, 38, 39], "data": [0.0, 0.0, 0.0, 0.0, 0.0, 0.0, 0.0032040498398793428, 0.004502917675427193, 0.0, 0.0, 0.0033656045596450667, 0.0, 0.000316968810306849, 0.0, 0.0, 0.0, 0.0, 0.0, 0.0056712045968435555, 0.0, 0.0, 0.0018803978767361707, 0.0, 0.0, 0.0, 0.081095712150028, 0.0008074882876891246, 0.06774738592053518, 0.0, 0.0, 0.0, 0.0, 0.0, 0.005406820710394046, 0.014721767237926932, 0.0016807429008935813, 0.0, 0.0, 0.0, 0.0]}