{"labels": [0, 1, 2, 3, 4, 5, 6, 7, 8, 9, 10, 11, 12, 13, 14, 15, 16, 17, 18, 19, 20, 21, 22, 23, 24, 25, 26, 27, 28, 29, 30, 31, 32, 33, 34, 35, 36, 37, 38, 39], "data": [8.211131510461631e-05, 0.0, 0.0, 0.0, 0.0, 0.008569693247046978, 0.024171477869417448, 0.0, 0.0, 0.0, 0.11443195907030898, 0.0, 0.0, 0.0, 0.0, 0.0, 0.0006386726418720927, 0.0, 0.0, 0.0, 0.0, 0.0, 0.0, 0.001920817392282714, 0.0, 0.001335782579919636, 0.0, 0.0006945220773654975, 0.0, 0.0, 0.0, 0.0, 0.0, 0.0, 0.0, 0.0, 0.0, 0.0, 0.05607565943835768, 0.0]}