{"labels": [0, 1, 2, 3, 4, 5, 6, 7, 8, 9, 10, 11, 12, 13, 14, 15, 16, 17, 18, 19, 20, 21, 22, 23, 24, 25, 26, 27, 28, 29, 30, 31, 32, 33, 34, 35, 36, 37, 38, 39], "data": [0.0024565246423321235, 0.0, 0.0, 0.0, 0.0010555945237751205, 0.012981511141511833, 0.011523197536023272, 0.0, 0.0, 0.0007768160571104202, 0.006270850854827146, 0.0, 0.008348460694121613, 0.0, 0.0009641950450629329, 0.0689548141082975, 0.0, 0.016019993463717196, 0.0, 0.035550823377085705, 0.0, 0.0002600584027026355, 0.0005451592734518057, 0.0013130254335716692, 0.007087347822217261, 0.0, 0.0, 0.000268190829412871, 0.022881509215947362, 0.0, 0.06288779412287486, 0.0022180575853077995, 0.0, 0.0, 0.0, 0.018385813905967465, 0.011802100154260193, 0.0015775166575161864, 0.0, 0.0002698950290050436]}