{"labels": [0, 1, 2, 3, 4, 5, 6, 7, 8, 9, 10, 11, 12, 13, 14, 15, 16, 17, 18, 19, 20, 21, 22, 23, 24, 25, 26, 27, 28, 29, 30, 31, 32, 33, 34, 35, 36, 37, 38, 39], "data": [0.0, 0.0, 0.017107421415125862, 0.025172767312800753, 0.007261888770638665, 0.0013565586873440858, 0.0, 0.019865695745306815, 0.0011149700791171309, 0.0015095500764258113, 0.005094598418861078, 0.004845788073660436, 0.0, 0.010160068677574713, 0.0, 0.006764967837933515, 0.000826405112286912, 0.003935894688488141, 0.0, 0.03222886995515369, 0.003597077153994167, 0.034110273295827526, 0.0, 0.023834167287374662, 0.002945027376423761, 0.0, 0.0, 0.02604755845828541, 0.0, 0.0, 0.005954806776284033, 0.0, 0.0005491033685641404, 0.0, 0.0, 0.0, 0.0, 0.02336402191215836, 0.00602804639687148, 0.0008915383133018065]}