{"labels": [0, 1, 2, 3, 4, 5, 6, 7, 8, 9, 10, 11, 12, 13, 14, 15, 16, 17, 18, 19, 20, 21, 22, 23, 24, 25, 26, 27, 28, 29, 30, 31, 32, 33, 34, 35, 36, 37, 38, 39], "data": [0.0, 0.0, 0.0, 0.0, 0.0, 0.0, 0.019800133229968802, 0.0, 0.0, 0.006225180462926828, 0.0, 0.0, 0.01689022263287103, 0.0, 0.0, 0.0010904918997972361, 0.0, 0.0011193627266114282, 0.0009567634601982712, 0.0012004623673652398, 0.00757134496823993, 0.0021338438483841956, 0.0034574369129246646, 0.0, 0.039931559805096536, 0.0033064204496421673, 0.0, 0.0, 0.008666956904289223, 0.0, 0.006989259417666773, 0.0, 0.0009754846781364241, 0.0, 0.0, 0.072252112503763, 0.0036301672812451176, 0.0, 0.07797880749818402, 0.0]}