{"labels": [0, 1, 2, 3, 4, 5, 6, 7, 8, 9, 10, 11, 12, 13, 14, 15, 16, 17, 18, 19, 20, 21, 22, 23, 24, 25, 26, 27, 28, 29, 30, 31, 32, 33, 34, 35, 36, 37, 38, 39], "data": [0.001286677606274234, 0.0, 0.0, 0.0, 0.0, 0.0, 0.03033863526259119, 0.05433061913318172, 0.0, 0.0, 0.0, 0.0, 0.0, 0.0, 0.03428906617739742, 3.950444306960229e-05, 0.0, 0.0, 0.02521296358476407, 0.0, 0.0, 0.0, 0.0, 0.0, 0.0, 0.0, 0.0, 0.0, 0.0, 0.0, 0.07043461330726274, 0.0, 0.0, 0.0, 0.0, 0.0, 0.0, 0.034270500175013006, 0.0, 0.0]}