{"labels": [0, 1, 2, 3, 4, 5, 6, 7, 8, 9, 10, 11, 12, 13, 14, 15, 16, 17, 18, 19, 20, 21, 22, 23, 24, 25, 26, 27, 28, 29, 30, 31, 32, 33, 34, 35, 36, 37, 38, 39], "data": [0.0, 0.0, 0.0013221875257612265, 0.00984137845006683, 0.0, 0.00558735207747965, 0.0025586216879915436, 0.0, 0.0016609016839747416, 0.0, 0.0, 0.0028401475458663997, 0.0, 0.0, 0.0, 0.0, 0.0, 0.03665268091553887, 0.0, 0.03349273323280669, 0.0, 0.05373688992913095, 0.0, 0.09338231227062306, 0.003926208236450109, 0.0, 0.0010038261752276358, 0.0, 0.007866275095724923, 0.0, 0.0, 0.0, 0.0, 0.0, 0.0009382782060718401, 0.0014477218230355684, 0.0, 0.01802477543711209, 0.004083451628426488, 0.0]}