{"labels": [0, 1, 2, 3, 4, 5, 6, 7, 8, 9, 10, 11, 12, 13, 14, 15, 16, 17, 18, 19, 20, 21, 22, 23, 24, 25, 26, 27, 28, 29, 30, 31, 32, 33, 34, 35, 36, 37, 38, 39], "data": [0.01876861499759537, 0.005291452205557911, 0.0, 0.01450485650150261, 0.02862175083143708, 0.0, 0.0, 0.007643852234681318, 0.0, 0.017926567377486262, 0.016326558109104286, 0.0, 0.0, 0.0, 0.008218518597190545, 0.0, 0.0, 0.0077778855032090205, 0.0, 0.03372414814176879, 0.0, 0.019585362086912906, 0.002535856527517612, 0.0, 0.019187888938901693, 0.015871360658968405, 0.0, 0.002477343878405323, 0.0018873158341464545, 0.006578258575180179, 0.016850898095043768, 0.0, 0.0023484079665025115, 0.04073275465751699, 0.0, 0.033615906859178445, 0.00017023562287315315, 0.0, 0.0, 0.0]}