{"labels": [0, 1, 2, 3, 4, 5, 6, 7, 8, 9, 10, 11, 12, 13, 14, 15, 16, 17, 18, 19, 20, 21, 22, 23, 24, 25, 26, 27, 28, 29, 30, 31, 32, 33, 34, 35, 36, 37, 38, 39], "data": [0.010377380885239944, 0.011234717546128455, 0.0, 0.0, 0.006518317240014402, 0.0, 0.014891301296051087, 0.008638598418261796, 0.0009436848860297467, 0.0, 0.0, 0.0012237265661045364, 0.01555442205088299, 0.0, 0.0, 0.003523632931383765, 0.05579603813889695, 0.010003129520017653, 0.0, 0.0015482395721620303, 0.0, 0.000287251948833274, 0.0, 0.0, 0.0, 0.0647435815799563, 0.00155728309895483, 0.0, 0.0, 0.0, 0.0, 0.002869911759033669, 0.0027556094795295662, 0.0, 0.05420134202171982, 0.0, 0.0, 0.0, 0.0009640501041679047, 0.00025388263338808133]}