{"labels": [0, 1, 2, 3, 4, 5, 6, 7, 8, 9, 10, 11, 12, 13, 14, 15, 16, 17, 18, 19, 20, 21, 22, 23, 24, 25, 26, 27, 28, 29, 30, 31, 32, 33, 34, 35, 36, 37, 38, 39], "data": [5.017798016775643e-05, 0.0, 0.008249954752264636, 0.0, 0.0, 0.015525874741078444, 0.00019936330846704724, 0.0, 0.0, 0.009621028713586721, 0.0, 0.006418752283067915, 0.0, 0.004244344247860702, 0.0, 0.0, 0.0, 0.028294568698626493, 0.0, 0.0, 0.0, 0.0, 0.0, 0.0003735024335196509, 0.045248330445543244, 0.0, 0.002209347385926565, 0.017327497135230397, 0.0, 0.0029608473493719875, 0.0, 0.0021577966316335207, 0.06425797804233828, 0.03878578482400876, 0.009437614995628516, 0.0, 0.08901791874156495, 0.0, 0.030834384951063595, 0.0]}