{"labels": [0, 1, 2, 3, 4, 5, 6, 7, 8, 9, 10, 11, 12, 13, 14, 15, 16, 17, 18, 19, 20, 21, 22, 23, 24, 25, 26, 27, 28, 29, 30, 31, 32, 33, 34, 35, 36, 37, 38, 39], "data": [0.0, 0.0, 0.0, 0.0, 0.0009420069936972275, 0.0, 0.005659595064251556, 0.0, 0.0, 0.012785596659412047, 0.0, 0.0, 0.0, 0.0016216044188582944, 0.0, 0.00738170843768053, 0.0, 0.0, 0.0026587581958139265, 0.036719703059766864, 0.0, 0.0, 0.0017280062359414235, 0.01935242285584783, 0.009223239810830513, 0.0, 0.0, 0.0, 0.0, 0.015255038302222862, 0.04100398908364057, 0.0, 0.005991571988728736, 0.03646199404844032, 0.0, 0.05172543904164442, 0.0, 0.023987800451523194, 0.0, 0.0]}