{"labels": [0, 1, 2, 3, 4, 5, 6, 7, 8, 9, 10, 11, 12, 13, 14, 15, 16, 17, 18, 19, 20, 21, 22, 23, 24, 25, 26, 27, 28, 29, 30, 31, 32, 33, 34, 35, 36, 37, 38, 39], "data": [0.0, 0.0, 0.0, 0.0, 0.09642332055866852, 0.0, 0.0057765438465907275, 0.0, 0.0, 0.0, 0.0, 0.0, 0.0, 0.0, 0.0, 0.0, 0.00324214735537142, 0.0, 0.0, 0.0, 0.0, 0.0, 0.0, 0.0, 0.0, 0.0, 0.0, 0.006573639603906627, 0.0, 0.04445183120669488, 0.0, 0.0, 0.0, 0.03648627098163841, 0.016485007383121853, 0.0, 0.0, 0.024122976189950202, 0.0, 0.0]}