{"labels": [0, 1, 2, 3, 4, 5, 6, 7, 8, 9, 10, 11, 12, 13, 14, 15, 16, 17, 18, 19, 20, 21, 22, 23, 24, 25, 26, 27, 28, 29, 30, 31, 32, 33, 34, 35, 36, 37, 38, 39], "data": [0.0, 0.00460159658426728, 0.0, 0.0, 0.00038284164491649117, 0.000597667320401583, 0.005970323441096163, 0.0, 0.0, 0.0008097423192115396, 0.011134787786937888, 0.0, 0.0, 0.0, 0.004462526866568955, 0.0003493035471277387, 0.0, 0.0, 0.0020318929399224836, 0.0, 0.0, 0.0, 0.0, 0.0, 0.0021188073708472126, 0.0, 0.0003673335894298855, 0.006965951911531397, 0.022650990330516558, 0.0013335283761742606, 0.002508512108076321, 0.00015692631942209966, 0.0025762397769200415, 0.0008280275019875032, 0.0, 0.006344043237855434, 0.0007560503918901185, 0.021945352528731865, 0.0, 0.00015756192058935918]}