{"labels": [0, 1, 2, 3, 4, 5, 6, 7, 8, 9, 10, 11, 12, 13, 14, 15, 16, 17, 18, 19, 20, 21, 22, 23, 24, 25, 26, 27, 28, 29, 30, 31, 32, 33, 34, 35, 36, 37, 38, 39], "data": [0.0, 0.006983269890621866, 0.0, 0.0, 0.0, 0.0, 0.0796726145740108, 0.0005409987905122008, 0.006785152995465646, 0.0, 0.0, 0.0, 0.0, 0.0, 0.004107105272846552, 0.0, 0.0, 0.0, 0.0, 0.0005875584919678072, 0.002005098175738457, 0.0, 0.0, 0.0, 0.0, 0.0, 0.0, 0.0, 0.0, 0.0, 0.005999230018884266, 0.0, 0.0, 0.0, 0.0, 0.05969973441092361, 0.0, 0.011125367151461594, 0.0, 0.0]}