{"labels": [0, 1, 2, 3, 4, 5, 6, 7, 8, 9, 10, 11, 12, 13, 14, 15, 16, 17, 18, 19, 20, 21, 22, 23, 24, 25, 26, 27, 28, 29, 30, 31, 32, 33, 34, 35, 36, 37, 38, 39], "data": [0.0, 0.0, 0.01799837816492919, 0.0, 0.0, 0.029174736656057354, 0.0, 0.010063358122065297, 0.0, 0.006128017328354201, 0.001464140334087548, 0.0, 0.001439997865130602, 0.008492071798512765, 0.0, 0.0, 0.004279978743604661, 0.0, 0.0, 0.0, 0.0, 0.004243820376607246, 0.00012689251125747614, 0.04299946933688343, 0.020139753370561307, 0.0, 0.0, 0.004265087354544938, 0.1589845412497884, 0.009267250333258346, 0.0, 0.0, 0.0, 0.0226258083378362, 0.0, 0.0, 0.0, 0.0002612237414776958, 0.0, 0.0]}