{"labels": [0, 1, 2, 3, 4, 5, 6, 7, 8, 9, 10, 11, 12, 13, 14, 15, 16, 17, 18, 19, 20, 21, 22, 23, 24, 25, 26, 27, 28, 29, 30, 31, 32, 33, 34, 35, 36, 37, 38, 39], "data": [0.010923900578072233, 0.03168659292803337, 0.0022750825670444508, 0.0033307074023954165, 0.02304823991864103, 0.0, 0.007176999147506199, 0.007185756153307251, 0.0, 0.03058350140562526, 0.016432959782166537, 0.0, 0.0, 0.0030224088286963167, 0.0, 0.0, 0.0, 0.0, 0.0, 0.0005752296100524396, 0.0009185913834458451, 0.0, 0.0, 0.017796237783549686, 0.006502775851489578, 0.00155388639697714, 0.003122767500109883, 0.002435671441436817, 0.002689145537250967, 0.006681421114846956, 0.005613090832996527, 0.0, 0.0015976402081518798, 0.005404069496649189, 0.0015371799710266676, 0.04059340945281289, 0.0, 0.0059088090719806715, 0.0, 0.0010577416777213925]}