{"labels": [0, 1, 2, 3, 4, 5, 6, 7, 8, 9, 10, 11, 12, 13, 14, 15, 16, 17, 18, 19, 20, 21, 22, 23, 24, 25, 26, 27, 28, 29, 30, 31, 32, 33, 34, 35, 36, 37, 38, 39], "data": [0.00823688164496092, 0.0, 0.0, 0.02566618815966071, 0.0, 0.0, 0.003178830986146918, 0.0026256948455534394, 0.0030506922282841015, 0.009723263514305665, 0.0, 0.0, 0.005494874423060645, 0.005331067647344871, 0.0, 0.0016633632067309442, 0.0017775753334901047, 0.020003797418180706, 0.0, 0.0, 0.016469193479347093, 0.0006075080868124754, 0.0005559416860955625, 0.0047221108468810365, 0.001361413046049422, 0.0178725912583051, 0.0013842241835656326, 0.017749537733228567, 0.0, 0.0007328530198052804, 0.0, 0.011939455282704382, 0.0, 0.0, 0.01128874601472667, 0.0011839096182881122, 0.0017333710459854184, 0.0045041904329638695, 0.004593858758855597, 0.0007708836765959003]}