{"labels": [0, 1, 2, 3, 4, 5, 6, 7, 8, 9, 10, 11, 12, 13, 14, 15, 16, 17, 18, 19, 20, 21, 22, 23, 24, 25, 26, 27, 28, 29, 30, 31, 32, 33, 34, 35, 36, 37, 38, 39], "data": [0.11182510610486296, 0.0, 0.0, 0.017297481587353294, 0.008257999875134467, 0.020426978296607747, 0.0, 0.0, 0.004839410624345246, 0.0, 0.002941900308278198, 0.0, 0.0, 0.00977194634974527, 0.0, 0.023622540482646257, 0.0, 0.03483013021754135, 0.009631292553402367, 0.005226656494719589, 0.0, 0.0, 0.016181345834700028, 0.0014858001836233741, 0.0, 0.0, 0.0, 0.0, 0.027362004359251974, 0.006476158594197415, 0.0, 0.032132443764314664, 0.0, 0.007994081315481714, 0.0, 0.0, 0.0, 0.01299706184261779, 0.0, 0.0]}