{"labels": [0, 1, 2, 3, 4, 5, 6, 7, 8, 9, 10, 11, 12, 13, 14, 15, 16, 17, 18, 19, 20, 21, 22, 23, 24, 25, 26, 27, 28, 29, 30, 31, 32, 33, 34, 35, 36, 37, 38, 39], "data": [0.0037575912462055766, 0.0022153143839991857, 0.0014303737735465833, 0.0, 0.011561817359283622, 0.04634843602270009, 0.01301307323724026, 0.027985873411684774, 0.007550851732129869, 0.0, 0.00784197144914753, 0.0, 0.01489583840731697, 0.0, 0.03094766431899087, 0.0007131179915341042, 0.0, 0.0, 6.73330048567112e-05, 0.027395793893063188, 0.0, 0.03910993544582963, 0.0014830756766416875, 0.0, 0.0, 0.003978893282849936, 0.0, 0.0, 0.0, 0.02125985786023421, 0.022743226689510846, 0.0005891870575510152, 0.0021907601276620788, 0.005788411642008837, 0.0, 0.01012017744623539, 0.0, 0.002427461958728624, 0.0, 0.0]}