{"labels": [0, 1, 2, 3, 4, 5, 6, 7, 8, 9, 10, 11, 12, 13, 14, 15, 16, 17, 18, 19, 20, 21, 22, 23, 24, 25, 26, 27, 28, 29, 30, 31, 32, 33, 34, 35, 36, 37, 38, 39], "data": [0.0, 0.0, 0.0, 0.0, 0.0, 0.0, 0.0, 0.0, 0.0, 0.0, 0.0, 0.0, 0.00010222981431888656, 0.04703087660398226, 0.10431781451362303, 0.002699862478044054, 0.0034628903920648872, 0.0, 0.0, 0.0014298199505242098, 0.002745267572430827, 0.0, 0.0, 0.009946361428178513, 0.0, 0.0005147286022135802, 0.0, 0.0, 0.0, 0.0, 0.012537442488150856, 0.0, 0.0, 0.007442319329417314, 0.0016171147435439688, 0.0, 0.0, 0.0, 0.002553120666162502, 0.0]}