{"labels": [0, 1, 2, 3, 4, 5, 6, 7, 8, 9, 10, 11, 12, 13, 14, 15, 16, 17, 18, 19, 20, 21, 22, 23, 24, 25, 26, 27, 28, 29, 30, 31, 32, 33, 34, 35, 36, 37, 38, 39], "data": [0.0, 0.0, 0.0213212735504814, 0.0, 0.05512450940036262, 0.0, 0.02695991868496666, 0.0, 0.0, 0.0, 0.0, 0.0, 0.0, 0.0, 0.05112037785584101, 0.0, 0.0, 0.0, 0.00228601180654575, 0.02882823140773228, 0.0, 0.0, 0.0, 0.0, 0.0, 0.0, 0.0002664956417114696, 0.0, 0.0, 0.0, 0.031865996667143126, 0.0, 0.0006534257931314211, 0.0, 0.0, 0.08242357277996341, 0.0, 0.0013215972026071406, 0.003452011691182619, 0.004180113279037571]}