{"labels": [0, 1, 2, 3, 4, 5, 6, 7, 8, 9, 10, 11, 12, 13, 14, 15, 16, 17, 18, 19, 20, 21, 22, 23, 24, 25, 26, 27, 28, 29, 30, 31, 32, 33, 34, 35, 36, 37, 38, 39], "data": [0.002341195762541658, 0.0, 0.0, 0.0178776105172571, 0.025042694757889637, 0.0, 0.00043303049390078214, 0.0, 0.001403468988335082, 0.007680779765907355, 0.0, 0.0, 0.0, 0.0, 0.0, 0.0, 0.0, 0.0009439564516285636, 0.0, 0.0, 0.0, 0.0005840302546569615, 0.0, 0.08728286971717637, 0.0, 0.007834630723284577, 0.0, 0.0, 0.0, 0.0009884611778219557, 0.03799620585300167, 0.0, 0.0, 0.004375281027176247, 0.0006286748302326694, 0.0, 0.0, 0.0, 0.0, 0.0]}