{"labels": [0, 1, 2, 3, 4, 5, 6, 7, 8, 9, 10, 11, 12, 13, 14, 15, 16, 17, 18, 19, 20, 21, 22, 23, 24, 25, 26, 27, 28, 29, 30, 31, 32, 33, 34, 35, 36, 37, 38, 39], "data": [0.01526526108516876, 0.009084490015891053, 0.01482332742727783, 0.0011502439108552352, 0.01990150234879044, 0.0, 0.008986785106191863, 0.026889513641085924, 0.010291472518409662, 0.022267636783396605, 0.0, 0.0, 0.025038838190348148, 0.017785708449599275, 0.0, 0.0, 0.0011034610122399456, 0.026285411927350726, 5.244069339217806e-05, 0.0009199611042437278, 0.048396222724491234, 0.015127849115869455, 0.032117714399802565, 0.012378550160190058, 0.0, 0.005954309712775411, 0.0024961699136482494, 0.0025325533302297605, 0.0, 0.0, 0.0, 0.0, 0.0008503354651280544, 0.00047362764074475463, 0.012701394551307995, 0.0, 0.008787586328925468, 0.018033228389191858, 0.0, 0.0023811794495464363]}