{"labels": [0, 1, 2, 3, 4, 5, 6, 7, 8, 9, 10, 11, 12, 13, 14, 15, 16, 17, 18, 19, 20, 21, 22, 23, 24, 25, 26, 27, 28, 29, 30, 31, 32, 33, 34, 35, 36, 37, 38, 39], "data": [0.0, 0.0, 0.019017077366675336, 0.0, 0.19207094613349543, 0.0, 0.0, 0.0, 0.004511226856245582, 0.0, 0.0, 0.0, 0.0, 0.0, 0.0, 0.0, 0.0, 0.0, 0.0009775338204714504, 0.0, 0.0, 0.0, 0.0, 0.0, 0.04790132472650459, 0.0, 0.0, 0.047528829579257366, 0.02828244085943322, 0.005800622744762031, 0.0, 0.0, 0.0, 0.06589049680090872, 0.0, 0.0, 0.0, 0.02214310203024019, 0.0, 0.009787169216035932]}