{"labels": [0, 1, 2, 3, 4, 5, 6, 7, 8, 9, 10, 11, 12, 13, 14, 15, 16, 17, 18, 19, 20, 21, 22, 23, 24, 25, 26, 27, 28, 29, 30, 31, 32, 33, 34, 35, 36, 37, 38, 39], "data": [0.004969128711142174, 0.0, 0.0014212596750230637, 0.10295390845040298, 0.0, 0.0, 0.00024894961098347593, 0.0, 0.0, 0.005924224268480247, 0.0, 0.00024706583326628684, 0.0, 0.014787360956527704, 0.0, 0.0, 0.0023633161598165275, 0.0056488955678234525, 0.026652793410766124, 0.0008643559661531611, 0.0, 0.010360620648836895, 0.0, 0.006843954546795378, 0.0, 0.008404173179167624, 0.00012898776556641287, 0.012975903612774242, 0.0, 0.04123691037036775, 0.0, 0.060800088688268854, 0.0, 0.007185106952803349, 0.005065810714010661, 0.0, 0.022956298399767722, 0.0, 0.0023698397589074103, 0.0]}