{"labels": [0, 1, 2, 3, 4, 5, 6, 7, 8, 9, 10, 11, 12, 13, 14, 15, 16, 17, 18, 19, 20, 21, 22, 23, 24, 25, 26, 27, 28, 29, 30, 31, 32, 33, 34, 35, 36, 37, 38, 39], "data": [0.0006249980607759345, 0.0, 0.0008091265873701208, 0.0, 0.07872905955458294, 0.0, 0.004052119560176835, 0.0, 0.0, 0.0036525993746203836, 0.0, 0.0, 0.0, 0.0, 0.0007177645767014351, 0.0, 0.017918650243515664, 0.015010844153344274, 0.0, 0.0018262080121209242, 0.02931395253051525, 0.0, 0.0, 0.0, 0.0, 0.0, 0.0, 0.0031885473376147846, 0.0020210993358165306, 0.0, 0.0, 0.0, 0.06065194193178579, 0.004136782374988458, 0.0, 0.0, 0.0, 0.0, 0.002869695873916219, 0.0]}