{"labels": [0, 1, 2, 3, 4, 5, 6, 7, 8, 9, 10, 11, 12, 13, 14, 15, 16, 17, 18, 19, 20, 21, 22, 23, 24, 25, 26, 27, 28, 29, 30, 31, 32, 33, 34, 35, 36, 37, 38, 39], "data": [0.0, 0.04101429827407677, 0.0, 0.0, 0.0, 0.0, 0.3428121818168561, 0.0, 0.0, 0.0, 0.023243794421383218, 0.0, 0.0, 0.0, 0.0626236104173732, 0.002726863281831188, 0.0, 0.0, 0.0, 0.0, 0.0, 0.0, 0.0, 0.0, 0.0, 0.0, 0.0, 0.0, 0.0, 0.0, 0.0, 0.0, 0.0, 0.0, 0.0, 0.0, 0.0053753122133750695, 0.0, 0.0, 0.0]}