{"labels": [0, 1, 2, 3, 4, 5, 6, 7, 8, 9, 10, 11, 12, 13, 14, 15, 16, 17, 18, 19, 20, 21, 22, 23, 24, 25, 26, 27, 28, 29, 30, 31, 32, 33, 34, 35, 36, 37, 38, 39], "data": [0.0005053924755639904, 0.0, 0.0, 0.0, 0.0, 0.0, 0.0007654032804087729, 0.001552741544124063, 0.004772929738677916, 0.029699866614238127, 0.008826197447338138, 0.00287419777694667, 0.0, 0.0, 0.008875810956347133, 0.0, 0.0, 0.017935308869127878, 0.0, 0.00271153046516054, 0.005851403136405674, 0.03621356335011153, 0.0, 0.0, 0.0, 0.023825408879489023, 0.0, 0.019804038486839134, 0.0, 0.0, 0.0, 0.002684182619235105, 0.0, 0.03045137062580572, 0.00032863913342902264, 0.010682413408754515, 0.0, 0.0, 0.0, 0.0]}