{"labels": [0, 1, 2, 3, 4, 5, 6, 7, 8, 9, 10, 11, 12, 13, 14, 15, 16, 17, 18, 19, 20, 21, 22, 23, 24, 25, 26, 27, 28, 29, 30, 31, 32, 33, 34, 35, 36, 37, 38, 39], "data": [0.0004349693659358734, 0.0, 0.03209867702167803, 0.0, 0.0, 0.0, 0.02106807958878142, 0.0, 0.0, 0.0, 0.0, 0.0, 0.0, 0.0, 0.0, 0.0, 0.004141453582265726, 0.0032851189839776637, 0.0, 0.0006163909406199934, 0.011854244584477097, 0.0, 0.0, 0.0, 0.0, 0.0, 0.0, 0.01274975152201095, 0.04559068398205219, 0.0, 0.035647344373971164, 0.0005203579557478531, 0.08018457093409255, 0.005724853329545736, 0.0, 0.09390959460801493, 0.07207524735133368, 0.026996955476427893, 0.0, 0.0]}