{"labels": [0, 1, 2, 3, 4, 5, 6, 7, 8, 9, 10, 11, 12, 13, 14, 15, 16, 17, 18, 19, 20, 21, 22, 23, 24, 25, 26, 27, 28, 29, 30, 31, 32, 33, 34, 35, 36, 37, 38, 39], "data": [0.000486731169291924, 0.0, 0.0, 0.0, 0.03777904215064163, 0.01424270147412063, 0.0, 0.0, 0.0, 0.0, 0.0, 0.0, 0.026573528302783242, 0.0, 0.0, 0.0, 0.0, 0.0, 0.0, 0.0, 0.0, 0.04013695091541999, 0.05263903796601602, 0.0, 0.03370359708138819, 0.019055131217233876, 0.0003802677247577137, 0.0, 0.002954377620196396, 0.0, 0.0006138903699141568, 0.0, 0.0, 0.0, 0.023327419226552605, 0.0, 0.0, 0.03126083018593123, 0.0, 0.0]}