{"labels": [0, 1, 2, 3, 4, 5, 6, 7, 8, 9, 10, 11, 12, 13, 14, 15, 16, 17, 18, 19, 20, 21, 22, 23, 24, 25, 26, 27, 28, 29, 30, 31, 32, 33, 34, 35, 36, 37, 38, 39], "data": [0.0, 0.0, 0.0, 0.04229714665388374, 0.0, 0.0, 0.0, 0.0, 0.0, 0.0, 0.0017462904003251538, 0.0, 0.012209771525958469, 0.0, 0.0, 0.0, 0.0, 0.0, 0.0, 0.0, 0.0, 0.000332952928510744, 0.0, 0.0, 0.0003927608419622733, 0.000453180637525722, 0.0, 0.0, 0.0, 0.015578475666058243, 0.0, 0.08645246534818402, 0.0007866100925290086, 0.0020179424191850972, 0.020679346945299576, 0.028654410349610887, 0.0, 0.008828106730731004, 0.0, 0.05622227839105731]}