{"labels": [0, 1, 2, 3, 4, 5, 6, 7, 8, 9, 10, 11, 12, 13, 14, 15, 16, 17, 18, 19, 20, 21, 22, 23, 24, 25, 26, 27, 28, 29, 30, 31, 32, 33, 34, 35, 36, 37, 38, 39], "data": [0.00012779127972478957, 0.0, 0.005801462453861093, 0.0, 0.010747430648462505, 0.00015239580179482185, 0.029641953314670844, 0.0, 0.0033929911017685664, 0.0, 0.0, 0.0030414518480154393, 0.0, 0.0, 0.02902715857787141, 0.0016010488300371218, 0.0, 0.0, 0.0, 0.0, 0.0, 0.0021444922233921906, 0.000896430467403786, 0.00014689945892702272, 0.0014787197608323614, 0.0, 0.002904845410070987, 0.0, 0.0, 0.0, 0.0, 0.0030077120690328997, 0.0, 0.052852940899280505, 0.024380147075361958, 0.0, 0.0, 0.031132152614692564, 0.023570961733475674, 0.0017502989921109103]}