{"labels": [0, 1, 2, 3, 4, 5, 6, 7, 8, 9, 10, 11, 12, 13, 14, 15, 16, 17, 18, 19, 20, 21, 22, 23, 24, 25, 26, 27, 28, 29, 30, 31, 32, 33, 34, 35, 36, 37, 38, 39], "data": [0.0006300230984975277, 0.017790557757054754, 8.107155879365976e-05, 0.0316327304493327, 0.03391591048468836, 0.0, 0.00837158256411037, 0.0, 0.004740188912543402, 0.06940180359186138, 0.0, 0.0, 0.0, 0.0, 0.0, 0.0, 0.0242345304113891, 0.0, 0.0, 0.0, 0.03675465500202762, 0.0, 0.0006265992370186581, 0.0, 0.0, 0.0, 0.0012500163718718181, 0.01743087706116131, 0.0, 0.0042536391362482965, 0.0, 0.003866013267522798, 0.0012708215258396458, 0.00021826139201330493, 0.0, 0.0037739328838811066, 0.00872818260954269, 0.019228017278918135, 0.02508744562360233, 0.0]}