{"labels": [0, 1, 2, 3, 4, 5, 6, 7, 8, 9, 10, 11, 12, 13, 14, 15, 16, 17, 18, 19, 20, 21, 22, 23, 24, 25, 26, 27, 28, 29, 30, 31, 32, 33, 34, 35, 36, 37, 38, 39], "data": [0.0, 0.0, 0.01782265300095321, 0.0054226505620347705, 0.01905498696926991, 0.008072828867240847, 0.0, 0.0, 0.0021946811222462166, 0.0009271982958289851, 0.010398032891067091, 0.0015813766055132682, 0.0017396369682435712, 0.0, 0.0, 0.009720118988804989, 0.003670051282827002, 0.004316635866629398, 0.0008767415892463539, 0.06514183808182723, 0.0, 0.002497331385613507, 0.00024706356817659275, 0.0, 8.417898148179743e-05, 0.008851955018390511, 0.009265951293039316, 0.001342302858490141, 0.0, 0.0, 0.00019191468290694663, 0.001072494913204332, 0.0009191182578258438, 0.011324393727112988, 0.0, 0.0, 0.0, 0.014707486054304742, 0.011239672534732615, 0.0030832984445920085]}