{"labels": [0, 1, 2, 3, 4, 5, 6, 7, 8, 9, 10, 11, 12, 13, 14, 15, 16, 17, 18, 19, 20, 21, 22, 23, 24, 25, 26, 27, 28, 29, 30, 31, 32, 33, 34, 35, 36, 37, 38, 39], "data": [0.010440363617561222, 0.005378466004621768, 0.0, 0.0006053333921819747, 0.004606253952960541, 0.0, 0.024156287176821115, 0.0, 0.0, 0.0, 0.06369552060823665, 0.0, 0.0, 0.0024668682011730987, 0.0, 0.0, 0.0, 0.0, 0.0, 0.0, 0.0, 0.00022735571969213322, 0.0, 0.0, 0.0, 0.0, 0.0, 0.0015546940168095818, 0.0, 0.0, 0.0, 0.0, 0.0, 0.006030872987892634, 0.001483915552958115, 0.0, 0.0019908302154952044, 0.0, 0.0, 0.0001109111258177233]}