{"labels": [0, 1, 2, 3, 4, 5, 6, 7, 8, 9, 10, 11, 12, 13, 14, 15, 16, 17, 18, 19, 20, 21, 22, 23, 24, 25, 26, 27, 28, 29, 30, 31, 32, 33, 34, 35, 36, 37, 38, 39], "data": [0.012920449954584638, 0.0, 0.0, 0.09529470214402444, 0.0, 0.0, 0.004507016452919232, 0.0, 0.0, 0.0, 0.0007089321609881726, 0.0, 0.0, 0.012555401760950961, 0.0, 0.0, 0.0, 0.0, 0.0, 0.0, 0.0, 0.02436222195169076, 0.0, 0.0, 0.0, 0.0077292723796831666, 0.0, 0.009113962247208451, 0.0, 0.0007782661068371981, 0.0, 0.0, 0.0, 0.08295947342640991, 0.012201997784878654, 0.02278014048420075, 0.0, 0.0, 0.0, 0.0010276970962354675]}