{"labels": [0, 1, 2, 3, 4, 5, 6, 7, 8, 9, 10, 11, 12, 13, 14, 15, 16, 17, 18, 19, 20, 21, 22, 23, 24, 25, 26, 27, 28, 29, 30, 31, 32, 33, 34, 35, 36, 37, 38, 39], "data": [0.011154539591536476, 0.01162688986175904, 0.0025002541179261093, 0.009794841170930532, 0.04762633823849713, 0.0, 0.027780377906924992, 0.0, 0.0, 0.033976882698493804, 0.007150554702479608, 0.0, 0.0, 0.0, 0.0, 0.0, 0.0, 0.0066675297024842315, 0.0, 0.00017443902434365502, 0.0, 0.0, 0.0030312268108756433, 0.018285398423238296, 0.005017849953243782, 0.0, 1.5310985814266063e-06, 0.019910619665603084, 0.0, 0.003231457403625496, 0.011064853164052701, 0.0, 0.004963759830070695, 0.0, 0.0113625373355893, 0.0, 0.0, 0.0, 0.0, 0.002867072200086838]}