{"labels": [0, 1, 2, 3, 4, 5, 6, 7, 8, 9, 10, 11, 12, 13, 14, 15, 16, 17, 18, 19, 20, 21, 22, 23, 24, 25, 26, 27, 28, 29, 30, 31, 32, 33, 34, 35, 36, 37, 38, 39], "data": [0.0, 0.0, 0.02655437443103906, 0.0, 0.0021728712064462996, 0.0, 0.0, 0.0, 0.0, 0.001902940920774087, 0.03313890426720957, 0.0, 0.007955866685558869, 0.0, 0.0, 0.0026301905379464874, 0.0, 0.0, 4.742911145830095e-05, 0.0, 0.0, 0.0, 0.0, 0.0, 0.000472098194175679, 0.0, 0.0, 0.0, 0.00030390870448766295, 0.0, 0.0, 0.0, 0.0, 0.0, 0.0, 0.09400549118341937, 0.006334236318076741, 0.0, 0.0, 0.059073559549061]}