{"labels": [0, 1, 2, 3, 4, 5, 6, 7, 8, 9, 10, 11, 12, 13, 14, 15, 16, 17, 18, 19, 20, 21, 22, 23, 24, 25, 26, 27, 28, 29, 30, 31, 32, 33, 34, 35, 36, 37, 38, 39], "data": [0.0024082767409682126, 0.004036796602752384, 0.00024340895100781644, 0.06199216629782106, 0.0008711549117948536, 0.005064816384611051, 0.01472307971846993, 0.0008813502388003817, 0.0, 0.0020609179476986984, 0.008994256527545194, 0.0, 0.020151516227015196, 0.0, 0.006404359173196722, 0.021569571611278423, 0.0, 0.0, 0.0388919579238269, 0.021932602426374175, 0.06751299203132609, 0.0, 0.0, 0.01150510844116617, 0.0, 0.025619132611256156, 0.0, 0.019236126230756777, 0.021722132306027403, 0.004099925803879714, 0.0, 0.0, 0.001462727457799176, 0.02776041921825634, 0.041204573037488784, 0.0, 0.031708592714092765, 0.0, 0.04272260766366011, 0.013195846357449997]}