{"labels": [0, 1, 2, 3, 4, 5, 6, 7, 8, 9, 10, 11, 12, 13, 14, 15, 16, 17, 18, 19, 20, 21, 22, 23, 24, 25, 26, 27, 28, 29, 30, 31, 32, 33, 34, 35, 36, 37, 38, 39], "data": [0.0, 0.0, 0.004513691609612095, 0.008823697035070136, 0.0045781836232802065, 0.0, 0.0, 0.05151084294922256, 0.10396562167448964, 0.0, 0.0, 0.0, 0.002224509803084896, 0.033334295350514825, 0.0, 0.0, 0.0, 0.0, 0.001575344807754714, 0.0, 0.0, 0.0, 0.0028974655520037254, 0.005919916927247778, 0.0272411632949791, 0.0032785239742089793, 0.0, 0.0, 0.0, 0.0, 0.02566758716910878, 0.0, 0.0, 0.007185225158933188, 0.02725866916634088, 0.001285610941013112, 0.00919359447872908, 0.01070652782961456, 0.0, 0.0032873128768633637]}