{"labels": [0, 1, 2, 3, 4, 5, 6, 7, 8, 9, 10, 11, 12, 13, 14, 15, 16, 17, 18, 19, 20, 21, 22, 23, 24, 25, 26, 27, 28, 29, 30, 31, 32, 33, 34, 35, 36, 37, 38, 39], "data": [0.0, 0.0, 0.0, 0.0, 0.04841422933129407, 0.0, 0.03562453128529476, 0.0, 0.002252654841515756, 0.0, 0.0, 0.0, 0.0, 0.0, 0.0, 0.0, 0.001439532301075851, 0.0, 0.0, 0.0, 0.0, 0.0029040969605697658, 0.0, 0.0, 0.0, 0.0, 0.0, 0.0, 0.0, 0.0, 0.00928533041714718, 0.0, 0.0, 0.0, 0.006257271294280959, 0.06440814632816967, 0.0, 0.04134609773013289, 0.0, 0.0]}