{"labels": [0, 1, 2, 3, 4, 5, 6, 7, 8, 9, 10, 11, 12, 13, 14, 15, 16, 17, 18, 19, 20, 21, 22, 23, 24, 25, 26, 27, 28, 29, 30, 31, 32, 33, 34, 35, 36, 37, 38, 39], "data": [0.0, 0.0, 0.0005540268368532686, 0.0, 0.0, 0.0, 0.014543582318328526, 0.0, 0.0, 0.0004801380103803528, 0.004786621114723942, 0.0, 0.00470854241333969, 0.003799395164913787, 0.021512991609923617, 0.0, 0.0, 0.011376797278501565, 0.0, 0.0, 0.0046195924837339674, 0.005491475143146615, 0.0, 0.0, 0.0020823119110295295, 0.01788184068524618, 0.0002128589536153536, 0.0004378618334002537, 0.0, 0.0, 0.0397297994498176, 0.0033125495651336713, 0.0, 0.03408215373205213, 0.0, 0.03868221729973371, 0.0, 0.0, 0.0024186082584580983, 0.0]}