{"labels": [0, 1, 2, 3, 4, 5, 6, 7, 8, 9, 10, 11, 12, 13, 14, 15, 16, 17, 18, 19, 20, 21, 22, 23, 24, 25, 26, 27, 28, 29, 30, 31, 32, 33, 34, 35, 36, 37, 38, 39], "data": [0.0006832756692148837, 0.0005822084637617004, 0.00015437233254823082, 0.019437586563900048, 0.02665167540249303, 0.0, 0.0, 0.0, 0.0, 0.0, 0.004928280478838879, 0.0, 0.0, 0.0, 0.0, 0.0, 0.020755704891707936, 0.0, 0.0, 0.0045395582078994684, 0.0, 0.032100779607003214, 0.042750950459629115, 0.0, 0.0818814899948586, 0.0, 0.0, 0.0004425050825365988, 0.015002646508649133, 0.0, 0.009636235324249523, 0.0, 0.0, 0.00280367921561494, 0.025890522507416143, 0.0, 0.0, 0.0286020694805377, 0.0, 0.038406054512523866]}