{"labels": [0, 1, 2, 3, 4, 5, 6, 7, 8, 9, 10, 11, 12, 13, 14, 15, 16, 17, 18, 19, 20, 21, 22, 23, 24, 25, 26, 27, 28, 29, 30, 31, 32, 33, 34, 35, 36, 37, 38, 39], "data": [0.0, 0.0, 0.0007282793951067411, 0.010240756913483567, 0.0, 0.0, 0.001875374642494226, 0.004105567343680751, 0.0029481144325050937, 0.0, 0.028099685954230392, 0.0, 0.0, 0.0, 0.0, 0.0, 0.024765800584795647, 0.0004775033661151524, 0.0, 0.0, 0.007888099790496008, 0.0, 0.05809455682698542, 0.0, 0.0, 0.048737211439190894, 0.0011155538885273312, 0.02426408973927568, 0.0, 0.07384014558491564, 0.03347105274675208, 0.003814534455775974, 0.0, 0.0, 0.00680564643646486, 0.010033212233865487, 0.0, 0.01779670734077727, 0.0018555722072771948, 0.04542270818385702]}