{"labels": [0, 1, 2, 3, 4, 5, 6, 7, 8, 9, 10, 11, 12, 13, 14, 15, 16, 17, 18, 19, 20, 21, 22, 23, 24, 25, 26, 27, 28, 29, 30, 31, 32, 33, 34, 35, 36, 37, 38, 39], "data": [4.07039591866865e-06, 0.0, 0.0013158734063643813, 0.0, 0.001026295814229934, 0.0, 0.03882300412009005, 0.002920680470128597, 0.0, 0.011660912202803317, 0.000974703605916826, 0.0, 0.0, 0.0068607714068267016, 0.013883623366152908, 0.0, 0.0, 0.014218885678928967, 0.0014942827835103573, 0.0, 0.0005623034151656323, 0.005944614948353214, 0.0021525831700806744, 0.0, 0.004872264238491048, 0.0, 0.0014557685238958432, 0.002355013357216396, 0.003757999614250441, 0.0, 0.0, 0.0006008737555017815, 0.008133891830451902, 0.0, 0.00026727217147047544, 0.001602431487026523, 0.007606791140191165, 0.0, 0.010821570228953806, 0.0]}