{"labels": [0, 1, 2, 3, 4, 5, 6, 7, 8, 9, 10, 11, 12, 13, 14, 15, 16, 17, 18, 19, 20, 21, 22, 23, 24, 25, 26, 27, 28, 29, 30, 31, 32, 33, 34, 35, 36, 37, 38, 39], "data": [0.0, 0.0, 0.0, 0.0, 0.0, 0.0, 0.0, 0.0, 0.0, 0.0, 0.0, 0.0, 0.0, 0.0, 0.0, 0.0012242386586756573, 0.00032226976887075767, 0.0003699305227984567, 0.0, 0.00021757838871049268, 0.0, 0.050700926230525745, 0.05968412446489899, 0.0, 0.0, 0.0, 0.0, 0.0, 0.0, 0.0, 0.0001450202925070564, 0.0, 0.0, 0.052258443959996764, 0.0, 0.0, 0.0659031086477671, 0.0, 0.0, 0.0]}