{"labels": [0, 1, 2, 3, 4, 5, 6, 7, 8, 9, 10, 11, 12, 13, 14, 15, 16, 17, 18, 19, 20, 21, 22, 23, 24, 25, 26, 27, 28, 29, 30, 31, 32, 33, 34, 35, 36, 37, 38, 39], "data": [0.0, 0.0, 0.0028630375766073267, 0.0, 0.019255055126171386, 0.08615445077179096, 0.010973917888683304, 0.0, 0.0, 0.0, 0.004426317534715537, 0.0, 0.0, 0.01074600002767679, 0.0, 0.002177075515267638, 0.0, 0.0, 0.0, 0.0004078417577449458, 0.0010317230163945758, 0.00022870805651838995, 0.004801905767278898, 0.0, 0.03395812128259284, 0.0, 0.010205626701268934, 0.0024338203899526754, 0.026643370753877717, 0.02882951893248559, 0.0, 0.0040186395836720665, 0.000849741295786606, 0.0, 0.0, 0.0, 0.0, 0.05362269495602868, 0.0, 0.0]}