{"labels": [0, 1, 2, 3, 4, 5, 6, 7, 8, 9, 10, 11, 12, 13, 14, 15, 16, 17, 18, 19, 20, 21, 22, 23, 24, 25, 26, 27, 28, 29, 30, 31, 32, 33, 34, 35, 36, 37, 38, 39], "data": [0.0, 0.0, 0.03943602175736255, 0.017255536567351005, 0.0, 0.0, 0.007156708143052567, 0.0, 0.0010198158617836781, 0.010791016650303804, 0.0, 0.0, 0.0, 0.0015710855526103115, 0.0, 0.0, 5.5409261730551346e-05, 0.0, 0.0, 0.0, 0.007097032625700414, 0.0, 0.0005296274587442892, 0.0030966689353721442, 0.0, 0.0, 0.0010185887267615717, 0.0, 0.0, 0.0, 0.0, 0.0027180168265578397, 0.004395715288953919, 0.0, 0.009186753758634194, 0.0025483719010135288, 0.041005616113104854, 0.0, 0.0, 0.002112571405476392]}