{"labels": [0, 1, 2, 3, 4, 5, 6, 7, 8, 9, 10, 11, 12, 13, 14, 15, 16, 17, 18, 19, 20, 21, 22, 23, 24, 25, 26, 27, 28, 29, 30, 31, 32, 33, 34, 35, 36, 37, 38, 39], "data": [0.007658717491047468, 0.0, 0.0, 0.0, 0.0011515717728728518, 0.0, 0.0, 0.011484027101345579, 0.0, 0.017903300097416093, 0.0, 0.0002894049319330992, 0.010819019174217948, 0.0, 0.0, 0.00013670795801141192, 0.059560095276397156, 0.007285903473595373, 0.00013952269578322308, 0.0, 0.0, 0.0005122317553806245, 0.03454340537858654, 0.04783717085213304, 0.0, 0.0011315984674130097, 0.03371908079591755, 0.007603965755200769, 0.003788575158514124, 0.0, 0.01391803419645592, 0.0, 0.0, 0.0, 0.0, 0.0, 0.0, 0.02486572537382347, 0.0, 0.0]}