{"labels": [0, 1, 2, 3, 4, 5, 6, 7, 8, 9, 10, 11, 12, 13, 14, 15, 16, 17, 18, 19, 20, 21, 22, 23, 24, 25, 26, 27, 28, 29, 30, 31, 32, 33, 34, 35, 36, 37, 38, 39], "data": [0.007675477217829508, 0.027610873185266886, 0.0022880419818584693, 0.002324603950321059, 0.0, 0.028544534435335354, 0.018609059862442722, 0.010111746943193764, 0.0, 0.02808962821325546, 0.008392324539062196, 0.0, 0.061631661173581896, 0.0, 0.00405273494562645, 0.03365753366821008, 0.0, 0.003089847470019426, 0.005553999291261197, 0.007227501589404765, 0.0013662010584026569, 0.0, 0.0, 0.0, 0.0, 0.00044799789977273554, 0.015481929455360005, 0.004794403771708807, 0.0, 0.0012919551690568378, 0.0, 0.00016326088222642094, 0.033369472802170175, 0.005370750528479141, 0.02260107463867277, 0.0, 0.15371466989919097, 0.00413854929120523, 0.027484978485660554, 0.005544131600632316]}