{"labels": [0, 1, 2, 3, 4, 5, 6, 7, 8, 9, 10, 11, 12, 13, 14, 15, 16, 17, 18, 19, 20, 21, 22, 23, 24, 25, 26, 27, 28, 29, 30, 31, 32, 33, 34, 35, 36, 37, 38, 39], "data": [0.0014591297055854622, 0.0, 0.0031583854824242083, 0.0, 0.0, 0.0, 0.0, 0.0, 0.0, 0.0, 0.013608370774933388, 0.0, 0.0, 0.0004847122419808499, 0.0, 0.0, 0.0, 0.0, 0.0, 0.0, 0.0, 0.003522153726986125, 0.0005092452763737893, 0.0, 0.0018580681890409858, 0.0, 0.0019504125339592656, 0.0, 0.0, 0.0, 0.0, 0.0027636650204866664, 0.004102939355817545, 0.09756062247852106, 0.00032912390929838454, 0.008196673705716572, 0.0035476360875355702, 0.02402622987750782, 0.0, 0.0]}