{"labels": [0, 1, 2, 3, 4, 5, 6, 7, 8, 9, 10, 11, 12, 13, 14, 15, 16, 17, 18, 19, 20, 21, 22, 23, 24, 25, 26, 27, 28, 29, 30, 31, 32, 33, 34, 35, 36, 37, 38, 39], "data": [0.005307497733675302, 0.0, 0.0010260597031765569, 0.029874817157756823, 0.012703239728638162, 0.0, 0.0, 0.0, 0.010239669563962097, 0.01338636086382908, 0.007346271918237195, 0.0033882239381026434, 0.0, 0.0, 0.0, 0.002167848394467299, 0.0, 0.014189302763089039, 0.0, 0.0, 0.0, 0.0027513050344898245, 0.0013940160609540164, 0.010348594018527515, 0.0006691804385940482, 0.0, 0.03484447291258992, 0.0, 0.0, 0.0, 0.0, 0.04037116928641256, 0.0022732926758124443, 0.0025770605047505915, 0.0, 0.001947348309080768, 0.0, 0.06215768832953191, 0.0, 0.0]}