{"labels": [0, 1, 2, 3, 4, 5, 6, 7, 8, 9, 10, 11, 12, 13, 14, 15, 16, 17, 18, 19, 20, 21, 22, 23, 24, 25, 26, 27, 28, 29, 30, 31, 32, 33, 34, 35, 36, 37, 38, 39], "data": [0.014008984168108873, 0.0011239329278825655, 0.00275271985373414, 0.00013760474686043986, 0.048943339922738215, 0.0, 0.002684373653917508, 0.0, 0.0, 0.0074247852923125975, 0.0, 0.0, 0.035609438786235854, 0.0061790705753284264, 0.0005903478705987178, 0.0, 0.0, 0.010044761116653426, 0.0, 0.027557896382654518, 0.01896434027626614, 0.0, 0.00347604086163778, 0.011178714446077351, 0.002719931358249703, 0.0, 0.0, 0.0021524504539442366, 0.0, 0.0, 0.0, 0.0, 0.0009580176799447566, 0.007825169933735245, 0.019592983683509844, 0.0, 0.0, 0.0, 0.0, 0.0]}