{"labels": [0, 1, 2, 3, 4, 5, 6, 7, 8, 9, 10, 11, 12, 13, 14, 15, 16, 17, 18, 19, 20, 21, 22, 23, 24, 25, 26, 27, 28, 29, 30, 31, 32, 33, 34, 35, 36, 37, 38, 39], "data": [0.0, 0.0, 0.0004052807222805109, 0.0, 0.04992037465544333, 0.0, 0.0, 0.0, 0.0, 0.0, 0.0, 0.0, 0.0, 0.02792644671241574, 0.012813301495465534, 0.0, 0.0, 0.050411236207556616, 0.0, 0.03681845874479137, 0.013162673288477245, 0.0, 0.0, 0.04865777076678077, 0.0, 0.0, 0.0, 0.0, 0.0, 0.0, 0.0, 0.0, 0.004151209514132307, 0.0, 0.0046787337287291855, 0.0335842460010464, 0.0171592639688489, 0.0, 0.0, 0.0]}