{"labels": [0, 1, 2, 3, 4, 5, 6, 7, 8, 9, 10, 11, 12, 13, 14, 15, 16, 17, 18, 19, 20, 21, 22, 23, 24, 25, 26, 27, 28, 29, 30, 31, 32, 33, 34, 35, 36, 37, 38, 39], "data": [0.0, 0.0, 0.011628259633043024, 0.0, 0.008931951374197484, 0.0, 0.0, 0.0, 0.023194224296364523, 0.006030492214958938, 0.0, 0.002299977035885637, 0.0, 0.005208991842654121, 0.0, 0.0, 0.0034153235320176878, 0.009445931473439282, 0.0, 0.0, 0.0, 0.028359434991821267, 0.0, 0.0, 0.0, 0.0, 0.0, 0.0, 0.003333006021717504, 0.008248205931351877, 0.0, 0.01527693834928282, 0.0, 0.0, 0.007684243479704139, 0.0066091855843794095, 0.00801391587439501, 0.05443581285805327, 0.0, 0.014450098537836683]}