{"labels": [0, 1, 2, 3, 4, 5, 6, 7, 8, 9, 10, 11, 12, 13, 14, 15, 16, 17, 18, 19, 20, 21, 22, 23, 24, 25, 26, 27, 28, 29, 30, 31, 32, 33, 34, 35, 36, 37, 38, 39], "data": [0.0, 0.0, 0.0, 0.0, 0.0, 0.04525980337394317, 0.0, 0.0, 0.016545310096498424, 0.0, 0.0, 0.0643248352725283, 0.0, 0.12420119123395307, 0.0, 0.044660817495997145, 0.0, 0.033535235248631695, 0.001603877187595238, 0.0, 0.0, 0.28145982660296553, 0.010785160613463103, 0.0, 0.0, 0.0, 0.0, 0.0, 0.0, 0.0, 0.0, 0.0023297854115893347, 0.0, 0.0, 0.0, 0.0643606436117808, 0.0, 0.0, 0.014945386565471435, 0.0]}