{"labels": [0, 1, 2, 3, 4, 5, 6, 7, 8, 9, 10, 11, 12, 13, 14, 15, 16, 17, 18, 19, 20, 21, 22, 23, 24, 25, 26, 27, 28, 29, 30, 31, 32, 33, 34, 35, 36, 37, 38, 39], "data": [0.0019815924328816406, 0.0, 0.0, 0.0, 0.0, 0.07876784460906053, 0.005821106619279539, 0.05141795807878643, 0.0, 0.017745478436963127, 0.0, 0.0, 0.010623159484706731, 0.009487765738336044, 0.012589986741482824, 0.0, 0.0003621530413482403, 0.04598653115510735, 0.0, 0.0, 0.0005478323236105125, 0.02652721743489206, 0.0029917571228380694, 0.004012843777604223, 0.0, 0.0, 0.0, 0.0, 0.0, 0.0, 0.0, 0.0012538411446159777, 0.0032312368226822047, 0.0, 0.0, 0.022010451274871196, 0.02776178116232179, 0.00427387213729617, 0.024035321653203247, 0.0]}