{"labels": [0, 1, 2, 3, 4, 5, 6, 7, 8, 9, 10, 11, 12, 13, 14, 15, 16, 17, 18, 19, 20, 21, 22, 23, 24, 25, 26, 27, 28, 29, 30, 31, 32, 33, 34, 35, 36, 37, 38, 39], "data": [0.0, 0.0, 0.0022178893943232136, 0.0, 0.005431614688516563, 0.0, 0.0008336688384844436, 0.0, 0.0, 0.0, 0.010246967814790271, 0.0, 0.0, 0.0, 0.0, 0.0009520934793395027, 0.0, 0.0, 0.0, 0.0025020975175619824, 0.0, 0.0, 0.0, 0.0, 0.00012567268316391982, 0.0, 0.0, 0.004997819849272032, 0.0, 0.0045263492165571444, 0.0, 0.0, 0.0, 0.0, 0.0, 0.0, 0.0, 0.0, 0.0, 0.0]}