{"labels": [0, 1, 2, 3, 4, 5, 6, 7, 8, 9, 10, 11, 12, 13, 14, 15, 16, 17, 18, 19, 20, 21, 22, 23, 24, 25, 26, 27, 28, 29, 30, 31, 32, 33, 34, 35, 36, 37, 38, 39], "data": [0.0032781856919596834, 0.007557098200775672, 0.01617868244175705, 0.0, 0.0016416816745929183, 0.0, 0.0, 0.0044717688971362655, 0.05063822866058962, 0.0, 0.010892982131536928, 0.0, 0.0, 0.0, 0.017052119380222282, 0.00016359067739705191, 0.10445940037216267, 0.0, 0.012770463448690874, 0.0003025908589635859, 0.0, 0.0, 0.0, 0.0, 0.0, 0.00013118549407514072, 0.0, 0.002422111686017419, 0.001406494923762295, 0.0, 0.005445554611122391, 0.0, 0.0, 0.014582128589419948, 0.0, 0.013192798205760957, 0.0, 0.015979893372388, 0.004797629106330814, 0.0]}