{"labels": [0, 1, 2, 3, 4, 5, 6, 7, 8, 9, 10, 11, 12, 13, 14, 15, 16, 17, 18, 19, 20, 21, 22, 23, 24, 25, 26, 27, 28, 29, 30, 31, 32, 33, 34, 35, 36, 37, 38, 39], "data": [0.015680367888147275, 0.0, 0.0, 0.0, 0.005184057825092909, 0.0, 0.0053072896047835156, 0.01929854208687981, 0.004410130305951048, 0.009898388803846827, 0.0, 0.002895023924163071, 0.012080010856712923, 0.0, 0.0, 0.0, 0.0, 0.0017414373231513913, 0.03134667615757749, 0.0, 0.004569921194270046, 0.053422976374182966, 0.0, 0.0, 0.0, 0.030354106287179675, 0.0, 0.0, 0.0, 0.0, 0.0, 0.00544039024830091, 0.003584701140424196, 0.0, 0.013822641302018242, 0.0, 0.0023370991508510023, 0.0, 0.0, 0.004160702646001076]}