{"labels": [0, 1, 2, 3, 4, 5, 6, 7, 8, 9, 10, 11, 12, 13, 14, 15, 16, 17, 18, 19, 20, 21, 22, 23, 24, 25, 26, 27, 28, 29, 30, 31, 32, 33, 34, 35, 36, 37, 38, 39], "data": [0.0, 0.003714939824390578, 0.036172608024716654, 0.0, 0.007810018489648895, 0.0, 0.0077869820525066505, 0.029803933114059884, 0.01993422967567108, 0.004868630179701437, 0.01668295206894203, 0.004462199373368475, 0.0, 0.0033054139388244003, 0.0024979250708288456, 7.23202559594239e-05, 0.0, 0.0034275222593273874, 0.01793586582307553, 0.0, 0.0, 0.02247475007747952, 0.0, 0.0, 0.0, 0.0, 0.0017875304664316503, 0.0, 0.0, 0.0, 0.00026096153514388633, 0.0, 0.0008007175022211283, 0.026627987178761525, 0.0014715460265606645, 0.03494756129371005, 0.007454805746285775, 0.03923076636280514, 0.010387741250250765, 0.00450515667342022]}