{"labels": [0, 1, 2, 3, 4, 5, 6, 7, 8, 9, 10, 11, 12, 13, 14, 15, 16, 17, 18, 19, 20, 21, 22, 23, 24, 25, 26, 27, 28, 29, 30, 31, 32, 33, 34, 35, 36, 37, 38, 39], "data": [0.004612944833650448, 0.003278161402424497, 0.0, 0.0, 0.007942862944336188, 0.0060843814205276715, 0.01869181998486101, 0.0033015792455107487, 0.0, 0.0, 0.0, 0.0009832220767552443, 0.0, 0.02014160566459422, 0.0169379272687028, 0.0, 0.0, 0.0, 0.03024183709854655, 0.0, 0.0, 0.005636792251389911, 0.001980975576750096, 0.0, 0.0, 0.015246896365535029, 0.0, 0.0, 0.0, 0.0, 0.0, 0.0, 0.0311428925780851, 0.0005270767279740208, 0.024914343214404965, 0.0, 0.0, 0.010692306821972765, 0.0, 0.0032513661025051805]}