{"labels": [0, 1, 2, 3, 4, 5, 6, 7, 8, 9, 10, 11, 12, 13, 14, 15, 16, 17, 18, 19, 20, 21, 22, 23, 24, 25, 26, 27, 28, 29, 30, 31, 32, 33, 34, 35, 36, 37, 38, 39], "data": [0.0, 0.0, 0.0, 0.01700566850430102, 0.0067362183174481645, 0.0, 0.0032977246613106665, 0.0, 0.0, 0.01551016311929271, 0.0, 0.0, 0.0, 0.0, 0.014097899395589388, 0.0, 0.0, 0.0022956008177326234, 0.04227223547261334, 0.00037744687427446834, 0.036813603130687766, 0.0, 0.0007775170567783843, 0.05624171930792722, 0.02193994638170728, 0.010010632061550838, 0.0, 0.0, 0.050878150214625356, 0.0, 0.0, 0.07362981811164801, 0.0, 0.03135805520240105, 0.0035629780736508476, 0.0, 0.0, 0.0, 0.002183067615106695, 0.0]}