{"labels": [0, 1, 2, 3, 4, 5, 6, 7, 8, 9, 10, 11, 12, 13, 14, 15, 16, 17, 18, 19, 20, 21, 22, 23, 24, 25, 26, 27, 28, 29, 30, 31, 32, 33, 34, 35, 36, 37, 38, 39], "data": [0.006883638959810859, 0.0, 0.004519011959207172, 0.05274976959431605, 0.0, 0.0, 0.0008012947463662328, 0.0, 0.0, 0.0, 0.007322489777053604, 0.0, 0.0, 0.00025714243595247705, 0.00840263023502233, 0.0, 0.0, 0.0426789690079226, 0.00945754423801243, 0.0, 0.0, 0.011542814382513034, 0.0014889071416391766, 0.018390178080194795, 0.0029117771284062487, 0.014001671324753549, 0.0013666096737338825, 0.0003410747094639024, 0.0, 0.0, 0.005417915749663208, 0.0047712767757808455, 0.0, 0.030662901644154014, 0.004353848470938561, 0.006955152738097835, 0.00019071134511550135, 0.005983352666872142, 0.0, 0.0]}