{"labels": [0, 1, 2, 3, 4, 5, 6, 7, 8, 9, 10, 11, 12, 13, 14, 15, 16, 17, 18, 19, 20, 21, 22, 23, 24, 25, 26, 27, 28, 29, 30, 31, 32, 33, 34, 35, 36, 37, 38, 39], "data": [0.0, 0.00447314556467917, 0.02962138984832985, 0.014712049588898475, 0.003757763727901459, 0.0, 0.006081121504414909, 0.0, 0.03878528520664191, 0.0, 0.0, 1.1425332651878475e-05, 0.0, 0.0, 0.005042308051732554, 0.0, 0.0, 0.0002662601450187826, 0.004385149855250422, 0.0, 0.0, 0.0, 0.0, 0.0, 0.0, 0.0, 0.06097779470413087, 0.0, 0.004367464368988062, 0.0, 0.0024783289157490128, 0.0, 0.0, 0.0, 0.0, 0.044772914855618275, 0.0018904336818719968, 0.006517558610732853, 0.0, 0.005183905471407425]}