{"labels": [0, 1, 2, 3, 4, 5, 6, 7, 8, 9, 10, 11, 12, 13, 14, 15, 16, 17, 18, 19, 20, 21, 22, 23, 24, 25, 26, 27, 28, 29, 30, 31, 32, 33, 34, 35, 36, 37, 38, 39], "data": [0.0020504874905019053, 0.013182682212400106, 0.004678655064892532, 0.0, 0.004809235467605175, 0.0, 0.002078296845514081, 0.0, 0.006028983620887778, 0.0, 0.008196562583776018, 0.002519814665007375, 0.0023794717789400437, 0.0, 0.00745647994155682, 0.0, 0.0, 0.0, 0.0, 0.0, 0.0, 0.001708624962970088, 7.111477307437654e-05, 0.0, 0.0010764336111138896, 0.0, 0.0, 0.0, 0.0, 0.02847142134529255, 0.0, 0.0004182470519495118, 0.0024259190159794802, 0.0030816030579759956, 0.0, 0.003628255172167265, 0.0, 0.04904680359437942, 4.45923217359516e-05, 0.0007248728954915738]}