{"labels": [0, 1, 2, 3, 4, 5, 6, 7, 8, 9, 10, 11, 12, 13, 14, 15, 16, 17, 18, 19, 20, 21, 22, 23, 24, 25, 26, 27, 28, 29, 30, 31, 32, 33, 34, 35, 36, 37, 38, 39], "data": [0.008143534919713048, 0.004878279820234926, 0.0, 0.01020245447991026, 0.037441308382948034, 0.0, 0.03560418990638859, 0.011104942192865053, 0.0, 0.0, 0.0, 0.0, 0.0, 0.0175877121476707, 0.006555049992707671, 0.0, 0.0, 0.0055953853639896705, 0.0, 0.0, 0.0248211244570058, 0.0, 0.04961313963133762, 0.0, 0.0, 0.023836060360790258, 0.0, 0.0, 0.0, 0.0, 0.0, 0.0, 0.0, 0.0, 0.029667648549394906, 0.07842428535962273, 0.0, 0.0, 0.023112046023869588, 0.04890069833610349]}