{"labels": [0, 1, 2, 3, 4, 5, 6, 7, 8, 9, 10, 11, 12, 13, 14, 15, 16, 17, 18, 19, 20, 21, 22, 23, 24, 25, 26, 27, 28, 29, 30, 31, 32, 33, 34, 35, 36, 37, 38, 39], "data": [0.0, 0.0, 0.013048593131661275, 0.024372520994711534, 7.179806572156861e-05, 0.0, 0.0, 0.011025360844233415, 0.0, 0.0, 0.02712092875177203, 0.0, 0.041622618225142426, 0.0, 0.0, 0.0, 0.0, 0.0, 0.017219875204157107, 0.0, 0.005097634831138998, 0.0020014750750920705, 0.0, 3.252036242018083e-07, 0.0018221432461467408, 0.0, 0.06476484635238276, 0.00029430353594884844, 0.004625305762195104, 0.0, 0.0, 0.0, 0.0, 0.012213153420423156, 0.009049742176482078, 0.0, 0.02284472007855658, 0.00934623700578066, 0.03168667497240873, 0.0]}