{"labels": [0, 1, 2, 3, 4, 5, 6, 7, 8, 9, 10, 11, 12, 13, 14, 15, 16, 17, 18, 19, 20, 21, 22, 23, 24, 25, 26, 27, 28, 29, 30, 31, 32, 33, 34, 35, 36, 37, 38, 39], "data": [0.0, 0.0, 0.0, 0.0, 0.027037324877305476, 0.0, 0.035082644703406995, 0.0, 0.0, 0.0, 0.0, 0.0, 0.023906874277334747, 0.00524962507923403, 0.0, 0.0, 0.002302854945803395, 0.0, 0.0, 0.03491342631443054, 0.0, 0.0, 0.0, 0.07730653683789392, 0.04733670424687401, 0.006274137782788992, 0.0, 0.024296651705472523, 0.0, 0.0, 0.0010427625604242394, 0.00117505655889673, 0.0, 0.0, 0.005045687689592479, 0.0, 0.0, 0.0, 0.0, 0.04933735517962821]}