{"labels": [0, 1, 2, 3, 4, 5, 6, 7, 8, 9, 10, 11, 12, 13, 14, 15, 16, 17, 18, 19, 20, 21, 22, 23, 24, 25, 26, 27, 28, 29, 30, 31, 32, 33, 34, 35, 36, 37, 38, 39], "data": [0.0, 0.0, 0.0, 0.0, 0.0, 0.011966189987988759, 0.0308718939042327, 0.0, 0.0, 0.004493628343789367, 0.0, 0.0, 0.0, 0.0, 0.08506449009799041, 0.0, 0.0, 0.008972847647083249, 0.0, 0.0, 0.0, 0.0, 0.0, 0.0, 0.0, 0.0, 0.0, 0.0, 0.0, 0.013304150057097983, 0.009168381375543955, 0.0, 0.0, 0.0, 0.0, 0.1020297261333813, 0.03512490338755428, 0.0, 0.00032203702564001816, 0.0]}