{"labels": [0, 1, 2, 3, 4, 5, 6, 7, 8, 9, 10, 11, 12, 13, 14, 15, 16, 17, 18, 19, 20, 21, 22, 23, 24, 25, 26, 27, 28, 29, 30, 31, 32, 33, 34, 35, 36, 37, 38, 39], "data": [0.011834031806170115, 0.0020890895046704982, 0.0011429001765834025, 0.0015609049990190312, 0.017875649876613154, 0.0, 0.015493240348298744, 0.0, 0.0, 0.0, 0.0, 0.0007810075243306147, 0.01641073963577121, 0.0010062577827932584, 0.0, 0.0, 0.0, 0.0, 0.0, 0.0, 0.0, 0.0, 0.0003623322760385784, 0.0, 0.0, 0.012336358107039721, 0.0020914555670378853, 0.024212905400774455, 0.007056812656964165, 0.0, 0.018120216588443226, 0.0027825671735090094, 0.0, 0.11199626532764416, 0.004090448825257145, 0.03266373912078516, 0.0, 0.03234431584044763, 0.004534297222333614, 0.0024234174336393013]}