{"labels": [0, 1, 2, 3, 4, 5, 6, 7, 8, 9, 10, 11, 12, 13, 14, 15, 16, 17, 18, 19, 20, 21, 22, 23, 24, 25, 26, 27, 28, 29, 30, 31, 32, 33, 34, 35, 36, 37, 38, 39], "data": [0.006123743048607454, 0.00106143587044097, 0.0018648172733380822, 0.0, 0.054510919110331, 0.0, 0.01435756438760166, 0.018698404837647713, 0.0, 0.00488334119461956, 0.009230897273318637, 0.0, 0.016949474446053436, 0.0, 0.0, 0.0, 0.0016719087255487016, 0.0, 0.042306295473336225, 0.0, 0.0, 0.024815125127773167, 0.0, 0.001881826424334881, 0.0004136952770943115, 0.0, 0.04308672683617986, 0.004789139612668157, 0.0, 0.0, 0.0, 0.0, 0.0, 0.0, 0.0, 0.0, 0.00906013957390401, 0.0, 0.0, 0.07879473399414852]}