{"labels": [0, 1, 2, 3, 4, 5, 6, 7, 8, 9, 10, 11, 12, 13, 14, 15, 16, 17, 18, 19, 20, 21, 22, 23, 24, 25, 26, 27, 28, 29, 30, 31, 32, 33, 34, 35, 36, 37, 38, 39], "data": [0.0, 0.0, 0.0011791865912763508, 0.0, 0.0, 0.0, 0.0, 0.018678512307532057, 0.0, 0.2395858364113173, 0.0, 0.0, 0.0, 0.0, 0.0, 0.0, 0.0, 0.002573972299733887, 0.0031221932534755527, 0.0, 0.0, 0.02168723045560432, 0.020488416944596778, 0.039935131278238716, 0.0, 0.0, 0.0, 0.0, 0.012555889068808062, 0.04102838013794007, 0.0, 0.008657955210581289, 0.0, 0.0, 0.0, 0.0, 0.020359269172032433, 0.0, 0.0, 0.0038903150644594695]}