{"labels": [0, 1, 2, 3, 4, 5, 6, 7, 8, 9, 10, 11, 12, 13, 14, 15, 16, 17, 18, 19, 20, 21, 22, 23, 24, 25, 26, 27, 28, 29, 30, 31, 32, 33, 34, 35, 36, 37, 38, 39], "data": [0.0, 0.01862593652613207, 0.0018226589774133762, 0.0, 0.0, 0.0, 0.0, 0.005742457779906806, 0.0026789185651076176, 0.012126381891392972, 0.0037452536759126553, 0.004832566325031994, 0.0, 0.0019909380197437863, 0.0, 0.0, 0.029400020265864798, 0.010646137465347167, 0.0, 0.006840948903970192, 0.0, 0.0, 0.0, 0.0, 0.0, 0.004474899843339681, 0.004271513562743326, 0.0003132564025808784, 0.004865284583460797, 0.0, 0.0, 0.0, 0.0, 0.05554920702626636, 0.0, 0.024435200475780794, 0.0, 0.0012970069800010322, 0.0, 0.0016570234503229852]}