{"labels": [0, 1, 2, 3, 4, 5, 6, 7, 8, 9, 10, 11, 12, 13, 14, 15, 16, 17, 18, 19, 20, 21, 22, 23, 24, 25, 26, 27, 28, 29, 30, 31, 32, 33, 34, 35, 36, 37, 38, 39], "data": [0.015220106466442248, 0.13927865334276363, 0.14299112283564086, 0.0, 0.0, 0.0, 0.0, 0.0, 0.0, 0.0, 0.0, 0.0, 0.0, 0.0, 0.1383374864191552, 0.0, 0.0, 0.0, 0.02941986051099626, 0.0, 0.0, 0.0, 0.0, 0.007567480273524405, 0.0, 0.0, 0.04650214678303535, 0.0, 0.0, 0.0, 0.0, 0.03589216027242767, 0.0, 0.0, 0.0, 0.06971184678351044, 0.0, 0.0, 0.2099158937917072, 0.0]}