{"labels": [0, 1, 2, 3, 4, 5, 6, 7, 8, 9, 10, 11, 12, 13, 14, 15, 16, 17, 18, 19, 20, 21, 22, 23, 24, 25, 26, 27, 28, 29, 30, 31, 32, 33, 34, 35, 36, 37, 38, 39], "data": [0.0011540038448901052, 0.0, 0.0, 0.0, 0.0, 0.0, 0.03321441704384427, 0.0027382399292095526, 0.0008739006606615376, 0.0, 0.01485665089557055, 0.0, 0.0, 0.016700825228111414, 0.0, 0.0, 0.0, 0.0022112199567146623, 0.0, 0.002991439146122985, 0.0, 0.0, 0.007391100735087235, 0.014650452488479668, 0.012155657748800099, 0.022455677559184744, 0.05665335783229612, 0.0, 6.291841147352242e-05, 0.0, 0.0, 0.0, 0.0, 0.0, 0.0, 0.0003395210661370872, 0.0, 0.019055823769258576, 0.0, 0.0]}