{"labels": [0, 1, 2, 3, 4, 5, 6, 7, 8, 9, 10, 11, 12, 13, 14, 15, 16, 17, 18, 19, 20, 21, 22, 23, 24, 25, 26, 27, 28, 29, 30, 31, 32, 33, 34, 35, 36, 37, 38, 39], "data": [0.0019165286338739369, 0.02939813945914474, 0.002346775656809694, 0.10767304936118194, 0.0, 0.0, 0.0044344001960080846, 0.0, 0.0, 0.0, 0.0, 0.000655116834258387, 0.0006789255635599919, 0.0, 0.0, 0.0025213086915236082, 0.0008592965444597902, 0.0, 0.0, 0.0, 0.0, 0.0, 0.0, 0.0, 0.0016637145629872711, 0.0017792450227921337, 0.00027614988756885733, 0.0008403765520725064, 0.0, 0.0, 0.0, 0.003985732775003358, 0.044015795521372164, 1.0875460428536345e-05, 0.004265257021800048, 0.0, 0.0, 0.0, 0.009111393119851704, 0.0]}