{"labels": [0, 1, 2, 3, 4, 5, 6, 7, 8, 9, 10, 11, 12, 13, 14, 15, 16, 17, 18, 19, 20, 21, 22, 23, 24, 25, 26, 27, 28, 29, 30, 31, 32, 33, 34, 35, 36, 37, 38, 39], "data": [0.0, 0.0, 0.0, 0.0, 0.013459746938147988, 0.0, 0.026517449745384863, 0.0, 0.0, 0.010357633212894263, 0.0, 0.0, 0.0072306238287638885, 0.0, 0.0, 0.0, 0.0, 0.0006590517795613906, 0.0002886854154977541, 0.0008034474850133045, 0.0, 0.0003566332696488786, 0.0, 0.0, 0.0, 0.0, 0.07919543993546259, 0.0, 0.0, 0.0, 0.0, 0.0, 0.0, 0.0, 0.004887651183262008, 0.03819868517353638, 0.0014530746476948855, 0.01672922229780323, 0.0, 0.00010635892672968952]}