{"labels": [0, 1, 2, 3, 4, 5, 6, 7, 8, 9, 10, 11, 12, 13, 14, 15, 16, 17, 18, 19, 20, 21, 22, 23, 24, 25, 26, 27, 28, 29, 30, 31, 32, 33, 34, 35, 36, 37, 38, 39], "data": [0.0, 0.0, 0.01264327535357242, 0.03205511383485091, 0.021566009101985698, 0.052059898230281954, 0.0, 0.024756154851643, 0.0, 0.0, 0.0, 0.0, 0.0, 0.0, 0.00035039214241360005, 0.0, 0.0, 0.0, 0.006664522589227539, 0.026987914553098544, 0.004603201969209091, 0.026066674527752562, 0.0, 0.0, 0.0, 0.00870139666572619, 0.0, 0.0, 0.01373224643918271, 0.0, 0.09908943004121837, 0.0, 0.0, 0.014070129037658159, 0.0020015973058127136, 0.010306310828375126, 0.0, 0.018507304210444293, 0.0, 0.0]}