{"labels": [0, 1, 2, 3, 4, 5, 6, 7, 8, 9, 10, 11, 12, 13, 14, 15, 16, 17, 18, 19, 20, 21, 22, 23, 24, 25, 26, 27, 28, 29, 30, 31, 32, 33, 34, 35, 36, 37, 38, 39], "data": [0.0, 0.0, 0.0, 0.0, 0.05770602113472382, 0.0, 0.0035706035855620566, 0.0, 0.0, 0.0, 0.004133270127865743, 0.0, 0.0, 0.0, 0.0, 0.0, 0.0, 0.013441086597623393, 0.00422333256219962, 0.045875294408301154, 0.002521115094894642, 0.0, 0.0, 0.0, 0.0, 0.018767903414359417, 0.0, 0.0036185780599472125, 7.528285427951943e-06, 0.00023756758494034326, 0.0006572973716352993, 0.0, 0.0, 0.0005540860232824839, 0.0, 0.0, 0.0, 0.00747953813503241, 0.0, 5.865641302153102e-05]}