{"labels": [0, 1, 2, 3, 4, 5, 6, 7, 8, 9, 10, 11, 12, 13, 14, 15, 16, 17, 18, 19, 20, 21, 22, 23, 24, 25, 26, 27, 28, 29, 30, 31, 32, 33, 34, 35, 36, 37, 38, 39], "data": [0.000274264831737741, 0.0039143050716111474, 0.017611460526654826, 0.07345279206321893, 0.0, 0.007335762663557363, 0.0, 0.002101979218034651, 0.0013107332815894027, 0.01277215235828201, 0.0, 0.0, 0.0, 0.0026144404213928074, 0.0017918512369479577, 0.0, 0.0, 0.033982778288971484, 0.0, 0.014726556363592349, 0.01224064765017376, 0.0, 0.004142661484301277, 0.0035574180434560245, 0.0029828641900736036, 0.0, 0.043008404573358534, 0.0, 0.0, 0.01438163915872323, 0.0, 0.07282528350581449, 0.0, 0.005746359175744245, 0.0, 0.03238734145754989, 0.002226416176572249, 0.0, 0.0032472042799181512, 0.0020541916320781753]}