{"labels": [0, 1, 2, 3, 4, 5, 6, 7, 8, 9, 10, 11, 12, 13, 14, 15, 16, 17, 18, 19, 20, 21, 22, 23, 24, 25, 26, 27, 28, 29, 30, 31, 32, 33, 34, 35, 36, 37, 38, 39], "data": [0.0, 0.0, 0.0, 0.0, 0.0029487293079489183, 0.0, 0.004921018944111414, 0.0, 0.0, 0.0, 0.03378493592566069, 0.0, 0.0, 0.006025451509997579, 0.0, 0.0, 0.03914363419314071, 0.005019315863242914, 0.0, 4.75495301059994e-06, 0.0, 0.0, 0.002202549181109977, 0.0011485093255124957, 0.03851237513407866, 0.006350393616640894, 0.00014675681615513374, 0.006495129586695153, 0.0, 0.0, 0.002402218199493684, 6.888307341078444e-06, 0.0, 0.0, 0.0, 0.0, 0.0, 0.014140640432946413, 0.004026766243041047, 0.001438600934291899]}