{"labels": [0, 1, 2, 3, 4, 5, 6, 7, 8, 9, 10, 11, 12, 13, 14, 15, 16, 17, 18, 19, 20, 21, 22, 23, 24, 25, 26, 27, 28, 29, 30, 31, 32, 33, 34, 35, 36, 37, 38, 39], "data": [0.0, 0.00242723403326998, 0.023758842516900566, 0.0, 0.0, 0.014491551378520793, 0.016240746068567652, 0.0, 0.0, 0.016558679802181876, 0.00013100940105681432, 0.0, 0.024938021189358017, 0.0, 0.005575078474143815, 0.0, 0.00586590115911717, 0.0013199127459486229, 0.0, 0.004437134328635152, 0.000919871385820523, 0.0, 0.00014820741021687815, 0.0, 0.015973057809780845, 0.0017029165662823399, 0.006113051619161577, 0.005902285241798861, 0.003110946609361603, 0.0005322005104082262, 0.0, 0.0, 0.0, 0.012868693410703666, 0.00357898804679914, 0.009301409207532009, 0.0, 0.03984730306798877, 0.004527330420288103, 0.00495451944195802]}