{"labels": [0, 1, 2, 3, 4, 5, 6, 7, 8, 9, 10, 11, 12, 13, 14, 15, 16, 17, 18, 19, 20, 21, 22, 23, 24, 25, 26, 27, 28, 29, 30, 31, 32, 33, 34, 35, 36, 37, 38, 39], "data": [0.0, 0.0, 0.004826182618511445, 0.0008015209919596172, 0.0, 0.0, 0.01293761508559006, 0.006495228919278521, 0.0008439461557667905, 0.0038609849663107407, 0.016420572345913903, 0.0009818417083469243, 0.0, 0.0, 0.038314729930707954, 0.003323696447108687, 0.0, 0.00413642017392248, 0.000738375996927193, 0.002467997229061138, 0.0, 0.02980534861991014, 0.0, 0.0, 0.0, 0.0, 0.004710735880147788, 0.013782765626960247, 0.0, 0.00336397744907668, 0.09204240922054398, 0.003986387575885032, 0.0013378658402805276, 0.010578217269263494, 0.004230326159358212, 0.043840210179865356, 0.038775545796605825, 0.01334149230748479, 0.0, 0.0]}