{"labels": [0, 1, 2, 3, 4, 5, 6, 7, 8, 9, 10, 11, 12, 13, 14, 15, 16, 17, 18, 19, 20, 21, 22, 23, 24, 25, 26, 27, 28, 29, 30, 31, 32, 33, 34, 35, 36, 37, 38, 39], "data": [0.0, 0.0, 0.0, 0.07378852591442486, 0.0, 0.01902922910919284, 0.0, 0.021207466505166705, 0.0, 0.0, 0.0, 0.0, 0.0, 0.0006965892403133978, 0.016662141927537344, 0.0601054376710557, 0.006512819477312085, 0.011404113771041852, 0.0, 0.0, 0.017590453552590386, 0.004625095684089867, 4.3802805157843025e-05, 0.0, 0.0, 0.019522936088028776, 0.0, 0.0018964696481956363, 0.0, 0.0, 0.008140131076775352, 0.0, 0.0, 0.0, 0.009035196668826219, 0.0, 0.0, 0.010350218883443969, 0.0, 0.0]}