{"labels": [0, 1, 2, 3, 4, 5, 6, 7, 8, 9, 10, 11, 12, 13, 14, 15, 16, 17, 18, 19, 20, 21, 22, 23, 24, 25, 26, 27, 28, 29, 30, 31, 32, 33, 34, 35, 36, 37, 38, 39], "data": [0.012944110864827942, 0.0, 0.0, 0.0, 0.0, 0.0, 0.034634393013411105, 0.0006352960957649032, 0.0, 0.0, 0.0, 0.0, 0.007099972689105159, 0.0037555595953210528, 0.0, 0.0, 0.0, 0.051525861939362635, 0.0, 0.0, 0.00169515468776401, 0.0, 0.04920974980721025, 0.0, 0.002445062477428155, 0.012159715629875065, 0.038581895001080835, 0.022153199813299496, 0.0032851566735699464, 0.0, 0.0, 0.0, 0.0, 0.0, 0.0, 0.0, 0.011542886403660493, 0.0, 0.0013193217509793653, 0.045490184582859965]}