{"labels": [0, 1, 2, 3, 4, 5, 6, 7, 8, 9, 10, 11, 12, 13, 14, 15, 16, 17, 18, 19, 20, 21, 22, 23, 24, 25, 26, 27, 28, 29, 30, 31, 32, 33, 34, 35, 36, 37, 38, 39], "data": [0.005525065315573945, 0.002893815799802641, 0.012204689531993955, 0.052017258532540064, 0.0, 0.007461197442782933, 0.001755389653453576, 0.0, 0.0, 0.0, 0.0, 0.0, 0.02848544817861194, 0.0, 0.0016883026223191433, 0.0, 0.011662620062598656, 0.0040302695141506695, 0.004754709545679404, 0.0, 0.0, 0.04501694870231401, 0.0, 0.002757426626672601, 0.0, 0.00018312880496065075, 0.0, 0.021710469517080312, 0.0, 0.0, 0.010637843280870906, 0.004204576660117069, 0.0, 0.006832530900830125, 0.0027003739290713757, 0.0, 0.012133770459236614, 0.016799579836419314, 0.0, 0.0]}