{"labels": [0, 1, 2, 3, 4, 5, 6, 7, 8, 9, 10, 11, 12, 13, 14, 15, 16, 17, 18, 19, 20, 21, 22, 23, 24, 25, 26, 27, 28, 29, 30, 31, 32, 33, 34, 35, 36, 37, 38, 39], "data": [0.0, 0.0004356697032045744, 0.0036372121932931535, 0.0033908613898011894, 0.0, 0.005507185704473455, 0.026270619524353, 0.0, 0.029816600673761056, 0.002071118251083048, 0.00035486033468198235, 0.0016404368758864707, 0.0, 0.0, 0.0, 0.0, 0.0, 0.02689011870614673, 0.0, 0.0, 0.0, 0.0, 0.0, 0.0, 0.0, 0.0, 0.00400052990299103, 0.05783567172642579, 0.0, 0.0017252817731496126, 0.0, 0.0, 0.0, 0.003419339157732597, 0.0, 0.0, 0.0, 0.0, 0.0, 0.001548911450264762]}