{"labels": [0, 1, 2, 3, 4, 5, 6, 7, 8, 9, 10, 11, 12, 13, 14, 15, 16, 17, 18, 19, 20, 21, 22, 23, 24, 25, 26, 27, 28, 29, 30, 31, 32, 33, 34, 35, 36, 37, 38, 39], "data": [0.0, 0.0005822362337011759, 0.0, 0.0, 0.023912355503023976, 0.0, 0.042826540076809284, 0.0030110530553184786, 0.0006390334295032623, 0.0, 0.0, 0.0, 0.0, 0.0, 0.0, 0.0, 0.0, 0.001830376798703969, 0.0, 0.0, 0.0, 0.0, 0.0, 0.0, 0.0, 0.0, 0.0, 0.031375994258747895, 0.0, 0.0, 0.02445077775170905, 0.0, 0.0, 0.1264268056787609, 0.0, 0.0, 0.0, 0.0, 0.0, 0.0]}