{"labels": [0, 1, 2, 3, 4, 5, 6, 7, 8, 9, 10, 11, 12, 13, 14, 15, 16, 17, 18, 19, 20, 21, 22, 23, 24, 25, 26, 27, 28, 29, 30, 31, 32, 33, 34, 35, 36, 37, 38, 39], "data": [0.0, 0.0, 0.023562632513972247, 0.0, 3.841206540865312e-05, 0.05805458512510538, 0.0, 0.0, 0.0, 0.002832736615119688, 0.0065326387154810775, 0.019614535147585967, 0.015155104715959714, 0.004942393670784024, 0.0, 0.0, 0.0, 0.03138955117636006, 0.007034349297985089, 0.0018446698327763723, 0.0, 0.005173429722476218, 0.0, 0.0, 0.022577896462929275, 0.0, 0.030500500921015767, 0.026042644621941512, 0.0, 0.0, 0.0, 0.0, 0.0030156986304079427, 0.018395866397793958, 0.005578510316426482, 0.0, 0.0, 0.07399323517523154, 0.02740837954901452, 0.0]}