{"labels": [0, 1, 2, 3, 4, 5, 6, 7, 8, 9, 10, 11, 12, 13, 14, 15, 16, 17, 18, 19, 20, 21, 22, 23, 24, 25, 26, 27, 28, 29, 30, 31, 32, 33, 34, 35, 36, 37, 38, 39], "data": [0.0020559369153699976, 0.0, 0.0, 0.0, 0.0, 0.0, 0.027524340577365403, 0.0, 0.0, 0.0020355386011323817, 0.020871207438908697, 0.0, 0.0, 0.005103223508387432, 0.007183730251973907, 0.0, 0.0012469388585245051, 0.006791883794139702, 0.0, 0.0, 0.014584028637369125, 0.010009414876316436, 0.0, 0.004981008207291768, 0.0, 0.008885993156120079, 0.0, 0.002674767183266609, 0.0, 0.0, 0.003022250078737798, 0.0, 0.0, 0.0, 0.0328716775764606, 0.0, 0.002865063053391276, 0.015236228152091476, 0.0, 0.0]}