{"labels": [0, 1, 2, 3, 4, 5, 6, 7, 8, 9, 10, 11, 12, 13, 14, 15, 16, 17, 18, 19, 20, 21, 22, 23, 24, 25, 26, 27, 28, 29, 30, 31, 32, 33, 34, 35, 36, 37, 38, 39], "data": [0.008688542360813276, 0.0, 0.006295432172380569, 0.0004511875190104677, 0.006234442583360493, 0.0, 0.0046557643053018434, 0.0, 0.0, 0.0, 0.067997014541032, 0.0, 0.002530953491312575, 0.0, 0.0, 0.0, 0.002838399923287604, 0.0, 0.015036119884911209, 0.00010300147247565502, 0.0, 0.00108619158457954, 0.001588850779060339, 0.011483424785540703, 0.0010332506035387158, 0.0008040446303740159, 0.0005766453412006853, 0.0008813587280774005, 0.0, 0.0, 0.0, 0.0019898664977579085, 0.0028091407367315394, 0.01829620876418343, 0.01332991005622771, 0.0, 0.0, 0.012360574175606763, 0.0, 0.0]}