{"labels": [0, 1, 2, 3, 4, 5, 6, 7, 8, 9, 10, 11, 12, 13, 14, 15, 16, 17, 18, 19, 20, 21, 22, 23, 24, 25, 26, 27, 28, 29, 30, 31, 32, 33, 34, 35, 36, 37, 38, 39], "data": [0.0, 0.0, 0.0, 0.011395846799246517, 0.015262502178277381, 0.0, 0.0, 0.022702715254557713, 0.0017697721863296266, 0.0, 0.0, 0.03449598644374237, 0.0, 0.0, 0.0, 0.0, 0.010839910061533682, 0.003649168724022664, 0.018806031406386522, 0.0, 0.0, 0.03600640703209504, 0.003154523169623059, 0.0, 0.0, 0.0, 0.0, 0.0, 0.0, 0.0018347258398731681, 0.01562920876491042, 0.022109083974623196, 0.0, 0.04786285453355925, 0.01024313332852559, 0.0, 0.0, 0.0, 0.0, 0.0]}