{"labels": [0, 1, 2, 3, 4, 5, 6, 7, 8, 9, 10, 11, 12, 13, 14, 15, 16, 17, 18, 19, 20, 21, 22, 23, 24, 25, 26, 27, 28, 29, 30, 31, 32, 33, 34, 35, 36, 37, 38, 39], "data": [0.016433539843973152, 0.00022370344158432196, 0.026211934830009685, 0.0, 0.015643258581214875, 0.0, 0.0276023536384406, 0.0, 0.0, 0.031431911120695134, 0.01961530971488445, 0.0, 0.0, 0.0, 0.0, 0.0, 0.0, 0.0, 0.0, 0.01435012512940569, 0.0, 0.0, 0.0018730123376277709, 0.01133291042424776, 0.0, 0.010198661273497835, 0.0, 0.013840180229288946, 0.0017297637761297248, 0.000994175347105317, 0.0, 0.0, 0.027192781917276483, 0.0, 0.012480575005220249, 0.0, 0.0, 0.02884682878170973, 0.020787020235514313, 0.04499356582616207]}