{"labels": [0, 1, 2, 3, 4, 5, 6, 7, 8, 9, 10, 11, 12, 13, 14, 15, 16, 17, 18, 19, 20, 21, 22, 23, 24, 25, 26, 27, 28, 29, 30, 31, 32, 33, 34, 35, 36, 37, 38, 39], "data": [0.0, 0.0015457045330492223, 0.004407800075143222, 0.03806523078670555, 0.038263006425569575, 0.0, 0.009103034766837959, 0.0, 0.0008291774617956301, 0.0, 0.0, 0.00016278119827036746, 0.0, 0.0042506717942956225, 0.03145747845955081, 0.0, 0.0, 0.0, 0.0, 0.002376011663067713, 0.03992518308140699, 0.029640086000903097, 0.0, 0.004270556418070671, 0.035306300510346694, 0.0, 0.0, 0.0, 0.0, 0.008679409810497076, 0.0, 0.08820977114497414, 0.0, 0.007817962112827488, 0.0, 0.0, 0.0, 0.008641314143037686, 0.0, 0.003370479107576459]}