{"labels": [0, 1, 2, 3, 4, 5, 6, 7, 8, 9, 10, 11, 12, 13, 14, 15, 16, 17, 18, 19, 20, 21, 22, 23, 24, 25, 26, 27, 28, 29, 30, 31, 32, 33, 34, 35, 36, 37, 38, 39], "data": [0.0005297263363399943, 0.00237397926030697, 0.0030939050304337862, 0.0, 0.0044280631703464335, 0.0, 0.0, 0.0, 0.0, 0.013781543518938946, 0.0008248047818680522, 0.0, 0.0, 0.015996511321951918, 0.0, 0.00194536560344076, 0.0, 0.010800805823350973, 5.2129591398450856e-05, 0.03926360343865013, 0.008864420128172484, 0.0011787864344073918, 0.004189632644969722, 0.05626558586287991, 0.0025674576205243524, 0.0, 0.0, 0.0, 0.00636670781707617, 0.0, 0.0, 0.0, 0.0006250730897877182, 0.01265728090774987, 0.0, 0.0010245668609867174, 0.0, 0.0019428314896607823, 0.0, 0.0]}