{"labels": [0, 1, 2, 3, 4, 5, 6, 7, 8, 9, 10, 11, 12, 13, 14, 15, 16, 17, 18, 19, 20, 21, 22, 23, 24, 25, 26, 27, 28, 29, 30, 31, 32, 33, 34, 35, 36, 37, 38, 39], "data": [0.0, 0.0, 0.009715641455364002, 0.0, 0.009924694422638962, 0.0, 0.026968886634414765, 0.027110226850638918, 0.0, 0.0, 0.0, 0.0, 0.0, 0.0, 0.05642515788736563, 0.06720816664333285, 0.0, 0.03893717653160742, 0.027366679587711388, 0.0, 0.0, 0.0, 0.0, 0.024943976344560352, 0.022833619315311703, 0.0, 0.0, 0.0, 0.0, 0.005376037151777846, 0.027421684656091082, 0.0, 0.0, 0.0, 0.0, 0.0, 0.0, 0.01899113417745253, 0.0, 0.0]}