{"labels": [0, 1, 2, 3, 4, 5, 6, 7, 8, 9, 10, 11, 12, 13, 14, 15, 16, 17, 18, 19, 20, 21, 22, 23, 24, 25, 26, 27, 28, 29, 30, 31, 32, 33, 34, 35, 36, 37, 38, 39], "data": [0.014505615263466014, 0.001050592895364368, 0.0027499969076927575, 0.01591502100858107, 0.0, 0.0, 0.0, 0.0, 0.0, 0.010221541670347913, 0.0004927593576172989, 0.003038963823678991, 0.0, 0.0, 0.0, 0.0, 0.0, 0.012232514051225725, 0.003262354752830888, 0.0037324126338791467, 0.005078939894587269, 0.0, 0.0012917950463984355, 0.000768475226193708, 0.0010416274701293702, 0.046660318039595125, 0.0324641583265312, 0.0036667133467516177, 0.0, 0.0, 0.008562294694253843, 0.0004603901264216858, 0.0, 0.008383722391723967, 0.004892817871400588, 0.0, 0.0, 0.0, 0.0, 0.03306251814020814]}