{"labels": [0, 1, 2, 3, 4, 5, 6, 7, 8, 9, 10, 11, 12, 13, 14, 15, 16, 17, 18, 19, 20, 21, 22, 23, 24, 25, 26, 27, 28, 29, 30, 31, 32, 33, 34, 35, 36, 37, 38, 39], "data": [0.0, 0.0, 0.0, 0.011631455991712177, 0.0, 0.0, 0.009132679064414789, 0.07604843615487147, 0.0018424975351048064, 0.0, 0.0, 0.0004900101526070964, 0.0, 0.0, 0.0, 0.0, 0.0003496194551515643, 0.0, 0.0, 0.0, 0.0133065829312305, 0.0, 0.0, 0.0, 0.0, 0.02050677750616373, 0.05519452523572506, 0.0, 0.01288892022027167, 0.0, 0.0, 0.0023868058799460536, 0.0, 0.03531116356192821, 0.0, 0.00017373458011814497, 0.0, 0.0, 0.0, 0.0]}