{"labels": [0, 1, 2, 3, 4, 5, 6, 7, 8, 9, 10, 11, 12, 13, 14, 15, 16, 17, 18, 19, 20, 21, 22, 23, 24, 25, 26, 27, 28, 29, 30, 31, 32, 33, 34, 35, 36, 37, 38, 39], "data": [0.0, 0.0007020098655926633, 0.0008778487497566693, 0.003032033937851566, 0.012556407354330768, 0.0, 0.005474335329245229, 0.0004875537752398167, 0.0, 0.021155455132643455, 0.0024782830719920048, 7.2778421711881055e-06, 0.01073276113312271, 0.0011221055526626452, 0.0, 0.0, 0.039974817345399455, 0.005821501014095714, 0.0, 0.0, 0.006881247177272473, 0.00211548446049263, 0.004228429244124882, 0.036666297394974345, 0.04165452902929697, 0.0, 0.0, 0.0, 0.003070258596669264, 0.0, 0.0016659764793153476, 0.000926017261055559, 0.0011373737486767145, 0.027448871777349, 0.008851773757656988, 0.006722239665468975, 0.0, 0.014070989658270059, 0.0, 0.0]}