{"labels": [0, 1, 2, 3, 4, 5, 6, 7, 8, 9, 10, 11, 12, 13, 14, 15, 16, 17, 18, 19, 20, 21, 22, 23, 24, 25, 26, 27, 28, 29, 30, 31, 32, 33, 34, 35, 36, 37, 38, 39], "data": [0.0, 0.0, 0.0, 0.0, 0.019900728375134433, 0.0, 0.03720808777693955, 0.0022901452098227646, 0.0, 0.003639597024735277, 0.0, 0.0, 0.0, 0.007107178208284722, 0.0, 0.0, 0.007110465522364206, 0.0021595309429061345, 0.0, 0.002899130332799147, 0.0, 0.0025913338236227463, 0.0, 0.0017761568600160177, 0.10863014748559516, 0.0, 0.0, 0.0, 0.0, 0.0, 0.0, 0.0, 0.0, 0.0011151896389107964, 0.0, 0.0, 0.0, 0.0, 0.0, 0.0]}