{"labels": [0, 1, 2, 3, 4, 5, 6, 7, 8, 9, 10, 11, 12, 13, 14, 15, 16, 17, 18, 19, 20, 21, 22, 23, 24, 25, 26, 27, 28, 29, 30, 31, 32, 33, 34, 35, 36, 37, 38, 39], "data": [0.013187559811987371, 0.004061130690444491, 4.046805761343163e-05, 0.002803370310663161, 0.024832021182434823, 0.0, 0.0, 0.0, 0.0, 0.006806286061514987, 0.007366725164425439, 0.0, 0.0, 0.0, 0.0, 0.0, 0.0015925965718792195, 0.014023441832657692, 0.0, 0.0, 0.025918862819629063, 0.0, 0.001513154908162493, 0.012315400557502434, 0.0006471759675815466, 0.012705880696475649, 0.0, 0.030978712276382735, 0.08210649909563382, 0.00881403172295225, 0.0, 0.0, 0.004109696688769605, 0.0, 8.628585505601851e-05, 0.005934191156081091, 0.012849389249659388, 0.0, 0.0, 0.0]}