{"labels": [0, 1, 2, 3, 4, 5, 6, 7, 8, 9, 10, 11, 12, 13, 14, 15, 16, 17, 18, 19, 20, 21, 22, 23, 24, 25, 26, 27, 28, 29, 30, 31, 32, 33, 34, 35, 36, 37, 38, 39], "data": [0.003082754529973152, 0.00046728071707233227, 0.0, 0.0, 0.0, 0.0, 0.008858028281529805, 0.025978693161478283, 0.0, 0.0, 0.0, 0.0, 0.007164967991173941, 0.07450287077707943, 0.0, 0.004317450715293216, 0.0, 0.0, 0.0, 0.0, 0.0, 0.0, 0.0, 0.019830644354073, 0.0, 0.005828475656420359, 0.004678880282072565, 0.0, 0.013158012655348538, 0.0, 0.0, 0.0, 0.05786264121379926, 0.0, 0.01895909455237737, 0.0, 0.0016097537900283713, 0.0044261221192686785, 0.0, 0.0]}