{"labels": [0, 1, 2, 3, 4, 5, 6, 7, 8, 9, 10, 11, 12, 13, 14, 15, 16, 17, 18, 19, 20, 21, 22, 23, 24, 25, 26, 27, 28, 29, 30, 31, 32, 33, 34, 35, 36, 37, 38, 39], "data": [0.0007952829162327852, 0.0, 0.0, 0.058314190082642506, 0.0, 0.0, 0.015329117606793598, 0.0, 0.0, 0.0, 9.161454735194661e-05, 0.0018343199071813013, 0.010454839679289259, 0.0, 0.0, 0.0008403944332214988, 0.00955235975877847, 0.005470151134840606, 0.003395587109970505, 0.0, 0.0, 0.007424678893317748, 0.0, 0.0, 0.0, 0.0, 0.0, 0.0007377063838907557, 0.0, 0.008973596658961467, 0.0009488030125553275, 0.035140333929564366, 0.03600727376668128, 0.0, 0.0335178054378584, 0.0, 0.0007340235848267983, 0.01536377524386351, 0.0, 0.0060054474415948585]}