{"labels": [0, 1, 2, 3, 4, 5, 6, 7, 8, 9, 10, 11, 12, 13, 14, 15, 16, 17, 18, 19, 20, 21, 22, 23, 24, 25, 26, 27, 28, 29, 30, 31, 32, 33, 34, 35, 36, 37, 38, 39], "data": [0.00596354388611095, 0.0, 0.001787307030514574, 0.02148605115089406, 0.0013412580535230815, 0.0, 0.0177330803613158, 0.03947501965199016, 0.0, 0.023470798017963635, 0.0, 0.0, 0.0, 0.0, 0.0, 0.0, 0.0, 0.061166927504349974, 0.0, 0.03253534253502041, 0.03628693841984964, 0.0, 0.0, 0.0, 0.0, 0.005783587271312399, 0.0, 0.012677359727150141, 0.0, 0.0, 0.0, 0.0, 0.00043878751873065267, 0.0, 0.0, 0.0, 0.0, 0.00040791438200056844, 0.006262603009189183, 0.0]}