{"labels": [0, 1, 2, 3, 4, 5, 6, 7, 8, 9, 10, 11, 12, 13, 14, 15, 16, 17, 18, 19, 20, 21, 22, 23, 24, 25, 26, 27, 28, 29, 30, 31, 32, 33, 34, 35, 36, 37, 38, 39], "data": [0.003561223317332758, 0.0, 0.005770626379265436, 0.0, 0.00041224669031279023, 0.005056026147737286, 0.005507864757925541, 0.0, 0.0, 0.0009391334702322046, 0.0, 0.07336857046188834, 0.0, 0.0, 0.0, 0.0, 0.006209535208676033, 0.0, 0.04225824816976757, 0.0, 0.0009118061970910653, 0.0, 0.00025882157478713467, 0.0, 0.002581029338789446, 0.0007605244694667092, 0.0, 0.005813369861446897, 0.0, 0.0015018703880438245, 0.03517626524256067, 0.0, 0.00440858928963472, 0.0, 0.0, 0.0, 0.0, 0.0064833937612330285, 0.08660626906916369, 0.03845737244644369]}