{"labels": [0, 1, 2, 3, 4, 5, 6, 7, 8, 9, 10, 11, 12, 13, 14, 15, 16, 17, 18, 19, 20, 21, 22, 23, 24, 25, 26, 27, 28, 29, 30, 31, 32, 33, 34, 35, 36, 37, 38, 39], "data": [0.0, 0.0028040774621120243, 0.0, 0.0, 0.006432726539686282, 0.007365238654625959, 0.0, 0.0, 0.016070260504309528, 0.00021198772596278318, 0.0, 0.09264800304152233, 0.009996689406669798, 0.0, 0.0, 0.020680326452237573, 0.0, 0.0, 0.06269813231993797, 0.00047195953101459806, 0.018256379771817655, 0.0, 0.05251275395297987, 0.0, 0.0, 0.014579162914345125, 0.000214822852195742, 0.0, 0.003026352955441579, 0.0, 0.006790125833636421, 0.0, 0.0, 0.0, 0.0, 0.03212814637413978, 0.0, 0.0, 0.009060078792630013, 0.0017798324486318258]}