{"labels": [0, 1, 2, 3, 4, 5, 6, 7, 8, 9, 10, 11, 12, 13, 14, 15, 16, 17, 18, 19, 20, 21, 22, 23, 24, 25, 26, 27, 28, 29, 30, 31, 32, 33, 34, 35, 36, 37, 38, 39], "data": [0.0, 0.0, 0.0, 0.0, 0.0, 0.004627332121634929, 0.03125494298637276, 0.0037373197822496746, 0.058706001430747085, 0.0, 0.0, 0.0007114526125545428, 0.0, 0.0, 0.0, 0.0, 0.008197733309338638, 0.0, 0.0, 0.0, 0.0, 0.043840325860005455, 0.0021158172282907607, 0.00645398593100602, 0.006597746483620305, 0.022819069808092212, 0.032565280160987746, 0.0, 0.0, 0.005017752310091021, 0.0019076311574342366, 0.0, 0.0, 0.02434510129761927, 0.024269800493605158, 0.0, 0.00028950469823638754, 0.022723647802437037, 0.0, 0.05353331556207366]}