{"labels": [0, 1, 2, 3, 4, 5, 6, 7, 8, 9, 10, 11, 12, 13, 14, 15, 16, 17, 18, 19, 20, 21, 22, 23, 24, 25, 26, 27, 28, 29, 30, 31, 32, 33, 34, 35, 36, 37, 38, 39], "data": [0.0010556365177188717, 0.0013125391110042825, 0.0025247685467514546, 0.0, 0.01768246637983771, 0.0, 0.011665854520376032, 0.0, 0.0, 0.0, 0.019483370021793532, 0.0026194276024069578, 0.003099498517180522, 0.002174372361021695, 0.014470001507703698, 0.02552178844056234, 0.0, 0.003614485165796798, 0.04799132133760889, 0.0, 0.0, 0.007042732590207713, 0.004403405380742712, 0.0, 0.0, 0.0009338372323887527, 0.03786303593723361, 0.0, 0.0, 0.0, 0.03120596505815141, 0.0, 0.00021016358272081382, 0.0, 0.0, 0.036496088990248775, 0.006260198289305986, 0.0, 0.007889542719109395, 0.003053600862185923]}