{"labels": [0, 1, 2, 3, 4, 5, 6, 7, 8, 9, 10, 11, 12, 13, 14, 15, 16, 17, 18, 19, 20, 21, 22, 23, 24, 25, 26, 27, 28, 29, 30, 31, 32, 33, 34, 35, 36, 37, 38, 39], "data": [0.005918574506042796, 0.010252523484423752, 0.001611163523354794, 0.0, 0.016794133948082587, 0.0, 0.020534678827433404, 0.0, 0.0, 0.013696811280455003, 0.0, 0.0, 0.0, 0.0, 0.0, 0.0, 0.0, 0.0, 0.0, 0.07622320702225409, 0.0, 0.0019787711313828536, 0.0, 0.0, 0.0, 0.00802652413823739, 0.0, 0.0, 0.0, 0.0, 0.0, 0.0, 0.002363645008932678, 0.006387141611328963, 0.0037118264259882188, 0.0, 0.0, 0.010184682111570935, 0.015468776772205461, 0.004905782453482131]}