{"labels": [0, 1, 2, 3, 4, 5, 6, 7, 8, 9, 10, 11, 12, 13, 14, 15, 16, 17, 18, 19, 20, 21, 22, 23, 24, 25, 26, 27, 28, 29, 30, 31, 32, 33, 34, 35, 36, 37, 38, 39], "data": [0.0, 0.0, 0.0, 0.00244855032495693, 0.013114200570074808, 0.0, 0.02484597942269845, 0.017675222226034407, 0.0, 0.003847617790255485, 0.0038293887858392296, 0.0, 0.0659218872219719, 0.0, 0.060422792182604365, 0.0, 0.0, 0.0, 0.0, 0.0, 0.05053396697363824, 0.0, 0.0, 0.0, 0.0025149095978956675, 0.022244904939460207, 0.0, 0.00021797856443182408, 0.018522875420222483, 0.00959931322179396, 0.004111990782077843, 0.0, 0.0, 0.0, 0.0, 0.04017194957353042, 0.0, 0.011026033112502847, 0.0, 0.0]}