{"labels": [0, 1, 2, 3, 4, 5, 6, 7, 8, 9, 10, 11, 12, 13, 14, 15, 16, 17, 18, 19, 20, 21, 22, 23, 24, 25, 26, 27, 28, 29, 30, 31, 32, 33, 34, 35, 36, 37, 38, 39], "data": [0.0, 0.05695821423714239, 0.0003365908430073711, 0.0, 0.05801785888005139, 0.018454577997293737, 0.01437214924513922, 0.0, 0.0, 0.0, 0.002478679032061691, 0.0, 0.0, 0.0, 0.0, 0.0, 0.0, 0.0, 0.0, 0.0004166094057330656, 2.110437751214068e-05, 0.0, 0.0, 0.0, 0.0, 0.0, 0.0, 0.0, 0.020273341046941916, 0.0, 0.0004410929747309502, 0.0, 0.010039621913625087, 0.0040434832176707075, 0.0, 0.0, 0.027238616245606827, 0.0, 0.0, 0.0]}