{"labels": [0, 1, 2, 3, 4, 5, 6, 7, 8, 9, 10, 11, 12, 13, 14, 15, 16, 17, 18, 19, 20, 21, 22, 23, 24, 25, 26, 27, 28, 29, 30, 31, 32, 33, 34, 35, 36, 37, 38, 39], "data": [0.003200964081663916, 0.0, 0.0, 0.0, 0.0, 0.0, 0.03272578728355285, 0.0, 0.0, 0.0, 0.0010836503400628139, 0.0, 0.0, 0.004091890442100236, 0.004313394742340851, 7.442495428683065e-05, 0.0024666701134693036, 0.00271884794998025, 0.0, 0.0021504246244871267, 0.0036229219120607952, 0.00820315091717616, 0.0, 0.0, 0.0, 0.0, 0.0, 0.0, 0.0, 0.017187755472718974, 0.004221967770455511, 0.0010573127829868068, 0.00047438931024598534, 0.0, 0.005172022575606964, 0.05605913680004663, 0.0, 0.0, 0.0038095604919465764, 0.0]}