{"labels": [0, 1, 2, 3, 4, 5, 6, 7, 8, 9, 10, 11, 12, 13, 14, 15, 16, 17, 18, 19, 20, 21, 22, 23, 24, 25, 26, 27, 28, 29, 30, 31, 32, 33, 34, 35, 36, 37, 38, 39], "data": [0.007134002506594677, 0.04387221031920495, 4.013789788286198e-05, 0.003120913452795256, 0.010863036701212624, 0.02379415193497435, 0.011256484132142747, 0.0, 0.0, 0.034891459749370864, 0.010558578576363047, 0.0, 0.005218234478373122, 0.0060542309176466495, 0.0, 0.0, 0.0636687968261716, 0.0, 0.018913489426323312, 0.019069530762862125, 0.006951230291840875, 0.007445845263546519, 0.0004571322423436382, 0.006487387510929128, 0.0018341382372107189, 0.01412632427117073, 0.02341867309088169, 0.0, 0.0015626139837085782, 0.0, 0.0, 0.0, 0.002005343015673995, 0.021796496897211467, 0.002248391924199886, 0.0, 0.0, 0.0, 0.032863715637740105, 0.046941164381702635]}