{"labels": [0, 1, 2, 3, 4, 5, 6, 7, 8, 9, 10, 11, 12, 13, 14, 15, 16, 17, 18, 19, 20, 21, 22, 23, 24, 25, 26, 27, 28, 29, 30, 31, 32, 33, 34, 35, 36, 37, 38, 39], "data": [0.0, 0.0, 0.0, 0.0, 0.035635035654818854, 0.00035787553087017053, 0.025051012536522695, 0.0, 0.045872204961032066, 0.0, 0.0, 0.0, 0.03128394209452385, 0.0, 0.0, 0.004637872440577628, 0.0, 0.0, 0.0, 0.0, 0.0, 0.0, 0.0, 0.0, 0.0, 0.005077701741123857, 0.053038221885060556, 0.0, 0.0, 0.0, 0.0, 0.0027390571606498108, 0.0, 0.005052278566075309, 0.013098218618084231, 0.0, 0.0, 0.008884747730488725, 0.004855224640961456, 0.001322535985197713]}