{"labels": [0, 1, 2, 3, 4, 5, 6, 7, 8, 9, 10, 11, 12, 13, 14, 15, 16, 17, 18, 19, 20, 21, 22, 23, 24, 25, 26, 27, 28, 29, 30, 31, 32, 33, 34, 35, 36, 37, 38, 39], "data": [0.0012364492783479633, 1.993568928583506e-06, 0.00016910082068387244, 0.0, 0.018354304158540117, 0.0, 0.01841808961368351, 0.0, 0.0, 0.017463434545700988, 0.0284399092289322, 0.14507806216753377, 0.004993712194051718, 0.0, 0.0, 0.0, 0.0, 0.0, 0.0, 0.001996638421969136, 0.0003552830281805849, 0.0, 0.0, 0.002212647038508213, 0.0, 0.005697087027034614, 0.0, 0.017565880167899443, 0.0, 0.0, 0.0, 0.0, 0.003676246589905384, 0.010173743789505713, 0.00048305768934698483, 0.0, 0.0, 0.012003807999171619, 0.008105326335470718, 0.0]}