{"labels": [0, 1, 2, 3, 4, 5, 6, 7, 8, 9, 10, 11, 12, 13, 14, 15, 16, 17, 18, 19, 20, 21, 22, 23, 24, 25, 26, 27, 28, 29, 30, 31, 32, 33, 34, 35, 36, 37, 38, 39], "data": [0.0006918987442383777, 0.008153521046167721, 0.0006335546906232014, 0.0013512295215864284, 0.0, 0.0, 0.01246943270919146, 0.0, 0.04372516043920196, 0.0, 0.0003216747660145624, 0.0, 0.0, 0.0, 0.005109571507246554, 0.0, 0.0, 0.0003335109972673011, 0.0, 0.0, 0.0, 0.0, 0.001533956754120801, 0.0, 0.0015689265762715442, 0.00028159191550564453, 0.0023814287188188184, 0.0, 0.0, 0.0, 0.0, 0.0021768596626621536, 0.0016129305990330266, 0.009402648652536658, 0.0, 0.0, 0.0, 0.008679864472129846, 0.0004480676157264064, 0.0019346905123078862]}