{"labels": [0, 1, 2, 3, 4, 5, 6, 7, 8, 9, 10, 11, 12, 13, 14, 15, 16, 17, 18, 19, 20, 21, 22, 23, 24, 25, 26, 27, 28, 29, 30, 31, 32, 33, 34, 35, 36, 37, 38, 39], "data": [0.0015432552002358727, 0.0007083548177642973, 0.003361745205569806, 0.0, 0.009299901837700585, 0.011357716257796092, 0.0, 0.0, 0.0, 0.011789339908597405, 0.0, 0.0015421179087266655, 0.0010848399184807452, 0.009735390691447658, 0.003416478606967898, 0.0020061578059994522, 0.0, 0.010976682812294346, 0.0, 0.0, 0.0, 0.009512655746058415, 0.11099347485092874, 0.0, 0.004780580946572234, 0.0, 0.0017136083644722006, 0.0015252115531277333, 0.0, 0.013648231558418341, 7.508937284583716e-05, 0.0, 0.0019367874961470927, 0.0011444805683876885, 0.002693134497525488, 0.0, 0.022033015895662242, 0.0, 0.0024360857364229055, 0.006410312136167668]}