{"labels": [0, 1, 2, 3, 4, 5, 6, 7, 8, 9, 10, 11, 12, 13, 14, 15, 16, 17, 18, 19, 20, 21, 22, 23, 24, 25, 26, 27, 28, 29, 30, 31, 32, 33, 34, 35, 36, 37, 38, 39], "data": [0.0, 0.0, 0.0, 0.013266606943054236, 0.0, 0.0, 0.013195397807895939, 0.0, 0.041214643811889454, 0.0, 0.0007120394761880067, 0.0, 0.0, 0.011268176305212659, 0.0, 0.0, 0.0, 0.0005639298526835971, 0.027697012965444856, 0.0, 0.0, 0.0, 0.0, 0.0365338334734327, 0.000938334406292057, 0.019255540442399393, 0.04709505332807618, 0.0, 0.0, 0.0, 0.0, 0.009761137099864916, 0.0, 0.02156703566986133, 0.0, 0.010461803762940114, 0.0, 0.02465372043681806, 0.00756819891568266, 0.0]}