{"labels": [0, 1, 2, 3, 4, 5, 6, 7, 8, 9, 10, 11, 12, 13, 14, 15, 16, 17, 18, 19, 20, 21, 22, 23, 24, 25, 26, 27, 28, 29, 30, 31, 32, 33, 34, 35, 36, 37, 38, 39], "data": [0.0, 0.0, 0.023897099097276355, 0.0, 0.0, 0.0, 0.02255296530943896, 0.0, 0.0029305461007845977, 0.003327167841434003, 0.0, 0.0, 0.0, 0.0, 0.0, 0.0, 0.013925546343075874, 0.012039954582058707, 0.0, 0.0, 0.0, 0.010985578184942633, 0.0, 0.0, 0.0, 0.008946019204687822, 0.0, 0.007130341561874394, 0.0, 0.0, 0.0, 0.0, 0.0, 0.0066087653122638024, 0.0, 0.0, 0.05287179573257805, 0.0071672849488177105, 0.0, 0.0]}