{"labels": [0, 1, 2, 3, 4, 5, 6, 7, 8, 9, 10, 11, 12, 13, 14, 15, 16, 17, 18, 19, 20, 21, 22, 23, 24, 25, 26, 27, 28, 29, 30, 31, 32, 33, 34, 35, 36, 37, 38, 39], "data": [0.0, 0.0, 0.00026323302502612053, 0.0, 0.036915877300382406, 0.0, 0.0, 0.0, 0.0, 0.017260673931893566, 0.020303927409576282, 0.0, 0.0, 0.0, 0.0, 0.0, 0.03628842237626828, 0.0, 0.0, 0.0, 0.0, 0.02813084143107478, 0.0, 0.05465877892120986, 0.0, 0.0, 0.0, 0.005137188340096398, 0.0, 0.0, 0.0, 0.0, 0.0, 0.0, 0.009621176882617946, 0.0, 0.0, 0.035227975362507324, 0.03384569565347678, 0.0]}