{"labels": [0, 1, 2, 3, 4, 5, 6, 7, 8, 9, 10, 11, 12, 13, 14, 15, 16, 17, 18, 19, 20, 21, 22, 23, 24, 25, 26, 27, 28, 29, 30, 31, 32, 33, 34, 35, 36, 37, 38, 39], "data": [0.0, 0.008449221827200974, 0.002885857152656753, 0.03394089379598449, 0.0038859440475011203, 0.007820735939719202, 0.0044836233458805975, 0.0, 0.0, 0.008584612105961488, 0.0, 0.0, 0.0, 0.031076814517659663, 0.0, 0.003232809601122696, 0.0, 0.0, 0.031764888194348986, 0.0, 0.0, 0.018385734327683083, 0.0, 0.040907349901922324, 0.007371318195785539, 0.035663741377194094, 0.0017585852440825005, 0.0179588303255645, 0.0, 0.0, 0.0, 0.04877239528043681, 0.0, 0.0, 0.0, 0.0, 0.0, 0.02308875855649864, 0.006764215779668801, 0.0024749792917516987]}