{"labels": [0, 1, 2, 3, 4, 5, 6, 7, 8, 9, 10, 11, 12, 13, 14, 15, 16, 17, 18, 19, 20, 21, 22, 23, 24, 25, 26, 27, 28, 29, 30, 31, 32, 33, 34, 35, 36, 37, 38, 39], "data": [0.010292590775537427, 0.0040997692946741155, 0.0005906519508370802, 0.0, 0.016508871091965964, 0.0, 0.013160422872903593, 0.0, 0.0046454022744543124, 0.010188722223074835, 0.0, 0.0, 0.0, 0.0, 0.002931283992998097, 0.0, 0.0, 0.03597118278962592, 0.012360184292763548, 0.051947360522257444, 0.0, 0.006529733043048087, 0.009957741518505165, 0.019454841538888372, 0.000966243909545583, 0.0, 0.005065094916413228, 0.0, 0.0, 0.0, 0.0, 0.003146722896474806, 0.04437344611046883, 0.0, 0.0, 0.03201264807049667, 0.0006150325520540395, 0.0, 0.036166144164565484, 0.04384086623584036]}