{"labels": [0, 1, 2, 3, 4, 5, 6, 7, 8, 9, 10, 11, 12, 13, 14, 15, 16, 17, 18, 19, 20, 21, 22, 23, 24, 25, 26, 27, 28, 29, 30, 31, 32, 33, 34, 35, 36, 37, 38, 39], "data": [0.0, 0.0, 0.0, 0.0, 0.0, 0.0, 0.04130480862834616, 0.0, 1.628608571075191e-05, 0.0, 0.0, 0.0, 0.0, 0.0, 0.04701149079975676, 0.0005332057450322115, 0.0, 0.0, 0.0, 0.06326545290784964, 0.0, 0.0, 0.0, 0.0, 0.0, 0.0, 0.0, 0.0, 0.0, 0.05702677018834559, 0.0, 0.0, 0.0033519249103284654, 0.0, 0.0, 0.062013670316246924, 0.0, 0.0, 0.0, 0.0]}