{"labels": [0, 1, 2, 3, 4, 5, 6, 7, 8, 9, 10, 11, 12, 13, 14, 15, 16, 17, 18, 19, 20, 21, 22, 23, 24, 25, 26, 27, 28, 29, 30, 31, 32, 33, 34, 35, 36, 37, 38, 39], "data": [0.00814065208218037, 0.0, 0.0, 0.006318290455531929, 0.00848266085460246, 0.0, 0.01703159469063273, 0.05624101464791766, 0.0, 0.0, 0.0, 0.0, 0.0, 0.0, 0.0, 0.0, 0.0, 0.0, 0.0, 0.0, 0.0, 0.003167752503863092, 0.0, 0.12077872090986475, 0.0, 0.0, 0.0, 0.0, 0.0, 0.0, 0.0, 0.004212639606161662, 0.0, 0.0, 0.0, 0.0, 0.0, 0.018518920330498463, 0.0, 0.0]}