{"labels": [0, 1, 2, 3, 4, 5, 6, 7, 8, 9, 10, 11, 12, 13, 14, 15, 16, 17, 18, 19, 20, 21, 22, 23, 24, 25, 26, 27, 28, 29, 30, 31, 32, 33, 34, 35, 36, 37, 38, 39], "data": [0.007283893005361328, 0.0089761445711341, 0.0003008898231737743, 0.008072905044733628, 0.017629471024256937, 0.012177139572337972, 0.029975635000106086, 0.008242671315448829, 0.0, 0.012156960828176478, 0.0, 0.0033801124949837122, 0.0, 0.0, 0.0, 0.00504241557442297, 0.0, 0.05868643393592398, 0.0002440335468816294, 0.0, 0.017691624861608038, 0.014901500113779258, 0.0, 0.007549990534138119, 0.0, 0.0050470534176723265, 0.004071290604211628, 0.027164713981936296, 0.004470736351624672, 0.0, 0.006884477434587527, 0.0, 0.0, 0.0, 0.031944200388174374, 0.0, 0.0007506922472556301, 0.0, 0.0010459757213667415, 0.026366495799696403]}