{"labels": [0, 1, 2, 3, 4, 5, 6, 7, 8, 9, 10, 11, 12, 13, 14, 15, 16, 17, 18, 19, 20, 21, 22, 23, 24, 25, 26, 27, 28, 29, 30, 31, 32, 33, 34, 35, 36, 37, 38, 39], "data": [0.061277205678564706, 0.014047739908584739, 0.0, 0.010699969244014833, 0.032711866594898435, 0.0, 0.09808684763842576, 0.0, 0.0, 0.0, 0.008246543624629472, 0.0, 0.0, 0.0, 0.0, 0.0, 0.0, 0.0, 0.021017783579016056, 0.0, 0.0, 0.0, 0.0, 0.0, 0.0, 0.0, 0.0, 0.0, 0.0, 0.002247305399650665, 0.0, 0.0, 0.011581428741332736, 0.007464065239881599, 0.0, 0.0, 0.0, 0.0, 0.0, 0.0]}