{"labels": [0, 1, 2, 3, 4, 5, 6, 7, 8, 9, 10, 11, 12, 13, 14, 15, 16, 17, 18, 19, 20, 21, 22, 23, 24, 25, 26, 27, 28, 29, 30, 31, 32, 33, 34, 35, 36, 37, 38, 39], "data": [0.002264560370800815, 0.0, 0.0, 0.0, 0.0, 0.02962375782832328, 0.0, 0.0, 0.0, 0.0, 0.0, 0.007036640894282574, 0.0, 0.0, 0.023328761031339355, 0.0, 0.0, 0.0, 0.0009400461828413593, 0.002007604247776624, 0.01262453551723915, 0.0, 0.00038631680433166355, 0.0018087053457267125, 0.0, 0.011169953623478468, 0.003201389869099908, 0.03231728059861556, 0.0, 0.0, 0.0, 0.0, 0.0, 0.0201808750752416, 0.0, 0.0, 0.002428779095559648, 0.013794823319141019, 0.004356347616454868, 0.00048402780605518066]}