{"labels": [0, 1, 2, 3, 4, 5, 6, 7, 8, 9, 10, 11, 12, 13, 14, 15, 16, 17, 18, 19, 20, 21, 22, 23, 24, 25, 26, 27, 28, 29, 30, 31, 32, 33, 34, 35, 36, 37, 38, 39], "data": [0.009493951852726116, 0.0, 0.0, 0.0, 0.016139963700425572, 0.0, 0.0, 0.0, 0.0, 0.027538644059570096, 0.00251176754548898, 0.0, 0.0, 0.005607841746248121, 0.0, 0.0, 0.0, 0.0040814936341016, 0.0, 0.005724264094152588, 0.0, 0.0, 0.002467385822474219, 0.008021221445139002, 0.007828009111634589, 0.019658334556254386, 0.0, 0.0, 0.0, 0.0, 0.0, 0.0, 0.0, 0.0, 0.0, 0.0, 0.0, 0.0, 0.0, 0.0]}