{"labels": [0, 1, 2, 3, 4, 5, 6, 7, 8, 9, 10, 11, 12, 13, 14, 15, 16, 17, 18, 19, 20, 21, 22, 23, 24, 25, 26, 27, 28, 29, 30, 31, 32, 33, 34, 35, 36, 37, 38, 39], "data": [0.004495924884566003, 0.0, 0.0, 0.0, 0.0016310833956236196, 0.0, 0.0009323849716733658, 0.0, 0.0, 0.0, 0.0, 0.0, 0.0, 0.0, 0.0, 0.0, 0.0, 0.0, 0.0, 0.03407798004142004, 0.0, 0.011771920451066224, 0.0, 0.0, 0.07973625874868223, 0.0, 0.07688303573923222, 4.600131391667279e-05, 0.0, 0.01130901142186092, 0.0034904982829284097, 0.06856672393742634, 0.00029669254187541795, 0.006495368669850443, 0.008931886984087567, 0.0, 0.0, 0.0, 0.0, 0.0]}