{"labels": [0, 1, 2, 3, 4, 5, 6, 7, 8, 9, 10, 11, 12, 13, 14, 15, 16, 17, 18, 19, 20, 21, 22, 23, 24, 25, 26, 27, 28, 29, 30, 31, 32, 33, 34, 35, 36, 37, 38, 39], "data": [3.125536727371356e-05, 0.010561368804829647, 0.0, 0.0, 0.0, 0.010130806499479294, 0.00494860608973829, 0.0, 0.0, 0.0, 0.01790802839836046, 0.07609449766571681, 0.009672730244547212, 0.0, 0.007893375026095478, 0.020832349493813046, 0.0, 0.007051249515532495, 0.04363674421855651, 0.0, 0.0, 0.009178558125434312, 0.008123008363260166, 0.0053007291292428, 0.0, 0.03004994693552657, 0.0071190201397148154, 0.0, 0.0, 0.0, 0.023730568186173164, 0.0, 0.001667146287362548, 0.0, 0.0, 0.02295483457817646, 0.03299387444542042, 0.0, 0.03241969034790921, 0.0]}