{"labels": [0, 1, 2, 3, 4, 5, 6, 7, 8, 9, 10, 11, 12, 13, 14, 15, 16, 17, 18, 19, 20, 21, 22, 23, 24, 25, 26, 27, 28, 29, 30, 31, 32, 33, 34, 35, 36, 37, 38, 39], "data": [0.0, 0.0, 0.0, 0.0, 0.04682267759668477, 0.0, 0.012509200157701765, 0.0, 0.0, 0.0, 0.0, 0.0015842765752033623, 0.0, 0.0008078567809177525, 0.0, 0.007323317039056748, 0.0, 0.0, 0.0, 0.07266841703690112, 0.0, 0.001100093519173402, 0.001345676487928476, 0.010121157190817832, 0.0, 0.003999779224805301, 0.0, 0.0, 0.0, 0.0, 0.0, 0.0, 0.006789560318678125, 0.0, 0.0, 0.0, 0.0, 0.016525092351757135, 0.0, 0.0]}