{"labels": [0, 1, 2, 3, 4, 5, 6, 7, 8, 9, 10, 11, 12, 13, 14, 15, 16, 17, 18, 19, 20, 21, 22, 23, 24, 25, 26, 27, 28, 29, 30, 31, 32, 33, 34, 35, 36, 37, 38, 39], "data": [0.09990201419670339, 0.0, 0.0, 0.0, 0.0, 0.0, 0.0024794945744345633, 0.0, 0.0, 0.0, 0.0, 0.022906468459095726, 0.0, 0.03448757882149392, 0.0, 0.004958048344292097, 0.0, 0.0, 0.00012799462127194403, 0.0, 0.040478088783608784, 0.014674375492989302, 0.0, 0.0, 0.0, 0.13735944206947096, 0.0, 0.0, 0.0, 0.0, 0.02073604920194666, 0.007155228580450466, 0.0009255346427610225, 0.0, 0.0011222284016150432, 0.023961919057000944, 0.006263904695858662, 0.06852095527737873, 0.0036281986191627836, 0.0]}