{"labels": [0, 1, 2, 3, 4, 5, 6, 7, 8, 9, 10, 11, 12, 13, 14, 15, 16, 17, 18, 19, 20, 21, 22, 23, 24, 25, 26, 27, 28, 29, 30, 31, 32, 33, 34, 35, 36, 37, 38, 39], "data": [0.0, 0.0, 0.010553321011262459, 0.03570643391883945, 0.01681499056873922, 0.0, 0.0, 0.0, 0.0, 0.013301299692097807, 0.0, 0.0, 0.02364284547247394, 0.025994438818582356, 0.0, 0.0, 0.045341533348475696, 0.009455599425744577, 0.0, 0.019559909825434787, 0.0, 0.0, 0.0, 0.02460821231173032, 0.0, 0.011758811320333434, 0.0, 0.05017953937200913, 0.0, 0.0, 0.0, 0.0031345797233771986, 0.0, 0.043076414577350106, 0.0005409245870618623, 0.0, 0.0, 0.0, 0.0, 0.0]}