{"labels": [0, 1, 2, 3, 4, 5, 6, 7, 8, 9, 10, 11, 12, 13, 14, 15, 16, 17, 18, 19, 20, 21, 22, 23, 24, 25, 26, 27, 28, 29, 30, 31, 32, 33, 34, 35, 36, 37, 38, 39], "data": [0.003538928458053745, 0.0, 6.96042186389344e-05, 0.0, 0.012611488125309203, 0.0, 0.0, 0.0, 0.0, 0.009547887683810761, 0.0, 0.0, 0.0, 0.0029588111653132353, 0.0, 0.0, 0.0, 0.005729093427018065, 0.008518846671529938, 0.0013917218414346375, 0.0, 0.0, 0.08906089219973819, 0.013016909027697778, 0.0001806319710190876, 0.018429389560603825, 0.0, 0.041039536913281285, 0.0, 0.0, 0.0, 0.0032013175880375054, 0.0, 0.0029288092356128314, 0.0, 0.0, 0.0, 0.002169329726473393, 0.013455683528039516, 0.0]}