{"labels": [0, 1, 2, 3, 4, 5, 6, 7, 8, 9, 10, 11, 12, 13, 14, 15, 16, 17, 18, 19, 20, 21, 22, 23, 24, 25, 26, 27, 28, 29, 30, 31, 32, 33, 34, 35, 36, 37, 38, 39], "data": [0.007650167217711216, 0.0, 0.0, 0.0, 0.0, 0.0, 0.005061471539698607, 0.0, 0.0031942003842054104, 0.004881416182788304, 0.0008370799387521901, 0.09444941759594365, 0.0, 0.0031257201361311092, 0.0, 0.0, 0.0, 0.015901045457368965, 0.0, 0.03628695628355489, 0.0, 0.0, 5.055944034726405e-05, 0.0, 0.0006132469481249612, 0.030854079682924807, 0.0, 0.0, 0.0, 0.0, 0.0, 0.0009928123385482964, 0.00046829727158051736, 0.0, 0.0011855655712787387, 0.0, 0.0, 0.0282779679331371, 0.0, 0.0]}