{"labels": [0, 1, 2, 3, 4, 5, 6, 7, 8, 9, 10, 11, 12, 13, 14, 15, 16, 17, 18, 19, 20, 21, 22, 23, 24, 25, 26, 27, 28, 29, 30, 31, 32, 33, 34, 35, 36, 37, 38, 39], "data": [0.0, 0.0, 0.0, 0.0, 0.0017637320458356934, 0.0, 0.0, 0.0, 0.0, 0.01025608190711877, 0.0, 0.0, 0.0, 0.003285923165670023, 0.0, 0.0, 0.0, 0.010079292452041505, 0.0, 0.004310132021807027, 0.005952631898642401, 0.0, 0.0, 0.040381190528410806, 0.0, 0.0, 0.0, 0.0, 0.0, 0.0, 0.0004055660940993965, 0.0, 0.0, 0.0, 0.0, 0.060946803232860246, 0.0, 0.03477397435003543, 0.006538740520622275, 0.0]}