{"labels": [0, 1, 2, 3, 4, 5, 6, 7, 8, 9, 10, 11, 12, 13, 14, 15, 16, 17, 18, 19, 20, 21, 22, 23, 24, 25, 26, 27, 28, 29, 30, 31, 32, 33, 34, 35, 36, 37, 38, 39], "data": [0.016285740776275516, 0.0, 0.0, 0.0026455767557701693, 0.0025227041443774112, 0.0, 0.0, 0.0, 3.0309594495077956e-05, 0.029365822668485024, 0.0, 0.0, 0.0, 0.016692415214329473, 0.0, 0.0014240893040130841, 0.01352482985136429, 0.0, 0.0012434469460342642, 0.0018054955866314113, 0.008450131600216425, 0.0, 0.00030227232791549263, 0.012935876185762108, 0.01766983966995964, 0.0239281557353598, 0.0, 0.04552668771515945, 0.0, 0.005234971730205586, 0.0, 2.1722423555702423e-05, 0.006369575820194032, 0.017559662660279245, 0.0025124002112089597, 0.0, 0.0028503169859060125, 0.01575493058149496, 0.0, 0.06546218498374459]}