{"labels": [0, 1, 2, 3, 4, 5, 6, 7, 8, 9, 10, 11, 12, 13, 14, 15, 16, 17, 18, 19, 20, 21, 22, 23, 24, 25, 26, 27, 28, 29, 30, 31, 32, 33, 34, 35, 36, 37, 38, 39], "data": [0.025519083967523466, 0.0, 0.0, 0.009680815206141198, 0.0, 0.0, 0.0197262685800419, 0.0, 0.0, 0.0, 0.0, 0.03564772337941347, 0.0, 0.0, 0.0, 0.0, 0.0, 0.027018330090378254, 0.0, 0.0, 0.0, 0.0, 0.0, 0.0, 0.0, 0.0933433455245622, 0.0, 0.0, 0.0, 0.0, 0.0, 0.0009542598689217065, 0.0, 0.008634265146307173, 0.0292457397611263, 0.0, 0.007313999726602812, 0.0, 0.0, 0.0]}