{"labels": [0, 1, 2, 3, 4, 5, 6, 7, 8, 9, 10, 11, 12, 13, 14, 15, 16, 17, 18, 19, 20, 21, 22, 23, 24, 25, 26, 27, 28, 29, 30, 31, 32, 33, 34, 35, 36, 37, 38, 39], "data": [0.004125200667024179, 0.02085078222261596, 0.0, 0.044034281143706167, 0.018608675606750853, 0.0, 0.0019810341303416407, 0.0, 0.0, 0.0, 0.0, 0.0, 0.0, 0.0, 0.0, 0.0, 0.0, 0.007234345038461667, 0.006149013531242566, 0.0, 0.0, 0.003170611227189469, 0.0, 0.0016764675267098928, 0.023609892668430513, 0.0, 0.03478895479641599, 0.0, 0.0, 0.0, 0.0, 0.0767595166974214, 0.0, 0.0, 0.0, 0.0, 0.007587381884260819, 0.0, 0.0, 0.0006482247212667092]}