{"labels": [0, 1, 2, 3, 4, 5, 6, 7, 8, 9, 10, 11, 12, 13, 14, 15, 16, 17, 18, 19, 20, 21, 22, 23, 24, 25, 26, 27, 28, 29, 30, 31, 32, 33, 34, 35, 36, 37, 38, 39], "data": [0.0, 0.0033121681470940556, 0.019891747169193723, 0.0, 0.0, 0.04045240053235348, 0.009291934482153978, 0.01280164428060968, 0.0, 0.02736033631015137, 0.0, 0.0, 0.012890883290879418, 0.0, 0.010533383835247117, 0.0, 0.0, 0.03970717276044234, 0.0, 0.0, 0.0005786048737355911, 0.02811530759898353, 0.007519378004283634, 0.0, 0.0, 0.0, 0.0, 0.00234621839019965, 5.13912430279819e-05, 0.019341246522464817, 0.0, 0.0005762479354133443, 0.029277683600397987, 0.004987438436290389, 0.021758498737366627, 0.0, 0.0032845592196890346, 0.0, 0.0, 5.483301907026438e-05]}