{"labels": [0, 1, 2, 3, 4, 5, 6, 7, 8, 9, 10, 11, 12, 13, 14, 15, 16, 17, 18, 19, 20, 21, 22, 23, 24, 25, 26, 27, 28, 29, 30, 31, 32, 33, 34, 35, 36, 37, 38, 39], "data": [0.0, 0.0, 0.009801923103727857, 0.011384372408814214, 0.005864271769415022, 0.01573263771300996, 0.0, 0.0, 0.0, 0.0040048513502748805, 0.008307635003736357, 0.0046600538440297, 0.0, 0.0, 0.0, 0.013355341692705247, 0.0, 0.0, 0.00840849021481303, 0.0, 0.002670122959028077, 0.0022834715962190087, 0.0, 0.0, 0.024314517852379692, 0.02532957360980133, 0.0015047816082774607, 0.0014058890156559997, 0.0, 0.0, 0.0, 0.0016253580207507765, 0.0, 0.13754575873004596, 0.003913873979905114, 0.017244690151420317, 0.0028625877380415187, 0.012705758794254141, 0.0, 0.0018537581131412868]}