{"labels": [0, 1, 2, 3, 4, 5, 6, 7, 8, 9, 10, 11, 12, 13, 14, 15, 16, 17, 18, 19, 20, 21, 22, 23, 24, 25, 26, 27, 28, 29, 30, 31, 32, 33, 34, 35, 36, 37, 38, 39], "data": [0.0, 0.0, 0.002022943033558062, 0.0043508470385627785, 0.0047363665373458316, 0.014505722569305967, 0.010140717635918364, 0.0, 0.007065866596175034, 0.0, 0.0016232384063798785, 0.0023572115509115457, 0.03187305247735175, 0.042670986604516056, 0.022902915209456143, 0.005147393598314591, 0.0191744700904723, 0.0009673999457524002, 0.0004922054272819917, 0.005649797926522431, 0.04230750145355755, 0.008348416638685432, 0.0, 0.026276594335952166, 0.0, 0.0, 0.0, 0.021015740103771864, 0.0, 0.0007204510348778015, 0.009485441730476616, 0.004759260812323821, 0.0, 0.005509893504953085, 0.011756066071180668, 0.0, 0.0032772992131023374, 0.006058569920091706, 0.008435111675328098, 0.0]}