{"labels": [0, 1, 2, 3, 4, 5, 6, 7, 8, 9, 10, 11, 12, 13, 14, 15, 16, 17, 18, 19, 20, 21, 22, 23, 24, 25, 26, 27, 28, 29, 30, 31, 32, 33, 34, 35, 36, 37, 38, 39], "data": [0.0, 0.0020382434104730777, 0.0, 0.0, 0.0, 0.0, 0.0, 0.007680436336938744, 0.0, 0.0, 0.0, 0.0, 0.003092548190067558, 0.0, 0.041193028933647395, 0.0, 0.012057728372328273, 0.011882973707233924, 0.0, 0.0, 0.0, 0.001254732789842972, 0.006667902964756843, 0.0, 0.07163938901718687, 0.0, 0.0, 0.0013205968466603367, 0.0, 0.0, 0.0025426476731041105, 0.0, 0.0, 0.00503004972039146, 0.0, 0.0, 0.0, 0.0, 0.0, 0.0]}