{"labels": [0, 1, 2, 3, 4, 5, 6, 7, 8, 9, 10, 11, 12, 13, 14, 15, 16, 17, 18, 19, 20, 21, 22, 23, 24, 25, 26, 27, 28, 29, 30, 31, 32, 33, 34, 35, 36, 37, 38, 39], "data": [0.005938872717528273, 0.0, 0.000429178369255478, 0.0, 0.01936555224942549, 0.004737001889199905, 0.0, 0.041675715980329424, 0.0, 0.0, 0.0, 0.0063023440542766965, 0.0, 0.006443612310382221, 0.0, 0.0, 0.0, 0.007654802358462934, 0.06660201400288893, 0.0, 0.010356667518638325, 0.007389820891528204, 0.00540656524033266, 0.0, 0.00888235782867941, 0.0, 0.0024214249320166086, 0.0, 9.639855091009976e-05, 0.0, 0.004463134078450051, 0.003352685575439503, 0.0008122973241927753, 0.01981796215418774, 0.0, 0.005784996093780548, 0.0, 0.006709316353214713, 0.00909978313975682, 0.00043467028838755284]}