{"labels": [0, 1, 2, 3, 4, 5, 6, 7, 8, 9, 10, 11, 12, 13, 14, 15, 16, 17, 18, 19, 20, 21, 22, 23, 24, 25, 26, 27, 28, 29, 30, 31, 32, 33, 34, 35, 36, 37, 38, 39], "data": [0.0, 0.006544915461558877, 0.0, 0.0, 0.0, 0.049927762851173924, 0.0, 0.07752030892034702, 0.0, 0.0, 0.02066613191993089, 0.0, 0.0, 0.0, 0.0, 0.015703206557664835, 0.0, 0.0, 0.033575207350235246, 0.0, 0.008453091858562802, 0.0, 0.0, 0.0, 0.0, 0.0, 0.001833123040241482, 0.0, 0.007066836324631042, 0.0, 0.0, 0.0, 0.0, 0.0, 0.011147411213181406, 0.0, 0.0, 0.02563125285971978, 0.0, 0.0]}