{"labels": [0, 1, 2, 3, 4, 5, 6, 7, 8, 9, 10, 11, 12, 13, 14, 15, 16, 17, 18, 19, 20, 21, 22, 23, 24, 25, 26, 27, 28, 29, 30, 31, 32, 33, 34, 35, 36, 37, 38, 39], "data": [0.005261695328328471, 0.0, 0.0008798161604852641, 0.0, 0.03559862528031451, 0.0, 0.010214203141767696, 0.0, 0.019302142166952727, 0.0025024738895426633, 0.0, 0.0002263093653200082, 0.0, 0.02950344182991734, 0.0, 0.0, 0.0, 0.0, 0.00044358770542964515, 0.0, 0.0, 0.032713060647741, 0.03739147900107522, 0.003912087504116791, 0.0, 0.002866199212697376, 0.000428586406427017, 0.0, 0.0, 3.656752279821578e-05, 0.0059197951672045925, 0.0003551748386074811, 0.0013893665378814203, 0.0013313655709743216, 0.02798942082053475, 0.0, 0.0, 0.0, 0.0, 0.003357764519248515]}