{"labels": [0, 1, 2, 3, 4, 5, 6, 7, 8, 9, 10, 11, 12, 13, 14, 15, 16, 17, 18, 19, 20, 21, 22, 23, 24, 25, 26, 27, 28, 29, 30, 31, 32, 33, 34, 35, 36, 37, 38, 39], "data": [0.0, 0.0, 0.0, 0.0011083693381209552, 0.0105828201596023, 0.0, 0.046028707664685115, 0.00012450312190463866, 0.0028997622085367796, 0.0, 0.0, 0.07139799901010595, 0.0, 0.0026620513494581715, 0.0, 0.005058631482421557, 0.0007617143197630356, 0.0, 0.0, 0.05143838751212919, 0.0, 0.0010688320941916283, 0.00030531020070893953, 0.007484725982530677, 0.001307154671877149, 0.0, 0.009253775329984455, 0.0, 0.0017683082836306234, 0.0, 0.0, 0.0024157061549894164, 0.0, 0.0, 0.005838176980244254, 0.0, 0.0, 0.002312608092636956, 0.0, 0.0]}