{"labels": [0, 1, 2, 3, 4, 5, 6, 7, 8, 9, 10, 11, 12, 13, 14, 15, 16, 17, 18, 19, 20, 21, 22, 23, 24, 25, 26, 27, 28, 29, 30, 31, 32, 33, 34, 35, 36, 37, 38, 39], "data": [0.0, 0.0, 0.026576574434248698, 0.0, 0.0, 0.0, 0.004816210631188637, 0.0, 0.00820031228402599, 0.0, 0.016031624380870142, 0.0, 0.008426181824144145, 0.0, 0.0, 0.00010960124027078396, 0.001717809396167937, 0.0, 0.0, 0.0, 0.0, 0.0, 0.10205067264618282, 0.0, 0.04187007346077682, 0.0, 0.0021624224085506514, 0.00044014472033172087, 0.0, 0.0, 0.000859319748422496, 0.0, 0.0, 0.0, 0.0, 0.04629861016619406, 0.008987826468334702, 0.025708848041689398, 0.007140807652815844, 0.0011610237957155696]}