{"labels": [0, 1, 2, 3, 4, 5, 6, 7, 8, 9, 10, 11, 12, 13, 14, 15, 16, 17, 18, 19, 20, 21, 22, 23, 24, 25, 26, 27, 28, 29, 30, 31, 32, 33, 34, 35, 36, 37, 38, 39], "data": [0.0, 0.0, 0.02665392435453386, 0.0, 0.04331125783988058, 0.0, 0.027492974152967174, 0.0, 0.0, 0.0, 0.0, 0.0, 0.0, 0.0, 0.0, 0.0017851777300884142, 0.0, 0.0, 0.0, 0.0, 0.00069507029005894, 0.0005408459058362753, 0.0, 0.0, 0.0, 0.0, 0.0, 0.0, 0.0, 0.02513736769553453, 0.0, 0.0, 0.0, 0.04244694602272718, 0.0, 0.0, 0.0, 0.046631420771037504, 0.0, 0.0]}