{"labels": [0, 1, 2, 3, 4, 5, 6, 7, 8, 9, 10, 11, 12, 13, 14, 15, 16, 17, 18, 19, 20, 21, 22, 23, 24, 25, 26, 27, 28, 29, 30, 31, 32, 33, 34, 35, 36, 37, 38, 39], "data": [0.0010535053333078674, 0.00042882657602091043, 0.0, 0.03598360893707623, 0.0, 0.0, 0.0, 0.0008376564483329731, 0.0014105309885809306, 0.0, 0.0, 0.00020092205908276746, 0.020275077098082656, 0.0, 0.0, 0.013895899893617896, 0.0, 0.019630101281521734, 0.0, 0.019933250503341944, 0.019719688510999887, 0.01582764495496816, 0.00035473076371864896, 0.0, 0.006647154157652305, 0.031881451728898766, 0.002199727449070794, 0.015547885148859754, 0.0, 0.0, 0.0, 0.0, 0.0, 0.005553653648690257, 0.02813543785081847, 0.022676162292034324, 0.0, 0.02070930591245176, 0.0, 0.00024922586783734224]}