{"labels": [0, 1, 2, 3, 4, 5, 6, 7, 8, 9, 10, 11, 12, 13, 14, 15, 16, 17, 18, 19, 20, 21, 22, 23, 24, 25, 26, 27, 28, 29, 30, 31, 32, 33, 34, 35, 36, 37, 38, 39], "data": [0.0012196879338550505, 0.0, 0.0, 0.0008150660536357148, 0.0, 0.0, 0.0, 0.0, 0.013624987389062274, 0.0, 0.0050927554017905115, 0.01579963763387167, 0.0, 0.0, 0.000876114038753497, 0.0, 0.0, 0.0, 0.000310603617049298, 0.000492814943552926, 0.0, 0.0, 0.0009938643890383173, 0.0, 0.0, 0.0, 0.0, 0.0, 0.0, 0.0, 0.0011845848393666374, 0.006357341914398087, 0.0, 0.0, 0.0020802041188103435, 0.0012232148547026813, 0.0050836103010014995, 0.023782132949922524, 0.0, 0.007807899242712594]}