{"labels": [0, 1, 2, 3, 4, 5, 6, 7, 8, 9, 10, 11, 12, 13, 14, 15, 16, 17, 18, 19, 20, 21, 22, 23, 24, 25, 26, 27, 28, 29, 30, 31, 32, 33, 34, 35, 36, 37, 38, 39], "data": [0.01267447709555122, 0.0, 0.002893419866315647, 0.0, 0.0034915797953030845, 0.0, 0.001544523896520678, 0.0, 0.00122189467370533, 0.0, 0.0, 0.0, 0.0, 0.0, 0.0, 0.002007714896543834, 0.0012929524572661971, 0.0, 0.0, 0.0007804244349207891, 0.0, 0.0006137408511035474, 0.0015070315621675517, 0.0, 0.006426553120164764, 0.0006726357801772506, 0.002321384522483157, 0.0, 0.012383580379713178, 0.0, 0.0, 0.0, 0.010847413075730426, 0.0, 0.004075922447454373, 0.0002267238155668819, 0.06937676702247243, 0.0, 0.0, 0.00019942499458792343]}