{"labels": [0, 1, 2, 3, 4, 5, 6, 7, 8, 9, 10, 11, 12, 13, 14, 15, 16, 17, 18, 19, 20, 21, 22, 23, 24, 25, 26, 27, 28, 29, 30, 31, 32, 33, 34, 35, 36, 37, 38, 39], "data": [0.0093545696671529, 0.0, 0.006348589007580328, 0.0, 0.016841449582127917, 0.013190325237572749, 0.012591128223462842, 0.0, 0.0, 0.0039485907246621455, 0.0, 0.0036103735666674474, 0.0017153369106555527, 0.03678158637259899, 0.0, 0.0, 0.0012642265829255874, 0.03660570975654248, 0.0, 0.0, 0.0, 0.0, 0.0, 0.0, 0.05623623844451096, 0.008221711110531093, 0.0, 0.0, 0.0, 0.0005096134763503326, 0.0015182188038249875, 0.0, 0.008942685082496876, 0.0066697552360567396, 0.0, 0.03388790885167455, 0.01614538596801758, 0.006560371198107258, 0.0037571073174915356, 0.004269169430400368]}