{"labels": [0, 1, 2, 3, 4, 5, 6, 7, 8, 9, 10, 11, 12, 13, 14, 15, 16, 17, 18, 19, 20, 21, 22, 23, 24, 25, 26, 27, 28, 29, 30, 31, 32, 33, 34, 35, 36, 37, 38, 39], "data": [0.0, 0.0009850759357912943, 0.0, 0.0, 0.0, 0.0, 0.0, 0.0, 0.0, 0.0005848087353602975, 0.033838474460414165, 0.0, 0.0, 0.0, 0.0, 0.0, 0.0, 0.0, 0.0, 0.0, 0.017863138358112637, 0.0, 0.0, 0.011117995556893107, 0.0, 0.0, 0.0, 0.0, 0.0, 0.01507374076957429, 0.017676802947178657, 0.0, 0.0007083808984947337, 0.0, 0.0, 0.0, 0.0, 0.0, 0.0, 0.0]}