{"labels": [0, 1, 2, 3, 4, 5, 6, 7, 8, 9, 10, 11, 12, 13, 14, 15, 16, 17, 18, 19, 20, 21, 22, 23, 24, 25, 26, 27, 28, 29, 30, 31, 32, 33, 34, 35, 36, 37, 38, 39], "data": [0.0, 0.0, 0.0, 0.0, 0.0, 0.0, 0.0, 0.0, 0.0, 0.01806961834286482, 0.0, 0.0, 0.0, 0.0026358604206016857, 0.0, 0.0, 0.0, 0.0, 0.0, 0.0, 0.005031239098059647, 0.0, 0.0, 0.0, 0.0, 0.0, 0.0, 0.03498123838594946, 0.0, 0.010425992341929383, 0.0, 0.0, 0.0, 0.0, 0.04169013461561566, 0.0, 0.051131166468648286, 0.0, 0.0, 0.0]}