{"labels": [0, 1, 2, 3, 4, 5, 6, 7, 8, 9, 10, 11, 12, 13, 14, 15, 16, 17, 18, 19, 20, 21, 22, 23, 24, 25, 26, 27, 28, 29, 30, 31, 32, 33, 34, 35, 36, 37, 38, 39], "data": [0.0, 0.0006505819010738865, 0.0, 0.04599969912089202, 0.09145089647368637, 0.0, 0.021152365089017373, 0.0, 0.0, 0.0, 0.0, 0.0, 0.0, 0.0, 0.0, 0.0029343701887612266, 0.01649625797798357, 0.0, 0.026579034241052475, 0.0, 0.0, 0.0, 0.05389241944338593, 0.0002891974377271439, 0.0, 0.0028110371041354695, 0.0008738735284998769, 0.00321619501526057, 0.0, 0.0, 0.01526123727086953, 0.0, 0.0, 0.0, 0.0, 0.004482267334730981, 0.0, 0.0, 0.0, 0.0]}