{"labels": [0, 1, 2, 3, 4, 5, 6, 7, 8, 9, 10, 11, 12, 13, 14, 15, 16, 17, 18, 19, 20, 21, 22, 23, 24, 25, 26, 27, 28, 29, 30, 31, 32, 33, 34, 35, 36, 37, 38, 39], "data": [5.016142386691606e-05, 0.0, 0.0, 0.0, 0.010188757041809628, 0.0, 0.037504195860765, 0.04491839437858194, 0.0, 0.010507114152981003, 0.0, 0.0, 0.0, 0.0012853359671771696, 0.01891623162513402, 0.006024391739828103, 0.0, 0.0, 0.005495331626217787, 0.0, 0.003497321072401735, 0.002887647926521878, 0.0, 0.0, 0.0, 0.0, 0.0013662560834948195, 0.0, 0.002651633354883401, 0.0, 0.005335103655534362, 0.0028953136452098574, 0.0, 0.009203666623327238, 0.0, 0.0, 0.0, 0.021746423016337064, 0.002490313267165811, 0.001587061335204896]}