{"labels": [0, 1, 2, 3, 4, 5, 6, 7, 8, 9, 10, 11, 12, 13, 14, 15, 16, 17, 18, 19, 20, 21, 22, 23, 24, 25, 26, 27, 28, 29, 30, 31, 32, 33, 34, 35, 36, 37, 38, 39], "data": [0.0009548401972088332, 0.00631078116978725, 0.004470271993668139, 0.0, 0.017117674490964126, 0.0, 0.0, 0.0, 0.004417269633986151, 0.014340125860735341, 5.4900928629620506e-05, 0.0, 0.012426128348711533, 0.0, 0.0, 0.0, 0.0015852873557319165, 0.0, 0.0, 0.0, 0.0011200046801892257, 0.0, 0.0, 0.0, 0.0, 0.0, 0.0, 0.005396350298674718, 0.0, 0.0, 0.0, 0.0011169132433219151, 0.0, 0.1096273957883633, 0.00589358785191023, 0.0, 0.0, 0.02913955498250842, 0.001990144231077869, 0.0]}