{"labels": [0, 1, 2, 3, 4, 5, 6, 7, 8, 9, 10, 11, 12, 13, 14, 15, 16, 17, 18, 19, 20, 21, 22, 23, 24, 25, 26, 27, 28, 29, 30, 31, 32, 33, 34, 35, 36, 37, 38, 39], "data": [0.0, 0.0, 0.0012026606364102792, 0.0, 0.0, 0.00820731766723548, 0.013033994502302412, 0.0004480494515218587, 0.0, 0.0, 0.04368886627250905, 0.0, 0.0025732294290839327, 0.025126191081119395, 0.0, 0.0, 0.0, 0.004327103028968474, 0.0, 0.0, 0.0, 0.00023455122163992185, 0.04106325690484883, 0.02366133876256326, 0.0, 0.0037322513655172734, 0.0, 0.028883563663853525, 0.0, 0.0, 0.0, 0.0006437501347242446, 0.03202813863707291, 0.0, 0.0015687791439350236, 0.0, 0.0, 0.02011206690735166, 0.024581736199035295, 0.0]}