{"labels": [0, 1, 2, 3, 4, 5, 6, 7, 8, 9, 10, 11, 12, 13, 14, 15, 16, 17, 18, 19, 20, 21, 22, 23, 24, 25, 26, 27, 28, 29, 30, 31, 32, 33, 34, 35, 36, 37, 38, 39], "data": [0.0013119770297348942, 0.0, 0.002382019220230273, 0.021317563124884545, 0.025432023754927414, 0.0, 0.007333728190694531, 0.0006529152093511497, 0.0, 0.0014594790382858327, 0.0, 0.0, 0.0, 0.008269908826479827, 0.004623946846794251, 0.0, 0.008210017195594018, 0.0, 0.0, 0.0009461592558607423, 0.04726509466009301, 0.002878577272578212, 0.0, 0.022009667605195574, 0.023957125364689903, 0.0, 0.005469303857055298, 0.01984419645466754, 0.008248350002015938, 0.0006704072407930834, 0.003674579841039928, 0.0, 0.0008955439471008508, 0.0, 0.0007915270351008538, 0.04323250268775644, 0.0, 0.02530181800000406, 0.0, 0.0]}