{"labels": [0, 1, 2, 3, 4, 5, 6, 7, 8, 9, 10, 11, 12, 13, 14, 15, 16, 17, 18, 19, 20, 21, 22, 23, 24, 25, 26, 27, 28, 29, 30, 31, 32, 33, 34, 35, 36, 37, 38, 39], "data": [0.0, 0.0, 0.0, 0.0, 0.026452522881885362, 0.01918246069322836, 0.005946935892747432, 0.0, 0.017284283710990188, 0.0, 0.0, 0.0010491805505480748, 0.0, 0.0, 0.002837316547781578, 0.0, 0.020948406956784023, 0.0, 0.0, 0.0006369096973744158, 0.0, 0.0, 0.0009828709192686357, 0.0, 0.0, 0.007547829757246647, 0.0015197472442993474, 0.03400783738450184, 0.0018996550238979224, 0.0, 0.0011061514759034313, 0.0, 0.0007309406046672474, 0.0, 0.06252578673708054, 0.0, 0.0, 0.004524193843819783, 0.0, 0.0]}