{"labels": [0, 1, 2, 3, 4, 5, 6, 7, 8, 9, 10, 11, 12, 13, 14, 15, 16, 17, 18, 19, 20, 21, 22, 23, 24, 25, 26, 27, 28, 29, 30, 31, 32, 33, 34, 35, 36, 37, 38, 39], "data": [0.010964542355242511, 0.005039827414320545, 0.008934934738530376, 0.0032357641961528716, 0.008685361440757327, 0.0, 0.022142627407276155, 0.0, 0.002480411070759313, 0.0, 0.005127433400611605, 0.009338173413606625, 0.0, 0.0, 0.007257982387164814, 0.058759865044777426, 0.0, 0.0, 0.019347455547549783, 0.0, 0.035462595346707246, 0.0, 0.003312123823113827, 0.029993946886008285, 0.00458573131837447, 0.020816536172345693, 8.824789619338102e-05, 0.0003451021267625904, 0.0, 0.003752311892190422, 0.039434487559187964, 0.0, 0.001597516185030889, 0.006297320525539012, 0.024331595673342126, 0.007571776713046229, 0.0, 0.004251014347980025, 0.011630487807657866, 0.014361467441874448]}