{"labels": [0, 1, 2, 3, 4, 5, 6, 7, 8, 9, 10, 11, 12, 13, 14, 15, 16, 17, 18, 19, 20, 21, 22, 23, 24, 25, 26, 27, 28, 29, 30, 31, 32, 33, 34, 35, 36, 37, 38, 39], "data": [0.0, 0.0, 0.03652500781576837, 0.0, 0.002153372830136718, 0.0, 0.0, 0.0, 0.0, 0.0, 0.0, 8.11769740196209e-05, 0.0, 0.0, 0.0012628898028634165, 0.0, 0.024566933264133235, 0.0, 0.0, 0.00047605306558040357, 0.0, 0.0, 0.0004924255718357859, 0.0, 0.0, 0.0, 0.00048245409736776527, 0.0006083251028896298, 0.0, 0.0, 0.0, 0.0035901600783494604, 0.0, 0.0, 0.0, 0.0027849254059649827, 0.0, 0.012561860251577555, 0.0, 0.001096651318988065]}