{"labels": [0, 1, 2, 3, 4, 5, 6, 7, 8, 9, 10, 11, 12, 13, 14, 15, 16, 17, 18, 19, 20, 21, 22, 23, 24, 25, 26, 27, 28, 29, 30, 31, 32, 33, 34, 35, 36, 37, 38, 39], "data": [0.0007437934249827106, 0.003535959280636211, 0.016897796841282876, 0.03251937684555418, 0.011551135700300136, 0.0, 0.0033149452054138263, 0.012304192953370317, 0.0030206398401292863, 0.03036349064135611, 0.006272624988317691, 0.0, 0.0, 0.0, 0.0, 0.0, 0.0, 0.06894144878895965, 0.0025738533896215434, 0.0009154738221165627, 0.011711121632860682, 0.013880483537856637, 0.0, 0.0016232732650003645, 0.002341264866930488, 0.0, 0.0, 0.034382228060319875, 0.0, 0.0, 0.0, 0.0, 0.0017036307542433401, 0.029206093900143407, 0.0, 0.0, 0.014497801982265157, 0.0, 0.003978797090257974, 0.0]}