{"labels": [0, 1, 2, 3, 4, 5, 6, 7, 8, 9, 10, 11, 12, 13, 14, 15, 16, 17, 18, 19, 20, 21, 22, 23, 24, 25, 26, 27, 28, 29, 30, 31, 32, 33, 34, 35, 36, 37, 38, 39], "data": [0.16968338077838294, 0.02675496292645993, 0.004953864809860534, 0.0, 0.0, 0.0027062347046236464, 0.0, 0.0, 0.0, 0.0, 0.0, 0.0, 0.0, 0.0, 0.0, 0.0, 0.0022685532806126655, 0.049707029707702785, 0.0, 0.011297476928010829, 0.0, 0.021862355591530398, 0.0, 0.0, 0.0, 0.0, 0.0015708117694707346, 0.0, 0.0, 0.0, 0.0, 0.0, 0.0012172457181526203, 0.0, 0.0, 0.012207158619982002, 0.05348058751707813, 0.0, 0.0, 0.0]}