{"labels": [0, 1, 2, 3, 4, 5, 6, 7, 8, 9, 10, 11, 12, 13, 14, 15, 16, 17, 18, 19, 20, 21, 22, 23, 24, 25, 26, 27, 28, 29, 30, 31, 32, 33, 34, 35, 36, 37, 38, 39], "data": [0.0, 0.0, 0.0, 0.0, 0.0, 0.0, 0.0, 0.0, 0.0, 0.0, 0.006646936022769419, 0.0, 0.0, 0.0, 0.0, 0.008583611720162617, 0.0, 0.0, 0.0, 0.0009217131448617329, 0.0024701214519716047, 0.0, 0.0, 0.0012351607447545648, 0.0, 0.0, 0.07615267087008354, 0.0, 0.0, 0.0, 0.0, 0.0, 0.0, 0.06909911696871367, 0.0005495273858971405, 0.0, 0.0, 0.02720168458864989, 0.009420312103223373, 0.00434086390610213]}