{"labels": [0, 1, 2, 3, 4, 5, 6, 7, 8, 9, 10, 11, 12, 13, 14, 15, 16, 17, 18, 19, 20, 21, 22, 23, 24, 25, 26, 27, 28, 29, 30, 31, 32, 33, 34, 35, 36, 37, 38, 39], "data": [0.002172695093869716, 0.008165632792766178, 0.0, 0.007641266704115673, 0.0, 0.019567190415247133, 0.016879508457569022, 0.0, 0.006704599288965142, 0.016301330487749042, 0.0041702130886676955, 0.004903592055370922, 0.020259954059648245, 0.0, 0.00108198944312154, 0.002625079011102766, 0.0, 0.0, 0.0, 0.00028095126720203474, 0.0, 0.004094028032693853, 0.0, 0.0, 0.0, 0.0, 0.004873435934306473, 0.0, 0.0, 0.0, 0.0, 0.0, 0.0, 0.013942496040158086, 0.03072076549889063, 0.003486923055547498, 0.003879495829323822, 0.03040320337272315, 0.007347783772834542, 0.0]}