{"labels": [0, 1, 2, 3, 4, 5, 6, 7, 8, 9, 10, 11, 12, 13, 14, 15, 16, 17, 18, 19, 20, 21, 22, 23, 24, 25, 26, 27, 28, 29, 30, 31, 32, 33, 34, 35, 36, 37, 38, 39], "data": [0.018453290391229716, 0.014100750842785842, 0.004069620267338584, 0.0024853894950951504, 0.023825974239083825, 0.008446528112865748, 0.0, 0.009514517077475733, 0.0013095965925553508, 0.0, 0.025203088159956023, 0.004706766690040102, 0.012837907630910842, 0.0013562628898522637, 0.008728670803210202, 0.0, 0.0, 0.012093063440252513, 0.021849165254157425, 0.028121661856870074, 0.005204829919773872, 0.02382810808335399, 0.0, 0.0, 0.0, 0.010397314982553542, 0.0005739853849238876, 0.0, 0.040414894130345026, 0.0, 0.07138556542947562, 0.031998838084812756, 0.020967639810517996, 0.012462127816875168, 0.017035832556554758, 0.004095774891023474, 0.0, 0.014022704693904448, 0.005906981595389397, 0.0]}