{"labels": [0, 1, 2, 3, 4, 5, 6, 7, 8, 9, 10, 11, 12, 13, 14, 15, 16, 17, 18, 19, 20, 21, 22, 23, 24, 25, 26, 27, 28, 29, 30, 31, 32, 33, 34, 35, 36, 37, 38, 39], "data": [0.0, 0.0, 0.01737382689453218, 0.014652475695771307, 0.03184100874436224, 0.001525998196509147, 0.02168210601125675, 0.0, 0.017612665651172338, 0.0, 0.0, 0.004260255558651263, 0.0, 2.7540500071002776e-05, 0.03727674780267818, 0.006909887626717719, 0.0007124831794884138, 0.0022157913455876964, 0.02943812778855422, 0.0, 0.02785609710192045, 0.0, 0.0, 0.0, 0.00020647301304339155, 0.006464397063471478, 0.04650630584845185, 0.00047540842242333153, 0.007941192641672052, 0.0, 0.030101571939187128, 0.002367828144506566, 0.0, 0.0, 0.0, 0.04723662857072384, 0.0032335870569692713, 0.0009776710361269418, 0.046282883779622426, 0.0025721786565123064]}