{"labels": [0, 1, 2, 3, 4, 5, 6, 7, 8, 9, 10, 11, 12, 13, 14, 15, 16, 17, 18, 19, 20, 21, 22, 23, 24, 25, 26, 27, 28, 29, 30, 31, 32, 33, 34, 35, 36, 37, 38, 39], "data": [0.0, 0.0, 0.0, 0.0, 0.0, 0.0, 0.0, 0.029949346977239198, 0.08155614132070346, 0.0, 0.060313367114306474, 0.0, 0.0, 0.0, 0.002576918999795412, 0.0, 0.0, 0.0, 0.0, 0.0, 0.0004485511893139455, 0.0, 0.001333288936854204, 0.0, 0.0, 0.0, 0.0, 4.6619311175615896e-05, 0.0, 0.0, 0.0, 0.0, 0.0005328248417823249, 0.0, 0.0, 0.050855228183971264, 0.0, 0.0, 0.0, 0.0]}