{"labels": [0, 1, 2, 3, 4, 5, 6, 7, 8, 9, 10, 11, 12, 13, 14, 15, 16, 17, 18, 19, 20, 21, 22, 23, 24, 25, 26, 27, 28, 29, 30, 31, 32, 33, 34, 35, 36, 37, 38, 39], "data": [0.005285827326938923, 0.0, 0.001113747178922414, 0.0, 0.0, 0.0, 0.003555647219364557, 0.04232292121611662, 0.0, 0.00035781882777913884, 0.0003044194897576482, 0.0, 0.0, 0.0, 0.024368988952076787, 0.0, 0.0, 0.0016764295375117884, 0.001518247477105366, 0.0002422456818874578, 0.0, 0.000495951716197637, 0.03589100581039851, 0.00016276949422619952, 0.0, 0.0, 7.22376737646458e-05, 0.0, 0.0, 0.011780754129094614, 0.0, 0.0, 0.001162364910962369, 0.015013763352325689, 0.0, 0.0, 0.0004269950527512215, 0.07228302530782935, 0.001779010435419931, 0.003597979697513074]}