{"labels": [0, 1, 2, 3, 4, 5, 6, 7, 8, 9, 10, 11, 12, 13, 14, 15, 16, 17, 18, 19, 20, 21, 22, 23, 24, 25, 26, 27, 28, 29, 30, 31, 32, 33, 34, 35, 36, 37, 38, 39], "data": [0.011662070164827761, 0.0, 0.0011857127534437297, 0.0, 0.0039446509933073765, 0.0, 0.0, 0.0, 0.0, 0.007216289232702231, 0.0, 0.0, 0.0, 0.0, 0.0, 0.0, 0.0015256507997029524, 0.020501067384679314, 0.0, 0.0, 0.000690418841216944, 0.0, 0.0006631816951859215, 0.0, 0.0, 0.0, 0.0, 0.03234452200459907, 0.004178803979737093, 0.0, 0.0, 0.00022408789162426046, 0.0, 0.007942057746294097, 0.0294381279011338, 0.0, 0.004345585216184975, 0.021026271660537315, 0.005195133292658125, 0.0]}