{"labels": [0, 1, 2, 3, 4, 5, 6, 7, 8, 9, 10, 11, 12, 13, 14, 15, 16, 17, 18, 19, 20, 21, 22, 23, 24, 25, 26, 27, 28, 29, 30, 31, 32, 33, 34, 35, 36, 37, 38, 39], "data": [0.006822889214892438, 0.007557853951632191, 0.008248697639912577, 0.013799185881395292, 0.0038956010467606837, 0.03559274398196873, 0.015664317439077594, 0.01975225938536346, 6.668751696605985e-05, 0.04242631305664169, 0.003946565470219506, 0.0, 0.019653781183945902, 0.013757942695665524, 0.0, 0.003183344413116658, 0.0, 0.06791495870289631, 0.011323820221785897, 0.03512882773919466, 0.009593188647750522, 0.006062242053262343, 0.0018968603117850051, 0.003996125343611558, 0.0030853288237407883, 0.019585500141711763, 0.0023176949962645838, 0.012298218094053194, 0.0, 0.007825069736958689, 0.02162605868865199, 0.0, 0.005249051246326377, 0.0, 0.005203679148371027, 0.010106212508623235, 0.005960406993578847, 0.0, 0.01826002839597896, 0.0]}