{"labels": [0, 1, 2, 3, 4, 5, 6, 7, 8, 9, 10, 11, 12, 13, 14, 15, 16, 17, 18, 19, 20, 21, 22, 23, 24, 25, 26, 27, 28, 29, 30, 31, 32, 33, 34, 35, 36, 37, 38, 39], "data": [0.0, 0.0, 0.0, 0.01836395271084315, 0.0, 0.015461693673789755, 0.0, 0.0002698407651700554, 0.004568733278716604, 0.0, 0.012564676766147295, 0.001160368113078614, 0.0, 0.0, 0.0, 0.0, 0.011087658316199326, 0.0, 0.0, 0.0011359103811522907, 0.0, 0.0, 0.0, 0.0029776089148590037, 0.0, 0.0, 0.0, 0.004906714752237255, 0.0, 0.014354803672213359, 0.0, 0.0, 0.0, 0.08545575786640987, 0.012656452074431356, 0.0, 0.027334448414706808, 0.003447209879531456, 0.0, 0.0]}