{"labels": [0, 1, 2, 3, 4, 5, 6, 7, 8, 9, 10, 11, 12, 13, 14, 15, 16, 17, 18, 19, 20, 21, 22, 23, 24, 25, 26, 27, 28, 29, 30, 31, 32, 33, 34, 35, 36, 37, 38, 39], "data": [0.009434783820448992, 0.0, 0.0016052595352041136, 0.0, 0.018869808803045278, 0.0, 0.0, 0.0, 0.00014885015899649703, 0.014176571823942621, 0.0, 7.888323743600427e-05, 0.0, 0.009680171211172667, 0.0, 0.0, 0.0035510426142238887, 0.0, 0.0, 0.001611998304456857, 0.0, 0.002620697495188573, 0.0, 0.09002943897149082, 0.0011429342826364912, 0.0014296496439099502, 0.0, 0.0, 0.0018900003475405712, 0.0, 0.0, 0.0, 0.0, 0.004219595038410273, 0.0, 0.0, 0.0, 0.003559637021039653, 0.0056598348826990205, 0.004401489754973426]}