{"labels": [0, 1, 2, 3, 4, 5, 6, 7, 8, 9, 10, 11, 12, 13, 14, 15, 16, 17, 18, 19, 20, 21, 22, 23, 24, 25, 26, 27, 28, 29, 30, 31, 32, 33, 34, 35, 36, 37, 38, 39], "data": [0.0, 0.0, 0.0, 0.0, 0.0, 0.0, 0.0, 0.0, 0.0, 0.005696868598765544, 0.004752867804998585, 0.0, 0.0, 0.0, 0.0, 0.0, 0.0, 0.02720739445277781, 0.0, 0.0, 0.0, 0.00952192794627026, 0.010794945578284915, 0.000512802036402304, 0.0, 0.0, 0.0, 0.0, 0.0, 0.014393936839415263, 0.04796415581322495, 0.0, 0.0, 0.0, 0.0, 0.0, 0.010317517495835784, 0.0, 0.0476845896035988, 0.0]}