{"labels": [0, 1, 2, 3, 4, 5, 6, 7, 8, 9, 10, 11, 12, 13, 14, 15, 16, 17, 18, 19, 20, 21, 22, 23, 24, 25, 26, 27, 28, 29, 30, 31, 32, 33, 34, 35, 36, 37, 38, 39], "data": [0.0, 0.0, 0.0, 0.0, 0.017676854115975468, 0.0, 0.0005742134991586685, 0.0, 0.12327554189935622, 0.0, 0.0, 0.0, 0.027381075367532315, 0.0, 0.0, 0.0, 0.0, 0.0, 0.0, 0.0, 0.0, 0.004437300747357692, 0.0, 0.0, 0.0, 0.0, 0.009672914639774577, 0.03798753703987209, 0.01617616348874999, 0.0, 0.0, 0.0, 0.0, 0.0759950475331571, 0.0, 0.08077534677505953, 0.0, 0.0, 0.0019845365460528135, 0.0321651189081633]}