{"labels": [0, 1, 2, 3, 4, 5, 6, 7, 8, 9, 10, 11, 12, 13, 14, 15, 16, 17, 18, 19, 20, 21, 22, 23, 24, 25, 26, 27, 28, 29, 30, 31, 32, 33, 34, 35, 36, 37, 38, 39], "data": [0.0, 0.0, 0.000317851314125768, 0.0, 0.0, 0.0, 0.04782693406139577, 0.025379976906395367, 0.0012871341475004189, 0.0034207816301893854, 0.0, 0.0009811804299504861, 0.0, 0.006949368834170631, 0.0, 0.0, 0.0, 0.0, 0.0, 0.0, 0.0, 0.0031967416330969567, 0.0, 0.027711106648221906, 0.0, 0.03719020111835464, 0.0026321291186377016, 0.0, 0.07852759273365299, 0.0, 0.0017507221989794886, 0.0008895785876220839, 0.0, 0.0, 0.02862244034601881, 0.0, 0.0, 0.0, 0.007134883801630206, 0.0]}