{"labels": [0, 1, 2, 3, 4, 5, 6, 7, 8, 9, 10, 11, 12, 13, 14, 15, 16, 17, 18, 19, 20, 21, 22, 23, 24, 25, 26, 27, 28, 29, 30, 31, 32, 33, 34, 35, 36, 37, 38, 39], "data": [0.01272250498083935, 0.0, 0.020780757476911774, 0.024012462825623068, 0.0, 0.0, 0.0002250180408278399, 0.0, 0.0, 0.004515786280685729, 0.0019108697458042176, 0.0, 0.0, 0.00031557025394927214, 0.01051017495957934, 0.0, 0.00580809035048737, 0.010228789515031712, 0.0, 0.0, 0.009699318933864472, 0.0, 0.0, 0.0028988325994252716, 0.0, 0.0, 0.0, 0.002089542226825829, 0.0, 0.0, 0.0, 0.0, 0.0, 0.012998567632279044, 0.003843100445447969, 0.008063209212261356, 0.0, 0.0, 0.0, 0.0]}