{"labels": [0, 1, 2, 3, 4, 5, 6, 7, 8, 9, 10, 11, 12, 13, 14, 15, 16, 17, 18, 19, 20, 21, 22, 23, 24, 25, 26, 27, 28, 29, 30, 31, 32, 33, 34, 35, 36, 37, 38, 39], "data": [0.0, 0.0, 0.0, 0.05837011602605008, 0.013705004703444832, 0.003622780052457173, 0.014459336648000455, 0.0, 0.0, 0.0, 0.016038309447519727, 8.050104011284071e-05, 0.0054675002529909365, 0.001195720330867376, 0.008498283947617495, 0.0, 0.0, 0.01051856895890553, 0.01785315674267417, 0.0, 0.010831277924688095, 0.036216054947398026, 0.005670756158064882, 0.0, 0.0, 0.040194591178417914, 0.0011004388551989612, 0.0, 0.0017358654591652228, 0.04199955196995706, 0.006957559240320236, 0.0, 0.0, 0.008368016252732133, 0.0, 0.004694620076153551, 0.0, 0.01071462559118499, 0.05646037063726156, 0.0009873724136365352]}