{"labels": [0, 1, 2, 3, 4, 5, 6, 7, 8, 9, 10, 11, 12, 13, 14, 15, 16, 17, 18, 19, 20, 21, 22, 23, 24, 25, 26, 27, 28, 29, 30, 31, 32, 33, 34, 35, 36, 37, 38, 39], "data": [0.0, 0.0, 0.0, 0.0, 0.0, 0.0007971297250441999, 0.0, 0.0, 0.0, 0.0, 0.0, 0.0, 0.0, 0.0, 0.0, 0.03161726311530289, 0.010993150478981091, 0.0, 0.029139825737594136, 0.0, 0.0, 0.0, 0.0, 0.0, 0.0025637571580911732, 0.0, 0.0, 0.007060961281664446, 0.0, 0.0, 0.0, 0.0, 0.0, 0.0, 0.0, 0.15178610977183674, 0.0, 0.0, 0.0, 0.0]}