{"labels": [0, 1, 2, 3, 4, 5, 6, 7, 8, 9, 10, 11, 12, 13, 14, 15, 16, 17, 18, 19, 20, 21, 22, 23, 24, 25, 26, 27, 28, 29, 30, 31, 32, 33, 34, 35, 36, 37, 38, 39], "data": [0.0, 0.0, 0.0, 0.0, 0.0012165441303551917, 0.0, 0.013535798044786438, 0.0, 0.022215275242539793, 0.008967035948395267, 0.009569857448261717, 0.12693436469905825, 0.0, 0.0057487246632604025, 0.0, 0.0, 0.0, 0.0, 0.0, 0.04413466325471853, 0.0, 0.0, 0.0, 0.05958935588181846, 0.0008568450313722771, 0.0, 0.0011160509185980606, 7.76489118165441e-05, 0.0032727250406292506, 0.007325273082393328, 0.0, 0.0008955437892723581, 0.0, 0.0033088836486759366, 0.00431108683975553, 0.0, 0.0, 0.008728687929789813, 0.0, 0.0]}