{"labels": [0, 1, 2, 3, 4, 5, 6, 7, 8, 9, 10, 11, 12, 13, 14, 15, 16, 17, 18, 19, 20, 21, 22, 23, 24, 25, 26, 27, 28, 29, 30, 31, 32, 33, 34, 35, 36, 37, 38, 39], "data": [0.0, 0.0, 0.0011047348161825484, 0.0, 0.026623767082987974, 0.0, 0.0, 0.0013726614415254875, 0.0, 0.013261181160757474, 0.0, 0.0, 0.011439306940260666, 0.0, 0.0, 0.0, 0.029823257427841223, 0.06901894480517627, 0.0026722621643049307, 0.004655627655267986, 0.0, 0.0, 0.0, 0.0, 0.0, 0.055867037248825246, 0.0, 0.0, 0.0, 0.0021242334514224403, 0.01651673570120707, 0.01588841536828836, 0.0, 0.0008955115939486755, 0.0, 0.0012436305347252095, 0.0, 0.05459729680694363, 0.0, 0.0]}