{"labels": [0, 1, 2, 3, 4, 5, 6, 7, 8, 9, 10, 11, 12, 13, 14, 15, 16, 17, 18, 19, 20, 21, 22, 23, 24, 25, 26, 27, 28, 29, 30, 31, 32, 33, 34, 35, 36, 37, 38, 39], "data": [0.0, 0.001731615899906522, 0.044700291115469866, 0.0, 0.0, 0.0, 0.0, 0.0, 0.0, 0.04562210737056073, 0.002983410549201508, 0.0, 0.05406289022662695, 0.0, 0.0, 0.0, 0.0075342929415786585, 0.0, 0.0, 0.002440943298191019, 0.0, 0.0, 0.042232384959762316, 0.0, 0.0, 0.0, 0.0, 0.0, 0.0010837938716610042, 0.0, 0.0, 0.0, 0.005720943958065299, 0.03591972146122157, 0.0, 0.000480782826584013, 0.04183043315505801, 0.0, 0.0, 0.0]}