{"labels": [0, 1, 2, 3, 4, 5, 6, 7, 8, 9, 10, 11, 12, 13, 14, 15, 16, 17, 18, 19, 20, 21, 22, 23, 24, 25, 26, 27, 28, 29, 30, 31, 32, 33, 34, 35, 36, 37, 38, 39], "data": [0.0, 0.0, 0.0, 0.0006166772809780018, 0.012984117412517713, 0.0, 0.02650799277391712, 0.003332834454566689, 0.001855694918285629, 0.0, 0.0, 0.0, 0.0, 0.0, 0.027455650307914078, 0.002175744367019137, 0.0010968228233282906, 0.0, 0.0, 0.0, 0.0007477900804754063, 6.391634980075999e-05, 0.0, 0.0002347621925716431, 0.0, 0.0006132746279064318, 0.0015921597086891778, 0.0, 0.0, 0.0, 0.004685352337704366, 0.002828500716489126, 0.0, 0.056455356116043375, 0.0025335169102915518, 0.0014457357827248863, 0.0, 0.016701348787099776, 0.0, 0.0]}