{"labels": [0, 1, 2, 3, 4, 5, 6, 7, 8, 9, 10, 11, 12, 13, 14, 15, 16, 17, 18, 19, 20, 21, 22, 23, 24, 25, 26, 27, 28, 29, 30, 31, 32, 33, 34, 35, 36, 37, 38, 39], "data": [0.0, 0.0, 0.0, 0.0, 0.0, 0.0, 0.0, 0.028005041140008385, 0.0, 0.0015619236225665664, 0.0, 0.0, 0.0, 0.0, 0.0, 0.0, 0.0, 0.0, 0.0, 0.001065326563358061, 0.011575729069891332, 0.0, 0.0, 0.0, 0.0, 0.0, 0.0, 0.0, 0.002587671893979163, 0.0, 0.004540839501229153, 0.0, 0.0, 0.06554730721893932, 0.08364575009747849, 0.0, 0.0, 0.0, 0.0, 0.0]}