{"labels": [0, 1, 2, 3, 4, 5, 6, 7, 8, 9, 10, 11, 12, 13, 14, 15, 16, 17, 18, 19, 20, 21, 22, 23, 24, 25, 26, 27, 28, 29, 30, 31, 32, 33, 34, 35, 36, 37, 38, 39], "data": [0.0, 0.029245706077281105, 0.022707430988951796, 0.0, 0.018647694145267183, 0.008811781432167922, 0.008898547387487129, 0.0, 0.02274467081186081, 0.0019291607526777056, 0.005256625538431336, 0.0066696359783220555, 0.0, 0.0, 0.0, 0.0, 0.0, 0.00783419234220528, 0.0, 0.0, 8.174376280168783e-05, 0.0, 7.435287778610717e-05, 0.0, 0.0, 0.00222320734733123, 0.0, 0.0, 0.10604157826155558, 0.0, 0.05097012757096552, 0.0, 0.0, 0.0, 0.0007249796354970324, 0.0, 0.013198457059320472, 0.0, 0.002272576314811266, 0.001191764605484322]}