{"labels": [0, 1, 2, 3, 4, 5, 6, 7, 8, 9, 10, 11, 12, 13, 14, 15, 16, 17, 18, 19, 20, 21, 22, 23, 24, 25, 26, 27, 28, 29, 30, 31, 32, 33, 34, 35, 36, 37, 38, 39], "data": [0.0008993085265414937, 0.0, 0.0, 0.0, 0.0, 0.04358310339675396, 0.007830059878145047, 0.0, 0.0, 0.0, 0.0, 0.0, 0.017809671220471338, 0.010601989449103781, 0.008037184668915835, 0.0, 0.0011725318789595168, 0.012276924787225231, 0.0, 0.0013773637947053308, 0.016789559677419446, 0.04440476417711731, 0.0, 0.006021721109575059, 0.04211047583688551, 0.021162363776711986, 0.0, 0.020334275271159826, 0.0, 0.0, 0.0, 0.0, 0.0, 0.00542038927468427, 0.0, 0.027308880541313987, 0.000368298095960495, 0.025986453010852367, 0.0, 0.0]}