{"labels": [0, 1, 2, 3, 4, 5, 6, 7, 8, 9, 10, 11, 12, 13, 14, 15, 16, 17, 18, 19, 20, 21, 22, 23, 24, 25, 26, 27, 28, 29, 30, 31, 32, 33, 34, 35, 36, 37, 38, 39], "data": [0.0023016295497540755, 0.0, 0.011112641865538756, 0.02074882988510008, 0.0059888859709286086, 0.022108503647503688, 0.017183052143818, 0.0, 0.0, 0.0, 0.022899333477927563, 0.0, 0.002050420885231344, 0.003738881961302041, 0.0, 0.004538390002721148, 0.025722260093862293, 0.0, 0.01289983404756511, 0.0, 0.006775020095794227, 0.026662415127356173, 0.003151325112625629, 0.0, 0.0, 0.0025599646401229543, 0.002782522795854236, 0.0, 0.0, 0.0, 0.0241851755408317, 0.0, 0.0, 0.050508384058977465, 0.013524321698568605, 0.0, 0.0, 0.0, 0.03432938912297105, 0.0]}