{"labels": [0, 1, 2, 3, 4, 5, 6, 7, 8, 9, 10, 11, 12, 13, 14, 15, 16, 17, 18, 19, 20, 21, 22, 23, 24, 25, 26, 27, 28, 29, 30, 31, 32, 33, 34, 35, 36, 37, 38, 39], "data": [0.0, 0.0, 0.0, 0.0, 0.009641543163960178, 0.0006598580628107476, 0.0, 0.0, 0.008917525204720353, 0.02083982767104424, 0.0, 0.0, 0.0, 0.02874657742715709, 0.0, 0.0, 0.0, 0.028999972979493, 0.0, 0.0008517788196851229, 0.0, 0.0, 0.0, 0.03160880706099457, 0.002431761246887058, 0.007616903165271965, 0.0, 0.0, 0.0, 0.0, 0.0, 0.0, 0.0, 0.0, 0.0, 0.0, 0.000774916976211753, 0.04487426037997064, 0.0, 0.03625538256279338]}