{"labels": [0, 1, 2, 3, 4, 5, 6, 7, 8, 9, 10, 11, 12, 13, 14, 15, 16, 17, 18, 19, 20, 21, 22, 23, 24, 25, 26, 27, 28, 29, 30, 31, 32, 33, 34, 35, 36, 37, 38, 39], "data": [0.0, 0.001128730042934609, 5.7025412156426844e-05, 0.0008630770883664937, 0.0, 0.01704771741050761, 0.030939840458860213, 0.00023164633274945569, 0.0, 0.0033310323831940145, 0.008852724833684843, 0.0, 0.0, 0.0, 0.0, 0.0023287051907079025, 0.0, 0.0, 0.0, 0.0, 0.0, 0.001214944219740378, 0.00013848401538358478, 0.0, 0.03926159677895534, 0.007223142085442203, 0.0, 0.0, 0.0, 0.0, 0.0, 0.008146420050588393, 0.05162273836718828, 0.044043572309778796, 0.0, 0.0, 0.0, 0.0, 0.0028703591979555272, 0.0]}