{"labels": [0, 1, 2, 3, 4, 5, 6, 7, 8, 9, 10, 11, 12, 13, 14, 15, 16, 17, 18, 19, 20, 21, 22, 23, 24, 25, 26, 27, 28, 29, 30, 31, 32, 33, 34, 35, 36, 37, 38, 39], "data": [0.0028578563800146276, 0.006069146930373461, 0.0, 0.0, 0.011507479330734, 0.012148579446837069, 0.01137118644600418, 0.0, 0.0, 0.02038519118810553, 0.0, 0.0, 0.011801365529565745, 0.00019176468253508867, 0.0, 0.0, 0.0, 0.00932455163590822, 0.0, 0.0031310708857431734, 0.0, 0.0, 0.0, 0.0003540080691428703, 0.0006994481315311956, 0.015424496368569166, 0.0, 0.029587316082232338, 0.007944246761946529, 0.0, 0.020598336411665554, 0.0, 0.0, 0.016812880621799402, 0.01034524904915882, 0.06268107558157483, 0.006512732449026263, 0.0, 0.0, 0.0]}