{"labels": [0, 1, 2, 3, 4, 5, 6, 7, 8, 9, 10, 11, 12, 13, 14, 15, 16, 17, 18, 19, 20, 21, 22, 23, 24, 25, 26, 27, 28, 29, 30, 31, 32, 33, 34, 35, 36, 37, 38, 39], "data": [0.0, 0.05129046671591208, 0.0003034051796273087, 0.0, 0.0, 0.0, 0.04088597808701945, 0.0, 0.029375126896753267, 0.0, 0.0, 0.012613311349902546, 0.02783613032381629, 0.002236546202603153, 0.028211645728704136, 0.0, 0.0, 0.0, 0.0, 0.0, 0.0, 0.0, 0.0, 0.0, 0.0009131834048919647, 0.0, 0.0016703017618697076, 0.0, 0.0, 0.0, 0.0, 0.004823947194992254, 0.0, 0.0, 0.0, 0.03358347666537686, 0.003257688667118957, 0.011012851112130451, 0.007080648420176358, 0.0]}