{"labels": [0, 1, 2, 3, 4, 5, 6, 7, 8, 9, 10, 11, 12, 13, 14, 15, 16, 17, 18, 19, 20, 21, 22, 23, 24, 25, 26, 27, 28, 29, 30, 31, 32, 33, 34, 35, 36, 37, 38, 39], "data": [0.00291236238593628, 0.03390133063851914, 0.0, 0.017818282737204105, 0.018355052097861764, 0.0, 0.009980468284008366, 3.127488744974436e-05, 0.0011232582298774892, 0.0, 0.0, 0.0, 0.0, 0.0, 0.0, 0.0, 0.0006230173511151278, 0.0, 0.012745020627831794, 0.0, 0.0063136180328245695, 0.0, 0.0, 0.0, 0.0, 0.022287370182054768, 0.0, 0.0, 0.006976413429263208, 0.0, 0.0, 0.0, 0.0, 0.005448904608528894, 0.006741630571621396, 0.0, 0.0, 0.016936131456239442, 0.044133868189039055, 0.0]}