{"labels": [0, 1, 2, 3, 4, 5, 6, 7, 8, 9, 10, 11, 12, 13, 14, 15, 16, 17, 18, 19, 20, 21, 22, 23, 24, 25, 26, 27, 28, 29, 30, 31, 32, 33, 34, 35, 36, 37, 38, 39], "data": [0.006022395093723672, 0.0, 0.013248329560132374, 0.007340976157303155, 0.0, 0.0, 0.0, 0.0, 0.005098710638144274, 0.0, 0.0449535302242402, 0.0019301290872008722, 0.01982031152330996, 0.0, 0.0, 0.006851625530282452, 0.02887247827109554, 0.0, 0.003532051879706036, 0.032632188189799224, 0.0, 0.0, 0.03603325590749258, 0.0, 0.006134138380339465, 0.0, 0.006187426343069949, 0.0, 0.0003680089976412004, 0.007700487698748881, 0.0014241164233622931, 0.0004014366873261108, 0.0023369448320651903, 0.0, 0.0, 0.0, 0.0, 0.017060317594450872, 0.0, 0.0]}