{"labels": [0, 1, 2, 3, 4, 5, 6, 7, 8, 9, 10, 11, 12, 13, 14, 15, 16, 17, 18, 19, 20, 21, 22, 23, 24, 25, 26, 27, 28, 29, 30, 31, 32, 33, 34, 35, 36, 37, 38, 39], "data": [0.0, 0.0007200581521643172, 0.002264111715764837, 0.06052981616072009, 0.023789690181398503, 0.0, 0.0, 0.0, 0.0, 0.0022595551686903806, 0.005086772585817458, 0.0, 0.021630341871706593, 0.02471714705770068, 0.0, 0.0, 0.01805138289884941, 0.005965775812040222, 0.0, 0.0, 0.0, 0.0, 0.0, 0.0057725354916988636, 0.008759061344492603, 0.008441226395953448, 0.0, 0.00609669716490173, 0.004774960791446283, 0.005590577252237567, 0.0, 0.0, 0.0, 0.0, 0.000338988335722586, 0.0, 0.0, 0.0024773873217250357, 0.005081769129144551, 0.0]}