{"labels": [0, 1, 2, 3, 4, 5, 6, 7, 8, 9, 10, 11, 12, 13, 14, 15, 16, 17, 18, 19, 20, 21, 22, 23, 24, 25, 26, 27, 28, 29, 30, 31, 32, 33, 34, 35, 36, 37, 38, 39], "data": [0.005142258350590386, 0.008197860093969564, 0.0035707873404729074, 0.0, 0.05686478432634356, 0.043953506769518556, 0.019644777267452153, 0.0, 0.0022895711263489567, 0.0150281304324136, 0.0, 0.0, 0.0, 0.0, 0.00024957059459915915, 0.0, 0.0, 0.0, 0.0033392650512111873, 0.0, 0.0, 0.0, 0.0, 0.0, 0.023468246125826635, 0.0, 0.0, 0.019293138087390495, 0.0, 0.0, 0.0, 0.00044232943402079547, 0.0012815029332536043, 0.0011421124300928691, 0.0, 0.0, 0.0, 0.02888064122462643, 0.0043376794762829615, 0.0009257425444261057]}