{"labels": [0, 1, 2, 3, 4, 5, 6, 7, 8, 9, 10, 11, 12, 13, 14, 15, 16, 17, 18, 19, 20, 21, 22, 23, 24, 25, 26, 27, 28, 29, 30, 31, 32, 33, 34, 35, 36, 37, 38, 39], "data": [0.0, 0.0, 0.026101107773099524, 0.0037142532129432883, 0.0, 0.0, 0.0, 0.0, 0.0, 0.0, 0.01282896851142248, 0.0, 0.0, 0.0, 0.0, 0.0009161516285922834, 0.019304299775329915, 0.0, 0.0, 0.0, 0.0, 0.002225362678005753, 0.0, 0.003133953103180357, 0.02807358392376409, 0.06740824981219212, 0.0, 0.0028796216685745713, 0.0035210546604578655, 0.0, 0.0, 0.0, 0.001852157677505565, 0.0, 0.020490273241754585, 0.0, 0.0, 0.036678812818744536, 0.0016817422846668547, 0.0]}