{"labels": [0, 1, 2, 3, 4, 5, 6, 7, 8, 9, 10, 11, 12, 13, 14, 15, 16, 17, 18, 19, 20, 21, 22, 23, 24, 25, 26, 27, 28, 29, 30, 31, 32, 33, 34, 35, 36, 37, 38, 39], "data": [0.006616021996520324, 0.0, 0.0, 0.0, 0.036511788594882154, 0.03820084857851169, 0.008589704952913462, 0.002260486895542184, 0.0, 0.0, 0.0, 0.0, 0.0, 0.0, 0.0, 0.0, 0.0, 0.008554765987527283, 0.0, 0.0, 0.0, 0.023215989276874995, 6.546058272923586e-05, 0.0, 0.0757403745677582, 0.0019112781147671923, 0.0, 0.0, 0.0, 0.0, 0.0, 0.0037422196431298846, 0.0, 0.0, 0.000790556132363726, 0.004051326435630008, 0.0, 0.0057727125234233664, 0.037921175888528676, 0.0]}