{"labels": [0, 1, 2, 3, 4, 5, 6, 7, 8, 9, 10, 11, 12, 13, 14, 15, 16, 17, 18, 19, 20, 21, 22, 23, 24, 25, 26, 27, 28, 29, 30, 31, 32, 33, 34, 35, 36, 37, 38, 39], "data": [0.0056392800787949775, 0.0008378273397763234, 0.00010983958931991901, 0.0, 0.0037422062285131833, 0.0, 0.007375544049535886, 0.0, 0.022707351154207068, 0.0, 0.0, 0.0, 0.026270493860296805, 0.0, 0.021049815464987763, 0.0, 0.0, 0.0, 0.0, 0.056390788345270254, 0.0, 0.007954027157579067, 0.0013544534873054217, 0.01850019222771715, 0.0, 0.0, 0.0017382120961195527, 0.0, 0.0, 0.0, 0.0, 0.0, 0.04486117872836546, 0.0, 0.0, 0.0, 0.0, 0.0, 0.04929099976040692, 0.0]}