{"labels": [0, 1, 2, 3, 4, 5, 6, 7, 8, 9, 10, 11, 12, 13, 14, 15, 16, 17, 18, 19, 20, 21, 22, 23, 24, 25, 26, 27, 28, 29, 30, 31, 32, 33, 34, 35, 36, 37, 38, 39], "data": [0.005360832820219378, 0.029330538027181937, 0.006845861410845137, 0.0, 0.01407253021872096, 0.0, 0.0, 0.0036678774439263774, 0.004984216717402235, 0.0, 0.007232384980856726, 0.004162560070788391, 0.01530874867799564, 0.0007634830253257778, 0.0, 0.0, 0.003594521153685536, 0.0, 0.0033918788901695952, 0.0, 0.0, 0.0, 0.0, 0.0, 0.0, 0.0022251238970599613, 0.03936287974449531, 0.0051434939940531105, 0.003970192128510452, 0.0, 0.0, 0.0, 0.001220853657417785, 0.0, 0.00415628178173549, 0.032420920045628354, 0.0477910795755919, 0.013615444099583476, 0.0, 0.0028721323869778576]}