{"labels": [0, 1, 2, 3, 4, 5, 6, 7, 8, 9, 10, 11, 12, 13, 14, 15, 16, 17, 18, 19, 20, 21, 22, 23, 24, 25, 26, 27, 28, 29, 30, 31, 32, 33, 34, 35, 36, 37, 38, 39], "data": [0.0, 0.0, 0.0, 0.021253684794431512, 0.0, 0.0, 0.004708768642986162, 0.0, 0.004365382967211653, 0.0049378205184233874, 0.0, 0.002041560815607558, 0.0, 0.0, 0.0, 0.0, 0.004130563408314563, 0.009701639241364928, 0.0, 0.0, 0.054303566571201764, 0.0, 0.0, 0.0, 0.014328948004001151, 0.019159243111113052, 0.0, 0.0019282877207205445, 0.0, 0.08289754778447012, 0.0, 0.0, 0.0, 0.0, 0.0, 0.0, 0.0, 0.0, 0.0, 0.0]}