{"labels": [0, 1, 2, 3, 4, 5, 6, 7, 8, 9, 10, 11, 12, 13, 14, 15, 16, 17, 18, 19, 20, 21, 22, 23, 24, 25, 26, 27, 28, 29, 30, 31, 32, 33, 34, 35, 36, 37, 38, 39], "data": [0.005725819975647783, 0.0007561018070120309, 0.017541768139502856, 0.0, 0.0, 0.004851193506901619, 0.013065898963216768, 0.0, 0.012277834720857075, 0.011428314208364137, 0.015062680195343008, 0.0, 0.005798623594328439, 0.0, 0.0, 0.06406275426306492, 0.0, 0.0, 0.0, 0.0, 0.0, 0.0, 0.0, 0.0, 0.0013495498055150425, 0.0, 0.0, 0.0, 0.0, 0.012784824336531971, 0.0, 0.0, 0.0031743969135907438, 0.009466518511998553, 0.001698586546864056, 0.0, 0.021895386075929505, 0.0, 0.07161520630180894, 0.0]}