{"labels": [0, 1, 2, 3, 4, 5, 6, 7, 8, 9, 10, 11, 12, 13, 14, 15, 16, 17, 18, 19, 20, 21, 22, 23, 24, 25, 26, 27, 28, 29, 30, 31, 32, 33, 34, 35, 36, 37, 38, 39], "data": [0.0, 0.0, 0.0, 0.018958219501921357, 0.0, 0.0, 0.0, 0.0, 0.0, 0.003383639871659596, 0.0, 0.0, 0.0, 0.00476751159670752, 0.0, 0.0, 0.0, 0.0, 0.0, 0.0, 0.0025705556931930563, 0.0, 0.0, 0.007959797891105163, 0.0, 0.014959417558099378, 0.0, 0.044543243171764633, 0.0, 0.0, 0.0, 0.0, 0.0, 0.0, 0.0044336002206719185, 0.0, 0.0, 0.0, 0.0013351930352108288, 0.00039214562360983504]}