{"labels": [0, 1, 2, 3, 4, 5, 6, 7, 8, 9, 10, 11, 12, 13, 14, 15, 16, 17, 18, 19, 20, 21, 22, 23, 24, 25, 26, 27, 28, 29, 30, 31, 32, 33, 34, 35, 36, 37, 38, 39], "data": [0.002391036046758856, 0.0, 0.0, 0.0, 0.021746832792246682, 0.008624475474012135, 0.0, 0.0, 0.09411453664115725, 0.0, 0.0, 0.0, 0.0, 0.0, 0.0, 0.0, 0.005823260681231208, 0.0, 0.0, 0.0, 0.0, 0.0027766928725435807, 0.06749836632991754, 0.0, 0.0, 0.0, 0.0, 0.0, 0.0022808507052471155, 0.0, 0.0, 0.0, 0.0, 0.0, 0.017331215176099552, 0.0, 0.0, 0.06306574450069383, 0.0, 0.0]}