{"labels": [0, 1, 2, 3, 4, 5, 6, 7, 8, 9, 10, 11, 12, 13, 14, 15, 16, 17, 18, 19, 20, 21, 22, 23, 24, 25, 26, 27, 28, 29, 30, 31, 32, 33, 34, 35, 36, 37, 38, 39], "data": [0.0, 0.0, 0.0, 0.006661874598198182, 0.0, 0.09014612465782393, 0.0, 0.021127780961867685, 0.0, 0.030193935976292937, 0.003627954590051802, 0.0, 0.0, 0.0, 0.0, 0.0, 0.002279565033841034, 0.0035806279982206765, 0.0, 0.006021897544805466, 0.008769103438000891, 0.0, 0.049952027155277426, 0.0, 0.0, 0.0, 0.0008138746281571856, 0.002626412019426253, 0.0, 0.0, 0.0, 0.0, 0.0, 0.01135863041894172, 0.015115649804986434, 0.0, 0.0, 0.038352136319937065, 0.0006581049644589398, 0.0]}