{"labels": [0, 1, 2, 3, 4, 5, 6, 7, 8, 9, 10, 11, 12, 13, 14, 15, 16, 17, 18, 19, 20, 21, 22, 23, 24, 25, 26, 27, 28, 29, 30, 31, 32, 33, 34, 35, 36, 37, 38, 39], "data": [0.011199735757268452, 0.006492940482206218, 0.005328660917375136, 0.0, 0.0, 0.019244987805949944, 0.012772952594972192, 0.0, 0.0, 0.0, 0.019261818855728526, 0.001661155538065541, 0.0, 0.0, 0.011586104619900416, 0.0, 0.0, 0.012336883467004678, 0.0, 0.0, 0.0, 0.02940675971971212, 0.00011375038572786846, 0.0, 0.009173307988790243, 0.0, 0.0, 0.0007581981883579765, 0.0, 0.006967470874387387, 0.004957491768851462, 0.00137214149312519, 0.04483763468829503, 0.0, 0.00845795312859977, 0.009607145306719687, 0.08108289245837666, 0.0, 0.004424562668173309, 0.0]}