{"labels": [0, 1, 2, 3, 4, 5, 6, 7, 8, 9, 10, 11, 12, 13, 14, 15, 16, 17, 18, 19, 20, 21, 22, 23, 24, 25, 26, 27, 28, 29, 30, 31, 32, 33, 34, 35, 36, 37, 38, 39], "data": [0.006399441365670026, 0.0, 0.0020139147263454507, 0.0, 0.0, 0.0013394588406028056, 0.0, 0.0, 0.0, 0.02810177859530655, 0.0106690217770475, 0.0005282383758483184, 0.009145251802277207, 0.01533728123893627, 0.0, 0.0, 0.0, 0.03609856294099973, 0.0, 0.0, 0.003693377439008604, 0.003109343143697113, 0.0005934871756272864, 0.005412624336386398, 0.0, 0.008858558077421134, 0.0, 0.023985840525220077, 0.003292891122469122, 0.0, 0.0, 0.0, 0.0, 0.008332722337350036, 0.009866463184742132, 0.02312427400174427, 0.0, 0.0, 0.03773532378898049, 0.0]}