{"labels": [0, 1, 2, 3, 4, 5, 6, 7, 8, 9, 10, 11, 12, 13, 14, 15, 16, 17, 18, 19, 20, 21, 22, 23, 24, 25, 26, 27, 28, 29, 30, 31, 32, 33, 34, 35, 36, 37, 38, 39], "data": [0.00821015252261749, 0.0, 0.0, 0.0, 0.004525068753407288, 0.0, 0.0, 0.001857728810551287, 0.0, 0.0, 0.0, 0.09950583145091782, 0.0, 0.0, 0.004592763119853745, 0.0, 0.0, 0.0, 0.039459875132102806, 0.0, 0.0, 0.00809637316265516, 0.03385103712375192, 0.0, 0.0, 0.0, 0.0, 0.0, 0.0, 0.0, 0.0034581680729291048, 0.0, 0.0011127837148019776, 0.0, 0.0, 0.04950208491259769, 0.0, 0.019242110178345272, 0.018905006734159385, 0.0]}