{"labels": [0, 1, 2, 3, 4, 5, 6, 7, 8, 9, 10, 11, 12, 13, 14, 15, 16, 17, 18, 19, 20, 21, 22, 23, 24, 25, 26, 27, 28, 29, 30, 31, 32, 33, 34, 35, 36, 37, 38, 39], "data": [0.0027258843771484965, 0.0, 0.0, 0.0037926382632493716, 0.04852422200270083, 0.0, 0.011924769884506699, 0.001883090165253806, 0.0, 0.0, 0.0028724752400833384, 0.0, 0.0, 0.0, 0.0, 0.0, 0.0018715973105246065, 0.04266195763408559, 0.0, 0.03203709756249958, 0.009529956803669578, 0.0, 0.0, 0.001644757919553087, 0.0052121184628468945, 0.015689103286044347, 0.0, 0.005593539112385571, 0.004733281321013604, 0.0, 0.0, 0.002164724622274665, 0.0033054725400523716, 0.0, 0.0, 0.0, 0.0, 0.010401673738244492, 0.0, 0.0]}