{"labels": [0, 1, 2, 3, 4, 5, 6, 7, 8, 9, 10, 11, 12, 13, 14, 15, 16, 17, 18, 19, 20, 21, 22, 23, 24, 25, 26, 27, 28, 29, 30, 31, 32, 33, 34, 35, 36, 37, 38, 39], "data": [0.0, 0.003179677582685874, 0.0, 0.003569581975710422, 0.0, 0.000227595010829578, 0.008797727464222518, 0.0, 0.0, 0.004033847558695052, 0.0017180767192354553, 0.0012159336867542082, 0.0, 0.0, 0.0, 0.0011510787467147142, 0.0007690505399601202, 0.0, 0.0, 0.0, 0.004654939705619345, 0.0, 0.0, 0.011515332093137712, 0.0007410999875120537, 0.0, 0.021127165152449806, 0.0, 0.022662456797593475, 0.004918288690567323, 0.003096647777479105, 0.0043363143190415, 0.0033899028720193697, 0.0, 0.0, 0.0, 0.0, 0.002506235201359999, 0.0, 0.00036878310268685383]}