{"labels": [0, 1, 2, 3, 4, 5, 6, 7, 8, 9, 10, 11, 12, 13, 14, 15, 16, 17, 18, 19, 20, 21, 22, 23, 24, 25, 26, 27, 28, 29, 30, 31, 32, 33, 34, 35, 36, 37, 38, 39], "data": [0.0, 0.0, 0.0, 0.0, 0.026924223544577557, 0.0037983956942079775, 0.017438032617694613, 0.0, 0.09566937661095479, 0.0, 0.008494291737493338, 0.0, 0.0, 0.002979315947137806, 0.0, 0.0, 0.02800122760550531, 0.0062892382057803155, 0.0, 0.0, 0.0, 0.0, 0.0, 0.0, 0.0, 0.007607361579090832, 0.024110152089956184, 0.0, 0.0, 0.01040448520641515, 0.055762134991102726, 0.0, 0.0, 0.02186756657206707, 0.014617748772551677, 0.017517398839320762, 0.0, 0.011524919626988261, 0.0006381597586617472, 0.05738229707576681]}