{"labels": [0, 1, 2, 3, 4, 5, 6, 7, 8, 9, 10, 11, 12, 13, 14, 15, 16, 17, 18, 19, 20, 21, 22, 23, 24, 25, 26, 27, 28, 29, 30, 31, 32, 33, 34, 35, 36, 37, 38, 39], "data": [0.016153368362976775, 0.0, 0.0, 0.121401957029392, 0.0, 0.0, 0.0, 0.0, 0.0, 0.0046937796534922945, 0.013141832712065152, 0.0, 0.0, 0.0, 0.0, 0.0, 0.019207636616721705, 0.0, 0.0, 0.0, 0.0, 0.0, 0.0, 0.0, 0.0, 0.05071201276833737, 0.0, 0.0, 0.00199666284285321, 0.0, 0.0, 0.0, 0.0, 0.004257764818896918, 0.02156395112185045, 0.0, 0.0, 0.0, 0.0, 0.0]}