{"labels": [0, 1, 2, 3, 4, 5, 6, 7, 8, 9, 10, 11, 12, 13, 14, 15, 16, 17, 18, 19, 20, 21, 22, 23, 24, 25, 26, 27, 28, 29, 30, 31, 32, 33, 34, 35, 36, 37, 38, 39], "data": [0.002069526550795709, 0.0, 0.0021249723674680327, 0.0, 0.023023968230136044, 0.0007533264324234457, 0.046395918111526754, 0.0, 0.0, 0.0, 0.02869780433829144, 0.0, 0.0, 0.0035989625690812225, 0.008629855313796316, 0.0, 0.0, 0.00269291343340749, 0.0, 0.06736104875786049, 0.0, 0.0, 0.0, 0.0009607682918165701, 0.0, 0.0, 0.002423613881944185, 0.0, 0.0002453224147027911, 0.0, 0.008952587480405491, 0.0, 0.0, 0.002270843002062923, 0.0, 0.0, 0.0, 0.00599152720312362, 0.002291551045964808, 0.006735237819500267]}