{"labels": [0, 1, 2, 3, 4, 5, 6, 7, 8, 9, 10, 11, 12, 13, 14, 15, 16, 17, 18, 19, 20, 21, 22, 23, 24, 25, 26, 27, 28, 29, 30, 31, 32, 33, 34, 35, 36, 37, 38, 39], "data": [0.019825613603145307, 0.0, 0.018949751065250025, 0.019137998759976103, 0.0, 0.0007784868409192697, 0.0, 0.0, 0.0, 0.0, 0.0, 0.0005963103583099886, 0.013440661001815339, 0.0, 0.0, 0.0, 0.0009764722443439511, 0.06466258781874218, 0.0, 0.001945494206388307, 0.010365864049613427, 0.005050092711431553, 0.0040838172287524935, 0.0, 0.0013310113760679665, 0.0, 0.0, 0.0015804719129128581, 0.0, 0.0, 0.0, 0.0, 0.0, 0.019159055354586882, 0.0, 0.0, 0.0, 0.00934930117351043, 0.0, 0.03495471092198947]}