{"labels": [0, 1, 2, 3, 4, 5, 6, 7, 8, 9, 10, 11, 12, 13, 14, 15, 16, 17, 18, 19, 20, 21, 22, 23, 24, 25, 26, 27, 28, 29, 30, 31, 32, 33, 34, 35, 36, 37, 38, 39], "data": [0.0, 0.0, 0.0007227284000720519, 0.0, 0.006186220658849183, 0.0032626431386932734, 0.0, 0.0, 0.0021437950603397527, 0.0006431431592478917, 0.0, 0.09992173477390556, 0.0, 0.0, 0.0, 0.0, 0.0, 0.0, 0.06535764036177634, 0.0, 0.0, 0.014328671601386822, 0.00028304390335542054, 0.0, 0.0, 0.0, 0.050432902061704275, 0.0, 0.0, 0.0, 0.002340507372607745, 0.0, 0.0, 0.00943853867697614, 0.0, 0.0328252242143226, 0.018800817172979364, 0.020408971642027887, 0.0022372834468228652, 0.03410460491720927]}