{"labels": [0, 1, 2, 3, 4, 5, 6, 7, 8, 9, 10, 11, 12, 13, 14, 15, 16, 17, 18, 19, 20, 21, 22, 23, 24, 25, 26, 27, 28, 29, 30, 31, 32, 33, 34, 35, 36, 37, 38, 39], "data": [0.0, 0.0, 0.0, 0.0, 0.0, 0.0001553933830919706, 0.01688216925401716, 0.0, 0.0024083541754616575, 0.0, 0.005778585196144155, 0.0, 0.04159255559181223, 0.0021444311925966335, 0.0, 0.0020347674429386396, 0.00042054681843398556, 0.0, 0.0031282983226668033, 0.005087834851719647, 0.0025004875913648573, 0.0007505789048107115, 0.0, 0.00041915771708106323, 0.0, 0.004862599697270821, 0.0, 0.0, 0.0004535218245463337, 0.0, 0.004034392530747208, 0.001737855270106038, 0.0, 0.011773316245847916, 0.0, 0.010590970098569082, 0.00026787522661096523, 0.0, 0.001548120390276456, 0.0]}