{"labels": [0, 1, 2, 3, 4, 5, 6, 7, 8, 9, 10, 11, 12, 13, 14, 15, 16, 17, 18, 19, 20, 21, 22, 23, 24, 25, 26, 27, 28, 29, 30, 31, 32, 33, 34, 35, 36, 37, 38, 39], "data": [0.0, 0.0, 0.020165591029229428, 0.0, 0.0, 0.0, 0.02062265632105859, 0.0, 0.0, 0.0, 0.004727738942676578, 0.0, 0.0, 0.0, 0.02565375100192707, 0.0, 0.0, 0.0011873573526286862, 0.002109382808668306, 0.0, 0.0, 0.0, 0.0, 0.034766404732477225, 0.01128659284164342, 0.0, 0.0, 0.0, 0.004346247777199975, 0.005511592548354409, 0.0, 0.0, 0.04561001407161721, 0.0, 0.0, 0.058154876096671575, 0.0, 5.6002007806005384e-05, 0.0, 0.0011303199324270692]}