{"labels": [0, 1, 2, 3, 4, 5, 6, 7, 8, 9, 10, 11, 12, 13, 14, 15, 16, 17, 18, 19, 20, 21, 22, 23, 24, 25, 26, 27, 28, 29, 30, 31, 32, 33, 34, 35, 36, 37, 38, 39], "data": [0.0020290115940659235, 0.0, 0.002463594340132936, 0.0527561077588675, 0.0017130277371109922, 0.0, 0.0, 0.0, 0.0, 0.00924839752791636, 0.004808793856057053, 0.0, 0.0, 0.006303116102970842, 0.0, 0.0, 0.0, 0.0, 0.0049470560773114645, 0.0, 0.0, 0.0, 0.010009441356191313, 0.037376891075363836, 0.004436860103014443, 0.0, 0.0, 0.0, 0.0, 0.0027348272680290616, 0.0, 0.08578234105807761, 0.0, 0.0, 0.0, 0.0, 0.0, 0.025331478525193463, 0.0, 0.0]}