{"labels": [0, 1, 2, 3, 4, 5, 6, 7, 8, 9, 10, 11, 12, 13, 14, 15, 16, 17, 18, 19, 20, 21, 22, 23, 24, 25, 26, 27, 28, 29, 30, 31, 32, 33, 34, 35, 36, 37, 38, 39], "data": [0.0, 0.0008386795272735496, 0.013832534355576732, 0.0, 0.0, 0.0, 0.0, 0.006258579409768169, 0.0, 0.028246747361783592, 0.012993775664144008, 0.0955586822706789, 0.0, 0.0, 0.02036030164856189, 0.0, 0.0, 0.0, 0.0011629956407501066, 0.0, 0.0, 0.0, 0.0, 0.0, 0.0, 0.0, 0.0, 0.0, 0.0018920224014176254, 0.03297731866676815, 0.0038528365866611924, 0.0, 0.001333749538188083, 0.0167011761811464, 0.0, 0.0, 0.016509164327544557, 0.0, 0.0, 0.0]}