{"labels": [0, 1, 2, 3, 4, 5, 6, 7, 8, 9, 10, 11, 12, 13, 14, 15, 16, 17, 18, 19, 20, 21, 22, 23, 24, 25, 26, 27, 28, 29, 30, 31, 32, 33, 34, 35, 36, 37, 38, 39], "data": [0.0029429438877284684, 0.0, 0.0030488420181685382, 0.0, 0.006146757652472442, 0.0, 0.0, 0.0, 0.01565020063526679, 0.0, 0.0, 0.01249363461529186, 0.050622067854751984, 0.0, 0.0, 0.0, 0.0, 0.0, 0.0, 0.0, 0.0, 0.0, 0.0, 0.0, 0.0007998121600107537, 0.0, 0.0, 0.04999955305698226, 0.011563126891175852, 0.0, 0.0025272570416338645, 0.0007987503796937296, 0.0, 0.04102217847266486, 0.014874714906697117, 0.010409391600118627, 0.0, 0.001239100221599368, 0.0008498477531140569, 0.0]}