{"labels": [0, 1, 2, 3, 4, 5, 6, 7, 8, 9, 10, 11, 12, 13, 14, 15, 16, 17, 18, 19, 20, 21, 22, 23, 24, 25, 26, 27, 28, 29, 30, 31, 32, 33, 34, 35, 36, 37, 38, 39], "data": [0.0, 1.4614929107053667e-05, 0.0005411780725429937, 0.0, 0.06373537630569939, 0.0, 0.0016385168633497604, 0.0, 0.0, 0.008749261679781148, 0.0, 0.0, 0.0, 0.002664222162701799, 0.0, 0.0, 0.0, 0.0, 0.0, 0.0, 0.0, 0.0, 0.0, 0.0, 0.04978478088207855, 0.0, 0.0, 0.03066558443497085, 0.0, 0.0, 0.0, 0.0, 0.002914572329791288, 0.0, 0.011034476963060964, 0.12151562295781032, 0.0, 0.018625201803564456, 0.040357026504595085, 0.0]}