{"labels": [0, 1, 2, 3, 4, 5, 6, 7, 8, 9, 10, 11, 12, 13, 14, 15, 16, 17, 18, 19, 20, 21, 22, 23, 24, 25, 26, 27, 28, 29, 30, 31, 32, 33, 34, 35, 36, 37, 38, 39], "data": [0.0, 0.007087947235737867, 0.03253818505886668, 0.0029806754365996686, 0.0, 0.005373885852911421, 0.0046845528374126555, 0.004884592231822462, 0.0, 0.0, 0.0, 0.0, 0.0, 0.014072567224230323, 0.0, 0.07231283693828301, 0.010384139657901467, 0.0023569768079045933, 0.01989832869061615, 0.0034025682294603083, 0.00022789499125825622, 0.02135097529009137, 0.0, 0.015022261132542148, 0.0, 0.0, 0.05203245480774418, 0.0003405771638675189, 0.0067308722387505755, 0.0, 0.0, 0.08876069841700142, 0.0, 0.0023968511098338614, 0.0, 0.0, 0.02543726286914375, 0.0, 0.0, 0.0]}