{"labels": [0, 1, 2, 3, 4, 5, 6, 7, 8, 9, 10, 11, 12, 13, 14, 15, 16, 17, 18, 19, 20, 21, 22, 23, 24, 25, 26, 27, 28, 29, 30, 31, 32, 33, 34, 35, 36, 37, 38, 39], "data": [0.00024917268027256016, 0.0, 0.003914205849541072, 0.011458943568192912, 0.04277325271381778, 0.0019309225225293955, 0.0, 0.0, 0.11063253340080835, 0.0, 0.013867293170032711, 0.0, 0.0, 0.0, 0.0007084601299818954, 0.0, 0.0, 0.008238588176266841, 0.0037836675410640075, 0.0011033136732058032, 0.0, 0.006384435569281585, 0.0022238758391879532, 0.0, 0.05158840609422753, 0.006007532468883911, 0.0, 0.0020914292254431755, 0.0013130025354160916, 0.0, 0.0, 0.005178481002561955, 0.0, 0.0, 0.0, 0.003309868018122312, 0.0, 0.0, 0.0010129941750975787, 0.0]}