{"labels": [0, 1, 2, 3, 4, 5, 6, 7, 8, 9, 10, 11, 12, 13, 14, 15, 16, 17, 18, 19, 20, 21, 22, 23, 24, 25, 26, 27, 28, 29, 30, 31, 32, 33, 34, 35, 36, 37, 38, 39], "data": [0.0, 0.0, 0.01893971413835971, 0.0013359060035314908, 0.004878069305104161, 0.0, 0.0, 0.0, 0.0, 0.009811584662549354, 0.005891420266526778, 0.0, 0.005555514778414184, 0.0, 0.0, 0.0025063609278419487, 0.0, 0.0, 0.0, 0.0024747703593652596, 0.0, 0.01986667262453957, 0.0, 0.005553393942320049, 0.0, 0.0, 0.030795376896483956, 0.019144214076759702, 0.004228394778331944, 0.0, 0.0036186915282993637, 0.0, 0.056000901093040414, 0.00497835801123107, 0.0, 0.0778416101797831, 0.06858059324905337, 0.0, 0.0026938051750260567, 0.0]}