{"labels": [0, 1, 2, 3, 4, 5, 6, 7, 8, 9, 10, 11, 12, 13, 14, 15, 16, 17, 18, 19, 20, 21, 22, 23, 24, 25, 26, 27, 28, 29, 30, 31, 32, 33, 34, 35, 36, 37, 38, 39], "data": [9.9030735754003e-05, 0.0, 0.0, 0.0, 0.020345052930189768, 0.0, 0.031212789035353874, 0.0, 0.02948529280150416, 0.0, 0.0, 0.009362989662731707, 0.0005926518479409187, 0.0, 0.0, 0.0, 0.0, 0.0, 0.0, 0.0, 0.0, 0.03454938234480304, 0.0, 0.0, 0.0, 0.014041901385832342, 0.008067216806745757, 0.00018618295740444854, 0.0, 0.0, 0.0, 0.0, 0.0011472495152753666, 0.0, 0.03049056130718474, 0.00987476924417375, 0.0018107086864466873, 0.0, 0.0, 0.0]}