{"labels": [0, 1, 2, 3, 4, 5, 6, 7, 8, 9, 10, 11, 12, 13, 14, 15, 16, 17, 18, 19, 20, 21, 22, 23, 24, 25, 26, 27, 28, 29, 30, 31, 32, 33, 34, 35, 36, 37, 38, 39], "data": [0.0, 0.0, 0.0, 0.10034301674234239, 0.020536605887023468, 0.0, 0.0, 0.0, 0.0, 0.0, 0.0, 0.0, 0.0, 0.0, 0.0, 0.0, 0.0, 0.0, 0.0, 0.0, 0.005324597602238822, 0.0, 0.0, 0.0, 0.0, 0.001869682820113471, 0.0, 0.027468972611036473, 0.09946592517297662, 0.0, 0.0, 0.0, 0.0, 0.0, 0.0, 0.01161841155521721, 0.02438532203009832, 0.0, 0.0, 0.0]}