{"labels": [0, 1, 2, 3, 4, 5, 6, 7, 8, 9, 10, 11, 12, 13, 14, 15, 16, 17, 18, 19, 20, 21, 22, 23, 24, 25, 26, 27, 28, 29, 30, 31, 32, 33, 34, 35, 36, 37, 38, 39], "data": [0.0, 0.0005740981251631281, 0.009970580311738288, 0.0, 0.0, 0.003493153651826265, 0.016179241957545883, 0.0, 0.0, 0.0093377507663718, 0.018229649907358328, 0.0, 0.007668556480728212, 0.0015758588344354605, 0.011948225787163834, 0.010492743202528543, 0.0, 0.004312809989475999, 0.0, 0.0262619786938856, 0.13484185567360904, 0.0, 0.002472965057562361, 0.062083342077695745, 0.002816050510461759, 0.012069172455061781, 0.06344835947823098, 0.0, 0.0, 0.0, 0.009997065089937675, 0.0, 0.0, 0.0, 0.0, 0.0, 0.0, 0.00470927027195978, 0.021432158294720345, 0.024946604771999854]}