{"labels": [0, 1, 2, 3, 4, 5, 6, 7, 8, 9, 10, 11, 12, 13, 14, 15, 16, 17, 18, 19, 20, 21, 22, 23, 24, 25, 26, 27, 28, 29, 30, 31, 32, 33, 34, 35, 36, 37, 38, 39], "data": [0.0004749363117343865, 0.0, 0.00601651531757772, 0.0, 0.0, 0.0, 0.05028473840039181, 0.0, 0.0, 0.005201766420868552, 0.0058281738815281715, 0.0, 0.03409531240802127, 0.0, 0.0, 0.018911394316478102, 0.0, 0.0, 0.007507248224866256, 0.0004144535453492009, 0.0, 0.0, 0.0, 0.0006216612164784388, 0.002086394958639001, 0.0, 0.019323123018744708, 0.0, 0.011470439337066147, 0.0, 0.008621309334261959, 0.0, 0.0, 0.018564054885453044, 0.003946643302619295, 0.0, 0.0035979686378451487, 0.0, 0.0, 0.0]}