{"labels": [0, 1, 2, 3, 4, 5, 6, 7, 8, 9, 10, 11, 12, 13, 14, 15, 16, 17, 18, 19, 20, 21, 22, 23, 24, 25, 26, 27, 28, 29, 30, 31, 32, 33, 34, 35, 36, 37, 38, 39], "data": [0.0, 0.0, 0.0, 0.0, 0.020178941567089766, 0.0, 0.007006566416746581, 0.009391536292591025, 0.0, 0.0, 0.0, 0.0, 0.02312112862155009, 0.0, 0.0, 0.0009699095906808248, 0.0, 0.05865731912385087, 0.0010059963093198606, 0.0010590311539284975, 0.0, 0.009609642821844875, 0.0013747028485119007, 0.0, 0.0, 0.005439196056539948, 0.00041303137347850627, 0.020612557067025812, 0.0, 0.0, 0.03200437819016528, 0.005640876273537951, 0.0, 0.010500298443544226, 0.008421197311978539, 0.0033358759456329785, 0.002934119975700935, 0.018714687861809624, 0.0, 0.001563772686193638]}