{"labels": [0, 1, 2, 3, 4, 5, 6, 7, 8, 9, 10, 11, 12, 13, 14, 15, 16, 17, 18, 19, 20, 21, 22, 23, 24, 25, 26, 27, 28, 29, 30, 31, 32, 33, 34, 35, 36, 37, 38, 39], "data": [0.002020350496931461, 0.0, 0.0, 0.0, 0.06424078131810385, 0.0, 0.023502940386450663, 0.02543245177308129, 0.0, 0.0, 0.0031056705024147956, 0.0, 0.0013437314785004345, 0.00421176965206787, 0.0, 0.0, 0.0, 0.0, 0.033972479495638995, 0.0, 0.0026495599904033575, 0.0, 0.0, 0.0, 0.0, 0.011267250008021456, 0.02609704821578128, 0.0, 0.0035288461916760674, 0.0, 0.002824883412916295, 0.0, 0.0, 0.0, 0.021674001356764724, 0.0, 0.02710277811185122, 0.0, 0.04060637473425842, 0.052482717830253794]}