{"labels": [0, 1, 2, 3, 4, 5, 6, 7, 8, 9, 10, 11, 12, 13, 14, 15, 16, 17, 18, 19, 20, 21, 22, 23, 24, 25, 26, 27, 28, 29, 30, 31, 32, 33, 34, 35, 36, 37, 38, 39], "data": [0.0, 0.0, 0.0, 0.031187632051502448, 0.04191290924726405, 0.0, 0.0, 0.00035494700983781555, 0.0, 0.0, 0.0, 0.0, 0.0010138711419164091, 0.0, 0.0, 0.0, 0.0, 0.017851774046617967, 0.0, 0.038202427776608185, 0.0, 0.006844889699578559, 0.0, 0.0, 0.0, 0.012289593584595632, 0.0, 0.0, 0.0, 0.0, 0.009233998044965946, 0.0, 0.0, 0.03678069063202572, 0.033030263192092284, 0.003045752216830309, 0.0, 0.0, 0.0, 0.0]}