{"labels": [0, 1, 2, 3, 4, 5, 6, 7, 8, 9, 10, 11, 12, 13, 14, 15, 16, 17, 18, 19, 20, 21, 22, 23, 24, 25, 26, 27, 28, 29, 30, 31, 32, 33, 34, 35, 36, 37, 38, 39], "data": [0.09352457323359945, 0.0, 0.0, 0.15549117276934407, 0.0, 0.0, 0.0, 0.0, 0.0, 0.0, 0.0, 0.0, 0.0, 0.0, 0.0, 0.0, 0.02956919147039741, 0.0, 0.0, 0.0, 0.0, 0.0, 0.0, 0.2976652581283, 0.02438307255997095, 0.0, 0.0, 0.0, 0.0, 0.0, 0.0, 0.07847817206069675, 0.0, 0.0, 0.0, 0.0, 0.0, 0.0, 0.0, 0.0]}