{"labels": [0, 1, 2, 3, 4, 5, 6, 7, 8, 9, 10, 11, 12, 13, 14, 15, 16, 17, 18, 19, 20, 21, 22, 23, 24, 25, 26, 27, 28, 29, 30, 31, 32, 33, 34, 35, 36, 37, 38, 39], "data": [0.0015146762138561214, 0.0, 0.0, 0.0, 0.010785965108095945, 0.0007729397482092738, 0.0, 0.0, 0.0, 0.012745982305581926, 0.014048709805341784, 0.000510670064499983, 0.002030260501407973, 0.0, 0.0032300256544463848, 0.004093243361026487, 0.0027049390606062, 0.012296549208674436, 0.0035424069681893734, 0.004982371478398795, 0.0015871686594204413, 0.0, 0.0, 0.024482765622877798, 0.035034232994623306, 0.0, 0.0, 0.0, 0.003436480518202846, 0.0, 0.017551818338865807, 0.0005627494002309227, 0.0, 0.0, 0.0, 0.0, 0.0, 0.0, 0.0008727335312841611, 0.055230567977814816]}