{"labels": [0, 1, 2, 3, 4, 5, 6, 7, 8, 9, 10, 11, 12, 13, 14, 15, 16, 17, 18, 19, 20, 21, 22, 23, 24, 25, 26, 27, 28, 29, 30, 31, 32, 33, 34, 35, 36, 37, 38, 39], "data": [0.009726119389426182, 0.0, 0.0, 0.0, 0.0, 0.0, 0.037924927981746195, 0.015132665329222413, 0.05393632934946367, 0.007287678288951488, 0.006527033200916318, 0.0008004283575522651, 0.0, 0.0028153390172693895, 0.0020092139855736576, 0.0, 0.0, 0.0, 0.0, 0.0, 0.025487348201093666, 0.0, 0.04341195996930863, 0.06620749532173092, 0.0, 0.0, 0.0, 0.0, 0.0, 0.0, 0.0, 0.001251984325965723, 0.0, 0.0, 0.0020835760439285576, 0.00570430129087888, 0.0, 0.0, 0.005579660323584667, 0.08433778112111637]}