{"labels": [0, 1, 2, 3, 4, 5, 6, 7, 8, 9, 10, 11, 12, 13, 14, 15, 16, 17, 18, 19, 20, 21, 22, 23, 24, 25, 26, 27, 28, 29, 30, 31, 32, 33, 34, 35, 36, 37, 38, 39], "data": [0.0, 0.005822449498070772, 0.0027690060623209657, 0.014664883644156832, 0.003434045418192005, 0.0, 0.006180447837414652, 0.016515495570192353, 0.0018026152049759726, 0.0022808424941455916, 0.010498109224667467, 5.8548934163864545e-05, 0.021441231415578955, 0.0, 0.0028880469932259837, 0.0, 0.0035129731714331042, 0.06187699195032096, 0.010832850028991096, 0.0, 0.0013261636496565894, 0.044691153049853084, 0.003405434761506345, 0.005371664802026655, 0.0, 0.0176136249268966, 0.027467221424196574, 0.012317414240888858, 0.0, 0.03063432817263975, 0.0006607664711263679, 0.011485512925167606, 0.002381979881161396, 0.03528362437490073, 0.024920859149170235, 0.017767593795687372, 0.0003493931805909025, 0.0, 0.016969476306831325, 0.0]}