{"labels": [0, 1, 2, 3, 4, 5, 6, 7, 8, 9, 10, 11, 12, 13, 14, 15, 16, 17, 18, 19, 20, 21, 22, 23, 24, 25, 26, 27, 28, 29, 30, 31, 32, 33, 34, 35, 36, 37, 38, 39], "data": [0.0, 0.011834391310467467, 0.00424028166128096, 0.0, 0.0, 0.007108252897485963, 0.008447213675221903, 0.0006493263284862255, 0.0, 0.002590319660524562, 0.0, 0.0004565125184461504, 0.0, 0.0, 0.0, 0.0, 0.0, 0.0031319838477878907, 0.0, 0.0008102657338858837, 0.006357040821590868, 0.0, 0.010047140554006961, 0.029255413301150217, 0.009089538425464875, 0.0036946384726556994, 0.0, 0.032335525565288216, 0.0, 0.0, 0.0, 0.09478709129760785, 0.003918602300131489, 0.0, 0.0, 0.0, 0.0, 0.0, 0.0028724004589442452, 0.0]}