{"labels": [0, 1, 2, 3, 4, 5, 6, 7, 8, 9, 10, 11, 12, 13, 14, 15, 16, 17, 18, 19, 20, 21, 22, 23, 24, 25, 26, 27, 28, 29, 30, 31, 32, 33, 34, 35, 36, 37, 38, 39], "data": [0.08967812571640302, 0.0, 0.0, 0.0, 0.04571360192212276, 0.03120752257038702, 0.01624543315989409, 0.06953747221680426, 0.016209039866423938, 0.0, 0.008733237811328672, 0.0, 0.020482813284380324, 0.0, 0.063636904788361, 0.025089006334746214, 0.018404579536518906, 0.0, 0.0, 0.0, 0.0, 0.0, 0.0, 0.0, 0.032816728639898145, 0.03624244122252638, 0.0, 0.0, 0.00813048257199419, 0.0, 0.0, 0.0, 0.0, 0.06616919675685046, 0.0, 0.0, 0.0, 0.0, 0.0, 0.020377980047652643]}