{"labels": [0, 1, 2, 3, 4, 5, 6, 7, 8, 9, 10, 11, 12, 13, 14, 15, 16, 17, 18, 19, 20, 21, 22, 23, 24, 25, 26, 27, 28, 29, 30, 31, 32, 33, 34, 35, 36, 37, 38, 39], "data": [0.005057230160890527, 0.00013671765056313148, 0.0011429629079030825, 0.01506349389200133, 0.0017097336776981937, 0.0, 0.0, 0.003803419267034102, 0.0, 0.019014898688978807, 0.0, 0.0018921014335702728, 0.0, 0.0, 0.0013339218060306446, 0.0016366791894782183, 0.0, 0.0017470568505998621, 0.008668325219133653, 0.0, 0.01625841329813514, 0.012378791366653288, 0.0036799579330913865, 0.0, 0.0, 0.0, 0.0, 0.0, 0.0028702052051235325, 0.0, 0.0, 0.004904639834397892, 5.588732608458753e-06, 0.04019115160549403, 0.0, 0.0, 0.006413046239845735, 0.014920085827460577, 0.0031940327265471908, 0.0]}