{"labels": [0, 1, 2, 3, 4, 5, 6, 7, 8, 9, 10, 11, 12, 13, 14, 15, 16, 17, 18, 19, 20, 21, 22, 23, 24, 25, 26, 27, 28, 29, 30, 31, 32, 33, 34, 35, 36, 37, 38, 39], "data": [0.004486569120094334, 0.0006906557822806238, 0.0, 0.004042749066838991, 0.0, 0.0013131509076952318, 0.00442005935368446, 0.0, 0.019636815291855982, 0.0, 0.0, 0.002334189902387606, 0.021222355510161942, 0.0, 0.0, 0.0021003657793745778, 0.0, 0.006002150390413312, 0.028078762015170334, 0.0, 0.0, 0.01982063145447593, 0.01907322617550208, 0.0, 0.0, 0.054801671510702345, 0.0, 0.006688080655219757, 0.0, 0.0, 0.0, 0.0, 0.0, 0.02725476256107443, 0.07969907662612827, 0.009573858079602928, 0.021946105402576622, 0.009064220124309349, 0.0, 0.0]}