{"labels": [0, 1, 2, 3, 4, 5, 6, 7, 8, 9, 10, 11, 12, 13, 14, 15, 16, 17, 18, 19, 20, 21, 22, 23, 24, 25, 26, 27, 28, 29, 30, 31, 32, 33, 34, 35, 36, 37, 38, 39], "data": [0.00360051311412994, 0.0, 0.001886284102452582, 0.060047175598842394, 0.0014295010611454688, 0.0, 0.0, 0.0037758569045122144, 0.0, 0.030244823941801568, 0.0, 0.0, 0.002946594724746135, 0.0240398824901572, 0.0, 0.002792955611074829, 0.0, 0.00046236938551549433, 0.02658387770253645, 0.0, 0.0, 0.0, 0.0018690295097654134, 0.026263689149747367, 0.006566090561423705, 0.01934035995286975, 0.0, 0.030070817015968133, 0.0024559293997266033, 0.0, 0.0, 0.0, 0.0026217116335728115, 0.01688718377541226, 0.011286055862230441, 0.0, 0.0, 0.004626030448198352, 0.0004310324740542923, 0.0]}