{"labels": [0, 1, 2, 3, 4, 5, 6, 7, 8, 9, 10, 11, 12, 13, 14, 15, 16, 17, 18, 19, 20, 21, 22, 23, 24, 25, 26, 27, 28, 29, 30, 31, 32, 33, 34, 35, 36, 37, 38, 39], "data": [0.009972481426830774, 0.0, 0.0, 0.0, 0.008833116051578764, 0.0, 0.0009766538541627903, 0.0, 0.0010386195139642181, 0.02211763031900554, 0.0020203114936244927, 0.0001949731808134541, 0.0, 0.0007292872682961601, 0.0013950935936615626, 0.0, 0.0028735157970033324, 0.029694526201465822, 0.0, 0.0, 0.0, 0.00040049028892947256, 0.0, 0.0, 0.0, 0.010258310951557315, 0.0, 0.0, 0.0, 0.0, 0.002595815681975837, 0.0, 0.0019678362377480094, 0.0, 0.003940458762884553, 0.0, 0.0, 0.0, 0.0, 0.0]}