{"labels": [0, 1, 2, 3, 4, 5, 6, 7, 8, 9, 10, 11, 12, 13, 14, 15, 16, 17, 18, 19, 20, 21, 22, 23, 24, 25, 26, 27, 28, 29, 30, 31, 32, 33, 34, 35, 36, 37, 38, 39], "data": [0.0, 0.0068792314035623515, 0.0, 0.006622775769297716, 0.00023660762099365464, 0.0, 0.021145772199023482, 0.014226984616922784, 0.020924583126250715, 0.0, 0.00952549949473346, 0.0, 0.004646000690750317, 0.0, 0.0920204339674352, 0.0, 0.0, 0.0, 0.005461211486173632, 0.00016556182056960824, 0.0, 0.0, 0.0, 0.0, 0.0, 0.00036393196516499964, 0.00305109699948665, 0.0, 0.008199224436123758, 0.010771800484794161, 0.0, 0.0, 0.003238004879846471, 0.026216475508915673, 0.0, 0.021326231853666153, 0.0, 0.008011552812922046, 0.0, 0.0]}