{"labels": [0, 1, 2, 3, 4, 5, 6, 7, 8, 9, 10, 11, 12, 13, 14, 15, 16, 17, 18, 19, 20, 21, 22, 23, 24, 25, 26, 27, 28, 29, 30, 31, 32, 33, 34, 35, 36, 37, 38, 39], "data": [0.0, 0.0, 0.0, 0.0, 0.018429432745354773, 0.011113554715117827, 0.01645458470715416, 0.003580272139597566, 0.0, 0.0, 0.010437549420267478, 0.0, 0.025108713340033596, 0.0067505726725472425, 0.0, 0.0, 0.04006841931062785, 0.0, 0.0, 0.0, 0.0016735413209055436, 0.0, 0.00030705538359986583, 0.04951375110287383, 0.09043048634405437, 0.0, 0.0, 0.0, 0.0009476546371884157, 0.0, 0.0, 0.0, 0.0390939901345737, 0.011180859204178798, 0.0, 0.0, 0.0, 0.00488939520090108, 0.029079790884275713, 0.0]}