{"labels": [0, 1, 2, 3, 4, 5, 6, 7, 8, 9, 10, 11, 12, 13, 14, 15, 16, 17, 18, 19, 20, 21, 22, 23, 24, 25, 26, 27, 28, 29, 30, 31, 32, 33, 34, 35, 36, 37, 38, 39], "data": [0.0, 0.0012347953470728435, 0.0012382361367222657, 0.0, 0.009528810343310294, 0.014964541060688718, 0.01989689210391521, 0.0, 0.0, 0.0, 0.008651432368034864, 0.0004621286462963458, 0.0, 0.007146507156764927, 0.0025059606853401295, 0.0, 0.006990399439655984, 0.041484547724656845, 0.0, 0.0, 0.04389611873769809, 0.0, 0.003141757131499252, 0.01260755056521194, 0.008836637836614914, 0.00904653844242727, 0.0, 0.04482459931457136, 0.0, 0.01386147381212711, 0.0, 0.0, 0.004251887282582694, 0.02131980134579219, 0.017373265656165662, 0.0, 0.0018087263337189345, 0.009314187306566038, 0.006175827494626525, 0.04935769975047978]}