{"labels": [0, 1, 2, 3, 4, 5, 6, 7, 8, 9, 10, 11, 12, 13, 14, 15, 16, 17, 18, 19, 20, 21, 22, 23, 24, 25, 26, 27, 28, 29, 30, 31, 32, 33, 34, 35, 36, 37, 38, 39], "data": [0.0005478876732081531, 0.0025417148946431625, 0.0, 0.0, 0.006897159272726197, 0.0, 0.0, 0.021241475397861295, 0.0, 0.007166211041066774, 0.004995298881760266, 0.0, 0.0, 0.00015802011252647006, 0.0, 0.0, 0.0004920293434627295, 0.0, 0.0, 0.00010051914576871908, 0.003094409579792592, 0.005295524779204275, 0.0, 0.0, 0.021113353202925466, 0.015807874536900753, 4.313801741670583e-05, 0.0, 0.0011664008742922377, 0.0, 0.0, 0.0, 0.0, 0.02002297152636179, 0.005536545365728814, 0.06501874131624863, 0.0388717420834938, 4.378628200592168e-05, 0.0, 0.0005289962146061609]}