{"labels": [0, 1, 2, 3, 4, 5, 6, 7, 8, 9, 10, 11, 12, 13, 14, 15, 16, 17, 18, 19, 20, 21, 22, 23, 24, 25, 26, 27, 28, 29, 30, 31, 32, 33, 34, 35, 36, 37, 38, 39], "data": [0.030380239915251985, 0.0, 0.007480784556147915, 0.008752490346416978, 0.007158485850343705, 0.0, 0.009115344490396452, 0.0, 0.0, 0.014290331260491507, 0.0, 0.0, 0.015356518483874818, 0.028128477301351297, 0.004777883070454275, 0.0, 0.010728454932322197, 0.0, 0.0, 0.0, 0.0, 0.02196744417434852, 0.0021304232642989896, 0.0, 0.0, 0.05920446283196595, 0.0, 0.005740943803237235, 0.0017120989757944151, 0.0, 0.014391470077580298, 0.0, 0.016629312489079583, 0.0015670624127123226, 0.03993572836325146, 0.0, 0.004102010584167846, 0.012332825295092244, 0.0, 0.04458012734929828]}