{"labels": [0, 1, 2, 3, 4, 5, 6, 7, 8, 9, 10, 11, 12, 13, 14, 15, 16, 17, 18, 19, 20, 21, 22, 23, 24, 25, 26, 27, 28, 29, 30, 31, 32, 33, 34, 35, 36, 37, 38, 39], "data": [0.003422888147564492, 0.0, 0.00191485378505772, 0.0027877216648890097, 0.07405877080874408, 0.0, 0.05004774058250953, 0.00631717512834813, 0.0075977446441141796, 0.0, 0.0055861252765704705, 0.00010237706332341108, 0.0, 0.00300038059217916, 0.0, 0.0008682658533276357, 0.0030082892940905223, 0.0011997182830845294, 0.0, 0.0, 0.0, 0.009288140240756472, 0.0, 0.0, 0.0003539321579298362, 0.00341538666542324, 0.00014978570720658617, 0.00336331679745306, 0.007112332946923502, 0.014007542342759962, 0.0, 0.005846751820925996, 0.00275815329284065, 0.04441753639788948, 0.03135066455308203, 0.0012763067243317338, 0.0, 0.011015601778930538, 0.0, 0.0]}