{"labels": [0, 1, 2, 3, 4, 5, 6, 7, 8, 9, 10, 11, 12, 13, 14, 15, 16, 17, 18, 19, 20, 21, 22, 23, 24, 25, 26, 27, 28, 29, 30, 31, 32, 33, 34, 35, 36, 37, 38, 39], "data": [0.007685420796150909, 0.0, 0.020333959277299394, 0.0, 0.0, 0.011686069736627206, 0.0, 0.0, 0.0, 0.0, 0.0, 0.0013237953251657867, 0.008646275423241161, 0.01128685997748644, 0.0, 0.0, 0.0, 0.021554642054761187, 0.003950695088156908, 0.0, 0.0, 0.0001836800448177668, 0.0014153075067726427, 0.004643058613159784, 0.0, 0.004860527675455239, 0.0, 0.0, 0.0, 0.08049908205104275, 0.010881467323967277, 0.0, 0.0, 0.0, 0.0052855170990608845, 0.0337143099999289, 0.044361952591768096, 0.0, 0.0024882730194068035, 0.0009040116447638281]}