{"labels": [0, 1, 2, 3, 4, 5, 6, 7, 8, 9, 10, 11, 12, 13, 14, 15, 16, 17, 18, 19, 20, 21, 22, 23, 24, 25, 26, 27, 28, 29, 30, 31, 32, 33, 34, 35, 36, 37, 38, 39], "data": [0.002079558871464419, 0.016228445815039974, 0.0008480508723504021, 0.02162332958532996, 0.0, 0.0, 0.0, 0.029639759342066384, 0.0, 0.0, 0.014018194142214734, 0.0, 0.0, 0.0, 0.0, 0.0, 0.0, 0.013920299556296116, 0.0, 0.041963346183840185, 0.06953032903410263, 0.03456967975198768, 0.0038987810826712588, 0.0, 0.007645359471518464, 0.0, 0.0, 0.0, 0.0, 0.008267584603548414, 0.0, 0.039137451940873855, 0.007712683644283477, 0.0, 0.0, 0.0, 0.0025217006865064363, 0.035117032459682264, 0.025127648547831765, 0.0]}