{"labels": [0, 1, 2, 3, 4, 5, 6, 7, 8, 9, 10, 11, 12, 13, 14, 15, 16, 17, 18, 19, 20, 21, 22, 23, 24, 25, 26, 27, 28, 29, 30, 31, 32, 33, 34, 35, 36, 37, 38, 39], "data": [0.0, 0.0022188998690627834, 0.0, 0.0, 0.0, 0.0, 0.04129329559901855, 0.0, 0.0, 0.0, 0.0003393646941377934, 0.0, 0.0, 0.0, 0.0033283961174009192, 0.0, 0.0, 0.0, 0.0, 0.0, 0.0, 0.0, 0.0, 0.005452675876312578, 0.0, 0.03919716567593137, 0.0, 0.0, 0.0, 0.001434636686345396, 0.0, 0.0, 0.00291253097863266, 0.0, 0.0, 0.0, 0.0, 0.04589767512113752, 0.0, 0.0]}