{"labels": [0, 1, 2, 3, 4, 5, 6, 7, 8, 9, 10, 11, 12, 13, 14, 15, 16, 17, 18, 19, 20, 21, 22, 23, 24, 25, 26, 27, 28, 29, 30, 31, 32, 33, 34, 35, 36, 37, 38, 39], "data": [0.0066619275781306, 0.0, 0.008668436157815151, 0.008075675107348516, 0.010251751336123075, 0.06546989219630285, 0.0018627928728664317, 0.0008033113165492573, 0.0, 0.007121561812272798, 0.0, 0.0, 0.0, 0.0, 0.0017956110784686998, 0.05162557966003147, 0.0, 0.0063788145672774325, 0.07799493478323181, 0.0, 0.0, 0.0, 0.0, 0.0, 0.0, 0.0, 0.0, 0.012452780815192391, 0.0007636811140581044, 0.0, 0.015005740287309822, 0.0, 0.024998085703046072, 0.0013991244650413918, 0.019594378980101704, 0.0, 0.0, 0.0, 0.057759510461380024, 0.002025874788762383]}