{"labels": [0, 1, 2, 3, 4, 5, 6, 7, 8, 9, 10, 11, 12, 13, 14, 15, 16, 17, 18, 19, 20, 21, 22, 23, 24, 25, 26, 27, 28, 29, 30, 31, 32, 33, 34, 35, 36, 37, 38, 39], "data": [0.005843561098623144, 0.0, 0.0, 0.023402031515964247, 0.02710963955016423, 0.0, 0.007272594860687666, 0.00797222628788152, 0.0, 0.005375769179153955, 0.0, 0.0, 0.0, 0.0, 0.0, 0.0, 0.0006622614652084113, 0.021509131859851597, 0.0007302838707690278, 0.004492160379583162, 0.019502242817397007, 0.0, 0.0, 0.0014039960956307, 0.0, 0.01577613998295045, 0.0, 0.00205852941791557, 0.0, 0.0, 0.0, 0.0, 0.0013983890907103863, 0.02594690881027308, 0.019833003880126637, 0.05854738798457016, 0.0, 0.03575662961785601, 0.00043346063661720756, 0.0]}