{"labels": [0, 1, 2, 3, 4, 5, 6, 7, 8, 9, 10, 11, 12, 13, 14, 15, 16, 17, 18, 19, 20, 21, 22, 23, 24, 25, 26, 27, 28, 29, 30, 31, 32, 33, 34, 35, 36, 37, 38, 39], "data": [0.0, 0.0, 0.0, 0.0, 0.040714430754069345, 0.0, 0.016770913882734235, 0.004790277936026384, 0.0, 0.0, 0.08287650180289687, 0.0, 0.0, 0.0, 0.0, 0.0, 0.0, 0.0, 0.0, 0.0, 0.0, 0.0, 0.0009863885249486472, 0.0, 0.01687160619447835, 0.0, 0.0, 0.0, 0.0, 0.0, 0.013430962384420377, 0.0, 0.0, 0.0, 0.0015586964606833786, 0.0, 0.0, 0.0, 0.005315278683818742, 0.0]}