{"labels": [0, 1, 2, 3, 4, 5, 6, 7, 8, 9, 10, 11, 12, 13, 14, 15, 16, 17, 18, 19, 20, 21, 22, 23, 24, 25, 26, 27, 28, 29, 30, 31, 32, 33, 34, 35, 36, 37, 38, 39], "data": [0.01191652081935006, 0.003582095566821857, 0.010966360097503304, 0.0, 0.008332613650183647, 0.0, 0.005897955825774788, 0.03911065784732846, 0.001944242502724131, 0.009799640722969181, 0.01760012586718417, 0.0, 0.08740413427768276, 0.0, 0.02864329154928205, 0.0, 0.0, 0.0, 0.0059654191479818885, 0.024803357428102017, 0.0, 0.0, 0.03834047198537211, 0.0, 0.0, 0.0, 5.051184802369305e-05, 0.0008269632451524014, 0.0, 0.00398031716044682, 0.015422200176758495, 0.0, 0.0005914140845574392, 0.0, 0.00971269093622718, 0.026320608051002732, 0.0, 0.039385643687920205, 0.027721573646157172, 0.0011059214956937755]}