{"labels": [0, 1, 2, 3, 4, 5, 6, 7, 8, 9, 10, 11, 12, 13, 14, 15, 16, 17, 18, 19, 20, 21, 22, 23, 24, 25, 26, 27, 28, 29, 30, 31, 32, 33, 34, 35, 36, 37, 38, 39], "data": [0.0019948508486733346, 0.004626801531001277, 0.0, 0.0, 0.01936500621232652, 0.011751633397831513, 0.03925588314524221, 0.0, 0.011769829363835223, 0.0004110100224031833, 0.0, 0.035227793718672726, 0.004385118844094534, 0.0, 0.0, 0.05244057243999512, 0.0, 0.0008088047111455729, 0.007710067297770815, 0.0, 0.0, 0.0019961095849955084, 0.0028063893823320808, 0.0, 0.0, 0.0002609484851317684, 0.006481910431516228, 0.0, 0.006955287138255292, 0.003954581802154315, 0.0, 0.0, 0.0, 0.008557177337453904, 0.04400811104324711, 0.0, 0.0012379108709946519, 0.0004940513891607751, 0.059372078340776124, 0.004365244473051276]}