{"labels": [0, 1, 2, 3, 4, 5, 6, 7, 8, 9, 10, 11, 12, 13, 14, 15, 16, 17, 18, 19, 20, 21, 22, 23, 24, 25, 26, 27, 28, 29, 30, 31, 32, 33, 34, 35, 36, 37, 38, 39], "data": [0.0, 0.0, 0.0, 0.0, 0.04724592385423129, 0.0, 0.0, 0.0, 0.0, 0.006425076342646334, 0.0, 0.0, 0.0, 0.0008020396193122155, 0.0, 0.0, 0.0, 0.0, 0.0, 0.03609754240636243, 0.0, 0.03382731008962953, 0.0035376851346560134, 0.01854375853704638, 0.01323675905667126, 0.0, 0.0006736356684269439, 0.0, 0.0, 0.0, 0.0, 0.00423397679939941, 0.00010563917542781839, 0.05331700626586078, 0.00839547470487145, 0.006086394028218192, 0.0, 0.0060355115955952115, 0.0, 0.0]}