{"labels": [0, 1, 2, 3, 4, 5, 6, 7, 8, 9, 10, 11, 12, 13, 14, 15, 16, 17, 18, 19, 20, 21, 22, 23, 24, 25, 26, 27, 28, 29, 30, 31, 32, 33, 34, 35, 36, 37, 38, 39], "data": [0.010036176042102782, 0.0, 0.017094686148309238, 0.0, 0.015306406142098142, 0.0, 0.011523625957248162, 0.01814405651603766, 0.0, 0.0, 0.0, 0.0, 0.0, 0.0, 0.0, 0.0, 0.0, 0.08622665356570686, 0.002148208297440124, 0.0, 0.0, 0.0, 0.0, 0.0023434344331093307, 0.0, 0.012249618462837408, 0.0, 0.0, 0.0, 0.0, 0.0, 0.0, 0.0, 0.0, 0.0, 0.0, 0.0, 0.0, 0.0, 0.0023855163578493303]}