{"labels": [0, 1, 2, 3, 4, 5, 6, 7, 8, 9, 10, 11, 12, 13, 14, 15, 16, 17, 18, 19, 20, 21, 22, 23, 24, 25, 26, 27, 28, 29, 30, 31, 32, 33, 34, 35, 36, 37, 38, 39], "data": [0.0, 0.0, 0.0, 0.0, 0.0, 0.08106983966366887, 0.03358816832388106, 0.0, 0.0, 0.005633002646760446, 0.0, 0.0, 0.03202411859375679, 0.0, 0.0, 0.0, 0.0044354831788307935, 0.006316732529660859, 0.0, 0.0, 0.0, 0.0, 0.0013933110263495343, 0.02108180417698518, 0.00027627761527278195, 0.0, 0.0, 0.0011065212444941355, 0.0, 0.0, 0.0, 0.0, 0.0, 0.0057182326652948715, 0.0, 0.0, 0.0, 0.0, 0.0, 0.0]}