{"labels": [0, 1, 2, 3, 4, 5, 6, 7, 8, 9, 10, 11, 12, 13, 14, 15, 16, 17, 18, 19, 20, 21, 22, 23, 24, 25, 26, 27, 28, 29, 30, 31, 32, 33, 34, 35, 36, 37, 38, 39], "data": [0.0, 0.025342282911410798, 0.0, 0.0, 0.0, 0.06809900011191777, 0.027027201076303894, 0.03803604609879541, 0.0, 0.04677697022765097, 0.0, 0.0, 0.0, 0.04614312012508142, 0.0016517558280341954, 0.0, 0.0, 0.0, 0.0, 0.0007390321426455478, 0.002262226694744689, 0.0, 0.0, 0.0, 0.0, 0.0, 0.0, 0.0, 0.0, 0.0, 0.0, 0.0, 0.0, 0.0, 0.0, 0.0, 0.0, 0.0, 0.0, 0.0]}