{"labels": [0, 1, 2, 3, 4, 5, 6, 7, 8, 9, 10, 11, 12, 13, 14, 15, 16, 17, 18, 19, 20, 21, 22, 23, 24, 25, 26, 27, 28, 29, 30, 31, 32, 33, 34, 35, 36, 37, 38, 39], "data": [0.0013935167561493777, 0.0013949210061424224, 0.0, 0.0029439202291270607, 0.0, 0.005297595625968317, 0.0, 0.0, 0.0, 0.0, 0.0, 7.977630695633382e-05, 0.011352627233731299, 0.0, 0.0, 0.0, 0.007978037111471655, 0.0, 0.0, 0.0, 0.002423050051672417, 0.0, 0.0, 0.0027681788269200733, 0.0022897670627554036, 0.02752873161840165, 0.0, 0.04342519443003049, 0.0, 0.002685080558547131, 0.0001452013409683159, 0.0, 0.0, 0.011891442868102165, 0.0, 0.0, 0.0, 0.0, 0.000618827948723537, 0.0]}