{"labels": [0, 1, 2, 3, 4, 5, 6, 7, 8, 9, 10, 11, 12, 13, 14, 15, 16, 17, 18, 19, 20, 21, 22, 23, 24, 25, 26, 27, 28, 29, 30, 31, 32, 33, 34, 35, 36, 37, 38, 39], "data": [0.0, 0.0, 0.0, 0.0, 0.0, 0.0, 0.018164647185452357, 0.00283997324102779, 0.008353367603921712, 0.0, 0.028502531437916086, 0.0005861861249681045, 0.01535727473518126, 0.0, 0.0, 0.0, 0.0, 0.0, 0.0, 0.10799155110032926, 0.0, 0.0, 0.00182594816588995, 0.0, 0.0, 0.0, 0.0, 0.0, 0.0, 0.0, 0.0, 0.0, 0.0, 0.0, 0.0, 0.0, 0.013042996752469645, 0.0, 0.0, 0.0]}