{"labels": [0, 1, 2, 3, 4, 5, 6, 7, 8, 9, 10, 11, 12, 13, 14, 15, 16, 17, 18, 19, 20, 21, 22, 23, 24, 25, 26, 27, 28, 29, 30, 31, 32, 33, 34, 35, 36, 37, 38, 39], "data": [0.008696271829155167, 0.0005889713473902461, 0.0016858090946917925, 0.0, 0.0, 0.0, 0.009210645105382208, 0.0, 0.003184863949473521, 0.019821023955019817, 0.006388256729644511, 0.0006808881585595127, 0.0, 0.001088530825859879, 0.020639672858322515, 0.0, 0.025195446984454802, 0.0028797025027111245, 0.0, 0.0, 0.0034507293574791045, 0.0, 0.0031951052490122233, 0.0019200667113932117, 0.04508678489901622, 0.0039400720297049305, 0.0020437859619010373, 0.026040350832903025, 0.0, 0.024087161522279875, 0.04174964155930422, 0.0, 0.0, 0.0, 0.0, 0.0, 0.018649757576495105, 0.015375663534530674, 0.0, 0.0]}