{"labels": [0, 1, 2, 3, 4, 5, 6, 7, 8, 9, 10, 11, 12, 13, 14, 15, 16, 17, 18, 19, 20, 21, 22, 23, 24, 25, 26, 27, 28, 29, 30, 31, 32, 33, 34, 35, 36, 37, 38, 39], "data": [0.0, 0.0, 0.0, 0.003187675282082794, 0.03905201593983393, 0.0, 0.0, 0.05871926042037217, 0.0, 0.0, 0.0, 0.0, 0.0, 0.0, 0.0, 0.0, 0.0, 0.0, 0.0, 0.0, 0.002285395077318416, 0.0, 0.0, 0.0, 0.0, 0.003054204349378413, 0.0, 0.05571254131496912, 0.014255163131146307, 0.0019225542314379033, 0.005851816724855348, 0.0, 0.0, 0.0, 0.0, 0.0, 0.0, 0.043255809108004785, 0.0, 0.0]}