{"labels": [0, 1, 2, 3, 4, 5, 6, 7, 8, 9, 10, 11, 12, 13, 14, 15, 16, 17, 18, 19, 20, 21, 22, 23, 24, 25, 26, 27, 28, 29, 30, 31, 32, 33, 34, 35, 36, 37, 38, 39], "data": [0.0009278584480103376, 0.010789905262153066, 0.0, 0.0, 0.01380900655695918, 0.006061972345574008, 0.011517508033739686, 0.0, 0.004936731907404777, 0.013257372224337623, 0.0039880487084691905, 0.02988577073681187, 0.04151007823365716, 0.025270937066391573, 0.008540569225988684, 0.00755543313691145, 0.0014689277436479417, 0.0025666906274902103, 0.010410286592463578, 0.01123815446901517, 0.0, 0.005870137850948636, 0.0009709954145277574, 0.011246241723293741, 0.04230414437869509, 0.0, 0.005348921459567843, 0.012769892073743587, 0.0, 0.053313873410093526, 0.024511806175637578, 0.0019396784388519821, 0.04648196772127126, 0.05919407362698608, 0.004667694100330609, 0.013489166592931947, 0.01536587643967377, 0.0, 0.0157755463835278, 0.02403510899133423]}