{"labels": [0, 1, 2, 3, 4, 5, 6, 7, 8, 9, 10, 11, 12, 13, 14, 15, 16, 17, 18, 19, 20, 21, 22, 23, 24, 25, 26, 27, 28, 29, 30, 31, 32, 33, 34, 35, 36, 37, 38, 39], "data": [0.0013361997185132768, 0.0, 0.0, 0.0, 0.0798018270228529, 0.0, 0.014133197329041457, 0.0, 0.0, 0.0, 0.012410844883252493, 0.0, 0.0, 0.0, 0.0034798444938147735, 0.0020870079992014188, 0.0, 0.0, 0.0, 0.0, 0.0017904206598538662, 0.0, 0.0, 0.0, 0.0, 0.0, 0.0, 0.0, 0.0, 0.0, 0.0, 0.0, 0.0037102406159625666, 0.0, 0.010805846567725886, 0.00032332964582881276, 0.0, 0.02900388278532877, 0.0, 0.0011742805752688284]}