{"labels": [0, 1, 2, 3, 4, 5, 6, 7, 8, 9, 10, 11, 12, 13, 14, 15, 16, 17, 18, 19, 20, 21, 22, 23, 24, 25, 26, 27, 28, 29, 30, 31, 32, 33, 34, 35, 36, 37, 38, 39], "data": [0.0, 0.0, 0.0014519793794311188, 0.0, 0.0, 0.0, 0.021954280154728053, 0.029465111489126172, 0.0, 0.006995861655902865, 0.025105420011444956, 0.0, 0.013178303433782058, 0.010213172940611283, 0.0, 0.0, 0.0, 0.0, 0.0, 0.0005230566812461109, 0.0, 0.0, 0.0022163598323100327, 0.0019584138217150094, 0.00015769809491105474, 0.0, 0.06400431042155144, 0.0, 0.0, 0.0, 0.0, 0.001535861116855225, 0.10460858630265009, 0.0, 0.0, 0.0, 0.0, 0.0, 0.0023350075965316405, 0.0]}