{"labels": [0, 1, 2, 3, 4, 5, 6, 7, 8, 9, 10, 11, 12, 13, 14, 15, 16, 17, 18, 19, 20, 21, 22, 23, 24, 25, 26, 27, 28, 29, 30, 31, 32, 33, 34, 35, 36, 37, 38, 39], "data": [0.0, 0.1755676758223902, 0.0, 0.0, 0.0, 0.0, 0.14571102428114688, 0.0, 1.4562876090104506, 0.0, 0.07684717366291384, 0.0, 0.0, 0.0, 0.018450367278440533, 0.0, 0.0, 0.0, 0.0, 0.0, 0.0, 0.0, 0.0, 0.0, 0.0, 0.0, 0.11969337444698779, 0.0, 0.0, 0.0, 0.0, 0.0, 0.0, 0.0, 0.0, 0.033505693258270665, 0.0, 0.0, 0.04754982012060569, 0.017601163185258586]}