{"labels": [0, 1, 2, 3, 4, 5, 6, 7, 8, 9, 10, 11, 12, 13, 14, 15, 16, 17, 18, 19, 20, 21, 22, 23, 24, 25, 26, 27, 28, 29, 30, 31, 32, 33, 34, 35, 36, 37, 38, 39], "data": [0.0012499742812727111, 0.003999330883203998, 0.0, 0.0, 0.008212532538100205, 0.0, 0.008714025822381493, 0.0034541097671368275, 0.032868291141796686, 0.0, 0.0, 0.0, 0.0, 0.0024954528792778706, 0.000155675015065906, 0.0, 0.0, 0.0, 0.0, 0.0, 0.003549169006569831, 0.0, 0.0011099190739237187, 0.0, 0.0, 0.0, 0.0, 0.0, 0.0, 0.0, 0.001215435798998434, 0.0052413739164611775, 0.0, 0.04551191656059982, 0.0, 0.007679588522403553, 0.050549686236923824, 0.02409382195525972, 0.0, 0.0]}