{"labels": [0, 1, 2, 3, 4, 5, 6, 7, 8, 9, 10, 11, 12, 13, 14, 15, 16, 17, 18, 19, 20, 21, 22, 23, 24, 25, 26, 27, 28, 29, 30, 31, 32, 33, 34, 35, 36, 37, 38, 39], "data": [0.00813292072948884, 0.020727728204856063, 0.00010079000610540496, 0.03362741123132125, 0.005048780189632333, 0.0, 0.0, 0.0, 0.0032698085891345176, 0.0, 0.0, 0.0029820574712447214, 0.0, 0.013951009846066993, 0.00123999105788622, 0.0, 0.0391769893067982, 0.0, 0.0, 0.025829198464583623, 0.0, 0.0, 0.0, 0.0, 0.04002221902482697, 0.011868343810607087, 0.0, 0.0, 0.0009623622836899551, 0.0, 0.0, 0.06111956577911829, 0.0, 0.0028081448030782465, 0.0, 0.0, 0.0, 0.004849040149694651, 0.007410022784806674, 0.0]}