{"labels": [0, 1, 2, 3, 4, 5, 6, 7, 8, 9, 10, 11, 12, 13, 14, 15, 16, 17, 18, 19, 20, 21, 22, 23, 24, 25, 26, 27, 28, 29, 30, 31, 32, 33, 34, 35, 36, 37, 38, 39], "data": [0.0, 0.0, 0.003264678316498746, 0.0, 0.025421706410394762, 0.0, 0.05318629309954821, 0.0, 0.0, 0.001535182032972166, 0.007609943320626043, 0.0, 0.0, 0.0, 0.0, 0.014642946658556243, 0.0, 0.0, 0.0, 0.004980096045585536, 0.0, 0.0, 0.0, 0.0, 0.0038276075413303167, 0.0, 0.08201647291626082, 0.0, 0.012161642591244366, 0.0, 0.003686496436756877, 0.0, 0.0, 0.0022557713354976233, 0.0, 0.0, 0.0, 0.0, 0.0, 0.0]}