{"labels": [0, 1, 2, 3, 4, 5, 6, 7, 8, 9, 10, 11, 12, 13, 14, 15, 16, 17, 18, 19, 20, 21, 22, 23, 24, 25, 26, 27, 28, 29, 30, 31, 32, 33, 34, 35, 36, 37, 38, 39], "data": [0.0, 0.0, 0.0, 0.0, 0.0, 0.04074012603938577, 0.011409486114196584, 0.0, 0.0, 0.0, 0.013358637594447213, 0.0016149598397241943, 0.0, 0.020001771766768785, 0.0, 0.0, 0.0, 0.030913641801848326, 0.013985406928577094, 0.0, 0.0, 0.0, 0.0, 0.0, 0.006272356747787117, 0.00229402436140914, 0.005040911995273587, 0.0, 0.0, 0.0, 0.0, 0.0007542538923175682, 0.0, 0.0, 0.0, 0.06058233182737238, 0.0015501629257229671, 0.0, 0.005294743670252868, 0.0]}