{"labels": [0, 1, 2, 3, 4, 5, 6, 7, 8, 9, 10, 11, 12, 13, 14, 15, 16, 17, 18, 19, 20, 21, 22, 23, 24, 25, 26, 27, 28, 29, 30, 31, 32, 33, 34, 35, 36, 37, 38, 39], "data": [0.0, 0.0004958561040510687, 0.0, 0.0, 0.014711292285917534, 0.0, 0.0026694521789975027, 0.0017515884290257566, 0.00021049751245705162, 0.01633190475472779, 0.05424020791173634, 0.0005844566585155154, 0.0011644381830760832, 0.0, 0.0, 0.0, 0.0163962297056871, 0.0, 0.0, 0.050995043039521896, 0.0, 0.0, 0.04293370740508281, 0.002915183601023108, 0.009154797243260475, 0.0, 0.001413632258467668, 0.0, 0.013162484075159782, 0.012529619161910838, 0.0, 0.0017227359288863539, 0.0016176486252447943, 0.011816389799651291, 0.0, 0.01912154516534438, 0.0, 0.0, 0.0, 0.00019140289794073427]}