{"labels": [0, 1, 2, 3, 4, 5, 6, 7, 8, 9, 10, 11, 12, 13, 14, 15, 16, 17, 18, 19, 20, 21, 22, 23, 24, 25, 26, 27, 28, 29, 30, 31, 32, 33, 34, 35, 36, 37, 38, 39], "data": [0.0, 0.026733016104954183, 0.0, 0.0, 0.0, 0.0, 0.0, 0.02289229105498072, 0.0325734467829669, 0.004479511042200381, 0.0, 0.0, 0.002910468592874683, 0.0006020764049355409, 0.026957086047766556, 0.0, 0.0, 0.006210734608623886, 0.0017386828996767089, 0.028091173732686273, 0.0, 0.0, 0.0003096534192080281, 0.01589960658672629, 0.005476560236019989, 0.008917373136185082, 0.00034690270954727007, 0.020666117652740262, 0.0, 0.007521274329449014, 0.0, 0.0, 0.006247439957725839, 0.0, 0.0, 0.0032299826088665337, 0.03451269466771217, 0.01804054514978802, 0.0, 0.0]}