{"labels": [0, 1, 2, 3, 4, 5, 6, 7, 8, 9, 10, 11, 12, 13, 14, 15, 16, 17, 18, 19, 20, 21, 22, 23, 24, 25, 26, 27, 28, 29, 30, 31, 32, 33, 34, 35, 36, 37, 38, 39], "data": [0.0020212029632958877, 0.001243029357714848, 0.0, 0.0, 0.0, 0.0, 0.0, 0.05193570757613872, 0.0, 0.0, 0.0, 0.0, 0.04800414719820339, 0.0010279612612865308, 0.0, 0.0009196568521266223, 0.0, 0.0, 0.0, 0.001359741808523227, 0.0, 0.04701937666765762, 0.0, 0.0, 0.009887573214038232, 0.009785945027479051, 0.0, 0.03171837214224011, 0.0, 0.0, 0.0, 0.0, 6.905284731688154e-05, 0.0, 0.0, 0.0, 0.005120018347102719, 0.037361730700122664, 0.001751274254023001, 0.0]}