{"labels": [0, 1, 2, 3, 4, 5, 6, 7, 8, 9, 10, 11, 12, 13, 14, 15, 16, 17, 18, 19, 20, 21, 22, 23, 24, 25, 26, 27, 28, 29, 30, 31, 32, 33, 34, 35, 36, 37, 38, 39], "data": [0.0, 0.0, 0.0, 0.029615317025645845, 0.0, 0.032821780956103865, 0.0007031258512841351, 0.0, 0.0, 0.0, 0.0, 0.052821481663250416, 0.0, 0.0, 0.0, 0.0003383654579397683, 0.0, 0.020658530003113303, 0.0, 0.0, 0.0, 0.0, 0.050777832017530715, 0.0, 0.0915497184055718, 0.006673403941264277, 0.0, 0.04933189946329465, 0.0, 0.0, 0.0013791701662863626, 0.0, 0.0, 0.010114966612302543, 0.0, 0.0, 0.0, 0.0, 0.0054017231471673414, 0.0]}