{"labels": [0, 1, 2, 3, 4, 5, 6, 7, 8, 9, 10, 11, 12, 13, 14, 15, 16, 17, 18, 19, 20, 21, 22, 23, 24, 25, 26, 27, 28, 29, 30, 31, 32, 33, 34, 35, 36, 37, 38, 39], "data": [0.0, 0.0, 0.0, 0.019727909840550496, 0.0, 0.04530819819949808, 0.01588392228731355, 0.04836379820209321, 0.006217803067091401, 0.002680697942113207, 0.003938441504060395, 0.0010419892786516876, 0.010913387105401656, 0.0, 0.0, 0.0, 0.0, 0.005442787523849873, 0.046405614509205065, 0.0003184677649346469, 0.03885103881580858, 0.014670244023519687, 0.0011321347289029436, 0.0, 0.0, 0.00131523483698827, 0.0, 0.017143317902492645, 0.0, 0.0, 0.026538436379998816, 0.0, 0.0, 0.0015840662398282314, 0.0, 0.008388086331996485, 0.0, 0.0, 0.00428695948124713, 0.06649147767081988]}