{"labels": [0, 1, 2, 3, 4, 5, 6, 7, 8, 9, 10, 11, 12, 13, 14, 15, 16, 17, 18, 19, 20, 21, 22, 23, 24, 25, 26, 27, 28, 29, 30, 31, 32, 33, 34, 35, 36, 37, 38, 39], "data": [0.0036643276056530535, 0.0, 0.0010880089797254858, 0.0, 0.02505750512432828, 0.0, 0.0, 0.0, 0.0, 0.06629388755231677, 0.0, 0.0, 0.0, 0.0, 0.0, 0.0, 0.05653123105134243, 0.0, 0.0, 0.0, 0.0, 0.0, 0.0, 0.0, 0.0, 0.0, 0.0, 0.0015853769808887811, 0.0, 0.0, 0.002976168245605985, 0.0, 0.0361086039889961, 0.0017058844489813109, 0.024381306885173308, 0.0, 0.011331383201366247, 0.0007148539669781746, 0.00014933167769912308, 0.0012052591192675628]}