{"labels": [0, 1, 2, 3, 4, 5, 6, 7, 8, 9, 10, 11, 12, 13, 14, 15, 16, 17, 18, 19, 20, 21, 22, 23, 24, 25, 26, 27, 28, 29, 30, 31, 32, 33, 34, 35, 36, 37, 38, 39], "data": [0.0, 0.0, 0.0, 0.0, 0.0, 0.0, 0.04544335543226012, 0.0, 0.09815469909174661, 0.0, 0.00037708603848398174, 0.0, 0.0, 0.01580646412467639, 0.017736795282627765, 0.0, 0.0, 0.0, 0.0, 0.0, 0.0, 0.0, 0.0, 0.04838308421039451, 0.005901016423174615, 0.010228866992993153, 0.0, 0.0, 0.0, 0.0, 0.0, 0.0, 0.0, 0.0, 0.0, 0.0012705308435915746, 0.00043537325029139397, 0.0, 0.0054980355517692415, 0.0]}