{"labels": [0, 1, 2, 3, 4, 5, 6, 7, 8, 9, 10, 11, 12, 13, 14, 15, 16, 17, 18, 19, 20, 21, 22, 23, 24, 25, 26, 27, 28, 29, 30, 31, 32, 33, 34, 35, 36, 37, 38, 39], "data": [0.0292679725415888, 0.0, 0.0, 0.02610630478147093, 0.0, 0.008371764495267945, 0.011265872441856619, 0.0, 0.0027446812142353214, 0.0, 0.0, 0.005548383891252587, 0.0034957650423124483, 0.0, 0.005247862911515753, 0.0, 0.008980008421499803, 0.02511199553454126, 0.0008757106094146588, 0.0, 0.0, 0.0009492606348114522, 0.0, 0.0, 0.0, 0.0, 0.0, 0.024321214984951503, 0.0033582574925359876, 0.0, 0.008976749563676653, 5.751800025556616e-05, 0.0, 0.010392504471713717, 0.0, 0.0020869078117443022, 0.0038583879692150854, 0.0, 0.0010124927077367234, 4.7977765741777405e-05]}