{"labels": [0, 1, 2, 3, 4, 5, 6, 7, 8, 9, 10, 11, 12, 13, 14, 15, 16, 17, 18, 19, 20, 21, 22, 23, 24, 25, 26, 27, 28, 29, 30, 31, 32, 33, 34, 35, 36, 37, 38, 39], "data": [0.004750617460360264, 0.0, 0.0007910904523149754, 0.0, 0.0, 0.0, 0.0003083816387973338, 0.0, 0.0031032863304165798, 0.021549387983864625, 0.0, 0.0, 0.0, 0.0, 0.0, 0.006162400640652544, 0.0, 0.020299509179213426, 0.03430142663215336, 0.0, 0.0, 0.0003445793413941526, 0.0, 0.0, 0.0, 0.0, 0.004652222093779418, 0.03208460939950585, 0.00435231486118196, 0.017650845636614478, 0.05364792097783682, 0.001724958364566113, 0.0, 0.009899562245842378, 0.005358569919362387, 0.0, 0.006294410955758509, 0.00506811255638808, 0.0, 0.0]}