{"labels": [0, 1, 2, 3, 4, 5, 6, 7, 8, 9, 10, 11, 12, 13, 14, 15, 16, 17, 18, 19, 20, 21, 22, 23, 24, 25, 26, 27, 28, 29, 30, 31, 32, 33, 34, 35, 36, 37, 38, 39], "data": [0.0681170618784546, 0.0, 0.023292729703846035, 0.033355479774430624, 0.0, 0.0, 0.0, 0.0001400767556041845, 0.0, 0.0, 0.0, 0.0, 0.003646586052994801, 0.0115694072910421, 0.010208651961662664, 0.01713412428478406, 0.009385645568561045, 0.014357548957992908, 0.019789401516638952, 0.0, 0.006053002883210513, 0.0, 0.0, 0.0, 0.0, 0.00729606592887903, 0.00141914429415192, 0.004104280021227304, 0.030996195220912074, 0.0, 0.00013966973006092456, 0.0, 0.0, 0.0, 0.025149467647160223, 0.0, 0.0, 0.0068744771758948685, 0.0, 0.0]}