{"labels": [0, 1, 2, 3, 4, 5, 6, 7, 8, 9, 10, 11, 12, 13, 14, 15, 16, 17, 18, 19, 20, 21, 22, 23, 24, 25, 26, 27, 28, 29, 30, 31, 32, 33, 34, 35, 36, 37, 38, 39], "data": [0.0, 0.001668881311772388, 0.0, 0.03875620453461806, 0.0, 0.0, 0.0, 0.0, 0.0, 0.0007738396979108805, 0.0, 0.0, 0.0032317899928343613, 0.009312886961326946, 0.0, 0.0, 0.00126371402538925, 0.0, 0.0, 0.0017208347325845834, 0.0, 0.048070088361202586, 0.0, 0.00866321966363398, 0.0, 0.0, 0.04083685088042393, 0.0, 0.0, 0.0, 0.021322679669274282, 0.06278876736304329, 0.0, 0.0, 0.017179559324197128, 0.0, 0.0, 0.0, 0.0, 0.0]}