{"labels": [0, 1, 2, 3, 4, 5, 6, 7, 8, 9, 10, 11, 12, 13, 14, 15, 16, 17, 18, 19, 20, 21, 22, 23, 24, 25, 26, 27, 28, 29, 30, 31, 32, 33, 34, 35, 36, 37, 38, 39], "data": [0.0, 0.0, 0.0, 0.0, 0.003087353501932762, 0.0, 0.004450290051032572, 0.0, 0.0, 0.0021639712176457463, 0.0, 0.0016687717535437433, 0.0, 0.002714742704092734, 0.0, 0.0025806768452795665, 0.013878147971295841, 0.0, 4.800236651627378e-05, 0.0014947025753743062, 0.0, 0.008627289846574106, 0.0, 0.0021189362486803533, 0.0, 0.00032188413203304805, 6.435073259638054e-05, 0.08817400004005183, 0.0037318547894299487, 0.0, 0.00103390939263427, 0.0003710236101022515, 0.0035703591517064616, 0.0, 0.0048503316436398335, 0.0012122522910612181, 0.0, 0.035991919051706046, 0.0, 0.0011323598117708015]}