{"labels": [0, 1, 2, 3, 4, 5, 6, 7, 8, 9, 10, 11, 12, 13, 14, 15, 16, 17, 18, 19, 20, 21, 22, 23, 24, 25, 26, 27, 28, 29, 30, 31, 32, 33, 34, 35, 36, 37, 38, 39], "data": [0.0022978756248730366, 0.0, 0.003289949989967033, 0.009579424269160834, 0.0, 0.003946580860694676, 0.0076647002792157954, 0.0, 0.0, 8.998178447519336e-05, 0.0, 0.05944607101107303, 0.0, 0.004924639895600499, 0.0, 0.0, 0.0, 0.0, 0.0349233796077341, 0.001280606387466211, 0.003372605918596648, 0.03627926487949818, 6.247047558691045e-05, 0.0035899143037837274, 0.0, 0.0, 0.0, 0.0, 0.0, 0.059756037505597624, 0.002019111336503959, 0.0, 0.0, 0.019075690540933776, 0.0, 0.0735198222540811, 0.0, 0.0, 0.0, 0.029419378654458254]}