{"labels": [0, 1, 2, 3, 4, 5, 6, 7, 8, 9, 10, 11, 12, 13, 14, 15, 16, 17, 18, 19, 20, 21, 22, 23, 24, 25, 26, 27, 28, 29, 30, 31, 32, 33, 34, 35, 36, 37, 38, 39], "data": [0.019179650090884626, 0.021684545845705942, 0.0053473244494947865, 0.004435891776350263, 0.0, 0.0, 0.002849265004247117, 0.0, 0.0, 0.025144286481395703, 0.0, 0.0, 0.009740490476761936, 0.011295846740599625, 0.0, 0.0, 0.0, 0.003318356272637805, 0.0, 0.0, 0.0, 0.018420360529043632, 0.09208656910563455, 0.003144132054530575, 0.03158919319775269, 0.005160288667946653, 0.0, 0.04973834937932288, 0.0, 0.0, 0.018652965201063118, 0.002418660227752712, 0.03306340824176438, 0.0, 0.0, 0.003835454032616942, 0.010083747662754952, 0.01030456519118325, 0.0029880776300752593, 0.0]}