{"labels": [0, 1, 2, 3, 4, 5, 6, 7, 8, 9, 10, 11, 12, 13, 14, 15, 16, 17, 18, 19, 20, 21, 22, 23, 24, 25, 26, 27, 28, 29, 30, 31, 32, 33, 34, 35, 36, 37, 38, 39], "data": [0.0, 0.0, 0.03757689609162771, 0.0, 0.03630591390457752, 0.0, 0.011405218115735326, 0.0025850107596724604, 0.009711304038136165, 0.00010116909749552051, 0.0, 5.2384033088965e-05, 0.0006236862958957524, 0.0, 0.0, 0.005224438100601017, 0.0, 0.0, 0.0022773185667580753, 0.0, 0.010950698482058777, 0.0, 0.0, 0.0, 0.0, 0.0, 0.0, 0.0, 0.0, 0.0, 0.00014710607373747908, 0.0033737706729085265, 0.0, 0.0, 0.0, 0.0, 0.00993252071251091, 0.0, 0.011685086903762963, 0.0]}