{"labels": [0, 1, 2, 3, 4, 5, 6, 7, 8, 9, 10, 11, 12, 13, 14, 15, 16, 17, 18, 19, 20, 21, 22, 23, 24, 25, 26, 27, 28, 29, 30, 31, 32, 33, 34, 35, 36, 37, 38, 39], "data": [0.014456822927755117, 0.002835403595722659, 0.007166632142983307, 0.008394268664797692, 0.0, 0.0, 0.00026211494463152267, 0.0, 0.0, 0.012274625734131047, 0.0, 0.0, 0.0, 0.009239858081935805, 0.009591397189512, 0.0, 0.0, 0.013260065322812521, 0.0016898681380913417, 0.0400178630456808, 0.0, 0.0, 0.0, 0.01446948212934965, 0.0, 0.0064605736532827715, 0.023683480324440755, 0.0, 0.0, 0.0, 0.0, 0.0645864492132307, 0.03581673192222665, 0.0, 0.0, 0.0, 0.06814073846318348, 0.0, 0.0, 0.0]}