{"labels": [0, 1, 2, 3, 4, 5, 6, 7, 8, 9, 10, 11, 12, 13, 14, 15, 16, 17, 18, 19, 20, 21, 22, 23, 24, 25, 26, 27, 28, 29, 30, 31, 32, 33, 34, 35, 36, 37, 38, 39], "data": [0.0, 0.0, 0.0, 0.010364276940969443, 0.04725202144873702, 0.019667242076853397, 0.0010299585404283252, 0.0, 0.005096766131255852, 0.0, 0.0, 0.003136794550600818, 0.0, 0.0, 0.0, 0.0005639875449014468, 0.016587005757050605, 0.0, 0.014395304881044119, 0.0, 0.0, 0.0, 0.0, 0.0, 0.0, 0.04877649284971197, 0.04039985424909086, 0.001325788497554471, 0.0, 0.0, 0.0006504292505314016, 0.004392264669965735, 0.0, 0.001972860098602149, 0.0, 0.0, 0.0009908959094957696, 0.03152693247245912, 0.0, 0.00029043302636459214]}