{"labels": [0, 1, 2, 3, 4, 5, 6, 7, 8, 9, 10, 11, 12, 13, 14, 15, 16, 17, 18, 19, 20, 21, 22, 23, 24, 25, 26, 27, 28, 29, 30, 31, 32, 33, 34, 35, 36, 37, 38, 39], "data": [0.0, 0.005184495249958026, 0.0, 0.0, 0.0, 0.006563706536338339, 0.00850875068784539, 0.0, 0.026304029602990175, 0.0748860687068417, 0.0, 0.0, 0.032945970587550326, 0.0, 0.005381741066870304, 0.0, 0.0, 0.0061648249885501195, 0.0, 0.00014730092083564358, 0.0, 0.0010714325705522899, 0.0003464857079065498, 0.0, 0.0, 0.0, 0.006944424747098653, 0.0, 0.04094907832997921, 0.00524722675151001, 0.0010835119390549125, 0.0, 0.0, 0.007775866877907418, 0.0, 0.02789846440317773, 0.026828174092500448, 0.0, 0.002228153889477075, 0.0]}