{"labels": [0, 1, 2, 3, 4, 5, 6, 7, 8, 9, 10, 11, 12, 13, 14, 15, 16, 17, 18, 19, 20, 21, 22, 23, 24, 25, 26, 27, 28, 29, 30, 31, 32, 33, 34, 35, 36, 37, 38, 39], "data": [0.0002030817444781202, 0.00043631708249262046, 0.00112251227773804, 7.341379151373293e-05, 0.0, 0.0, 0.050767763677023736, 0.0, 0.0, 0.0, 0.0, 0.0, 0.0, 0.004235917256579259, 0.002975825810027617, 0.0017367726644884134, 0.0, 0.003331503148653829, 0.0, 0.0, 0.0, 0.0, 0.0, 0.0, 0.0, 0.0, 0.0, 0.0, 0.0, 0.0, 0.003778220837955898, 0.0, 0.09892877553462572, 0.006593819570905471, 0.0, 0.0, 0.03466748675354566, 0.0029745405617764035, 0.0050482982219234715, 0.0011620567995445997]}