{"labels": [0, 1, 2, 3, 4, 5, 6, 7, 8, 9, 10, 11, 12, 13, 14, 15, 16, 17, 18, 19, 20, 21, 22, 23, 24, 25, 26, 27, 28, 29, 30, 31, 32, 33, 34, 35, 36, 37, 38, 39], "data": [0.0008590292357512338, 0.0, 0.0, 0.022922030189449293, 0.0, 0.0430377314005001, 0.0028808132646578714, 0.0, 0.0, 0.0, 0.0, 0.0, 0.0, 0.0, 0.0, 0.03863688479438678, 0.028696795808640225, 0.039246571602080615, 0.0, 0.00040430478336305517, 0.028331319152683915, 0.0, 0.0, 0.03856672886565373, 0.028418894834667044, 0.0, 0.0, 0.003230216080990924, 0.0, 0.047354197554817845, 0.0, 0.0, 0.007160323954420107, 0.0, 0.0017296794672737796, 0.0009817027036368863, 0.005682784104266526, 0.027591841641635913, 0.0, 0.0]}