{"labels": [0, 1, 2, 3, 4, 5, 6, 7, 8, 9, 10, 11, 12, 13, 14, 15, 16, 17, 18, 19, 20, 21, 22, 23, 24, 25, 26, 27, 28, 29, 30, 31, 32, 33, 34, 35, 36, 37, 38, 39], "data": [0.011644867479718471, 0.0, 0.0028562323787514675, 0.011694202050849787, 0.03637159477681528, 0.013846867229580125, 0.0017111646732686158, 0.0, 0.0, 0.00719038522436934, 0.0, 0.0028519001333453865, 0.0, 0.0, 0.0, 0.04272975123474736, 0.0, 0.0, 0.017786018832776775, 0.0, 0.0, 0.00431102878603865, 0.028466152214714237, 0.0, 0.0, 0.040551178083811326, 0.010810600906620366, 0.0, 0.0034855459041677798, 0.0, 0.0, 0.0, 0.0002271747043460872, 0.002744470925864653, 0.0, 0.024751615976663286, 0.01501087786994699, 0.0140243481895063, 0.0430369684184219, 0.033293887011957776]}