{"labels": [0, 1, 2, 3, 4, 5, 6, 7, 8, 9, 10, 11, 12, 13, 14, 15, 16, 17, 18, 19, 20, 21, 22, 23, 24, 25, 26, 27, 28, 29, 30, 31, 32, 33, 34, 35, 36, 37, 38, 39], "data": [0.009538054282471816, 0.0, 0.0, 0.02795169022085866, 0.0, 0.0, 0.0, 0.004929705926744211, 0.0, 0.010909525601108791, 0.0, 5.7972105937591625e-05, 0.0, 0.0, 0.0, 0.0, 0.004007370177661947, 0.0, 0.0, 0.0, 0.06388098686005325, 0.03998234509271638, 0.04961633429330209, 0.06070265272560707, 0.0, 0.0, 0.0, 0.0, 0.0046410366799355405, 0.0, 0.0, 0.0062122798675813655, 0.0, 0.0, 0.0, 0.0, 0.0, 0.0, 0.0, 0.0]}