{"labels": [0, 1, 2, 3, 4, 5, 6, 7, 8, 9, 10, 11, 12, 13, 14, 15, 16, 17, 18, 19, 20, 21, 22, 23, 24, 25, 26, 27, 28, 29, 30, 31, 32, 33, 34, 35, 36, 37, 38, 39], "data": [0.014498363743106242, 0.002763897101691065, 0.00801402561452247, 0.0, 0.0, 0.0, 0.013248618697271938, 0.0, 0.0033773197724064996, 0.020372658840058434, 0.0, 0.005058887015249822, 0.0, 0.0, 0.0, 0.0, 0.0, 0.01153220560269218, 0.0, 0.002633185989048433, 0.0, 0.0, 0.0, 0.004089806015825029, 0.0, 0.09433831993558736, 0.0, 0.0, 0.0, 0.0, 0.02605976263497712, 0.0, 0.002840050927113589, 0.0011119215077099174, 0.03654364930517446, 0.0, 0.0, 0.0, 0.0, 0.021223603492786163]}