{"labels": [0, 1, 2, 3, 4, 5, 6, 7, 8, 9, 10, 11, 12, 13, 14, 15, 16, 17, 18, 19, 20, 21, 22, 23, 24, 25, 26, 27, 28, 29, 30, 31, 32, 33, 34, 35, 36, 37, 38, 39], "data": [0.0, 0.0, 0.0, 0.0, 0.016351045779564557, 0.12470700514145189, 0.018006050316201314, 0.0, 0.003402393703293382, 0.0020223858561794436, 0.0, 0.0, 0.005806177493103612, 0.0, 0.0, 0.0, 0.0, 0.0, 0.0012259340355256889, 0.0, 0.0, 0.001402853687173101, 0.0050639969933688935, 0.0, 0.00047948598988107374, 0.005706611716678431, 0.0025417067567107703, 0.05766046003973874, 0.01952945340232664, 0.0, 0.0, 0.00036658556413884957, 0.044162757232495076, 0.0, 0.0, 0.0, 0.0, 0.030164802747896347, 0.0, 0.0026409526668213132]}