{"labels": [0, 1, 2, 3, 4, 5, 6, 7, 8, 9, 10, 11, 12, 13, 14, 15, 16, 17, 18, 19, 20, 21, 22, 23, 24, 25, 26, 27, 28, 29, 30, 31, 32, 33, 34, 35, 36, 37, 38, 39], "data": [0.0008202044438052849, 0.0, 0.0012353944196333863, 0.0, 0.009664916504271556, 0.061305899763447406, 0.0507595702425039, 0.0, 9.13974327719984e-05, 0.0, 0.0, 0.0, 0.004310798455668795, 0.004282349589409358, 0.0, 0.0, 0.02334955781072701, 0.0, 0.0053854099346378435, 0.002356336651247495, 0.013803829587733053, 0.0, 0.0007343953532177831, 0.010933461044884579, 0.0628467073096802, 0.0, 0.007739008281838089, 0.0, 0.0, 0.0, 0.0, 0.004737351032189134, 0.0, 0.0, 0.0, 0.0, 0.0, 0.0044311853892337804, 0.0, 0.0006622450260833408]}