{"labels": [0, 1, 2, 3, 4, 5, 6, 7, 8, 9, 10, 11, 12, 13, 14, 15, 16, 17, 18, 19, 20, 21, 22, 23, 24, 25, 26, 27, 28, 29, 30, 31, 32, 33, 34, 35, 36, 37, 38, 39], "data": [0.0023179577320605747, 0.0, 0.0, 0.0, 0.0, 0.0310337521738801, 0.0, 0.0, 0.001974873485803042, 0.026465426780425703, 0.0, 0.00888780184957273, 0.0, 0.0, 0.0011685267498502748, 0.0006601392415961809, 0.010278966879170999, 0.012299708019639024, 2.2869874460227883e-05, 0.0, 0.06564476745038345, 0.0, 0.0, 0.0, 0.0, 0.0, 0.0008335830147797331, 0.008909416937047419, 0.008203798866476835, 0.0, 0.0, 0.0, 0.006731147340695917, 0.02857072885298545, 0.003097029690206491, 0.0006699484625669022, 0.0032973711916588393, 0.002971701341926436, 0.00902699941577338, 0.0051591123878842815]}