{"labels": [0, 1, 2, 3, 4, 5, 6, 7, 8, 9, 10, 11, 12, 13, 14, 15, 16, 17, 18, 19, 20, 21, 22, 23, 24, 25, 26, 27, 28, 29, 30, 31, 32, 33, 34, 35, 36, 37, 38, 39], "data": [0.00373278480243405, 0.007220617991027789, 0.04241641469969778, 0.0, 0.04179804783259126, 0.02539500988940999, 0.014362884135217713, 0.0, 0.0, 0.0007945939007675105, 0.02101699693497757, 0.0029666140110635453, 0.0, 0.0, 0.0, 0.001577183775418308, 0.0, 0.0038600930215587077, 0.0, 0.0, 0.00047634556246612265, 0.0, 0.0005333943599045301, 0.0, 0.007237345230723432, 0.0, 0.0026457343886386237, 0.002422840431945855, 0.0, 0.05289904645530481, 0.0, 0.0, 0.002438457640373743, 0.009991791195659024, 0.0, 0.0, 0.0, 0.006887945205162473, 0.04443767036572695, 0.0]}