{"labels": [0, 1, 2, 3, 4, 5, 6, 7, 8, 9, 10, 11, 12, 13, 14, 15, 16, 17, 18, 19, 20, 21, 22, 23, 24, 25, 26, 27, 28, 29, 30, 31, 32, 33, 34, 35, 36, 37, 38, 39], "data": [0.05808560394561437, 0.0, 0.0, 0.014868847039068638, 0.05366047206348574, 0.0035850002409660124, 0.0, 0.0, 0.0, 0.029683887999450813, 0.0, 0.0, 0.0, 0.0044584389968248305, 0.0, 0.014989036104516483, 0.0, 0.018881201788245018, 0.02565876423615213, 0.004249014992840081, 0.00778046423173665, 0.009153945290754731, 0.0, 0.001163986830531995, 0.00900813841260854, 0.0, 0.0, 0.04160387339532588, 0.009429543609824577, 0.0, 0.0, 0.0213991639258647, 0.03240313946366565, 0.029636529991037094, 0.0, 0.0, 0.0, 0.0, 0.0, 0.0]}