{"labels": [0, 1, 2, 3, 4, 5, 6, 7, 8, 9, 10, 11, 12, 13, 14, 15, 16, 17, 18, 19, 20, 21, 22, 23, 24, 25, 26, 27, 28, 29, 30, 31, 32, 33, 34, 35, 36, 37, 38, 39], "data": [0.0, 0.0, 0.0, 0.0, 0.0, 0.0, 0.011676566511785974, 0.0009365156217991725, 0.0009798068761136926, 0.0010347062461535767, 0.016975249229229047, 0.0, 0.00024425808112263586, 0.0, 0.0, 0.0, 1.5766166946436165e-05, 0.01834743514823195, 0.045101651039617476, 0.002717578861566808, 0.0, 0.07980750452090703, 0.0, 0.0, 0.0008326062839251672, 0.002554866370099524, 0.0043142024004183405, 0.0010491099368611703, 0.0, 0.0, 0.00037883886380362015, 0.0, 0.0, 0.0, 0.0, 0.0019490781203433144, 0.0, 0.007189041975463489, 0.0, 0.0]}