{"labels": [0, 1, 2, 3, 4, 5, 6, 7, 8, 9, 10, 11, 12, 13, 14, 15, 16, 17, 18, 19, 20, 21, 22, 23, 24, 25, 26, 27, 28, 29, 30, 31, 32, 33, 34, 35, 36, 37, 38, 39], "data": [0.0023724950325057013, 0.0, 0.0007953217189756712, 0.0, 0.013986025808569759, 0.0, 0.0, 0.007155698799503549, 0.0, 0.0018935695801407797, 0.0027662394096120715, 0.0, 0.008226800042739279, 0.0006022123568481527, 1.58543733896727e-05, 0.0020023711284348636, 0.058726107036160956, 0.0, 0.0, 0.0, 0.0, 0.0, 0.00011854561082364288, 0.0001453504221637157, 0.008025872788725913, 0.00528314012701478, 0.0, 0.028863380575409266, 0.0136956485694661, 0.0, 0.0016428806215562242, 0.0, 0.0, 0.022112362000545498, 0.03993394008451976, 0.0, 0.0, 0.011683462086919755, 0.0, 0.0]}