{"labels": [0, 1, 2, 3, 4, 5, 6, 7, 8, 9, 10, 11, 12, 13, 14, 15, 16, 17, 18, 19, 20, 21, 22, 23, 24, 25, 26, 27, 28, 29, 30, 31, 32, 33, 34, 35, 36, 37, 38, 39], "data": [0.0, 0.0, 0.0, 0.0, 0.0, 0.0, 0.0507844130171037, 0.04011522628500596, 0.0, 0.0, 0.0, 0.0, 0.0, 0.0, 0.0, 0.0, 0.025662905160841364, 0.013347473940273382, 0.0, 0.0, 0.0, 0.0, 0.0, 0.0, 0.0, 0.00014652729989673172, 0.0, 0.0, 0.0, 0.0, 0.0, 0.0, 0.0, 0.11571655292978682, 0.004565918058314181, 0.0, 0.0, 0.0, 0.0, 7.153982435944101e-06]}