{"labels": [0, 1, 2, 3, 4, 5, 6, 7, 8, 9, 10, 11, 12, 13, 14, 15, 16, 17, 18, 19, 20, 21, 22, 23, 24, 25, 26, 27, 28, 29, 30, 31, 32, 33, 34, 35, 36, 37, 38, 39], "data": [0.0032136463862598285, 0.004382263879868187, 0.0, 0.03325296794842773, 0.0, 0.0, 0.003853578847400221, 0.0, 0.0, 0.023410057535917888, 0.0, 0.0, 0.0, 0.0, 0.0, 0.0, 0.010287277570794581, 0.004963485882459422, 0.0, 0.0, 0.0, 0.0, 0.0, 0.10305638934904886, 0.0, 0.012115396706853498, 0.0, 0.028434988407884387, 0.0, 0.0, 0.0, 0.0001935905806593607, 0.0, 0.0, 0.011089218740525632, 0.0, 0.0, 0.010810482988883117, 0.032040775231679856, 0.0014573647292688379]}