{"labels": [0, 1, 2, 3, 4, 5, 6, 7, 8, 9, 10, 11, 12, 13, 14, 15, 16, 17, 18, 19, 20, 21, 22, 23, 24, 25, 26, 27, 28, 29, 30, 31, 32, 33, 34, 35, 36, 37, 38, 39], "data": [0.0, 0.006568714933517672, 0.011884746267630553, 0.08161462743403107, 0.010528890356223343, 0.0, 0.0024173037276164116, 0.002031775859665091, 0.0, 0.013130621801476606, 0.004512572315218279, 7.258403178478591e-06, 0.020962033809184807, 0.0, 0.0, 0.026044368313814664, 0.0, 0.004042687151124176, 0.002398302970623943, 0.00333420017955313, 0.0, 0.0010545888340430642, 0.0008487838271679185, 0.0, 0.0, 0.016764358979541084, 0.0, 0.002004484178744844, 0.0, 0.0, 0.011825726399434801, 0.042610880423726544, 0.0, 0.0027591490688992065, 0.021320916949893045, 0.011212987603193546, 0.0, 0.0, 0.0009681033778019823, 0.00041608242393103315]}