{"labels": [0, 1, 2, 3, 4, 5, 6, 7, 8, 9, 10, 11, 12, 13, 14, 15, 16, 17, 18, 19, 20, 21, 22, 23, 24, 25, 26, 27, 28, 29, 30, 31, 32, 33, 34, 35, 36, 37, 38, 39], "data": [0.0, 0.0, 0.0, 0.0, 0.0, 0.0, 0.0, 0.0, 0.003056676791108757, 0.0, 0.04816781816815432, 0.0, 0.0, 0.0, 0.0, 0.07789852041571166, 0.012890333350639797, 0.0, 0.0, 0.10648458116011782, 0.0, 0.0, 0.06706836861055684, 0.04337854767162401, 0.20512414828315428, 0.0, 0.0, 0.0, 0.0505208136338105, 0.08407147563079738, 0.0, 0.0, 0.0, 0.0, 0.0, 0.0, 0.0, 0.0, 0.0, 0.0]}