{"labels": [0, 1, 2, 3, 4, 5, 6, 7, 8, 9, 10, 11, 12, 13, 14, 15, 16, 17, 18, 19, 20, 21, 22, 23, 24, 25, 26, 27, 28, 29, 30, 31, 32, 33, 34, 35, 36, 37, 38, 39], "data": [0.0, 0.0, 0.021336111732950618, 0.0025481692577378587, 0.0, 0.0, 0.01247349620644911, 0.0, 0.0, 0.003645424811243389, 0.0013565363382355925, 0.0, 0.0, 0.0, 0.0, 0.006902327059125344, 0.0, 0.0, 0.0, 0.0, 0.10211584830779837, 0.010722931591304554, 0.0022004836828293066, 0.07777571537499994, 0.0, 0.0, 0.05220271637360228, 0.012104837144298908, 0.014865238170836844, 0.0060602425625929275, 0.004925464644885139, 0.07761220397328301, 0.0, 0.0010272289516101388, 0.004661037034400058, 0.0, 0.01547046597547207, 0.0, 0.0007469535357576288, 0.0]}