{"labels": [0, 1, 2, 3, 4, 5, 6, 7, 8, 9, 10, 11, 12, 13, 14, 15, 16, 17, 18, 19, 20, 21, 22, 23, 24, 25, 26, 27, 28, 29, 30, 31, 32, 33, 34, 35, 36, 37, 38, 39], "data": [0.0, 0.0006207492328971125, 0.0, 0.01810000569168166, 0.0, 0.0, 0.04688366636322955, 0.0, 0.002001111402338303, 0.004768195461618892, 0.0, 0.0014902344908764439, 0.0, 0.053110640850521446, 0.0026775990190777373, 0.04415332745242847, 0.0, 0.0, 0.0, 0.0, 0.00125991372326741, 0.0, 0.0009013032623779979, 0.0, 0.0017783419449128183, 0.0, 0.0, 0.0006572486383056332, 0.0, 0.0, 0.0, 0.0, 0.003394177462040158, 0.00561684104412393, 0.0, 0.0, 0.0, 0.0, 0.0, 0.0014278650348226107]}