{"labels": [0, 1, 2, 3, 4, 5, 6, 7, 8, 9, 10, 11, 12, 13, 14, 15, 16, 17, 18, 19, 20, 21, 22, 23, 24, 25, 26, 27, 28, 29, 30, 31, 32, 33, 34, 35, 36, 37, 38, 39], "data": [0.010097010394051975, 0.0, 0.0012420340020249394, 0.0, 0.0, 0.0, 0.0, 0.0, 0.0, 0.0023977902769108427, 0.002165071941146148, 0.0, 0.0, 0.0005304071112407727, 0.0, 0.0, 0.0185272384400543, 0.022027782957026006, 0.0009638043711885172, 0.060826552067855366, 0.01347435408819904, 0.0, 0.0, 0.03853051742010962, 0.018218058270907517, 0.0, 0.0, 0.03130799303913267, 0.0, 0.0, 0.0, 0.0, 0.03364149011662078, 0.009286449647371006, 0.0, 0.0, 0.05868951693966576, 0.02384713539859707, 0.036205655911333956, 0.0]}