{"labels": [0, 1, 2, 3, 4, 5, 6, 7, 8, 9, 10, 11, 12, 13, 14, 15, 16, 17, 18, 19, 20, 21, 22, 23, 24, 25, 26, 27, 28, 29, 30, 31, 32, 33, 34, 35, 36, 37, 38, 39], "data": [7.809909387050205e-05, 0.0, 0.0, 0.0, 0.0, 0.0, 0.0, 0.00019013076932414608, 0.007620793355072119, 0.0, 0.0024968072751689265, 0.0, 0.0, 0.011518527188643846, 0.0, 0.005786847599763077, 0.010311284023749007, 0.008389173195450187, 0.0038804507965387214, 0.008139950097182224, 0.005170123637583199, 0.0012541146076121969, 0.0, 0.02309620460291115, 0.0, 0.012827976421481826, 0.0, 0.011131771648988912, 0.005160535790365772, 0.0, 0.0, 0.0, 0.06515897096193665, 0.0, 0.0, 0.009419238308856544, 0.0, 0.0053803672265601826, 0.0, 0.0]}