{"labels": [0, 1, 2, 3, 4, 5, 6, 7, 8, 9, 10, 11, 12, 13, 14, 15, 16, 17, 18, 19, 20, 21, 22, 23, 24, 25, 26, 27, 28, 29, 30, 31, 32, 33, 34, 35, 36, 37, 38, 39], "data": [0.007173771222621458, 0.0, 0.0026734619366017825, 0.019738737275404355, 0.009803368461697893, 0.0, 0.0, 0.00522263899323451, 0.0, 0.013004421610079222, 0.0015021710043595718, 0.0, 0.0, 0.0033872443607472916, 0.0, 0.0, 0.002678450633749788, 0.007123586895539386, 0.03372321702048042, 0.0, 0.0, 0.0, 0.0, 0.04857445231885897, 0.0, 0.0, 0.0, 0.0016367586789515702, 0.007605128780618829, 0.0002452591188403198, 0.0, 0.06558326295101827, 0.001122824749940554, 0.00731670932644079, 0.0085208212469662, 0.003072351531443931, 0.005498150628025785, 0.0, 0.0, 0.0]}