{"labels": [0, 1, 2, 3, 4, 5, 6, 7, 8, 9, 10, 11, 12, 13, 14, 15, 16, 17, 18, 19, 20, 21, 22, 23, 24, 25, 26, 27, 28, 29, 30, 31, 32, 33, 34, 35, 36, 37, 38, 39], "data": [0.0, 0.0, 0.0004700520881371126, 0.02942228328000868, 0.0, 0.0, 0.018231411100567013, 0.0, 0.0, 0.00517776352000814, 0.0, 0.0, 0.0, 0.004442448926629193, 0.0, 0.0, 0.0, 0.007368590276926689, 0.0, 0.0018873850993624155, 0.11266372136243695, 0.028269761511093755, 0.0, 0.0, 0.0020547226838284476, 0.013524876703407246, 0.003955237083541204, 0.0, 0.0, 0.0, 0.0, 0.00039912174367158254, 0.0, 0.0, 0.03696791764166649, 0.0, 0.01939089821938029, 0.0019085859831413903, 0.0, 0.0004571608485900295]}