{"labels": [0, 1, 2, 3, 4, 5, 6, 7, 8, 9, 10, 11, 12, 13, 14, 15, 16, 17, 18, 19, 20, 21, 22, 23, 24, 25, 26, 27, 28, 29, 30, 31, 32, 33, 34, 35, 36, 37, 38, 39], "data": [0.0, 0.001525408669374568, 0.0028007793855885496, 0.0, 0.0, 0.017009557273708134, 0.007533716138694661, 0.0, 0.001440757350999542, 0.0, 0.014502357811168496, 0.0871796459345454, 0.0, 0.0, 0.050496531811989154, 0.0, 0.0, 0.0, 0.0, 0.000783650512465086, 0.00021866868980511208, 0.0, 0.0025732142557554783, 0.003734708660680261, 0.0028982869522093885, 0.0, 0.0008592944463997948, 0.00011992661884804187, 0.0, 0.0, 0.002466022568107226, 0.0, 0.0007327020610567516, 0.0, 0.0, 0.0, 0.0, 0.0, 0.0, 0.0]}