{"labels": [0, 1, 2, 3, 4, 5, 6, 7, 8, 9, 10, 11, 12, 13, 14, 15, 16, 17, 18, 19, 20, 21, 22, 23, 24, 25, 26, 27, 28, 29, 30, 31, 32, 33, 34, 35, 36, 37, 38, 39], "data": [0.011610475713201897, 0.0, 0.0010244515678998244, 0.0, 0.0, 0.0, 0.013626045852748174, 0.0, 0.0, 0.0, 0.0, 0.0, 0.004422463053318418, 0.0, 0.0, 0.0, 0.007127920231683831, 0.0, 0.0, 0.0, 0.0, 0.021417105333249954, 0.0009809656860292658, 0.02406661669025332, 0.0, 0.0, 0.0031358652242643773, 0.0225226200120961, 0.0033699900485577323, 0.0, 0.0, 0.004271382012553745, 0.0, 0.08058354492043882, 0.03370422905831538, 0.02664747901241591, 0.024969717906630693, 0.0242083958319957, 0.0, 0.0]}