{"labels": [0, 1, 2, 3, 4, 5, 6, 7, 8, 9, 10, 11, 12, 13, 14, 15, 16, 17, 18, 19, 20, 21, 22, 23, 24, 25, 26, 27, 28, 29, 30, 31, 32, 33, 34, 35, 36, 37, 38, 39], "data": [0.0, 0.0007123584212282114, 0.0, 0.0, 0.000556044686054637, 0.0, 0.0017616991098243994, 0.0034819472853078073, 0.0, 0.0, 0.007502378999409544, 0.0, 0.0, 0.0, 0.014835717348343503, 0.0, 0.0, 0.05001131669435849, 0.007415715722797039, 0.0, 0.0, 0.044393119295805396, 0.006006262108258499, 0.0, 0.004626737581803466, 0.0, 0.0, 0.002266038423329685, 0.0, 0.0, 0.0, 0.0, 0.0, 0.013169898221509746, 0.0006290451542206767, 0.021426251509809417, 0.011329065564473738, 0.017039158911658508, 0.003265171142769267, 0.0016224819511275997]}