{"labels": [0, 1, 2, 3, 4, 5, 6, 7, 8, 9, 10, 11, 12, 13, 14, 15, 16, 17, 18, 19, 20, 21, 22, 23, 24, 25, 26, 27, 28, 29, 30, 31, 32, 33, 34, 35, 36, 37, 38, 39], "data": [0.01308826358923899, 0.0, 0.0, 0.05642487368087102, 0.0, 0.0, 0.0, 0.0, 0.0, 0.0, 1.8854760326625696e-06, 0.0, 0.004233637800305975, 0.0, 0.0, 0.0014858613197289135, 0.0, 0.0, 0.001326921977406203, 0.0, 0.0038548039344413, 0.008693942700729297, 0.0, 0.0007026995272184868, 0.0, 0.0, 0.0, 8.020653612505284e-05, 0.0, 0.0, 0.004253659656788499, 0.0021949106897713668, 0.0, 0.0, 0.014733604842244062, 0.0, 0.0, 0.015567424314766846, 0.0, 0.0]}