{"labels": [0, 1, 2, 3, 4, 5, 6, 7, 8, 9, 10, 11, 12, 13, 14, 15, 16, 17, 18, 19, 20, 21, 22, 23, 24, 25, 26, 27, 28, 29, 30, 31, 32, 33, 34, 35, 36, 37, 38, 39], "data": [0.0, 0.0, 0.0, 0.0, 0.0, 0.0, 0.0, 0.0, 0.0027155244408355946, 0.06178338634193768, 0.0007466181643956478, 0.0, 0.0, 0.0, 0.0018303736275849351, 0.0009327852953414504, 0.03368030113927625, 0.0, 0.0, 0.0, 0.003148715194814306, 0.001289533200245748, 0.000910062700902109, 0.0, 0.0005368903059600496, 0.0, 0.0004840286396134766, 0.0, 0.0, 0.013317023966982911, 0.005220743087122903, 0.0, 0.008492606879143312, 0.009750017758281042, 0.0, 0.0, 0.02685752094426223, 0.0, 0.0, 0.0]}