{"labels": [0, 1, 2, 3, 4, 5, 6, 7, 8, 9, 10, 11, 12, 13, 14, 15, 16, 17, 18, 19, 20, 21, 22, 23, 24, 25, 26, 27, 28, 29, 30, 31, 32, 33, 34, 35, 36, 37, 38, 39], "data": [0.0, 0.00019687997857866256, 0.003931208879119402, 0.008480289095814527, 0.013865635485516285, 0.0, 0.0, 0.0, 0.0, 0.01126662318657877, 0.004970933994432482, 0.0, 0.009085738813886857, 0.004768331588125924, 0.001579050232727483, 0.0, 0.0167351734801291, 0.010916671895311586, 0.013435816188095707, 0.0016399560087587129, 0.0, 0.0, 0.0, 0.0850864500616494, 0.0030057433657009864, 0.03967704073137696, 0.0, 0.004849818493428544, 0.0, 0.006586512791642048, 0.0, 0.0, 0.0, 0.0, 0.011914161480451447, 0.0, 0.0, 0.02473490996546066, 0.0010762664757171575, 0.0]}