{"labels": [0, 1, 2, 3, 4, 5, 6, 7, 8, 9, 10, 11, 12, 13, 14, 15, 16, 17, 18, 19, 20, 21, 22, 23, 24, 25, 26, 27, 28, 29, 30, 31, 32, 33, 34, 35, 36, 37, 38, 39], "data": [0.004229250958403311, 0.0, 0.0, 0.0, 0.003353250701541505, 0.0, 0.02094272302899329, 0.0, 0.0015561798191231866, 0.006761855145464383, 0.004027879451606021, 0.0, 0.0, 0.006207953090710608, 0.0, 0.0, 0.0, 0.0, 0.0, 0.001916981981085988, 0.0018360513635314766, 0.0, 0.002367582513618962, 0.022797648935944458, 0.0, 0.01247941189959204, 0.0, 0.0, 0.0903414135273572, 0.0, 0.0, 0.0, 0.0, 0.0018141603188843052, 0.055121219838804615, 0.0, 0.0, 0.0064033450094367235, 0.0, 0.0]}