{"labels": [0, 1, 2, 3, 4, 5, 6, 7, 8, 9, 10, 11, 12, 13, 14, 15, 16, 17, 18, 19, 20, 21, 22, 23, 24, 25, 26, 27, 28, 29, 30, 31, 32, 33, 34, 35, 36, 37, 38, 39], "data": [0.0, 0.0, 0.0, 0.003391361870843946, 0.0, 0.0, 0.0, 0.08661198496317926, 0.0, 0.0, 0.0, 0.0062648029980138945, 0.007154255774780792, 0.0013099917878914718, 0.0011720220670400699, 0.001171437664396382, 0.0, 0.0, 0.024258285029226563, 0.02464003326540717, 0.0005617636564729079, 0.0, 0.0, 0.0, 0.0, 0.0, 0.0, 0.0015777023374469515, 0.004528644940712434, 0.0, 0.007165534965279693, 0.0, 0.0, 0.0071654529441436896, 0.0, 0.0066270865250785595, 0.0, 0.047254257584478786, 0.0, 0.0]}