{"labels": [0, 1, 2, 3, 4, 5, 6, 7, 8, 9, 10, 11, 12, 13, 14, 15, 16, 17, 18, 19, 20, 21, 22, 23, 24, 25, 26, 27, 28, 29, 30, 31, 32, 33, 34, 35, 36, 37, 38, 39], "data": [0.029152086006595846, 0.0023101150134443274, 0.007103680740043839, 0.018033480705850192, 0.0016342305917523955, 0.0, 0.019528800934826257, 0.008578434138243954, 0.0, 0.04887283788421325, 0.007108360698777924, 0.0, 0.017412549517120804, 0.0, 0.00013970438552987491, 0.008367052504798616, 0.0, 0.012509208471066744, 0.003953629352749406, 0.0006493101701041954, 0.0, 0.0618750674508002, 0.0, 0.0033208787050586, 0.0, 2.6398915392118927e-05, 0.0022664253122956146, 0.0, 0.0, 0.0, 0.0, 0.0001512901733203739, 0.0013284499922248162, 0.00832725567289041, 0.019875526789972106, 0.0, 0.0, 0.0004933436993715445, 0.0, 0.002353872842656032]}