{"labels": [0, 1, 2, 3, 4, 5, 6, 7, 8, 9, 10, 11, 12, 13, 14, 15, 16, 17, 18, 19, 20, 21, 22, 23, 24, 25, 26, 27, 28, 29, 30, 31, 32, 33, 34, 35, 36, 37, 38, 39], "data": [0.0, 0.0008082235267625953, 0.0018961702744970165, 0.03474958543803552, 0.0, 0.0, 0.005801012398709568, 0.010439555299582206, 0.0, 0.0031377641874648643, 0.0, 0.0, 0.0, 0.01944660192122688, 0.008883327528758393, 0.0, 0.0, 0.014215654173789503, 0.012593903935304289, 0.0007712415807446733, 0.0, 0.021082843417912507, 0.004420018284100541, 0.0, 0.023914469386476293, 0.0, 0.030567818720595687, 0.013698296384923708, 0.0, 0.008809263366101331, 0.0018640590104861152, 0.08849379209468237, 0.00333265698449231, 0.0, 0.02593623031821227, 0.0, 0.0074219786084086395, 0.0, 0.0, 0.0]}