{"labels": [0, 1, 2, 3, 4, 5, 6, 7, 8, 9, 10, 11, 12, 13, 14, 15, 16, 17, 18, 19, 20, 21, 22, 23, 24, 25, 26, 27, 28, 29, 30, 31, 32, 33, 34, 35, 36, 37, 38, 39], "data": [0.0, 0.0, 0.0, 0.0, 0.0, 0.0, 0.012902888013263265, 0.0, 0.0, 0.0, 0.0, 0.0, 0.007993543788561179, 0.0, 0.08419653165537945, 0.0, 0.0, 0.0013315286322322574, 0.0, 0.0, 0.0, 6.785455566035146e-05, 0.0, 0.0, 0.0, 0.06834677704085265, 0.0, 0.002282758810429969, 0.005016758114482762, 0.0, 0.0, 0.0, 0.0, 0.01331505610491763, 0.03613825498569195, 0.0021267263194386494, 0.0, 0.0031030861080932758, 0.0, 0.0]}