{"labels": [0, 1, 2, 3, 4, 5, 6, 7, 8, 9, 10, 11, 12, 13, 14, 15, 16, 17, 18, 19, 20, 21, 22, 23, 24, 25, 26, 27, 28, 29, 30, 31, 32, 33, 34, 35, 36, 37, 38, 39], "data": [0.0005708236072468732, 0.0, 0.0013520619913288438, 0.0, 0.027959706131749244, 0.0, 0.001965687810376338, 0.0, 0.0, 0.0015854083870384748, 0.0, 0.0, 0.0, 0.0, 0.0, 0.0, 0.0, 0.0, 0.004659144154375489, 0.0, 0.0, 0.0, 0.0, 0.005069704388873163, 0.0, 0.0, 0.0, 0.04569454219656668, 0.0, 0.0, 0.0, 0.0, 0.0, 0.0, 0.033527447344125806, 0.0, 0.0, 0.01833741463543679, 0.0, 0.0]}