{"labels": [0, 1, 2, 3, 4, 5, 6, 7, 8, 9, 10, 11, 12, 13, 14, 15, 16, 17, 18, 19, 20, 21, 22, 23, 24, 25, 26, 27, 28, 29, 30, 31, 32, 33, 34, 35, 36, 37, 38, 39], "data": [0.005205537993143165, 0.003553360727700116, 0.00717977391588853, 0.026423732739339314, 0.014237793804464603, 0.0, 0.0, 0.0, 0.0, 0.0, 0.006957590823622544, 0.0, 0.0006927000418739925, 0.0, 0.0, 0.0, 0.0, 0.013454932810982475, 0.0, 0.0, 0.004531197847915015, 0.008887381912709958, 0.00604455967322897, 0.0026090833566847584, 0.00038217319380584407, 0.0014232136053763066, 0.0, 0.0, 0.0014264804375916052, 0.0, 0.002406792021218213, 0.0006097648715232858, 0.0020723971462278576, 0.0005713021121373865, 0.0, 0.00019512784092742876, 0.0, 0.004088732907373645, 0.0002817510735191622, 7.85577677614701e-05]}