{"labels": [0, 1, 2, 3, 4, 5, 6, 7, 8, 9, 10, 11, 12, 13, 14, 15, 16, 17, 18, 19, 20, 21, 22, 23, 24, 25, 26, 27, 28, 29, 30, 31, 32, 33, 34, 35, 36, 37, 38, 39], "data": [0.0011392829088721918, 0.0, 0.013272715608816753, 0.0, 0.0, 0.018580303165637347, 0.0, 0.0, 0.0, 0.020532815398194213, 0.0062059095748584914, 0.0030546477730213624, 0.0, 0.0, 0.002280641407809252, 0.0, 0.0, 0.000526005498547098, 0.01652863555267571, 0.04459262390778814, 0.0, 0.0102707968832565, 0.09241748405148002, 0.0, 0.004739870404538769, 0.0, 0.0008910645242163178, 0.01709625441906886, 0.0, 0.0016417562544802648, 0.02989045685448972, 0.0, 0.0, 0.0, 0.0, 0.0, 0.017835794430983168, 0.02175099752265384, 0.0, 0.039171114317956515]}