{"labels": [0, 1, 2, 3, 4, 5, 6, 7, 8, 9, 10, 11, 12, 13, 14, 15, 16, 17, 18, 19, 20, 21, 22, 23, 24, 25, 26, 27, 28, 29, 30, 31, 32, 33, 34, 35, 36, 37, 38, 39], "data": [0.0, 0.0, 0.0, 0.0, 0.0024513121394757857, 0.0, 0.0, 0.0024592126267192977, 0.0, 0.0, 0.0, 0.0, 0.0, 0.0005317791317997651, 0.00015387240800791998, 0.0, 0.0, 0.0, 0.0, 0.0, 0.003549902496949478, 0.0, 0.006015278437767292, 0.02704704821308734, 0.0663881248414289, 0.0, 0.07661379467740047, 0.0, 0.0, 0.0, 0.0, 0.002232776552225805, 0.0, 0.001996808414919756, 0.0, 0.007299614913915037, 0.0, 0.014662093365189628, 0.0, 0.0]}