{"labels": [0, 1, 2, 3, 4, 5, 6, 7, 8, 9, 10, 11, 12, 13, 14, 15, 16, 17, 18, 19, 20, 21, 22, 23, 24, 25, 26, 27, 28, 29, 30, 31, 32, 33, 34, 35, 36, 37, 38, 39], "data": [1.943142158405135e-05, 0.0, 0.0002620192918855443, 0.0, 0.0, 0.0, 0.05567367246759271, 0.0, 0.0, 0.0, 0.01704507228547305, 0.0, 0.0, 0.0, 0.0, 0.0, 0.0, 0.0, 0.0, 0.0, 0.0, 0.0, 0.00036914834688084395, 0.0, 0.0033621205674497752, 0.0, 0.003541959842786692, 0.0, 0.0, 0.0, 0.024847180421702905, 0.0006140944869598566, 0.0, 0.0, 0.0, 0.04349544572285071, 0.0, 0.0, 0.0, 0.0]}