{"labels": [0, 1, 2, 3, 4, 5, 6, 7, 8, 9, 10, 11, 12, 13, 14, 15, 16, 17, 18, 19, 20, 21, 22, 23, 24, 25, 26, 27, 28, 29, 30, 31, 32, 33, 34, 35, 36, 37, 38, 39], "data": [0.003724203056752285, 0.021590247459755057, 0.0, 0.0, 0.012582366027585301, 0.0, 0.013428179108075297, 0.0, 0.0, 0.009134706845313863, 0.0, 0.003489247718372676, 0.0, 0.002537192948246534, 0.0, 0.0, 0.003473938236698916, 0.008514990051812412, 0.0, 0.0, 0.012980550941120023, 0.0, 0.0, 0.0, 0.0001783173810583793, 0.0, 0.0002478578884197966, 0.04639783627245966, 0.0, 0.0, 0.0, 0.003246212335052447, 0.000677505654671661, 0.010510555454049374, 0.06072000784990996, 0.03293067934879015, 0.017589216684790774, 0.013849891287501935, 0.0, 0.0016680648772621595]}