{"labels": [0, 1, 2, 3, 4, 5, 6, 7, 8, 9, 10, 11, 12, 13, 14, 15, 16, 17, 18, 19, 20, 21, 22, 23, 24, 25, 26, 27, 28, 29, 30, 31, 32, 33, 34, 35, 36, 37, 38, 39], "data": [0.0, 0.0, 0.0, 0.03612233751588805, 0.02754425436308888, 0.0, 0.0, 0.021326116397110868, 0.0, 0.0, 0.042847261504127605, 0.0, 0.0, 0.0, 0.0, 0.0, 0.0, 0.004603932026049608, 0.0, 0.0, 0.0, 0.00923387988810367, 0.002865948166193579, 0.004552028961378502, 0.0, 0.0, 0.0, 0.0, 0.0, 0.0, 0.019013112820368574, 0.0007990067028011225, 0.0, 0.0, 0.0, 0.0, 0.0, 0.0023150056146401315, 0.08225379250186579, 0.0]}