{"labels": [0, 1, 2, 3, 4, 5, 6, 7, 8, 9, 10, 11, 12, 13, 14, 15, 16, 17, 18, 19, 20, 21, 22, 23, 24, 25, 26, 27, 28, 29, 30, 31, 32, 33, 34, 35, 36, 37, 38, 39], "data": [0.011095486031060735, 0.026689512863883307, 0.0022401610693855148, 0.0001866450779138675, 0.0032562351823472043, 0.0, 0.0, 0.0, 0.0, 0.014022071481568367, 0.0, 0.0, 0.04490455359803761, 0.0, 0.0, 0.0, 0.0, 0.009189185516904147, 0.0, 0.001111968583005071, 0.0008914658337413238, 0.0, 0.0, 0.011394806908884423, 0.0004409822775989269, 0.061021233498410946, 0.0, 0.0037877715852675364, 0.0, 0.0, 0.0, 0.0034494364712921934, 0.0, 0.0, 0.022534837923813052, 0.0, 0.0, 0.001818737233101887, 0.022747345816850305, 0.03499456835926188]}