{"labels": [0, 1, 2, 3, 4, 5, 6, 7, 8, 9, 10, 11, 12, 13, 14, 15, 16, 17, 18, 19, 20, 21, 22, 23, 24, 25, 26, 27, 28, 29, 30, 31, 32, 33, 34, 35, 36, 37, 38, 39], "data": [0.0, 0.0, 0.0, 0.0, 0.0, 0.0003406051943713652, 0.0, 0.0, 0.0, 0.0, 0.0, 0.0036762993156882182, 0.0, 0.0, 0.0, 0.0, 0.0024193626952766158, 0.0, 0.0022919771652510942, 0.0015254198017846383, 0.0, 0.0, 0.0, 0.0, 0.0, 0.019152613278635485, 0.0, 0.0, 0.08980469968957373, 0.0018171570284248506, 0.0, 0.0, 0.0, 0.0, 0.0, 0.00020854301742087027, 0.0, 0.01567876780429821, 0.0, 0.0009491060723035954]}