{"labels": [0, 1, 2, 3, 4, 5, 6, 7, 8, 9, 10, 11, 12, 13, 14, 15, 16, 17, 18, 19, 20, 21, 22, 23, 24, 25, 26, 27, 28, 29, 30, 31, 32, 33, 34, 35, 36, 37, 38, 39], "data": [0.0, 0.0, 0.0, 0.0027623817037873313, 0.04360349739761505, 0.0, 0.0, 0.0, 0.00032136521617533, 0.0, 0.0, 0.0, 0.0, 0.0, 0.0, 0.0, 0.0, 0.006265876910832211, 0.0, 0.08100780219967889, 0.001806633233886266, 0.00025139347409027657, 0.007397317949181368, 0.02123027495968446, 0.003268434700387451, 0.0, 0.0004131889106274993, 0.00554876325195419, 0.0, 0.0, 0.0, 0.004865568839475575, 0.002146177948672584, 0.0, 0.0, 0.0062717598215428355, 0.001415038234226684, 0.0, 0.0029886923873262516, 0.001145173880361852]}