{"labels": [0, 1, 2, 3, 4, 5, 6, 7, 8, 9, 10, 11, 12, 13, 14, 15, 16, 17, 18, 19, 20, 21, 22, 23, 24, 25, 26, 27, 28, 29, 30, 31, 32, 33, 34, 35, 36, 37, 38, 39], "data": [0.0, 0.0, 0.0010794369947039768, 0.0, 0.0018076085119083463, 0.0, 0.02244664190220776, 0.006387004528667021, 0.0016695421326133643, 0.0, 0.0, 0.0, 0.0, 0.0009317633171269233, 0.0, 0.0, 0.005427719240420356, 0.0, 0.0, 0.0, 0.0, 0.0011388291503017076, 0.0020903265461548423, 0.0018919871747979898, 0.0014393382152220187, 0.0, 0.0, 0.0, 0.002283455484555285, 0.006756151171078206, 0.006416072785676904, 0.002950184490103789, 0.0, 0.008588237560226308, 0.03831206797776965, 0.0, 0.0004471333849736462, 0.00942946004636723, 0.0, 0.0]}