{"labels": [0, 1, 2, 3, 4, 5, 6, 7, 8, 9, 10, 11, 12, 13, 14, 15, 16, 17, 18, 19, 20, 21, 22, 23, 24, 25, 26, 27, 28, 29, 30, 31, 32, 33, 34, 35, 36, 37, 38, 39], "data": [0.0, 0.0, 0.0, 0.0, 0.0, 0.011682551839903478, 0.024795495725744188, 0.0028472674223478087, 0.0011151660230815017, 0.0, 0.0, 0.10891831385704318, 0.0384443847428369, 0.0, 0.00031175476945466234, 0.0, 0.0, 0.0, 0.0, 0.0, 0.0, 0.0, 0.0, 0.0, 0.0, 0.0008957169356466102, 0.0, 0.0, 0.0, 0.0, 0.0, 0.0, 0.0, 0.0, 0.051119454072488864, 0.0, 0.0, 0.0, 0.00777189327273263, 0.0]}