{"labels": [0, 1, 2, 3, 4, 5, 6, 7, 8, 9, 10, 11, 12, 13, 14, 15, 16, 17, 18, 19, 20, 21, 22, 23, 24, 25, 26, 27, 28, 29, 30, 31, 32, 33, 34, 35, 36, 37, 38, 39], "data": [0.007993989909404453, 0.0, 0.0, 0.0, 0.020685572340433445, 0.0, 0.0, 0.0, 0.0, 0.0, 0.01925268541307579, 0.003191339010678233, 0.0, 0.021367208323506765, 0.01260926358929105, 0.006650913771389164, 0.0, 0.022524878884162394, 0.004848141579603678, 0.0, 0.03884344822966906, 0.010503169799712202, 0.0, 0.04128071792461634, 0.0, 0.011193456289681322, 0.0, 0.0, 0.0, 0.0, 0.029930905194720255, 0.0, 0.003789370404745161, 0.0, 0.0, 0.0, 8.817437492013033e-05, 0.0, 0.0, 0.00104004083799724]}