{"labels": [0, 1, 2, 3, 4, 5, 6, 7, 8, 9, 10, 11, 12, 13, 14, 15, 16, 17, 18, 19, 20, 21, 22, 23, 24, 25, 26, 27, 28, 29, 30, 31, 32, 33, 34, 35, 36, 37, 38, 39], "data": [0.010510430242107084, 0.0, 0.0027869362033306646, 0.0011363049526204989, 0.011840050309577584, 0.0073244842452253826, 0.023033132952713024, 0.015382231617314425, 0.0, 0.02213386151991168, 0.006899865250724445, 0.0, 0.0, 0.012136334337461535, 0.0, 0.0, 0.0, 0.00562708978392146, 0.009051575513806247, 0.02287642946450883, 0.0018246722306356703, 0.0, 0.004080578631323882, 0.03743566659210749, 0.008083634698339486, 0.0, 0.0, 0.0019822232944421646, 0.0, 0.0, 0.0, 0.0, 0.0, 0.0011905339084024643, 0.0, 0.0, 0.0, 0.004858257997236336, 0.0018144065475994165, 0.002586806102217402]}