{"labels": [0, 1, 2, 3, 4, 5, 6, 7, 8, 9, 10, 11, 12, 13, 14, 15, 16, 17, 18, 19, 20, 21, 22, 23, 24, 25, 26, 27, 28, 29, 30, 31, 32, 33, 34, 35, 36, 37, 38, 39], "data": [0.0, 0.0, 0.05890371954261478, 0.0, 0.07693518274702164, 0.0, 0.0, 0.0, 0.0, 0.0, 0.0, 0.0, 0.04386535855754758, 0.0, 0.004943020530284473, 0.0, 0.0, 0.0, 0.0, 0.0, 0.0, 0.0, 0.0007190996675155528, 0.0, 0.00500447109973532, 0.0, 0.0013575052932917843, 0.0004194800931490531, 0.0, 0.0, 0.02344969656748697, 0.0, 0.0, 0.0, 0.0, 0.0, 0.0, 0.0, 0.0, 0.0]}