{"labels": [0, 1, 2, 3, 4, 5, 6, 7, 8, 9, 10, 11, 12, 13, 14, 15, 16, 17, 18, 19, 20, 21, 22, 23, 24, 25, 26, 27, 28, 29, 30, 31, 32, 33, 34, 35, 36, 37, 38, 39], "data": [0.0, 0.0, 0.0, 0.0, 0.014200296964522324, 0.0, 0.0, 0.0, 0.0, 0.004075391217860475, 0.0, 0.0, 0.02452558981438541, 0.0, 0.0, 0.0, 0.0017469766675087895, 0.0, 0.0, 0.0, 0.0, 0.0068214965758981476, 0.0, 0.05358746058918851, 0.03221221802378196, 0.0, 0.0, 0.00041245737019022854, 0.0, 0.0, 0.0, 0.07659386815060529, 0.0, 0.030155243154269446, 0.0, 0.0, 0.00039225899014736935, 0.0048646484113382005, 0.0, 0.0]}