{"labels": [0, 1, 2, 3, 4, 5, 6, 7, 8, 9, 10, 11, 12, 13, 14, 15, 16, 17, 18, 19, 20, 21, 22, 23, 24, 25, 26, 27, 28, 29, 30, 31, 32, 33, 34, 35, 36, 37, 38, 39], "data": [0.0, 0.0, 0.00043215224794738115, 0.011755853313058782, 0.0, 0.0, 0.0, 0.0, 0.0, 0.0, 0.0, 0.011188939903093068, 0.0, 0.0004701973027245898, 0.0, 0.03426315081957356, 0.0, 0.0, 0.07833765296113546, 0.0021232966567649226, 0.0, 0.026265435253836334, 0.0, 0.0028986566640421462, 0.0, 0.05094882062469598, 0.0, 0.0, 0.00031707411276364725, 0.0055161475836101505, 0.0, 0.0, 0.0, 0.0, 0.0, 0.0, 0.0, 0.0027453195283566006, 0.0, 0.0]}