{"labels": [0, 1, 2, 3, 4, 5, 6, 7, 8, 9, 10, 11, 12, 13, 14, 15, 16, 17, 18, 19, 20, 21, 22, 23, 24, 25, 26, 27, 28, 29, 30, 31, 32, 33, 34, 35, 36, 37, 38, 39], "data": [0.009301083297195542, 0.0, 0.024991363244260933, 0.0, 0.0, 0.0, 0.003561780249056172, 0.0, 0.0013065416416191, 0.0083917921962957, 0.0, 0.0, 0.0, 0.004827549725460477, 0.0, 0.0, 0.0, 0.005066978078166844, 0.0, 0.0, 0.01197743275359765, 0.0, 0.0, 0.008954315799488707, 0.0, 0.02566223565169304, 0.0, 0.0, 0.0, 0.0013185401761375269, 0.0, 0.0, 0.0034940466100215313, 0.0006803110953673701, 0.004970440444915781, 0.0016462457917640894, 0.0982550431491716, 0.0, 0.0, 0.0]}