{"labels": [0, 1, 2, 3, 4, 5, 6, 7, 8, 9, 10, 11, 12, 13, 14, 15, 16, 17, 18, 19, 20, 21, 22, 23, 24, 25, 26, 27, 28, 29, 30, 31, 32, 33, 34, 35, 36, 37, 38, 39], "data": [0.0004619612671389915, 0.009047220127455426, 0.0, 0.054395660019538924, 0.0012719966851208872, 0.0, 0.0, 0.026954268372114953, 0.0, 0.028808797717111284, 0.0, 0.0, 0.0, 0.0, 0.00025930877178818396, 0.0, 0.0, 0.0, 0.004281131912122259, 0.0, 0.0030523027004927795, 0.0, 0.0, 0.035343770735257234, 0.0, 0.0, 0.04830178887843184, 0.0022910028426218246, 0.0, 0.0, 0.0, 0.05294855697551405, 0.0, 0.0, 0.0027555521290524407, 0.0, 0.011478903843010565, 0.047776762211368805, 0.020439456387610713, 0.028758033582561363]}