{"labels": [0, 1, 2, 3, 4, 5, 6, 7, 8, 9, 10, 11, 12, 13, 14, 15, 16, 17, 18, 19, 20, 21, 22, 23, 24, 25, 26, 27, 28, 29, 30, 31, 32, 33, 34, 35, 36, 37, 38, 39], "data": [0.0, 0.004229445188673619, 0.0, 0.0, 0.0, 0.0, 0.0011283388186333475, 0.0, 0.0, 0.0006169312662952301, 0.0, 0.0, 0.0, 0.011217928114005089, 0.0, 0.04140485030191423, 0.0, 0.008015025853184834, 0.0, 0.0028495484887964516, 0.0009529845586562599, 0.0, 0.0034004459712890555, 0.055281979866505356, 0.0, 0.0, 0.0, 0.0, 0.0, 0.0, 0.00476240672306277, 0.0011709034447441994, 0.0, 0.0, 0.0, 0.0, 0.0, 0.01563881245271461, 0.0, 0.0]}