{"labels": [0, 1, 2, 3, 4, 5, 6, 7, 8, 9, 10, 11, 12, 13, 14, 15, 16, 17, 18, 19, 20, 21, 22, 23, 24, 25, 26, 27, 28, 29, 30, 31, 32, 33, 34, 35, 36, 37, 38, 39], "data": [0.0052256669659571315, 0.0, 0.0, 0.010502434302731872, 0.0011830070660705336, 0.0, 0.0, 0.0, 0.0, 0.0, 0.0, 0.0010370430696266914, 0.008915443708733194, 0.0, 0.0, 0.0, 0.062370163279985784, 0.007041116722518043, 0.0, 0.0, 0.0, 0.009048175978316765, 0.0, 0.03962409757446238, 0.0, 0.018532504213277724, 0.0, 0.0026522282525896536, 0.0029748406213727175, 0.0, 0.02959665584118204, 0.0002642273692016493, 0.0, 0.01227808976752326, 0.025677908114423893, 0.0014158187013064343, 0.0, 0.006970173096012752, 0.0, 0.0010339996950474053]}