{"labels": [0, 1, 2, 3, 4, 5, 6, 7, 8, 9, 10, 11, 12, 13, 14, 15, 16, 17, 18, 19, 20, 21, 22, 23, 24, 25, 26, 27, 28, 29, 30, 31, 32, 33, 34, 35, 36, 37, 38, 39], "data": [0.00573451645664424, 0.004756347570040056, 0.004533437406057849, 0.0, 0.0, 0.0, 0.01908371956042561, 0.010886093785181464, 0.0, 0.0, 0.0, 0.0, 0.0, 0.0007779128989415525, 0.0, 0.002600022544127816, 0.0, 0.0, 0.0, 0.0, 0.0, 0.027991632884454568, 0.0, 0.04885544963628741, 0.0, 0.0, 0.0, 0.004488067009560318, 0.0, 0.0, 0.06307109253731713, 0.0, 0.006463405437008883, 0.02151323484619875, 0.0, 0.0025709477124592453, 0.01699233427020714, 0.01745538812273507, 0.040254830469840984, 0.0]}