{"labels": [0, 1, 2, 3, 4, 5, 6, 7, 8, 9, 10, 11, 12, 13, 14, 15, 16, 17, 18, 19, 20, 21, 22, 23, 24, 25, 26, 27, 28, 29, 30, 31, 32, 33, 34, 35, 36, 37, 38, 39], "data": [0.08003161393561954, 0.05581001907375248, 0.010295632305353374, 0.0, 0.0, 0.0, 0.002332450277339623, 0.0, 0.0209171417343445, 0.044638434012598024, 0.045538429715883705, 0.0, 0.0, 0.0, 0.025540774012664153, 0.0, 0.0, 0.0, 0.024554963361260094, 0.00228461958601046, 0.0005840499017008745, 0.0, 0.0, 0.029736949123469875, 0.0018291573732723335, 0.0, 0.002411473774960645, 0.0, 0.0, 0.0, 0.0, 0.0, 0.0, 0.0, 0.005535069490173962, 0.003990166115522568, 0.011886292010017221, 0.0, 0.022932577353806455, 0.04231715929778714]}