{"labels": [0, 1, 2, 3, 4, 5, 6, 7, 8, 9, 10, 11, 12, 13, 14, 15, 16, 17, 18, 19, 20, 21, 22, 23, 24, 25, 26, 27, 28, 29, 30, 31, 32, 33, 34, 35, 36, 37, 38, 39], "data": [0.011358471320450458, 0.0, 0.0, 0.0, 0.03020252104685167, 0.0, 0.0, 0.0, 0.0, 0.0012874529940317416, 0.0, 0.0, 0.012888473485736147, 0.0, 0.0, 0.0, 0.004445367307615483, 0.0, 0.0, 0.029630279780803428, 0.0026721748502954107, 0.03730203347093453, 0.0, 0.0, 0.0, 0.012235167775060424, 0.03695204704284237, 0.023285548919569656, 0.0, 0.0, 0.0, 0.0, 0.0009333697721513184, 0.0, 0.024447909403256748, 0.0, 0.0, 0.036269985446425436, 0.0, 0.0]}