{"labels": [0, 1, 2, 3, 4, 5, 6, 7, 8, 9, 10, 11, 12, 13, 14, 15, 16, 17, 18, 19, 20, 21, 22, 23, 24, 25, 26, 27, 28, 29, 30, 31, 32, 33, 34, 35, 36, 37, 38, 39], "data": [0.0, 0.0037324812095839255, 0.0016557993025947883, 0.0, 0.03261289443105151, 0.002496039923798019, 0.03454024953448775, 0.0, 0.03464439300065953, 0.00040510824089707296, 0.008330585941005369, 0.007534925873567491, 0.0, 0.0, 0.0, 0.004343571800337234, 0.0, 0.0, 0.005770286402221342, 0.0, 0.0, 0.0, 0.0, 0.00419878011147159, 0.021321477691351284, 0.0, 0.005735673270683982, 0.0, 0.0, 0.025496498293320524, 0.001877543240213922, 0.0, 0.0014864836267594018, 0.00794370718268133, 0.0, 0.038423180426921145, 0.0, 0.02918033593188975, 0.008404092460866578, 0.008138744863803166]}