{"labels": [0, 1, 2, 3, 4, 5, 6, 7, 8, 9, 10, 11, 12, 13, 14, 15, 16, 17, 18, 19, 20, 21, 22, 23, 24, 25, 26, 27, 28, 29, 30, 31, 32, 33, 34, 35, 36, 37, 38, 39], "data": [0.0, 0.07613407438382314, 0.0004930582338482475, 0.0, 0.012100753050326861, 0.0, 0.04606598525500181, 0.0, 0.0, 0.006083454773338251, 0.006406542980988805, 0.0, 0.0, 0.0, 0.0, 0.0, 0.00028413402303010025, 0.0, 0.0, 0.0, 0.0, 0.0, 0.0, 0.001864853983879002, 0.002353034092056919, 0.0, 0.0, 5.807617487153315e-05, 0.0012821743377982437, 0.0, 0.0, 0.0, 0.0, 0.013785437490438148, 0.0, 0.0, 0.0, 0.0013244866245546482, 0.0012075461538130496, 0.005211849537797963]}