{"labels": [0, 1, 2, 3, 4, 5, 6, 7, 8, 9, 10, 11, 12, 13, 14, 15, 16, 17, 18, 19, 20, 21, 22, 23, 24, 25, 26, 27, 28, 29, 30, 31, 32, 33, 34, 35, 36, 37, 38, 39], "data": [0.006416344930605876, 0.0, 0.0007219645068984641, 0.006593837244426457, 0.02180175515656607, 0.010613116446485797, 0.0, 0.0, 0.0, 0.0, 0.006801034092209647, 0.001192203753143569, 0.0028532894071305577, 0.0, 0.0, 0.0, 0.03947779299734044, 0.0, 0.0, 0.0, 0.0, 0.032578164108823957, 0.0, 0.0, 0.0, 0.02061508427556032, 0.0017819385661566032, 0.0033613173512404173, 0.008939682740292698, 0.0, 0.00014413192576906422, 0.0, 0.0027139318085006407, 0.002398461147531799, 0.0, 0.0007640215204769076, 0.0, 0.015508371736689718, 0.0, 0.0]}