{"labels": [0, 1, 2, 3, 4, 5, 6, 7, 8, 9, 10, 11, 12, 13, 14, 15, 16, 17, 18, 19, 20, 21, 22, 23, 24, 25, 26, 27, 28, 29, 30, 31, 32, 33, 34, 35, 36, 37, 38, 39], "data": [0.0021506935785224066, 0.0, 0.001735657538405108, 0.009502507939531165, 0.006770849113788514, 0.0016790697884763548, 0.0, 0.0, 0.0, 0.0, 0.009367009661110296, 0.0, 0.0, 0.0, 0.0, 0.0, 0.0005586902734726748, 0.033937512403553666, 0.0, 0.0, 0.0, 0.0, 0.0, 0.0, 0.0014271365072209602, 0.0033740718764094326, 0.0, 0.033503598426508185, 0.0, 0.0, 0.0, 0.00032988636273605456, 0.000198802353682206, 0.0, 0.02754343864732759, 0.0, 0.00025585122991121054, 0.05551645927899111, 0.0, 0.0006891708509124487]}