{"labels": [0, 1, 2, 3, 4, 5, 6, 7, 8, 9, 10, 11, 12, 13, 14, 15, 16, 17, 18, 19, 20, 21, 22, 23, 24, 25, 26, 27, 28, 29, 30, 31, 32, 33, 34, 35, 36, 37, 38, 39], "data": [0.003629338947164001, 0.01636525324006879, 0.0, 0.0, 0.0, 0.0, 0.0034319205925310166, 0.031105133603346644, 0.12113953356940067, 0.0, 0.0, 0.0, 0.0, 0.0, 0.0, 0.0, 0.0, 0.0, 0.0005201917148443102, 0.0, 0.006327358446364232, 0.0, 0.0, 0.001364840695279684, 0.0, 0.0, 0.0, 0.0, 0.0, 0.0, 0.0, 0.0, 0.033276206720671365, 0.0, 0.013318561704172735, 0.0, 0.02593501750831278, 0.05969718952483859, 0.0, 0.03723649103736537]}