{"labels": [0, 1, 2, 3, 4, 5, 6, 7, 8, 9, 10, 11, 12, 13, 14, 15, 16, 17, 18, 19, 20, 21, 22, 23, 24, 25, 26, 27, 28, 29, 30, 31, 32, 33, 34, 35, 36, 37, 38, 39], "data": [0.024003484805255992, 0.0, 0.0011216074810734185, 0.0, 0.006652535273480196, 0.0002764992911255139, 0.0, 0.0, 0.0, 0.007145349055533344, 0.0, 0.0, 0.0, 0.0, 0.0, 0.0, 0.0, 0.008721348520972682, 0.0, 0.0, 0.0, 0.0, 0.0, 0.0, 0.0, 0.0, 0.0009180278469380182, 0.0, 0.0, 0.0, 0.0, 0.0008881468422972553, 0.00628809706400918, 0.0, 0.0, 0.0, 0.0, 0.0, 0.0, 0.0]}