{"labels": [0, 1, 2, 3, 4, 5, 6, 7, 8, 9, 10, 11, 12, 13, 14, 15, 16, 17, 18, 19, 20, 21, 22, 23, 24, 25, 26, 27, 28, 29, 30, 31, 32, 33, 34, 35, 36, 37, 38, 39], "data": [0.011139851965858552, 0.0, 0.0, 0.0, 0.011735408156711404, 0.011352063890367725, 0.0067510819988802215, 0.0008924863679238027, 0.0, 0.0, 0.0, 0.00891206195862017, 0.012992183479589105, 0.0, 0.0, 0.0, 0.0018923052427235023, 0.0, 0.022611034834882533, 0.0, 0.0, 0.03023657230452265, 0.0, 0.0, 0.0, 0.03145303946644707, 0.0, 0.040153191380614524, 0.0, 0.005892578505882846, 0.0, 0.0, 0.02752832436761364, 0.009253489952766255, 0.030546808968028447, 0.0, 0.0, 0.0, 0.0, 0.06178736109696114]}