{"labels": [0, 1, 2, 3, 4, 5, 6, 7, 8, 9, 10, 11, 12, 13, 14, 15, 16, 17, 18, 19, 20, 21, 22, 23, 24, 25, 26, 27, 28, 29, 30, 31, 32, 33, 34, 35, 36, 37, 38, 39], "data": [0.0, 0.003815152946862959, 0.0015686642969975418, 0.0, 0.008691877388107335, 0.0010349600719851133, 0.0010175288984635468, 0.0, 0.0, 0.0086248462316061, 0.0, 0.0, 0.0, 0.0, 0.0, 0.0024207784885910593, 0.0016121742874201665, 0.0011201517985281256, 0.0, 0.0018988870137606768, 0.0, 0.0, 0.0024532932305198285, 0.0027816198225883043, 0.005975799273308648, 0.0, 0.0, 0.0, 0.0029139187896976603, 0.0034872109519167747, 0.0, 0.004751494032951411, 0.0, 0.045187735202824736, 0.0, 0.0, 0.0029566087047958995, 0.0, 0.0, 0.0]}