{"labels": [0, 1, 2, 3, 4, 5, 6, 7, 8, 9, 10, 11, 12, 13, 14, 15, 16, 17, 18, 19, 20, 21, 22, 23, 24, 25, 26, 27, 28, 29, 30, 31, 32, 33, 34, 35, 36, 37, 38, 39], "data": [0.004957474758556274, 0.0, 0.025128601449287802, 0.0179977280812241, 0.0, 0.0, 0.0, 0.022046616835036947, 0.0, 0.0, 0.0, 0.0, 0.019249055682526633, 0.0, 0.0, 0.0, 0.0, 0.0, 0.006018433282452117, 0.0, 0.0, 0.0, 0.03146128615580658, 0.0, 0.0, 0.0, 0.0, 0.0, 0.0, 0.0, 0.0, 0.0, 0.05487107710676934, 0.0025797176278485327, 0.014477511431771601, 0.0, 0.08780061985381224, 0.005673361287248038, 0.0, 0.0]}