{"labels": [0, 1, 2, 3, 4, 5, 6, 7, 8, 9, 10, 11, 12, 13, 14, 15, 16, 17, 18, 19, 20, 21, 22, 23, 24, 25, 26, 27, 28, 29, 30, 31, 32, 33, 34, 35, 36, 37, 38, 39], "data": [0.004899593607534015, 0.0, 0.0030520197302774063, 0.011190642149143351, 0.0, 0.0, 0.0, 0.0, 0.0, 0.0, 0.017991501852286606, 0.0, 0.0383200836501216, 0.0, 0.014463746770089735, 0.006781972004610106, 0.0, 0.0026972542648711793, 0.01222519614634111, 0.0, 0.0, 0.017697416596218235, 0.040445743363985355, 0.0, 0.0, 0.0, 0.003222545943412273, 0.02633684924145353, 0.0, 0.0, 0.0, 0.0, 0.014243130607393746, 0.0035880861876036205, 0.0, 0.0, 0.022186159798430097, 0.006306273207777292, 0.0, 0.0]}