{"labels": [0, 1, 2, 3, 4, 5, 6, 7, 8, 9, 10, 11, 12, 13, 14, 15, 16, 17, 18, 19, 20, 21, 22, 23, 24, 25, 26, 27, 28, 29, 30, 31, 32, 33, 34, 35, 36, 37, 38, 39], "data": [0.0, 0.0, 0.0, 0.0, 0.0, 0.0, 0.0, 0.00654958699287233, 0.0, 0.0, 0.06739160453584869, 0.0, 0.0, 0.0, 0.0, 0.0, 0.0, 0.0, 0.0, 0.0, 0.0, 0.002345556547567201, 0.0006914584670502697, 0.0, 0.003349744219590073, 0.0, 0.0018868077173202979, 0.0005938257284495849, 0.0, 0.0, 0.0, 0.0, 0.0, 0.010122274652711415, 0.0006928165888603143, 0.0, 0.0, 0.0, 0.0002728804094260455, 0.0]}