{"labels": [0, 1, 2, 3, 4, 5, 6, 7, 8, 9, 10, 11, 12, 13, 14, 15, 16, 17, 18, 19, 20, 21, 22, 23, 24, 25, 26, 27, 28, 29, 30, 31, 32, 33, 34, 35, 36, 37, 38, 39], "data": [0.0006997052763014817, 0.0, 0.024601034875025504, 0.0, 0.0, 0.0, 0.0, 0.0, 0.0, 0.0, 0.05844005963860637, 0.0, 0.09695658462255856, 0.0, 0.03586297583351072, 0.0, 0.0, 0.0, 0.0, 0.0, 0.0, 0.0, 0.0, 0.0, 0.0, 0.0, 0.0, 0.0, 0.000592036902623526, 0.0, 0.004161233237894247, 0.0, 0.0, 0.014065626227340486, 0.0, 0.0, 0.0, 0.0, 0.0007418608701257225, 0.0]}