{"labels": [0, 1, 2, 3, 4, 5, 6, 7, 8, 9, 10, 11, 12, 13, 14, 15, 16, 17, 18, 19, 20, 21, 22, 23, 24, 25, 26, 27, 28, 29, 30, 31, 32, 33, 34, 35, 36, 37, 38, 39], "data": [0.0, 0.0, 0.0, 0.0, 0.0, 0.0, 0.026965615404372506, 0.0, 0.0, 0.0, 0.0, 0.0013064688855996694, 0.0, 0.0, 0.0, 0.0, 0.0, 0.0, 0.0, 0.0, 0.0, 0.0, 0.0, 0.0, 0.0, 0.0, 0.0, 0.0, 0.15170466504095473, 0.0018911956386879684, 0.0010738479110083208, 0.0, 0.0, 0.0, 0.0, 0.0, 0.0, 0.0051900562246966694, 0.002954889346209442, 0.0]}