{"labels": [0, 1, 2, 3, 4, 5, 6, 7, 8, 9, 10, 11, 12, 13, 14, 15, 16, 17, 18, 19, 20, 21, 22, 23, 24, 25, 26, 27, 28, 29, 30, 31, 32, 33, 34, 35, 36, 37, 38, 39], "data": [0.003286408258137756, 0.0, 3.0927820976459094e-05, 0.0, 0.015641454890390667, 0.004595916324703341, 0.0, 4.379368942557128e-05, 0.0003331888296028336, 0.006839130672301773, 0.0, 0.007420076713074625, 0.0, 0.004497745079271282, 0.0, 0.0, 0.009624226289044703, 0.0, 0.0, 0.05719867601968381, 0.0, 0.0008904051938277084, 0.0007918838739963417, 0.0029830843462651645, 0.0, 0.006255441941905929, 0.0011093115834103107, 0.0, 0.0, 0.0, 0.0, 0.0010576363861992376, 0.0, 0.0, 0.0, 0.0, 0.0, 0.0, 0.0, 0.0027218167897596133]}