{"labels": [0, 1, 2, 3, 4, 5, 6, 7, 8, 9, 10, 11, 12, 13, 14, 15, 16, 17, 18, 19, 20, 21, 22, 23, 24, 25, 26, 27, 28, 29, 30, 31, 32, 33, 34, 35, 36, 37, 38, 39], "data": [0.007410680479323716, 0.0, 0.0, 0.0, 0.0, 0.0, 0.03853830556027093, 0.0, 0.0, 0.002897814360939193, 0.0010838418192651539, 0.0, 0.013544978664879501, 0.05650891057472661, 0.0, 0.0, 0.007996404580327311, 0.0003606312376420016, 0.003997624767230592, 0.0036514451921546565, 0.004105881900251592, 0.003793561490912084, 0.0, 0.051601772089041945, 0.013749686088173407, 0.02628875403067701, 0.002348743135451132, 0.0, 0.0, 0.00036702029157282786, 0.020535911692914806, 0.0, 0.001642326814113065, 0.002348663126932014, 0.001259336451692754, 0.005782184442059449, 0.0, 0.009883190817832845, 0.016568147806225, 0.02971165812931262]}