{"labels": [0, 1, 2, 3, 4, 5, 6, 7, 8, 9, 10, 11, 12, 13, 14, 15, 16, 17, 18, 19, 20, 21, 22, 23, 24, 25, 26, 27, 28, 29, 30, 31, 32, 33, 34, 35, 36, 37, 38, 39], "data": [0.0, 0.0, 0.0, 0.0, 0.04534417633847937, 0.0, 0.013986013784845406, 0.04407779075671973, 0.0013055921977449631, 0.0, 0.03273734797610997, 0.0, 0.0, 0.003160590713158295, 0.0, 0.0, 0.0007470648204412676, 0.0030108871277559216, 0.0, 0.0, 0.0, 0.0, 0.0, 0.0, 0.0, 0.0, 0.0, 0.05629138512522572, 0.0, 0.0, 0.0, 0.0, 0.043039127376692465, 0.006710432689472208, 0.009819198611627483, 0.0, 0.0013175872514015472, 0.014423492565232721, 0.0, 0.0]}