{"labels": [0, 1, 2, 3, 4, 5, 6, 7, 8, 9, 10, 11, 12, 13, 14, 15, 16, 17, 18, 19, 20, 21, 22, 23, 24, 25, 26, 27, 28, 29, 30, 31, 32, 33, 34, 35, 36, 37, 38, 39], "data": [0.0, 0.0, 0.0, 0.0, 0.0, 0.0, 0.0, 0.0, 0.0, 0.0032141385522472996, 0.01922217084210731, 0.0, 0.0, 0.0, 0.0024491672185134837, 0.0, 0.0, 0.001300130858042377, 0.002327124289147063, 0.0033307239074837265, 0.06941226890380252, 0.0, 0.13791590266583567, 0.0, 0.05053624419467175, 0.0, 0.0002480931456617041, 0.0, 0.0, 0.0, 0.0060189974955217355, 0.002354690080272578, 0.00011839396753054131, 0.007623117520851484, 0.0061887134998493305, 0.0, 0.005480392875588206, 0.010385739979493474, 0.0, 0.0]}