{"labels": [0, 1, 2, 3, 4, 5, 6, 7, 8, 9, 10, 11, 12, 13, 14, 15, 16, 17, 18, 19, 20, 21, 22, 23, 24, 25, 26, 27, 28, 29, 30, 31, 32, 33, 34, 35, 36, 37, 38, 39], "data": [0.0, 0.0, 0.0, 0.0, 0.0, 0.0, 0.0, 0.01244917710697567, 0.0, 0.0, 0.0, 0.0, 0.013677230096725801, 0.0020771224443577995, 0.0, 0.0, 0.0, 0.0, 0.0, 0.0, 0.11593141828128374, 0.0, 0.0343132905399328, 0.04369534439672197, 0.0, 0.021899460223050612, 0.0, 0.04372464406205229, 0.05219667276662448, 0.0, 0.026370944091122988, 0.008928484772008877, 0.0, 0.0, 0.0, 0.0291938069520023, 0.0, 0.008663601093158056, 0.028245971162959457, 0.0]}