{"labels": [0, 1, 2, 3, 4, 5, 6, 7, 8, 9, 10, 11, 12, 13, 14, 15, 16, 17, 18, 19, 20, 21, 22, 23, 24, 25, 26, 27, 28, 29, 30, 31, 32, 33, 34, 35, 36, 37, 38, 39], "data": [0.004939157376788276, 0.0, 0.0007396229642525489, 0.0, 0.0, 0.0, 0.0, 0.0, 0.0, 0.006806643853698963, 0.0, 0.02308733631215059, 0.0, 0.0, 2.4865002244511678e-05, 0.0, 0.0, 0.037878836220917596, 0.009191699327621159, 0.0, 0.0, 0.055333933829832406, 0.0, 0.0, 0.017228828910800707, 0.0, 0.0, 0.0, 0.0, 0.0, 0.0018348232962301216, 0.004888176271319391, 0.0, 0.005393491520746722, 0.00039165238202045784, 0.0, 0.035294902658106524, 0.02549113465155654, 0.025026344397133117, 0.006389185892451647]}