{"labels": [0, 1, 2, 3, 4, 5, 6, 7, 8, 9, 10, 11, 12, 13, 14, 15, 16, 17, 18, 19, 20, 21, 22, 23, 24, 25, 26, 27, 28, 29, 30, 31, 32, 33, 34, 35, 36, 37, 38, 39], "data": [0.0026823943820535974, 0.0, 0.005353538456077228, 0.0031545534794774534, 0.0027620503534985562, 0.0, 0.01188730907334669, 0.0, 0.0, 0.01499172298557288, 0.0, 0.0, 0.0, 0.05054512742247833, 0.0, 0.0, 0.001668357842741481, 0.0037656049962524803, 0.0, 0.02465354801763771, 0.0, 0.0, 0.0007893362224461967, 0.0010207849121940634, 0.002065753777968456, 0.005266504867014886, 0.0, 0.03329502982129338, 0.0, 0.0, 0.0, 0.058178351070131216, 0.0, 0.0, 0.018660166000867128, 0.0, 0.0, 0.04170728621373326, 0.0, 0.0]}