{"labels": [0, 1, 2, 3, 4, 5, 6, 7, 8, 9, 10, 11, 12, 13, 14, 15, 16, 17, 18, 19, 20, 21, 22, 23, 24, 25, 26, 27, 28, 29, 30, 31, 32, 33, 34, 35, 36, 37, 38, 39], "data": [0.0020505679493911873, 0.0, 0.0013715205503411056, 0.040997593942847466, 0.03594031984433005, 0.0, 0.004007827391779424, 0.0, 0.0027354312687087735, 0.018647865656504316, 0.012613369972157127, 0.008345810125739792, 0.016015142523484426, 0.016575170360592396, 0.0, 0.0009636696412902713, 0.02991507432977363, 0.0048681332225903205, 0.007554355100968341, 0.0005119327090686552, 0.0, 0.0, 0.04139851763270561, 0.03825740979865354, 0.019109170773345993, 0.008986899615353842, 0.0008233541231198636, 0.019278903353359432, 0.004217886185911253, 0.003143311789455988, 0.004300895968113758, 0.0037493468461228655, 0.0011490356413337188, 0.03341071099059003, 0.010478384556015472, 0.0, 0.0019828209632588322, 0.016383195984769276, 0.0320726342774626, 8.56268980065538e-05]}