{"labels": [0, 1, 2, 3, 4, 5, 6, 7, 8, 9, 10, 11, 12, 13, 14, 15, 16, 17, 18, 19, 20, 21, 22, 23, 24, 25, 26, 27, 28, 29, 30, 31, 32, 33, 34, 35, 36, 37, 38, 39], "data": [0.0, 0.0, 0.0, 0.004029609852923342, 0.0, 0.010215694970756741, 0.003046650186061107, 0.004627232383220099, 0.007420212333752951, 0.014497554555668177, 0.0010101985533700665, 0.014384231881140375, 0.0, 0.0036459154946456643, 0.0, 0.022903665597393905, 0.004937285270625165, 0.00487378688312338, 0.0009070112874459102, 0.0, 0.0, 0.004068866214021107, 0.0033776235480468195, 0.0030996799840786087, 0.0, 0.0015386377032841733, 0.0, 0.02920897882729759, 0.0026376119980598997, 0.0, 0.0, 0.0899445773411335, 0.0, 0.0, 0.012534089510466865, 0.0009653339770481697, 0.0, 0.0530808107428225, 0.0, 0.0]}