{"labels": [0, 1, 2, 3, 4, 5, 6, 7, 8, 9, 10, 11, 12, 13, 14, 15, 16, 17, 18, 19, 20, 21, 22, 23, 24, 25, 26, 27, 28, 29, 30, 31, 32, 33, 34, 35, 36, 37, 38, 39], "data": [0.008858317940872584, 0.01673360839250816, 0.012380628239769922, 0.009796003205449514, 0.0, 0.0, 0.0, 0.0, 0.0, 0.016457849132337526, 0.0, 0.0038464114536541426, 0.0, 0.0, 0.0, 0.015132807597670604, 0.0, 0.03645438168058864, 0.06610479985319523, 0.0, 0.0, 0.01537939497775566, 0.0, 0.0, 0.0, 0.020507114157413336, 0.0020780784944613743, 0.0, 0.0, 0.0015581290471431762, 0.0, 0.016891325049909277, 0.0, 0.0, 0.007309341742023026, 0.03826733925774951, 0.0, 0.043770820012065045, 0.03543673202983895, 0.028633663457296073]}