{"labels": [0, 1, 2, 3, 4, 5, 6, 7, 8, 9, 10, 11, 12, 13, 14, 15, 16, 17, 18, 19, 20, 21, 22, 23, 24, 25, 26, 27, 28, 29, 30, 31, 32, 33, 34, 35, 36, 37, 38, 39], "data": [0.004227936601299935, 0.0, 0.0031654733585010078, 0.0, 0.0, 0.0, 0.006773540818178068, 0.0, 0.0, 0.02358358079084553, 0.0, 0.0018395517123522556, 0.005253406066980693, 0.0, 0.0, 0.0, 2.227952123812534e-05, 0.0, 0.0, 0.019455143393156103, 0.04355786963391079, 0.05487402280645027, 0.0, 0.0, 0.0, 0.0005148463115864138, 0.0, 0.00315123822244523, 0.010819140020120925, 0.0, 0.0, 0.010220720614520588, 0.0, 0.0, 0.023579801048413666, 0.0, 0.004480754280540122, 0.004668364564108266, 0.06829246907025864, 0.0]}