{"labels": [0, 1, 2, 3, 4, 5, 6, 7, 8, 9, 10, 11, 12, 13, 14, 15, 16, 17, 18, 19, 20, 21, 22, 23, 24, 25, 26, 27, 28, 29, 30, 31, 32, 33, 34, 35, 36, 37, 38, 39], "data": [0.004369720492270183, 0.0, 0.0, 0.0004024572424700218, 0.0041647074049213475, 0.005608860717317907, 0.0, 0.0, 0.0, 0.0, 0.0, 0.0006216914078890885, 0.0, 0.004239739242524472, 0.0, 0.0, 0.003359464477369366, 0.0, 0.0, 0.0, 0.0, 0.0, 0.0, 0.1501468633491902, 0.0, 0.0011426329279601525, 0.0, 0.0, 0.0012907229497927347, 0.0, 0.0, 0.0, 0.0009802633709763424, 0.0, 0.0002527988248084962, 0.0, 0.0, 0.0, 0.0, 0.0]}