{"labels": [0, 1, 2, 3, 4, 5, 6, 7, 8, 9, 10, 11, 12, 13, 14, 15, 16, 17, 18, 19, 20, 21, 22, 23, 24, 25, 26, 27, 28, 29, 30, 31, 32, 33, 34, 35, 36, 37, 38, 39], "data": [0.0, 0.027756245205356946, 0.0, 0.006244880609345378, 0.0, 0.10244936507734995, 0.02338214532503997, 0.0, 0.00022043643018316447, 0.014140216669084976, 0.01733375967599245, 0.0016115368789621728, 0.0, 0.0, 0.0, 0.0, 0.0, 0.0, 0.0, 0.0, 0.0, 0.0, 0.0004172400440688719, 0.0, 0.0, 0.0, 0.0, 0.0, 0.0, 0.006764183769993856, 0.0, 0.0, 0.0, 0.0, 0.015396684840933875, 0.0, 0.0, 0.0, 0.09528853558803047, 0.03877148742723531]}