{"labels": [0, 1, 2, 3, 4, 5, 6, 7, 8, 9, 10, 11, 12, 13, 14, 15, 16, 17, 18, 19, 20, 21, 22, 23, 24, 25, 26, 27, 28, 29, 30, 31, 32, 33, 34, 35, 36, 37, 38, 39], "data": [0.008249107964951811, 0.002673121866128738, 0.020563645625451526, 0.004015497353649779, 0.013533153624217633, 0.0, 0.008883527088430234, 0.015458599483075954, 0.007264220983282805, 0.006353898020790604, 0.019783411146621566, 0.001411458559794589, 0.0, 0.01287612301004334, 0.006965412017944266, 0.0, 0.0, 0.008155579594947338, 0.0010816143761959737, 0.029463634387876823, 0.006895687877496112, 0.0, 0.0, 0.08860917452909875, 0.0, 0.0, 0.0, 0.025863201276439266, 0.0, 0.004263715236341213, 0.0, 0.0, 0.003377820706431274, 0.0, 0.0, 0.007830528338095962, 0.0, 0.01340915704611327, 0.0, 0.0013383561085148984]}