{"labels": [0, 1, 2, 3, 4, 5, 6, 7, 8, 9, 10, 11, 12, 13, 14, 15, 16, 17, 18, 19, 20, 21, 22, 23, 24, 25, 26, 27, 28, 29, 30, 31, 32, 33, 34, 35, 36, 37, 38, 39], "data": [0.0, 0.0, 3.8177942424410934e-05, 0.026669628023337635, 0.07380515498562103, 0.0, 0.0, 0.019564576213607306, 0.0, 0.0094924549537932, 0.0, 0.0, 0.003485955895970126, 0.003874112698452017, 0.0, 0.0, 0.0, 0.0, 0.0027808499411973784, 0.0010951424101241021, 0.0, 0.0035856469784248906, 0.0, 0.004633220862335984, 0.0, 0.02155374077247362, 0.0, 0.0, 0.0, 0.0, 0.0, 0.015637286234851132, 0.0, 0.004027612869852284, 0.0, 0.0, 0.0, 0.025449278006607706, 0.004139003452589426, 0.0]}