{"labels": [0, 1, 2, 3, 4, 5, 6, 7, 8, 9, 10, 11, 12, 13, 14, 15, 16, 17, 18, 19, 20, 21, 22, 23, 24, 25, 26, 27, 28, 29, 30, 31, 32, 33, 34, 35, 36, 37, 38, 39], "data": [0.0, 0.0, 0.0, 0.0, 0.008258761451496443, 0.0, 0.0, 0.0028644629108013943, 0.0042234394989087475, 0.0, 0.0, 0.011534771700455552, 0.0, 0.004219304389758643, 0.0, 0.0, 0.0, 0.016840802805385198, 0.0, 0.0, 0.0023695550073527857, 0.014251015872131617, 0.0, 0.0, 0.0, 0.029580892147200027, 0.0, 0.0, 0.0, 0.0, 0.0, 0.00974806120076113, 0.00420656162990189, 0.0, 0.05416188415911136, 0.009748172800259249, 0.0, 0.01869607638633773, 0.0029439934695083382, 0.0]}