{"labels": [0, 1, 2, 3, 4, 5, 6, 7, 8, 9, 10, 11, 12, 13, 14, 15, 16, 17, 18, 19, 20, 21, 22, 23, 24, 25, 26, 27, 28, 29, 30, 31, 32, 33, 34, 35, 36, 37, 38, 39], "data": [0.019689407997322925, 0.0, 0.020055629989309248, 0.0012488558039564842, 0.0017755210191371855, 0.0, 0.0, 0.0012141547728029103, 0.02549279589635643, 0.0, 0.0, 0.0, 0.0, 0.00197913253814531, 0.0006493546306702253, 0.0, 0.0015618166342911887, 0.0, 0.0014609241834572678, 0.031953070636642524, 0.00946825551697416, 0.0, 0.0, 0.014890002388997892, 0.0, 0.025605299355054678, 0.04256707205272025, 0.0, 0.0, 0.0, 0.0, 0.004665500504463094, 0.0, 0.003696176117955153, 0.0, 0.0031801655260698725, 0.0, 0.009536470948065335, 0.009789252739946599, 0.0]}