{"labels": [0, 1, 2, 3, 4, 5, 6, 7, 8, 9, 10, 11, 12, 13, 14, 15, 16, 17, 18, 19, 20, 21, 22, 23, 24, 25, 26, 27, 28, 29, 30, 31, 32, 33, 34, 35, 36, 37, 38, 39], "data": [0.0013756256387362962, 0.0006253794406585035, 0.0010636015967496158, 0.0, 0.00961120940191814, 0.0, 0.0015288533583701976, 0.0, 0.004994956827898458, 0.00569544782427764, 0.0, 0.0013462879818748395, 0.0007168380746392634, 0.0, 0.0, 0.0024043476654481482, 0.002989259704244584, 0.002430497827065719, 0.000985911212234261, 0.0, 0.0020081764194968153, 0.015021948251236334, 0.0, 0.0, 0.0, 0.0, 0.003977004664950943, 0.0, 0.0, 0.0, 0.0019837783863454685, 0.002090569978869308, 0.0, 0.0241823207957333, 0.009353308850167453, 0.0, 0.0, 0.0, 0.0, 0.008054419884007269]}