{"labels": [0, 1, 2, 3, 4, 5, 6, 7, 8, 9, 10, 11, 12, 13, 14, 15, 16, 17, 18, 19, 20, 21, 22, 23, 24, 25, 26, 27, 28, 29, 30, 31, 32, 33, 34, 35, 36, 37, 38, 39], "data": [0.0, 0.0, 0.0, 0.0047302643287321575, 0.0, 0.0010416025189648075, 0.0010138297387976792, 0.0, 0.00218682928632799, 0.0, 0.0, 0.0, 0.0, 0.0, 0.0, 0.0, 0.004438490160249689, 0.0, 0.0, 0.0, 0.0, 0.0, 0.0, 0.0, 0.0, 0.03675624988853561, 0.0, 0.00015255055778220383, 0.00595531189977718, 0.026184200816703283, 0.0, 0.0, 0.0, 0.008970163065276537, 0.005819172065816934, 0.0, 0.0, 0.0012648504953060643, 0.0, 0.0]}