{"labels": [0, 1, 2, 3, 4, 5, 6, 7, 8, 9, 10, 11, 12, 13, 14, 15, 16, 17, 18, 19, 20, 21, 22, 23, 24, 25, 26, 27, 28, 29, 30, 31, 32, 33, 34, 35, 36, 37, 38, 39], "data": [0.0, 0.011169134642063814, 0.0, 0.0, 0.0, 0.01645772142772389, 0.0003404832323107605, 0.0, 0.0, 0.0, 0.0, 0.0, 0.0, 0.0, 0.0, 0.029326905735130727, 0.0, 0.0, 0.023629901824302954, 0.0, 0.0, 0.0, 0.0, 0.0, 0.0, 0.0, 0.0, 0.0, 0.0, 0.0, 0.0, 0.0, 0.0, 0.09732852732625054, 0.031559256665166305, 0.0, 0.0, 0.010189445269602113, 0.004123893583770772, 0.06023523185782247]}