{"labels": [0, 1, 2, 3, 4, 5, 6, 7, 8, 9, 10, 11, 12, 13, 14, 15, 16, 17, 18, 19, 20, 21, 22, 23, 24, 25, 26, 27, 28, 29, 30, 31, 32, 33, 34, 35, 36, 37, 38, 39], "data": [0.0, 0.0, 0.0031066519901276745, 0.0, 0.0009375708101707024, 0.0, 0.01530612694639991, 0.032299156172172584, 0.0, 0.0, 0.003787824411626368, 0.0, 0.0, 0.0, 0.0, 0.0, 0.0, 0.0, 0.0, 9.678491477027402e-05, 0.004752487910055451, 0.0, 0.0, 0.0, 0.0015774514577280817, 0.0, 0.0, 0.0, 0.019205955759511374, 0.0008649227571547891, 0.020318228979661658, 0.0008293402672952446, 0.0036618100960746688, 0.0, 0.0, 0.0, 0.005563938365577043, 0.06271100733991376, 0.0, 0.0]}