{"labels": [0, 1, 2, 3, 4, 5, 6, 7, 8, 9, 10, 11, 12, 13, 14, 15, 16, 17, 18, 19, 20, 21, 22, 23, 24, 25, 26, 27, 28, 29, 30, 31, 32, 33, 34, 35, 36, 37, 38, 39], "data": [0.005356393370812058, 0.0, 0.0008691922208391866, 0.002650051922817175, 0.012868410444147875, 0.007746519068696992, 0.002241927878482994, 0.0, 0.0, 0.02289310235179575, 0.0, 0.0, 0.0, 0.005406888094184396, 0.0, 0.0, 0.05516635883961197, 0.0, 0.0, 0.0, 0.0, 0.0, 0.0, 0.03531423502440086, 0.021597709502148628, 0.030426322045443564, 0.0, 0.0035057166837182173, 0.0, 0.0, 0.0, 0.0, 0.003029505356803433, 0.05683950447192185, 0.0, 0.0, 0.0, 0.0, 0.0, 0.0]}