{"labels": [0, 1, 2, 3, 4, 5, 6, 7, 8, 9, 10, 11, 12, 13, 14, 15, 16, 17, 18, 19, 20, 21, 22, 23, 24, 25, 26, 27, 28, 29, 30, 31, 32, 33, 34, 35, 36, 37, 38, 39], "data": [0.0013917072667375045, 0.0, 0.0, 0.0, 0.027301733283510907, 0.0, 0.0, 0.003996053528605081, 0.0, 0.0, 0.0, 0.0, 0.0, 0.0, 0.0, 0.0, 0.0, 0.0, 0.017425806915406038, 0.0, 0.0, 0.01072257385908294, 0.0, 0.0, 0.0, 0.02725984414296559, 0.0, 0.0, 0.0, 0.0, 0.011899388010854214, 0.0019279579127846871, 0.0, 0.006700464322196907, 0.030694936733732938, 0.007745828491228532, 0.0, 0.024631498609557573, 0.0, 0.0]}