{"labels": [0, 1, 2, 3, 4, 5, 6, 7, 8, 9, 10, 11, 12, 13, 14, 15, 16, 17, 18, 19, 20, 21, 22, 23, 24, 25, 26, 27, 28, 29, 30, 31, 32, 33, 34, 35, 36, 37, 38, 39], "data": [0.0, 0.0, 0.0, 0.0, 0.0, 0.0011230645667260977, 0.0, 0.0, 0.0025282256895342854, 0.0, 0.0, 0.0, 0.0, 0.0, 0.002074489125088908, 0.0, 0.0, 0.00312134240915, 0.0, 0.0027580743811002587, 0.002329273081992999, 0.011781281710107512, 0.0, 0.0, 0.08570946695971031, 0.0, 0.000465522095319955, 0.058021799257295455, 0.0, 0.0, 0.006009314438954125, 0.005058244766206013, 0.0, 0.0, 0.006292064282951157, 0.005132249965708579, 0.0, 0.0, 0.0, 0.0013449017520642886]}