{"labels": [0, 1, 2, 3, 4, 5, 6, 7, 8, 9, 10, 11, 12, 13, 14, 15, 16, 17, 18, 19, 20, 21, 22, 23, 24, 25, 26, 27, 28, 29, 30, 31, 32, 33, 34, 35, 36, 37, 38, 39], "data": [0.0, 0.005210548820890409, 0.0163176798102128, 0.0, 0.000491030200881187, 0.04701645754002227, 0.00751005759154084, 0.013890618843786427, 0.013027010710411777, 0.0, 0.028458746305220016, 0.008098649737436427, 0.0, 0.0, 0.0, 0.024512193348319715, 0.0, 0.0016730136084873205, 0.0017367027429715076, 0.0001356266727489238, 0.0, 0.0, 0.0033751545503082642, 0.0, 0.0, 0.0, 0.0, 0.0, 0.0, 0.0, 0.025497887719078356, 0.0006550169536663967, 0.0029160762640149723, 0.01727844458727738, 0.0123190086070541, 0.003925834353882458, 0.02080634374983733, 0.04328117960927316, 0.02916390178816025, 0.004724732074357144]}