{"labels": [0, 1, 2, 3, 4, 5, 6, 7, 8, 9, 10, 11, 12, 13, 14, 15, 16, 17, 18, 19, 20, 21, 22, 23, 24, 25, 26, 27, 28, 29, 30, 31, 32, 33, 34, 35, 36, 37, 38, 39], "data": [0.0, 0.0, 0.0, 0.010156663678875555, 0.004818088598405122, 0.026348039566532897, 0.0, 0.003396489590850152, 0.0, 0.0, 0.010825479384975066, 0.07087170357968121, 0.0, 0.0, 0.0, 0.054693078413418535, 0.0015544387222917258, 0.0, 0.017013520878202546, 0.0, 0.0, 0.01345556104803794, 0.0006695060914396036, 0.0, 0.0, 0.009682775258534337, 0.0, 0.0, 0.0, 0.0, 0.0, 0.0, 0.0, 0.04324401132790649, 0.018514754176784897, 0.04601248090367661, 0.0, 0.007041996252334236, 0.014188402733574015, 0.0020796170676736785]}