{"labels": [0, 1, 2, 3, 4, 5, 6, 7, 8, 9, 10, 11, 12, 13, 14, 15, 16, 17, 18, 19, 20, 21, 22, 23, 24, 25, 26, 27, 28, 29, 30, 31, 32, 33, 34, 35, 36, 37, 38, 39], "data": [0.0, 0.0, 0.02223441928723474, 0.0, 0.004526462616541195, 0.013082487560392205, 0.0, 0.03860899290344546, 0.0, 0.0, 0.00589201969118998, 0.0, 0.0, 0.0, 0.0, 0.001846977948898662, 0.00421176300375984, 0.0, 0.0026385683436061244, 0.002435796665747658, 0.0, 0.03662780896354922, 0.0, 0.0, 0.009695230982330397, 0.0, 0.0, 0.00712135109184344, 0.002840553639227361, 0.0, 0.0019895379845663716, 0.0, 0.0, 0.0012573514926446617, 0.011301159686922206, 0.0, 0.04554072831799394, 0.004763163956953341, 0.020589019945280913, 0.0]}