{"labels": [0, 1, 2, 3, 4, 5, 6, 7, 8, 9, 10, 11, 12, 13, 14, 15, 16, 17, 18, 19, 20, 21, 22, 23, 24, 25, 26, 27, 28, 29, 30, 31, 32, 33, 34, 35, 36, 37, 38, 39], "data": [0.0016165501467439634, 0.0021981868297864127, 0.0, 0.0, 0.0, 0.0, 0.04019645216331279, 0.017511819486903123, 0.01486189226577958, 0.0007896444309933502, 0.0, 0.012709377908561626, 0.008764061649346237, 0.0, 0.0, 0.0, 0.0, 0.00030957911183434965, 0.0019870978381177, 0.0, 0.0, 0.018922414782126425, 0.042499800155350244, 0.0, 0.0, 0.0, 0.059023504031737485, 0.0, 0.0, 0.006983739604012989, 0.0, 0.0016992201791594065, 0.0, 0.019167468645023455, 0.0, 0.051184488144580195, 0.013026860004584941, 0.012438840150498263, 0.0, 0.0]}