{"labels": [0, 1, 2, 3, 4, 5, 6, 7, 8, 9, 10, 11, 12, 13, 14, 15, 16, 17, 18, 19, 20, 21, 22, 23, 24, 25, 26, 27, 28, 29, 30, 31, 32, 33, 34, 35, 36, 37, 38, 39], "data": [0.0, 0.0004958286121948074, 0.0, 0.02494239311131627, 0.0, 0.009549130365757393, 0.0, 0.1009609741746076, 0.0, 0.0002400924763788858, 0.0, 0.0, 0.004336444825584822, 0.06707068468453915, 0.0, 0.0, 0.0, 0.19724953878973983, 0.0, 0.0, 0.04303648755783795, 0.0650370371869996, 0.0774857676616404, 0.0, 0.0, 0.0, 0.0, 0.04400509270408266, 0.0, 0.0, 0.0, 0.10063760329681289, 0.020718531857863588, 0.0005828143769528164, 0.0, 0.0, 0.0, 0.01384867081219561, 0.0148178411590783, 0.0]}