{"labels": [0, 1, 2, 3, 4, 5, 6, 7, 8, 9, 10, 11, 12, 13, 14, 15, 16, 17, 18, 19, 20, 21, 22, 23, 24, 25, 26, 27, 28, 29, 30, 31, 32, 33, 34, 35, 36, 37, 38, 39], "data": [0.0, 0.04835965090016038, 0.0, 0.0, 0.0, 0.0184063096547383, 0.0009658960251324658, 0.04135116879179063, 0.022218315078338113, 0.0, 0.014918470707457202, 0.0, 0.0, 0.0012906976107930413, 0.0034092824474097026, 0.0, 0.0, 0.0, 0.0, 0.0, 0.0, 0.0027823587239356423, 0.0, 0.0, 0.0, 0.0, 0.0, 0.0, 0.0016613339290339135, 0.004947050232387559, 0.0, 0.0, 0.0047366317179540875, 0.0, 0.0, 0.08123042969925348, 0.050392844985829556, 0.0, 0.0, 0.0]}