{"labels": [0, 1, 2, 3, 4, 5, 6, 7, 8, 9, 10, 11, 12, 13, 14, 15, 16, 17, 18, 19, 20, 21, 22, 23, 24, 25, 26, 27, 28, 29, 30, 31, 32, 33, 34, 35, 36, 37, 38, 39], "data": [0.0, 0.04530946628434184, 0.0, 0.0, 0.0, 0.0, 0.011983580972692837, 0.04918458542611869, 0.0, 0.0, 0.01003042406412299, 0.059076118732061006, 0.0, 0.0, 0.04585863534951104, 0.0, 0.0, 0.0, 0.0, 0.0, 0.0, 0.0, 0.0, 0.0, 0.0, 0.0, 0.0034132051794284616, 0.0, 0.0, 0.0, 0.09853993031752768, 0.0, 0.0, 0.0, 0.0, 0.0, 0.0, 0.0, 0.0, 0.027989689301773073]}