{"labels": [0, 1, 2, 3, 4, 5, 6, 7, 8, 9, 10, 11, 12, 13, 14, 15, 16, 17, 18, 19, 20, 21, 22, 23, 24, 25, 26, 27, 28, 29, 30, 31, 32, 33, 34, 35, 36, 37, 38, 39], "data": [0.0, 0.0, 0.0, 0.0, 0.0, 0.0012600223961141297, 0.0017306365465941007, 0.0036700914099524803, 0.0, 0.0, 0.0, 0.0, 0.0, 0.0, 0.0, 0.0, 0.0016783009177116243, 0.0, 0.0, 0.0, 0.009343719366679265, 0.04950907204836897, 0.0, 0.004757481006497063, 0.0, 0.016434834105493477, 0.0025567022051478754, 0.03495065898547452, 0.0, 0.0, 0.0, 0.0, 0.0, 0.002531537118096127, 0.0, 0.06506248488310165, 0.004267534831707953, 0.008368783187837056, 0.0007953224817717884, 0.0019983329655523224]}