{"labels": [0, 1, 2, 3, 4, 5, 6, 7, 8, 9, 10, 11, 12, 13, 14, 15, 16, 17, 18, 19, 20, 21, 22, 23, 24, 25, 26, 27, 28, 29, 30, 31, 32, 33, 34, 35, 36, 37, 38, 39], "data": [0.0, 0.0, 0.04688749472835859, 0.0, 0.0, 0.0, 0.0811620622683828, 0.0, 0.0, 0.0, 0.0296722287651558, 0.0, 0.0, 0.0, 0.0, 0.0, 0.0, 0.0, 0.0, 0.06831098201316166, 0.0, 0.0011275012144553482, 4.950776334278923e-06, 0.0, 0.0, 0.0, 0.0, 0.0, 0.0, 0.022298854206576176, 0.0019606227260505964, 0.0, 0.0, 0.0, 0.0, 0.06778279762950348, 0.0, 0.0, 0.0, 0.0]}