{"labels": [0, 1, 2, 3, 4, 5, 6, 7, 8, 9, 10, 11, 12, 13, 14, 15, 16, 17, 18, 19, 20, 21, 22, 23, 24, 25, 26, 27, 28, 29, 30, 31, 32, 33, 34, 35, 36, 37, 38, 39], "data": [0.005827470270983558, 4.740080345035975e-05, 0.0, 0.0, 0.0016709249529992239, 0.0, 0.0, 0.005918609519522747, 0.041063234269948366, 0.0, 0.00022898164292701884, 0.0, 0.0, 0.0026658197684329456, 0.00942043015845706, 0.004981119969139567, 0.00037265432745391613, 0.003311365732859823, 0.0016902761175932985, 0.0, 0.07413403832272548, 0.0, 0.0, 0.005707702491055944, 5.574563345355517e-07, 0.0, 0.0, 0.0, 0.0, 0.0005552967776516266, 0.0, 0.0, 0.003246117289589842, 0.0, 0.0, 0.0, 0.0, 0.0, 0.017472512910562954, 0.0007306641126965178]}