{"labels": [0, 1, 2, 3, 4, 5, 6, 7, 8, 9, 10, 11, 12, 13, 14, 15, 16, 17, 18, 19, 20, 21, 22, 23, 24, 25, 26, 27, 28, 29, 30, 31, 32, 33, 34, 35, 36, 37, 38, 39], "data": [0.0, 0.0, 0.0, 0.0, 0.043611299922165385, 0.03831379928509509, 0.014490871878863101, 0.00873555103060034, 0.0, 0.015696841972340655, 0.01682498563703272, 0.0, 0.001100591202951395, 0.0, 0.0, 0.06720982920358816, 0.0, 0.0, 0.05087557011379323, 0.0, 0.04973498692604453, 0.0, 0.0, 0.00510581874390836, 0.0, 0.0, 0.0, 0.0, 0.006284029014701295, 0.006577001911560142, 0.0, 0.0, 0.0, 0.0, 0.010718041228825068, 0.0, 0.012339008997108677, 0.026325642807376502, 0.0, 0.0]}