{"labels": [0, 1, 2, 3, 4, 5, 6, 7, 8, 9, 10, 11, 12, 13, 14, 15, 16, 17, 18, 19, 20, 21, 22, 23, 24, 25, 26, 27, 28, 29, 30, 31, 32, 33, 34, 35, 36, 37, 38, 39], "data": [0.004684278140754996, 0.002239259938518932, 0.012960885932006304, 0.0, 0.0008419563019613316, 0.0003190453054698081, 0.0, 0.012964310350385868, 0.005651580083751122, 0.017422365123346287, 0.0, 0.0030096752489269514, 0.038738712934416095, 0.0007050952745213713, 0.0, 0.0, 0.00683726524478648, 0.033932695228592116, 0.0, 0.0013134382091651168, 0.030907999805000384, 0.03092100106482601, 0.02820101625803624, 0.0034261769120883597, 0.00327215297034088, 0.0, 0.02100465745141158, 0.02161482895091172, 0.0, 0.0, 0.0012828190509569252, 0.004087186070022382, 0.050294484789571915, 0.0286554156374811, 0.0004784560735617115, 0.0, 0.0, 0.007711339586872042, 0.0018797415408138075, 0.00044970915515445104]}