{"labels": [0, 1, 2, 3, 4, 5, 6, 7, 8, 9, 10, 11, 12, 13, 14, 15, 16, 17, 18, 19, 20, 21, 22, 23, 24, 25, 26, 27, 28, 29, 30, 31, 32, 33, 34, 35, 36, 37, 38, 39], "data": [0.0029148537349902577, 0.0, 0.0, 0.0, 0.0, 0.0, 0.024352299122716237, 0.0, 0.0, 0.01297270898020746, 0.0, 0.0, 0.00892589547940932, 0.0036466492904738165, 0.0, 0.002057819427397112, 0.0, 0.011128686403426903, 0.0, 0.002127278975890505, 0.0, 0.0, 0.0, 0.0021553365950319056, 0.0, 0.08098899758102646, 0.0, 0.0, 0.0, 0.0026089003975168505, 0.0, 0.0029167647861229815, 0.0, 0.0, 0.002144466618353726, 0.07590492054489291, 0.007675858132112836, 0.008296800341326079, 0.0, 0.000527054665885365]}