{"labels": [0, 1, 2, 3, 4, 5, 6, 7, 8, 9, 10, 11, 12, 13, 14, 15, 16, 17, 18, 19, 20, 21, 22, 23, 24, 25, 26, 27, 28, 29, 30, 31, 32, 33, 34, 35, 36, 37, 38, 39], "data": [0.0, 0.0, 0.02142994023017164, 0.0, 0.0, 0.06765325954641264, 0.0, 0.022276255775294386, 0.0, 0.0, 0.0, 0.0, 0.0, 0.0012241335088191566, 0.0, 0.0, 0.005212572296989856, 0.03833039678651384, 0.03775089971667732, 0.0, 0.03395961566448642, 0.0, 0.0, 0.01767335997426998, 0.0, 0.0, 0.0, 0.04080100804578161, 0.003550142390519589, 0.0, 0.0, 0.0, 0.0, 0.0, 0.0, 0.0, 0.0, 0.0014053172824858705, 0.0, 0.0]}