{"labels": [0, 1, 2, 3, 4, 5, 6, 7, 8, 9, 10, 11, 12, 13, 14, 15, 16, 17, 18, 19, 20, 21, 22, 23, 24, 25, 26, 27, 28, 29, 30, 31, 32, 33, 34, 35, 36, 37, 38, 39], "data": [0.021288801289589085, 0.0020447594418148184, 0.0, 0.02578415895259646, 0.013282492883334497, 0.0, 0.019920014230504938, 0.0, 0.017158596501666193, 0.020402402793811263, 0.0, 5.62490856779424e-05, 0.006983799454687954, 0.005611066735057828, 0.0, 0.008194566330058895, 0.012067339404525578, 0.021282990120632308, 0.008596595389631107, 0.023693422224332714, 0.0, 0.012314598670502374, 0.00228468635193086, 0.04172973224977108, 0.01743444578576314, 0.024271572354887697, 0.0, 0.0, 0.0028017279313790155, 0.0, 0.010323709595898331, 0.0, 0.002019380643939281, 0.004086955654132298, 0.013314769311274326, 0.0, 0.0, 0.0, 0.02101056341484696, 0.0]}