{"labels": [0, 1, 2, 3, 4, 5, 6, 7, 8, 9, 10, 11, 12, 13, 14, 15, 16, 17, 18, 19, 20, 21, 22, 23, 24, 25, 26, 27, 28, 29, 30, 31, 32, 33, 34, 35, 36, 37, 38, 39], "data": [0.0, 0.0, 0.0, 0.0, 0.0, 0.0, 0.0, 0.0, 0.0, 0.0, 0.017138395125441092, 0.0, 0.0, 0.0, 0.0, 0.010897288867056295, 0.0, 0.0, 0.0, 0.0, 0.0, 0.0, 0.0, 0.002969254984232415, 4.4049292593804563e-05, 0.0, 0.008991380803297774, 0.048533743145736094, 0.005148223412011141, 0.0, 0.000674693909151503, 0.0, 0.003332663078983507, 0.0, 0.0013640331840444537, 0.0, 0.04210046375314693, 0.0, 0.0, 0.0]}