{"labels": [0, 1, 2, 3, 4, 5, 6, 7, 8, 9, 10, 11, 12, 13, 14, 15, 16, 17, 18, 19, 20, 21, 22, 23, 24, 25, 26, 27, 28, 29, 30, 31, 32, 33, 34, 35, 36, 37, 38, 39], "data": [0.0, 0.0, 0.0, 0.0, 0.0223793880379846, 0.0, 0.0067926311572374665, 0.0, 0.0, 0.0025099150798146416, 0.0, 0.0, 0.04703768694555824, 0.0, 0.0, 0.0, 0.010486339578144517, 0.0, 0.0, 0.0, 0.0, 0.0, 0.0030036089613537644, 0.0, 0.010443172174431315, 0.0, 0.0, 0.004117395301160437, 0.05048855208309113, 0.0035123949397361217, 0.0, 0.0007096540334822111, 0.0, 0.07203098518387037, 0.0959979509607989, 0.0, 0.0, 0.03198265571859941, 0.0, 0.0]}