{"labels": [0, 1, 2, 3, 4, 5, 6, 7, 8, 9, 10, 11, 12, 13, 14, 15, 16, 17, 18, 19, 20, 21, 22, 23, 24, 25, 26, 27, 28, 29, 30, 31, 32, 33, 34, 35, 36, 37, 38, 39], "data": [0.0006552884134549442, 0.010231094591548032, 0.0, 0.0, 0.0, 0.0, 0.012262573486058427, 0.0, 0.0, 0.0232816510258602, 0.003958374963914271, 0.0, 0.0, 0.0, 0.014827394494053694, 0.0, 0.0, 0.0, 0.0, 0.0, 0.0038655819408584253, 0.004276343728839815, 0.06844609834952807, 0.0, 0.00025308178345321273, 0.0, 0.002626311808798911, 0.0, 0.0, 0.0, 0.00030710205102801055, 0.0008144808136777951, 0.0, 0.0, 0.007626719809328884, 0.00509295996385237, 0.0, 0.037739443614720355, 0.0, 0.002175135859519316]}