{"labels": [0, 1, 2, 3, 4, 5, 6, 7, 8, 9, 10, 11, 12, 13, 14, 15, 16, 17, 18, 19, 20, 21, 22, 23, 24, 25, 26, 27, 28, 29, 30, 31, 32, 33, 34, 35, 36, 37, 38, 39], "data": [0.0, 0.0, 0.0, 0.0, 0.0024008588948528408, 0.0, 0.029555580927671642, 0.0, 0.0, 0.0, 0.0, 0.0, 0.0, 0.0009580445606529426, 0.0, 0.0016820557196117521, 0.0, 0.009651329004018142, 0.0025523883737436294, 0.0007249584111790252, 0.0019059652629101176, 0.002506303892641496, 0.0, 0.0, 0.0006659184717189447, 0.0, 0.0, 0.04991057556137366, 0.0, 3.2316118909174364e-05, 0.0, 0.0, 0.0, 0.031727874010294366, 0.01975376912755156, 0.007223933780452473, 0.0, 0.051244647435849576, 0.0, 0.0]}