{"labels": [0, 1, 2, 3, 4, 5, 6, 7, 8, 9, 10, 11, 12, 13, 14, 15, 16, 17, 18, 19, 20, 21, 22, 23, 24, 25, 26, 27, 28, 29, 30, 31, 32, 33, 34, 35, 36, 37, 38, 39], "data": [0.009501269534128562, 0.0, 0.016642227914191145, 0.0, 0.005736399217763306, 0.030973664720901576, 0.021731456952218207, 0.009175853977590857, 0.0, 0.0, 0.0, 0.0, 0.02206209938314317, 0.01196113955267738, 0.02314102780523481, 0.0, 0.0, 0.01396215348416505, 0.024158135925718267, 0.0012165365959310437, 0.0, 0.030309031885487663, 0.001224216629779617, 0.0, 0.02886792118505359, 0.009437044921699809, 0.0, 0.011848641368265654, 0.008371034072548085, 0.003578101761935469, 0.018648027265194735, 0.0, 0.0008166156362669901, 0.04849107076786256, 0.012941328213699973, 0.0007456323919191678, 0.0, 0.01620753779797055, 0.00043765890946707067, 0.0016936309890745985]}