{"labels": [0, 1, 2, 3, 4, 5, 6, 7, 8, 9, 10, 11, 12, 13, 14, 15, 16, 17, 18, 19, 20, 21, 22, 23, 24, 25, 26, 27, 28, 29, 30, 31, 32, 33, 34, 35, 36, 37, 38, 39], "data": [0.0, 0.0001926159012894407, 0.0, 0.0, 0.008327589640094639, 0.0, 0.028786168954553448, 0.0, 0.0, 0.0038378539067357247, 0.007576786538406375, 0.0, 0.0, 0.011563416966290556, 0.004421208835322174, 0.0026510817666103256, 0.0015447062957436853, 0.0, 0.0, 0.0011376568979657498, 0.0, 0.0, 0.0, 0.03395385912903105, 0.0, 0.022058500889500128, 0.0, 0.0023493154981720165, 0.0023000717143017665, 0.0, 0.0033748350168538114, 0.0, 0.0, 0.0, 0.007313134363028111, 0.0, 0.0, 0.0, 0.0, 0.0]}