{"labels": [0, 1, 2, 3, 4, 5, 6, 7, 8, 9, 10, 11, 12, 13, 14, 15, 16, 17, 18, 19, 20, 21, 22, 23, 24, 25, 26, 27, 28, 29, 30, 31, 32, 33, 34, 35, 36, 37, 38, 39], "data": [0.004383141116438083, 0.0, 0.0, 0.0, 0.0, 0.04268522985974561, 0.0, 0.028218698640316474, 0.0, 0.0062981859039187215, 0.0, 0.0004591516851243896, 0.0, 0.0007802390420489419, 0.0, 0.021333551289708607, 0.0, 0.0, 0.03737918651840691, 0.0026729258451301885, 0.0, 0.0007339342330649717, 0.0033051308232417364, 0.01143146379029438, 0.0, 0.004709110567279012, 0.00446359753037234, 0.0, 0.0030360135208017704, 0.0, 0.0016734319575795265, 0.04372161265276634, 0.0, 0.0, 0.0, 0.0, 0.0, 0.05839060190001393, 0.0, 0.028608167159458603]}