{"labels": [0, 1, 2, 3, 4, 5, 6, 7, 8, 9, 10, 11, 12, 13, 14, 15, 16, 17, 18, 19, 20, 21, 22, 23, 24, 25, 26, 27, 28, 29, 30, 31, 32, 33, 34, 35, 36, 37, 38, 39], "data": [0.01095142637214907, 0.0, 0.000516712880657857, 0.0, 0.004835457293477709, 0.0, 0.0, 0.0, 0.0, 0.0, 0.0, 0.0, 0.0, 0.0, 0.0, 0.0, 5.1944019948967536e-05, 0.005214149581274643, 0.00015698305507089142, 0.0, 0.0, 0.0, 3.895092396596959e-05, 0.05906431384022816, 0.00025238367860549717, 0.0, 0.0016643173479495743, 0.0011443020282152483, 0.0009670242958498095, 0.007976825639498362, 0.0, 0.0004864165155214468, 0.0029026194782434986, 0.003978262714503182, 0.017055513654534327, 0.0, 0.0, 0.0, 0.001444120164896073, 0.0]}