{"labels": [0, 1, 2, 3, 4, 5, 6, 7, 8, 9, 10, 11, 12, 13, 14, 15, 16, 17, 18, 19, 20, 21, 22, 23, 24, 25, 26, 27, 28, 29, 30, 31, 32, 33, 34, 35, 36, 37, 38, 39], "data": [0.0, 0.0, 0.0, 0.0, 0.0, 6.780195245232324e-05, 0.05495770301868299, 0.0, 0.006648779081335332, 0.0, 0.0, 0.0018900994938757778, 0.05293245635911794, 0.0, 0.0, 0.0, 0.0, 0.0, 0.0, 0.0, 0.0012841314666356715, 0.0, 0.007530852163783069, 0.0, 0.0025938563767190143, 0.0, 0.009444858099918421, 0.0, 0.0083822199904859, 0.0, 0.0, 0.002798450236603577, 0.0, 0.0, 0.0, 0.015433067360672632, 0.021123709999418545, 0.0, 0.0, 0.0]}