{"labels": [0, 1, 2, 3, 4, 5, 6, 7, 8, 9, 10, 11, 12, 13, 14, 15, 16, 17, 18, 19, 20, 21, 22, 23, 24, 25, 26, 27, 28, 29, 30, 31, 32, 33, 34, 35, 36, 37, 38, 39], "data": [0.013996097452734103, 0.0, 0.018302313554991123, 0.05554633671576937, 0.030494013398679427, 0.0, 0.0014594008361354825, 0.01030873883862258, 0.0, 0.006168442403790724, 0.0, 0.0, 0.01337452483091581, 0.011938863637767921, 0.0, 0.0, 0.0, 0.00506286948272113, 0.0, 0.0, 0.032854029329155175, 0.0, 0.06100481711016562, 0.06201936221331051, 0.0027059927724241034, 0.0, 0.0, 0.00257525879892196, 0.0, 0.0, 0.0, 0.0, 0.0002371937416370638, 0.0, 0.009896409386343131, 0.01995326369811455, 0.0, 0.0, 0.002659331273291243, 0.0]}