{"labels": [0, 1, 2, 3, 4, 5, 6, 7, 8, 9, 10, 11, 12, 13, 14, 15, 16, 17, 18, 19, 20, 21, 22, 23, 24, 25, 26, 27, 28, 29, 30, 31, 32, 33, 34, 35, 36, 37, 38, 39], "data": [0.0, 0.0, 0.0, 0.0, 0.0, 0.0, 0.028115887941420264, 0.031040432564531973, 0.0, 0.0, 0.0, 0.0, 0.0, 0.0, 0.02264003334813241, 0.0, 0.0, 0.0, 0.0, 0.0, 0.0, 0.0, 0.0, 0.0, 0.00047701322307577615, 0.0, 0.04213326791016213, 0.0, 0.006393938945936804, 0.0, 0.0, 0.0001424707794682546, 0.0, 0.0, 0.0, 0.0, 0.0, 0.0959528244791354, 0.0, 0.0]}