{"labels": [0, 1, 2, 3, 4, 5, 6, 7, 8, 9, 10, 11, 12, 13, 14, 15, 16, 17, 18, 19, 20, 21, 22, 23, 24, 25, 26, 27, 28, 29, 30, 31, 32, 33, 34, 35, 36, 37, 38, 39], "data": [0.0, 0.0, 0.0, 0.007718122532746352, 0.02725635147651428, 0.0, 0.017178494901770352, 0.002476345994228301, 0.0, 0.0025370222817814635, 0.0, 0.0, 0.0, 0.004172550166713786, 0.0, 0.0, 0.0, 0.0, 0.0, 0.0002565291359068919, 0.10032655463374907, 0.036473015126764666, 0.0, 0.0, 0.0, 0.010384445141544846, 0.0, 0.0, 0.012967629119048979, 0.0, 0.0006506668339497962, 0.0, 4.6469018452207046e-05, 0.0030547205402849937, 0.014244226182064206, 0.0, 0.0, 0.013666544116853516, 0.0, 0.0]}