{"labels": [0, 1, 2, 3, 4, 5, 6, 7, 8, 9, 10, 11, 12, 13, 14, 15, 16, 17, 18, 19, 20, 21, 22, 23, 24, 25, 26, 27, 28, 29, 30, 31, 32, 33, 34, 35, 36, 37, 38, 39], "data": [0.0, 0.0, 0.017817644720511068, 0.006067448363323727, 0.0029446526194788127, 0.0, 0.0006357165657991118, 0.0, 0.12287579959721731, 0.0031050028092111724, 0.0, 0.008054494956957581, 0.0, 0.0, 0.0, 0.008025040370429351, 0.0, 0.0, 0.006430410055558431, 0.0, 0.0, 0.0, 0.00015028181579021334, 0.0, 0.0017135996359978424, 0.0, 0.0, 0.0, 0.060341637379201674, 0.0, 0.0, 0.0019177713686054888, 0.0, 0.0, 0.009671006374841118, 0.00549388765530265, 0.014659107220333572, 0.006895420147515697, 0.0033828261307420706, 0.07397422323487882]}