{"labels": [0, 1, 2, 3, 4, 5, 6, 7, 8, 9, 10, 11, 12, 13, 14, 15, 16, 17, 18, 19, 20, 21, 22, 23, 24, 25, 26, 27, 28, 29, 30, 31, 32, 33, 34, 35, 36, 37, 38, 39], "data": [0.0, 0.0, 0.04153662362490179, 0.014248290682205907, 0.0018907163216581807, 0.0, 0.012843924987653112, 0.004992197126278925, 0.001968886219914767, 0.0, 0.0, 0.0, 0.0, 0.007341867381526665, 0.0, 0.0, 0.011836836563598328, 0.0014644032136676885, 0.004138262954766217, 0.0, 0.02358417995224286, 0.0023219185653211762, 0.0002597471126037151, 0.0, 0.005658365872083638, 0.0, 0.05189235011280988, 0.04504444265403832, 0.0, 0.0, 0.008678303519113363, 0.0023239647138178442, 0.0, 0.0, 0.0, 0.0, 0.0, 0.03135361469807784, 0.0, 0.0]}