{"labels": [0, 1, 2, 3, 4, 5, 6, 7, 8, 9, 10, 11, 12, 13, 14, 15, 16, 17, 18, 19, 20, 21, 22, 23, 24, 25, 26, 27, 28, 29, 30, 31, 32, 33, 34, 35, 36, 37, 38, 39], "data": [0.0, 0.0, 0.0, 0.0, 0.0, 0.0, 0.004347712870101516, 0.0, 0.0153372119932679, 0.0, 0.0, 0.009890053535864807, 0.0, 0.0, 0.0, 0.0, 0.0, 0.0, 0.0, 0.0005625866401946844, 0.0, 0.0, 0.0023767149062983027, 0.0, 0.0, 0.0, 0.04476369818560113, 0.0, 0.0, 0.0, 0.0003065246051290578, 0.07653178110572148, 0.001649995708319614, 0.0, 0.0, 0.012200544552499654, 0.0, 0.04381037621080615, 0.0, 3.2788206270558616e-05]}