{"labels": [0, 1, 2, 3, 4, 5, 6, 7, 8, 9, 10, 11, 12, 13, 14, 15, 16, 17, 18, 19, 20, 21, 22, 23, 24, 25, 26, 27, 28, 29, 30, 31, 32, 33, 34, 35, 36, 37, 38, 39], "data": [0.006890032968982683, 0.0, 0.0, 0.0, 0.004098278267321902, 0.00011258646190657219, 0.0, 0.0, 0.0, 0.0, 0.024368722599970662, 0.0, 0.05362376574813316, 0.0022522022128982806, 0.02766516197901787, 0.0, 0.005075277690503329, 0.0, 0.0, 0.0, 0.0, 0.0002651082311134428, 0.004902014794497616, 0.0015914015700887291, 0.0, 0.0, 0.002235024424778667, 0.03390286647405153, 0.0, 0.0, 0.0, 0.0, 0.0, 0.0, 0.0, 0.0, 0.007047606519389748, 0.037405074120339055, 0.0005441946520942231, 0.0011424546910898253]}