{"labels": [0, 1, 2, 3, 4, 5, 6, 7, 8, 9, 10, 11, 12, 13, 14, 15, 16, 17, 18, 19, 20, 21, 22, 23, 24, 25, 26, 27, 28, 29, 30, 31, 32, 33, 34, 35, 36, 37, 38, 39], "data": [0.0, 0.0, 0.0, 0.0, 0.06295268854718836, 0.0, 0.024096270938024102, 0.0, 0.012654206619161815, 0.0, 0.0, 0.0013334187615603218, 0.0, 0.0, 0.00022474776355363305, 0.0011177462892049913, 0.0, 0.012306870817203355, 0.0, 0.00026674639105714147, 0.0, 0.014318606317782088, 0.06038680310141164, 0.0, 0.0, 0.0032385779839960343, 0.007192663391645255, 0.0, 0.0, 0.0, 0.0, 0.010878739503411613, 0.0, 0.0, 0.005067826645568576, 0.020316643418892232, 0.0005974402080131066, 0.01007255095543989, 0.002912777073981197, 0.001284175048258359]}