{"labels": [0, 1, 2, 3, 4, 5, 6, 7, 8, 9, 10, 11, 12, 13, 14, 15, 16, 17, 18, 19, 20, 21, 22, 23, 24, 25, 26, 27, 28, 29, 30, 31, 32, 33, 34, 35, 36, 37, 38, 39], "data": [0.0, 0.03784176661052743, 0.0, 0.034817467603752435, 0.019904397895654628, 0.0, 0.003995121417819499, 0.011840185865599354, 0.0007658131737579903, 0.0, 0.0, 0.0, 0.01634214256388955, 0.0, 0.0, 0.014469326653334186, 0.0, 0.009893779189848576, 0.0, 0.0241251688879432, 0.09269204295325066, 0.0, 0.0, 0.0, 0.0, 0.008228765057380483, 0.0409037139594058, 0.0, 0.056213576116243606, 0.004116582348128253, 0.0, 0.0, 0.02998553399453292, 0.0, 0.0, 0.0, 0.02034845851841153, 0.011269233816690278, 0.0, 0.0]}