{"labels": [0, 1, 2, 3, 4, 5, 6, 7, 8, 9, 10, 11, 12, 13, 14, 15, 16, 17, 18, 19, 20, 21, 22, 23, 24, 25, 26, 27, 28, 29, 30, 31, 32, 33, 34, 35, 36, 37, 38, 39], "data": [0.0010908986855916625, 0.0, 0.01216317185474438, 0.019355600134065815, 0.015674724906096397, 0.0005452664292578588, 0.0, 0.0, 0.0, 0.009444127114766832, 0.00304868775528071, 0.0, 0.0, 0.0020091133992360343, 0.0, 0.0, 0.0, 0.06426256759606805, 0.0, 0.02566970286939035, 0.0, 0.0, 0.0, 0.04262270604144709, 0.0, 1.1836156311354688e-05, 0.0006686932445843127, 0.0012258888711026554, 0.0, 0.0, 0.0, 0.0012213932691008112, 0.0, 0.024894569258871808, 0.0, 0.0, 0.0, 0.029673822119569256, 0.006253467783810613, 0.0]}