{"labels": [0, 1, 2, 3, 4, 5, 6, 7, 8, 9, 10, 11, 12, 13, 14, 15, 16, 17, 18, 19, 20, 21, 22, 23, 24, 25, 26, 27, 28, 29, 30, 31, 32, 33, 34, 35, 36, 37, 38, 39], "data": [0.006192007156376598, 0.0029756194959025158, 0.00012860567462393552, 0.0004950143615547932, 0.014280943258359895, 0.0, 0.01907675841395866, 0.0, 0.0, 0.005769934232577833, 0.0, 0.0, 0.0, 0.0027280634350327028, 0.00033097234807750406, 0.0, 0.0, 0.03653220889803058, 0.004106375182267894, 0.0, 0.0, 0.009427237478481374, 0.0016508137640182713, 0.0, 0.0, 0.0021798384947972808, 0.0, 0.024899112715818253, 0.0023946126772122923, 0.0, 0.043197869539774725, 0.0, 0.0, 0.0, 0.004490513520742601, 0.0029877057585765503, 0.03610616191889998, 5.549611088077948e-05, 0.03251410876730182, 0.0]}