{"labels": [0, 1, 2, 3, 4, 5, 6, 7, 8, 9, 10, 11, 12, 13, 14, 15, 16, 17, 18, 19, 20, 21, 22, 23, 24, 25, 26, 27, 28, 29, 30, 31, 32, 33, 34, 35, 36, 37, 38, 39], "data": [0.0, 0.027178860113795764, 0.0, 0.029570585490775788, 0.0, 0.0, 0.0, 0.0, 0.002047467670292966, 0.019009803997653486, 0.0, 0.0, 0.06376470292561494, 0.0017071888195157184, 0.018008776414176468, 0.03479058249073548, 0.021454718819604104, 0.006981658004625921, 0.0, 0.0026861604465284205, 0.0, 0.004940344590438132, 0.0037565866186448017, 0.0, 0.0, 0.019192600057759683, 0.003947102432957198, 0.0, 0.0, 0.06922455753968355, 0.0, 0.0, 0.0, 0.0, 0.014597447261656245, 0.0, 0.0, 0.0, 0.0061492732960986615, 0.0]}