{"labels": [0, 1, 2, 3, 4, 5, 6, 7, 8, 9, 10, 11, 12, 13, 14, 15, 16, 17, 18, 19, 20, 21, 22, 23, 24, 25, 26, 27, 28, 29, 30, 31, 32, 33, 34, 35, 36, 37, 38, 39], "data": [0.0, 0.025760814178803784, 0.009320889772466612, 0.0, 0.0, 0.013355572039823807, 0.007596553441011177, 0.0, 0.0, 0.008531211796207997, 0.004744261213415839, 0.0, 0.02578093257844088, 0.015732227868152343, 0.010592713706067212, 5.591769059025107e-05, 0.0035042081180842793, 0.006318706920693546, 0.028273444315772594, 0.0037420457920473425, 0.0, 0.0, 0.025864290769702956, 0.0, 0.0, 0.009647417651572036, 0.033858051562522404, 0.0018445213066832263, 0.0, 0.030106391934183168, 0.005691781036585048, 0.0, 0.019163695146433384, 0.017329933137998205, 0.01068030960363372, 0.0691137979541613, 0.014339356473413013, 0.029878347178848633, 0.00877160052935304, 0.0035453789996814536]}