{"labels": [0, 1, 2, 3, 4, 5, 6, 7, 8, 9, 10, 11, 12, 13, 14, 15, 16, 17, 18, 19, 20, 21, 22, 23, 24, 25, 26, 27, 28, 29, 30, 31, 32, 33, 34, 35, 36, 37, 38, 39], "data": [0.0, 0.0, 0.01587882039289461, 0.0, 0.008222213132420171, 0.04397192877139811, 0.016659438453723883, 0.0, 0.10916762339981481, 0.011259089303161586, 0.0, 0.004831881292417343, 0.017963165209712195, 0.003322570209734777, 0.0, 0.0, 0.0, 0.00020542817408264396, 0.007490092774635278, 0.0, 0.0036389699795347915, 0.0, 0.0005247501208533958, 0.001538464598407949, 0.0, 0.0, 0.0, 0.010828863440923656, 0.014023242646713101, 0.0, 0.0, 0.0024667975439804147, 0.0, 0.014895805347083364, 0.0037491800629970875, 0.0, 0.0003696742129900617, 0.030692884749043605, 0.021850755133776593, 0.024659853787045105]}