{"labels": [0, 1, 2, 3, 4, 5, 6, 7, 8, 9, 10, 11, 12, 13, 14, 15, 16, 17, 18, 19, 20, 21, 22, 23, 24, 25, 26, 27, 28, 29, 30, 31, 32, 33, 34, 35, 36, 37, 38, 39], "data": [0.0, 0.0, 0.0, 0.0, 0.0, 0.0, 0.0, 0.0, 0.0, 0.015576769924021334, 0.00043079784296184005, 0.0, 0.0, 0.03513757054966561, 0.0, 0.0, 0.00026002485201747787, 0.0, 0.0, 0.0, 0.007520135695327942, 0.0025453679775285553, 0.0, 0.0, 0.0, 0.026166293352674876, 0.0, 0.0, 0.0014881562349282039, 0.0, 0.0, 0.0, 0.0, 0.02433136143068595, 0.0, 0.0, 0.002318418334812474, 0.0, 0.013347190630776221, 0.0]}