{"labels": [0, 1, 2, 3, 4, 5, 6, 7, 8, 9, 10, 11, 12, 13, 14, 15, 16, 17, 18, 19, 20, 21, 22, 23, 24, 25, 26, 27, 28, 29, 30, 31, 32, 33, 34, 35, 36, 37, 38, 39], "data": [0.012270250628442466, 0.016373172019281523, 0.0, 0.0, 0.016177816394952624, 0.021818873729954866, 0.00021051310907694115, 0.007736175071419987, 0.00026103356350525746, 0.007890225687885027, 0.018292358453314648, 0.0, 0.03331233782464491, 0.0, 0.0, 0.0, 0.0, 0.005961333213333165, 0.04765161973744515, 0.0, 0.0046068523385808585, 0.018545390719264376, 0.0015300227276386143, 0.0, 0.0008627844440303774, 0.029180061605165192, 0.02671061114620929, 0.02875202724982793, 0.0008840736210111648, 0.0, 0.0, 0.0, 0.0, 0.023375214272341988, 0.013719374471912831, 0.02433333852492579, 0.0, 0.012631670594809736, 0.023856956022866645, 0.02191656833307002]}