{"labels": [0, 1, 2, 3, 4, 5, 6, 7, 8, 9, 10, 11, 12, 13, 14, 15, 16, 17, 18, 19, 20, 21, 22, 23, 24, 25, 26, 27, 28, 29, 30, 31, 32, 33, 34, 35, 36, 37, 38, 39], "data": [0.0, 0.0020919431208661667, 0.0, 0.006085013886529127, 0.011386137940337094, 0.0, 0.0033269302676370406, 0.0, 0.0, 0.002607615294062036, 0.0, 0.0, 0.0, 0.0, 0.015656155095885586, 0.0, 0.028557813962537218, 0.0, 0.00026914401167147474, 0.0, 0.003975293207393561, 0.0, 0.003389088224900041, 0.030482925245123846, 0.009543654999631068, 0.0, 0.0, 0.020459888540333992, 0.0, 0.0, 0.0, 0.06369027187265183, 0.0013919651062046549, 0.014808128579499842, 0.005990181403064979, 0.0033062603067356483, 0.0003308690093266611, 0.04538164410119511, 0.0, 9.186855608896834e-05]}