{"labels": [0, 1, 2, 3, 4, 5, 6, 7, 8, 9, 10, 11, 12, 13, 14, 15, 16, 17, 18, 19, 20, 21, 22, 23, 24, 25, 26, 27, 28, 29, 30, 31, 32, 33, 34, 35, 36, 37, 38, 39], "data": [0.0, 0.0, 0.022946710536405, 0.01516178239874977, 0.0081751538556697, 0.0, 0.0, 0.0, 0.0012950742876315117, 0.0, 0.006632526219515286, 0.0, 0.0, 0.0, 0.0, 0.0, 0.03929400469000292, 0.026927095023081694, 0.0, 0.0, 0.0, 0.0019256142516035214, 0.0, 0.0, 0.0, 0.0, 0.0, 0.04315494800320656, 0.0, 0.0, 0.0, 0.0, 0.008575674321322639, 0.0, 0.0, 0.0, 0.06910273496107032, 0.0, 0.0, 0.0]}