{"labels": [0, 1, 2, 3, 4, 5, 6, 7, 8, 9, 10, 11, 12, 13, 14, 15, 16, 17, 18, 19, 20, 21, 22, 23, 24, 25, 26, 27, 28, 29, 30, 31, 32, 33, 34, 35, 36, 37, 38, 39], "data": [0.0, 0.001600861942867206, 0.0, 0.002199533930325101, 0.05583667185119688, 0.0, 0.006124503415535074, 0.0002848515280866176, 0.11321610147823874, 0.0, 0.0, 0.0, 0.022103691130780995, 7.524082101260627e-05, 0.0, 0.0, 0.0, 0.009562644611202297, 0.0, 0.002191032366281104, 0.0, 0.0, 0.0039105118870187165, 0.006966743186264076, 0.0, 0.0, 0.0, 0.030198666876564077, 0.0058505186357731545, 0.0, 0.0003457534741359536, 0.0, 0.0023501808271173185, 0.017741436515596704, 0.025820878276432115, 0.00908969431805847, 0.0, 0.02226922867908128, 0.0, 0.09042123105337156]}