{"labels": [0, 1, 2, 3, 4, 5, 6, 7, 8, 9, 10, 11, 12, 13, 14, 15, 16, 17, 18, 19, 20, 21, 22, 23, 24, 25, 26, 27, 28, 29, 30, 31, 32, 33, 34, 35, 36, 37, 38, 39], "data": [0.0, 0.005505169903879772, 0.0, 0.0, 0.003810891547331474, 0.0, 0.023367488482138713, 0.0, 0.003140375668751386, 0.005308896730045104, 0.0, 0.0024246656889257722, 0.0, 0.0, 0.027316482347673726, 0.004913094133746913, 0.0, 0.0, 0.002248829578923281, 0.0, 0.002984862285765119, 0.0819921498814534, 0.0, 0.0019417118867407887, 0.0, 0.0, 0.0019466935097778584, 0.0, 0.003960428497694757, 0.00015914795977745044, 0.0, 0.0, 0.0, 0.016678360191250786, 0.01936962731701418, 0.005241659092948939, 0.0, 0.013756582621822389, 0.005355308283947219, 0.007242190290278342]}