{"labels": [0, 1, 2, 3, 4, 5, 6, 7, 8, 9, 10, 11, 12, 13, 14, 15, 16, 17, 18, 19, 20, 21, 22, 23, 24, 25, 26, 27, 28, 29, 30, 31, 32, 33, 34, 35, 36, 37, 38, 39], "data": [0.00358681402756477, 0.007755263294082654, 0.0013334120967929, 0.0, 0.0, 0.0, 0.0026918220259228138, 0.021432520462511755, 0.0, 0.0, 0.0058686535275599225, 0.0, 0.0, 0.0, 0.0, 0.0, 0.0, 0.0, 0.0, 0.0, 0.0, 0.0, 0.0, 0.12713810388687394, 0.0, 0.0, 6.346159020453089e-05, 0.0, 0.007130584094658, 0.01570512964231449, 0.0, 0.0, 0.0, 0.0, 0.0, 0.005805830991991091, 0.010745774124781933, 0.0, 0.046880311257519375, 0.00020059366175095294]}