{"labels": [0, 1, 2, 3, 4, 5, 6, 7, 8, 9, 10, 11, 12, 13, 14, 15, 16, 17, 18, 19, 20, 21, 22, 23, 24, 25, 26, 27, 28, 29, 30, 31, 32, 33, 34, 35, 36, 37, 38, 39], "data": [0.0, 0.0010859164176895387, 0.0009131112074935666, 0.0, 0.0, 0.0, 0.028165279341055584, 0.003553442617202682, 0.002656508724880272, 0.0025998346799108725, 0.017006737018631708, 0.0, 0.009248421519919094, 0.0, 0.06087226331765251, 0.0, 0.0, 0.0020349085648060754, 0.0, 0.0, 0.0, 0.0, 0.0, 0.0019291483674433606, 0.0, 0.0, 0.09669024167694913, 0.0, 0.003004881156425766, 0.03163661731959621, 0.0031820362442068918, 0.0, 0.0, 0.013186151135429924, 0.0, 0.0, 0.0, 0.0, 0.010014073110366955, 0.005853074236731284]}