{"labels": [0, 1, 2, 3, 4, 5, 6, 7, 8, 9, 10, 11, 12, 13, 14, 15, 16, 17, 18, 19, 20, 21, 22, 23, 24, 25, 26, 27, 28, 29, 30, 31, 32, 33, 34, 35, 36, 37, 38, 39], "data": [0.1859344830718404, 0.0, 0.0, 0.0003830993100337694, 0.003962943024710215, 0.0, 0.0, 0.0, 0.0, 0.0, 0.0, 0.0, 0.0023645603615741347, 0.023796759207382483, 0.0, 0.0, 0.0003297341660573596, 0.0, 0.0, 0.0, 0.0, 0.01619938983643699, 0.008251467150613513, 0.0, 0.0, 0.04328579127308439, 0.0, 0.0, 0.060578781089878055, 0.0, 0.0, 0.0, 0.017690854599046603, 0.0, 0.0019814779837344816, 0.0, 0.0, 0.0, 0.0, 0.0]}