{"labels": [0, 1, 2, 3, 4, 5, 6, 7, 8, 9, 10, 11, 12, 13, 14, 15, 16, 17, 18, 19, 20, 21, 22, 23, 24, 25, 26, 27, 28, 29, 30, 31, 32, 33, 34, 35, 36, 37, 38, 39], "data": [0.006759257168590224, 0.0, 0.0, 0.0, 0.0, 0.0, 0.0, 0.005732338828267856, 0.005302916551406181, 0.0, 0.0, 0.07631202338194765, 0.0, 0.0010168250398243969, 0.0005454436520859731, 0.0, 0.0, 0.0, 0.0, 0.0009431723312727999, 0.0, 0.014676193849419672, 0.0, 0.0, 0.017548104636529966, 0.03341319407184568, 0.0, 0.0, 0.0, 0.0, 0.008342383315992397, 0.012375174098516031, 0.0, 0.0, 0.0057186871830270216, 0.0, 0.0, 0.011381130909274218, 0.0, 0.0009557385662035703]}