{"labels": [0, 1, 2, 3, 4, 5, 6, 7, 8, 9, 10, 11, 12, 13, 14, 15, 16, 17, 18, 19, 20, 21, 22, 23, 24, 25, 26, 27, 28, 29, 30, 31, 32, 33, 34, 35, 36, 37, 38, 39], "data": [0.0, 0.0014378712527919016, 0.0, 0.0, 0.0, 0.061502354414234746, 0.006724697296714738, 0.0, 0.02065011490942841, 0.0, 0.0, 0.00019180431720513185, 0.006730667293204274, 0.0070786087995773316, 0.012635287308411139, 0.0, 0.0, 0.0, 0.05729895401758491, 0.0, 0.0, 0.011487400176912736, 0.0, 0.0, 0.0, 0.0, 0.004553222545751333, 0.0, 0.0, 0.0, 0.0, 0.0018656707916189692, 0.0, 0.0, 0.0, 0.07430107885166076, 0.0016150777510767073, 0.0, 5.742449631303959e-05, 0.0]}