{"labels": [0, 1, 2, 3, 4, 5, 6, 7, 8, 9, 10, 11, 12, 13, 14, 15, 16, 17, 18, 19, 20, 21, 22, 23, 24, 25, 26, 27, 28, 29, 30, 31, 32, 33, 34, 35, 36, 37, 38, 39], "data": [0.0, 0.0, 0.0, 0.0179149858848605, 0.004064002554721033, 0.0, 0.0, 0.0047115319565524125, 0.0, 0.0, 0.025058141316312108, 0.0, 0.008281244471172872, 0.0, 0.0, 0.0, 0.0, 0.0016917316403772717, 0.002773570373493395, 0.0, 0.008296663789198404, 0.006825103107976622, 0.0, 0.0, 0.002657953197904903, 0.017516130258615738, 0.0, 0.0, 0.002080153738318393, 0.0, 0.007953343074546504, 0.0, 0.00044949448692787746, 0.03808483855736024, 0.0, 0.002142418849334562, 0.0, 0.020835258745516123, 0.0, 0.0]}