{"labels": [0, 1, 2, 3, 4, 5, 6, 7, 8, 9, 10, 11, 12, 13, 14, 15, 16, 17, 18, 19, 20, 21, 22, 23, 24, 25, 26, 27, 28, 29, 30, 31, 32, 33, 34, 35, 36, 37, 38, 39], "data": [0.005968798548737855, 0.0029368332777195464, 0.0, 0.02398897942940356, 0.012844226153966649, 0.0, 0.002741396374335776, 0.014146176697750432, 0.0, 0.019873991006927064, 0.0, 0.0, 0.0, 0.0, 0.0014464083785272884, 0.0011199657394678636, 0.0, 0.0022097388401483777, 0.0, 0.05234879542372608, 0.002834235591536592, 0.0, 0.0013220269211005717, 0.0459531540499522, 0.0005551593595211935, 0.0, 0.0, 0.06154042231516808, 0.0, 0.0, 0.0, 0.0, 0.004437901586786394, 0.0, 0.0, 0.0, 0.0, 0.0, 0.0, 0.0]}