{"labels": [0, 1, 2, 3, 4, 5, 6, 7, 8, 9, 10, 11, 12, 13, 14, 15, 16, 17, 18, 19, 20, 21, 22, 23, 24, 25, 26, 27, 28, 29, 30, 31, 32, 33, 34, 35, 36, 37, 38, 39], "data": [0.01930683224832908, 0.00019541299816638834, 0.014607415732871026, 0.005205910746093982, 0.0, 0.0036677483784056924, 0.010084426543095642, 0.0, 0.0, 0.0, 0.0, 0.0, 0.011770684701401055, 0.07664033590557705, 0.0, 0.002295140581569953, 0.00011590665370063282, 0.023413058060125273, 0.0, 0.028754657363649454, 0.0, 0.019671509631922553, 0.0, 0.005525481061459087, 0.0, 0.042864610180751335, 0.0, 0.0, 0.0, 0.0, 0.005331372905318314, 0.0, 0.05231595750495646, 0.0, 0.0, 0.002099951247468903, 0.0, 0.009246772698340188, 0.02243144823523721, 0.021680380080995012]}