{"labels": [0, 1, 2, 3, 4, 5, 6, 7, 8, 9, 10, 11, 12, 13, 14, 15, 16, 17, 18, 19, 20, 21, 22, 23, 24, 25, 26, 27, 28, 29, 30, 31, 32, 33, 34, 35, 36, 37, 38, 39], "data": [0.0018305700688028247, 0.0022022440750336476, 0.0, 0.0002357725709633003, 0.021508867107908617, 0.0, 0.0, 0.09093834179669796, 0.0, 0.008080404867339628, 0.005950751090255732, 0.0, 0.0, 0.006569882718183816, 0.0, 0.0011402573542067791, 0.0, 0.0167567360981456, 0.0, 0.06477982719465483, 0.0010386935383929227, 0.0, 0.0, 0.05031033536683138, 0.0, 0.0007656360851116144, 0.0, 0.0, 0.0, 0.0, 0.0, 0.0, 0.000583009399804579, 0.0, 0.0, 0.0, 0.0, 0.00465498687068147, 0.0, 0.0]}