{"labels": [0, 1, 2, 3, 4, 5, 6, 7, 8, 9, 10, 11, 12, 13, 14, 15, 16, 17, 18, 19, 20, 21, 22, 23, 24, 25, 26, 27, 28, 29, 30, 31, 32, 33, 34, 35, 36, 37, 38, 39], "data": [0.004786785000549827, 0.016477834629315236, 0.0030514471132088716, 0.0017657777038026293, 0.001630290340392563, 0.0, 0.011631628156251295, 0.0006335156133210907, 7.58393129363554e-05, 0.0009832836130690176, 0.0, 0.0005384913865194446, 1.0420176381382737e-05, 0.0, 0.0, 0.0017067236644829802, 0.0, 0.0025887943032589793, 0.0, 0.0, 0.0, 0.0009065912982587622, 0.0, 0.0, 0.0, 0.020253944096918493, 0.0, 0.0022237846409953153, 0.0, 0.0, 0.0, 0.0, 0.0030060975431060264, 0.0, 0.0, 0.005771446154888053, 0.00851665203194427, 0.0, 0.0011765387253486654, 0.0028921079560257435]}