{"labels": [0, 1, 2, 3, 4, 5, 6, 7, 8, 9, 10, 11, 12, 13, 14, 15, 16, 17, 18, 19, 20, 21, 22, 23, 24, 25, 26, 27, 28, 29, 30, 31, 32, 33, 34, 35, 36, 37, 38, 39], "data": [0.0, 0.0, 0.0006927992309387557, 0.008521058662332624, 0.013741733934605913, 0.0028183052613781714, 0.007184447328673147, 0.08023385018806092, 0.001989600622591499, 0.0, 0.000584584341979581, 0.002649294765674241, 0.0, 0.004369894898233114, 0.0, 0.00017940936369311602, 0.0, 0.003088697028450792, 0.0, 0.0, 0.0, 0.014077858139952937, 0.004829382278616261, 0.0, 0.0, 0.0, 7.119481931299859e-06, 0.023204978025107965, 0.0015846678801418582, 0.0, 0.0, 0.0, 0.0010778135546228018, 0.007297273359187382, 0.0, 0.0, 0.0, 0.01738452519823565, 0.0036947852201097927, 0.0003880367862312352]}