{"labels": [0, 1, 2, 3, 4, 5, 6, 7, 8, 9, 10, 11, 12, 13, 14, 15, 16, 17, 18, 19, 20, 21, 22, 23, 24, 25, 26, 27, 28, 29, 30, 31, 32, 33, 34, 35, 36, 37, 38, 39], "data": [0.002412186970313648, 0.019152683569882555, 0.012054459956435823, 0.015827861964216476, 0.0031652885607123134, 0.0, 0.0, 0.02676189283779696, 0.0, 0.0, 0.007827293540536755, 0.0, 0.005434752576328177, 0.0, 0.019615491487415912, 0.02582422887932004, 0.0, 0.013287911132868578, 0.018860775671888826, 0.0, 0.0, 0.01711157998145185, 0.03229848001515907, 0.0, 0.0, 0.0, 0.0, 0.0, 0.0026621860068866345, 0.005629334421004846, 0.0, 0.06720474075837884, 0.0, 0.00020915122056200332, 0.003345344103259366, 0.0, 0.01580483506872595, 0.008198558902549353, 0.02853929978353302, 0.0]}