{"labels": [0, 1, 2, 3, 4, 5, 6, 7, 8, 9, 10, 11, 12, 13, 14, 15, 16, 17, 18, 19, 20, 21, 22, 23, 24, 25, 26, 27, 28, 29, 30, 31, 32, 33, 34, 35, 36, 37, 38, 39], "data": [0.0, 0.0, 0.0, 0.0, 0.0, 0.0, 0.03591923507632958, 0.0, 0.007441007197349768, 0.0, 0.0, 0.0, 0.0, 0.0, 0.0, 0.0, 0.0, 0.0, 0.0, 0.0, 0.004802929107814828, 0.0, 0.0013652248257883246, 0.0, 0.005978764863960858, 0.0, 0.0, 0.0, 0.0008210511046454159, 0.0, 0.0, 0.0, 0.0, 0.05444272990314027, 0.0, 0.0, 0.0, 0.0, 0.0, 0.0]}