{"labels": [0, 1, 2, 3, 4, 5, 6, 7, 8, 9, 10, 11, 12, 13, 14, 15, 16, 17, 18, 19, 20, 21, 22, 23, 24, 25, 26, 27, 28, 29, 30, 31, 32, 33, 34, 35, 36, 37, 38, 39], "data": [0.006639272361058156, 0.002774554591897076, 0.0, 0.0, 1.1680817365103675e-05, 0.001446319874164305, 0.0012929835138737046, 0.0, 0.002870896211593298, 0.06678944024663058, 0.006812726478408194, 0.0, 0.0, 0.00038206021813223014, 0.0, 0.0, 0.0, 0.003125983651801527, 0.0, 0.0059885484388750975, 0.0, 0.0013125439292186358, 0.0009653937728284261, 0.0, 0.0, 0.0, 0.0, 0.036436896632577105, 0.0, 0.009781345943514113, 0.0325377421287872, 0.0001482850525126227, 0.0, 0.0, 0.0, 0.04101035245608363, 0.0, 0.0, 0.0, 0.0]}