{"labels": [0, 1, 2, 3, 4, 5, 6, 7, 8, 9, 10, 11, 12, 13, 14, 15, 16, 17, 18, 19, 20, 21, 22, 23, 24, 25, 26, 27, 28, 29, 30, 31, 32, 33, 34, 35, 36, 37, 38, 39], "data": [0.0, 0.0, 0.0, 0.0, 0.0, 0.0, 0.001588558888120154, 0.00415514234996747, 0.011009967302515215, 0.0, 0.0, 0.0, 0.0008604404555409442, 0.0, 0.0010608491777465304, 0.004021598095241513, 0.013650937972901211, 0.07380064658731773, 0.0, 0.05334796502832274, 0.0, 0.0, 0.0, 0.0, 0.0003403824816896767, 0.001977122302652544, 0.0, 0.00031743936028681826, 0.0, 0.0, 0.0, 0.0, 0.0044051496811903165, 0.0, 0.025269097134796123, 0.007636362637215301, 0.0, 0.008513872286427365, 0.0009294078169550652, 0.0]}