{"labels": [0, 1, 2, 3, 4, 5, 6, 7, 8, 9, 10, 11, 12, 13, 14, 15, 16, 17, 18, 19, 20, 21, 22, 23, 24, 25, 26, 27, 28, 29, 30, 31, 32, 33, 34, 35, 36, 37, 38, 39], "data": [0.0, 0.0, 0.00011406690174508914, 0.0, 0.0, 0.006843541060353025, 0.0386156322926026, 0.0, 0.0, 0.0012456192749330248, 9.415268289781955e-05, 0.02272630647022489, 0.011993316448065276, 0.0, 0.0, 0.0, 0.0, 0.0, 0.0, 0.0, 0.0, 0.0, 0.0012035827012366826, 0.0007163566146792477, 0.0007032731580100919, 0.0, 0.0, 0.01839169423887879, 0.0, 0.0, 0.0, 0.0, 0.0, 0.0, 0.04100449481167775, 0.0010544869906321498, 0.013059030244671106, 0.054237945573960764, 0.02911086065173828, 0.00044855336959188577]}