{"labels": [0, 1, 2, 3, 4, 5, 6, 7, 8, 9, 10, 11, 12, 13, 14, 15, 16, 17, 18, 19, 20, 21, 22, 23, 24, 25, 26, 27, 28, 29, 30, 31, 32, 33, 34, 35, 36, 37, 38, 39], "data": [0.05240514695803728, 0.0, 0.0, 0.0, 0.016566668090746566, 0.0, 0.0, 0.0, 0.01599741050068443, 0.0159133096604814, 0.0, 0.0, 0.005741690178440623, 0.007406483227565984, 0.0, 0.0, 0.00014308134856694284, 0.028555802058852588, 0.0, 0.0, 0.007890685314007025, 0.012802395214321043, 0.0, 0.0, 0.014220315366980627, 0.0, 0.0, 0.011124539293656154, 0.0, 0.0, 0.009717432587717576, 0.01091099692793563, 0.0003101330015561966, 0.0397759376439229, 0.010444622195881582, 0.002305156383550418, 0.0, 0.0, 0.0, 0.002295535182879341]}