{"labels": [0, 1, 2, 3, 4, 5, 6, 7, 8, 9, 10, 11, 12, 13, 14, 15, 16, 17, 18, 19, 20, 21, 22, 23, 24, 25, 26, 27, 28, 29, 30, 31, 32, 33, 34, 35, 36, 37, 38, 39], "data": [0.0, 0.001685810252101417, 0.0024281302658237204, 0.034294710047352996, 0.011342159815013063, 0.0, 0.0, 0.0, 0.0, 0.0, 0.008675491635168776, 0.0, 0.002169222849332676, 0.006738208625104707, 0.0, 0.053665058945873326, 0.0, 0.006859160367201398, 0.0, 0.0021222662388194953, 0.000647321342180325, 0.001567840444637171, 0.0, 0.005221537781575505, 0.03888916386520116, 0.009384167527009097, 0.0, 0.00177443175144254, 0.0024775647970056336, 0.0, 0.0, 0.04673531166599124, 0.0009181241118283691, 0.0037567458545947736, 0.0012826159297107292, 0.0, 0.0, 0.009685088406335501, 0.0, 0.054673318241061766]}