{"labels": [0, 1, 2, 3, 4, 5, 6, 7, 8, 9, 10, 11, 12, 13, 14, 15, 16, 17, 18, 19, 20, 21, 22, 23, 24, 25, 26, 27, 28, 29, 30, 31, 32, 33, 34, 35, 36, 37, 38, 39], "data": [0.0, 0.014538920084554973, 0.0, 0.01802198938796945, 0.0, 0.0027255140837334642, 0.0, 0.03092715983444481, 0.0, 0.027656414946742536, 0.0, 0.0016705918965784533, 0.012794455203718174, 0.02116042940042726, 0.011683149247605454, 0.0, 0.0, 0.02771679086491023, 0.000853405002997028, 0.032975428743190344, 0.0, 0.012942898136144427, 0.05025402407733221, 0.0, 0.0, 0.0, 0.0, 0.0026573514370416516, 0.0, 0.0, 0.020261105003164567, 0.0, 0.0, 0.004921557625844838, 0.0, 0.0, 0.028577046261396538, 0.0, 0.02654194669276586, 0.0]}