{"labels": [0, 1, 2, 3, 4, 5, 6, 7, 8, 9, 10, 11, 12, 13, 14, 15, 16, 17, 18, 19, 20, 21, 22, 23, 24, 25, 26, 27, 28, 29, 30, 31, 32, 33, 34, 35, 36, 37, 38, 39], "data": [0.0, 0.0, 0.01796135487773599, 0.0, 0.05677459611501263, 0.0, 0.0, 0.0, 0.0, 0.0019787806221928097, 0.0, 0.0, 0.0, 0.0, 0.0, 0.0, 0.0, 0.015204445136865918, 0.0, 0.0, 0.04744334581886431, 0.008656229290763153, 0.008072695136936758, 0.0, 0.0015929737074098912, 0.013144709382995676, 0.0, 0.0, 0.0, 0.006090358215408925, 0.0, 0.0049937854972068995, 0.0, 0.0, 0.009126344751356406, 0.0, 0.0007709532188332714, 0.02620280528719451, 0.002098952147821329, 0.0]}