{"labels": [0, 1, 2, 3, 4, 5, 6, 7, 8, 9, 10, 11, 12, 13, 14, 15, 16, 17, 18, 19, 20, 21, 22, 23, 24, 25, 26, 27, 28, 29, 30, 31, 32, 33, 34, 35, 36, 37, 38, 39], "data": [0.003063631758712074, 0.0, 0.0, 0.0, 0.0021038857245047143, 0.0, 0.0, 0.0, 0.0, 0.0, 0.0, 0.006125212649842884, 0.0, 0.0, 0.0, 0.0, 0.0022445526748010765, 0.0016661202701380023, 0.010192782502780866, 0.0, 0.0, 0.000356457098399704, 0.0, 0.0, 0.0, 0.028639479641003232, 0.0, 0.0, 0.0, 0.0, 0.0, 0.0, 0.008482188181747133, 0.021260354892668722, 0.036272431365024664, 0.0, 0.004929976069606608, 0.017047151516324948, 0.0, 0.000991213747854406]}