{"labels": [0, 1, 2, 3, 4, 5, 6, 7, 8, 9, 10, 11, 12, 13, 14, 15, 16, 17, 18, 19, 20, 21, 22, 23, 24, 25, 26, 27, 28, 29, 30, 31, 32, 33, 34, 35, 36, 37, 38, 39], "data": [0.0, 0.00027189685411576687, 0.02376085655412876, 0.0008284019156081657, 0.018070458053192275, 0.05407958901754605, 0.023058085717349953, 0.07092828829051458, 0.0, 0.0, 0.0012095375449818616, 0.0, 0.0, 0.0, 0.0, 0.0, 0.0, 0.0, 0.019381480608015682, 1.2650355587462047e-05, 0.0013966637191774043, 0.0, 0.031601897686730336, 0.0, 0.0, 0.020915134815454636, 0.02392507284131757, 0.0, 0.0020409486024982547, 0.0, 0.012488842778226006, 0.0, 0.00038122853186035416, 0.048527036356268705, 0.0, 0.0, 0.0, 0.02556957152196142, 0.0029705776840910883, 0.0]}