{"labels": [0, 1, 2, 3, 4, 5, 6, 7, 8, 9, 10, 11, 12, 13, 14, 15, 16, 17, 18, 19, 20, 21, 22, 23, 24, 25, 26, 27, 28, 29, 30, 31, 32, 33, 34, 35, 36, 37, 38, 39], "data": [0.013912285086537966, 0.01669325957236573, 0.0, 0.0, 0.02268022721179247, 0.0037301025042817634, 0.002358968075418802, 0.010123779805719359, 0.08617643156757838, 0.0, 0.0, 0.005856798161538837, 0.013481649068656091, 0.0, 0.011258582746245582, 0.008948336612185775, 0.0, 0.0, 0.0, 0.0, 0.0, 0.006423925442559464, 0.0, 0.0, 0.0, 0.032792433242140574, 0.0, 0.0, 0.001836468935116333, 0.0, 0.0, 0.0, 0.0003158164434320375, 0.005250082235786293, 0.031739283879674084, 0.0006271459623649495, 0.0, 0.013447839718823512, 0.013337506453386863, 0.003323446351177658]}