{"labels": [0, 1, 2, 3, 4, 5, 6, 7, 8, 9, 10, 11, 12, 13, 14, 15, 16, 17, 18, 19, 20, 21, 22, 23, 24, 25, 26, 27, 28, 29, 30, 31, 32, 33, 34, 35, 36, 37, 38, 39], "data": [0.0, 0.0, 0.0, 0.0, 0.0, 0.0, 0.0, 0.0, 0.0, 0.023542586190810802, 0.0, 0.0, 0.0, 0.0, 0.015397598937714113, 0.0, 0.0, 0.0005764618216477846, 0.0, 0.0016043576806463462, 0.010257395796979294, 0.0, 0.04805580662935443, 0.0004379010805724915, 0.057024779012218384, 0.0002474098549625105, 0.06893870661742818, 0.0, 0.0, 0.0, 0.0007952081476523013, 0.06191523440312466, 0.0, 0.0, 0.0026163373225833214, 0.0, 0.007028517452362566, 0.0, 0.04457584709292787, 0.0]}