{"labels": [0, 1, 2, 3, 4, 5, 6, 7, 8, 9, 10, 11, 12, 13, 14, 15, 16, 17, 18, 19, 20, 21, 22, 23, 24, 25, 26, 27, 28, 29, 30, 31, 32, 33, 34, 35, 36, 37, 38, 39], "data": [0.0, 0.0, 0.0013679965672514828, 0.0, 0.02137645180615113, 0.0, 0.017700204920522853, 0.00497807542249145, 0.0011718337526370754, 0.0, 0.0, 0.0, 0.00178156631387729, 0.0, 0.004617444493856084, 0.0, 0.0, 0.0010223462095240786, 0.0, 0.0, 0.0, 0.010060999663164042, 0.0, 0.0, 0.08200065291508556, 0.008357110032695618, 0.005110844698617656, 0.059776891891155454, 0.0, 0.0, 0.006394557706072753, 0.0033014054415302554, 0.0, 0.0, 0.02990892831116735, 0.004160361266917434, 0.0, 0.0, 0.0, 0.0]}