{"labels": [0, 1, 2, 3, 4, 5, 6, 7, 8, 9, 10, 11, 12, 13, 14, 15, 16, 17, 18, 19, 20, 21, 22, 23, 24, 25, 26, 27, 28, 29, 30, 31, 32, 33, 34, 35, 36, 37, 38, 39], "data": [0.0, 0.0008323113525289358, 0.0008664982536384905, 0.028136674775626327, 0.03974077041403601, 0.0, 0.0102192653675376, 8.711720358001809e-05, 0.0, 0.0, 0.0, 0.0, 0.0, 0.0023720405111730273, 0.002693785896398261, 0.0, 0.0, 0.021770271632233766, 0.0, 0.0, 0.0008424044132139075, 0.015974915231395666, 0.0033794054173715638, 0.0, 0.0, 0.0, 0.053774858520806684, 0.038255045044734974, 0.0, 0.0, 0.0, 0.0, 0.0, 0.0, 0.0021638807986700125, 0.0, 0.08146201350959813, 0.0, 0.008138302388066135, 0.0]}