{"labels": [0, 1, 2, 3, 4, 5, 6, 7, 8, 9, 10, 11, 12, 13, 14, 15, 16, 17, 18, 19, 20, 21, 22, 23, 24, 25, 26, 27, 28, 29, 30, 31, 32, 33, 34, 35, 36, 37, 38, 39], "data": [0.0019430061382873201, 0.0, 0.0025629620681593118, 0.03125987872683101, 0.0015891514055159242, 0.0, 0.039668400925376476, 0.0015474093451059235, 0.00037591213042935764, 0.0, 0.006479403755190737, 0.0, 0.0, 0.0, 0.0, 0.0, 0.0, 0.0, 0.0, 0.0, 0.0, 0.0, 0.0, 0.0, 0.0009182165654966407, 0.021662516094132153, 0.0, 0.0, 0.004479793284329098, 0.0, 0.0, 0.002851640534684447, 0.0, 0.02459708622009986, 0.0, 0.003598886117207749, 0.0, 0.0, 0.0, 0.0]}