{"labels": [0, 1, 2, 3, 4, 5, 6, 7, 8, 9, 10, 11, 12, 13, 14, 15, 16, 17, 18, 19, 20, 21, 22, 23, 24, 25, 26, 27, 28, 29, 30, 31, 32, 33, 34, 35, 36, 37, 38, 39], "data": [0.00994070158153798, 0.0, 0.0072521725811408875, 0.0, 0.013588175776698352, 0.002141337485544554, 0.0, 0.0021122900632261567, 0.0, 0.0, 0.0022122009034093357, 0.06862504620674573, 0.01396568267354893, 0.029320973104409623, 0.0, 0.0, 0.002991769382867897, 0.0, 0.027582862070204484, 0.0, 0.0, 0.00020302097344747572, 0.0, 0.0, 0.0, 0.054033404166716446, 0.0010178943865931933, 0.0, 0.0, 0.0, 0.03000879046154721, 0.0, 0.019073903568785158, 0.02277677304355485, 0.018456094409792345, 0.0018391133921874065, 0.0, 0.016360908678844665, 0.0, 0.0]}