{"labels": [0, 1, 2, 3, 4, 5, 6, 7, 8, 9, 10, 11, 12, 13, 14, 15, 16, 17, 18, 19, 20, 21, 22, 23, 24, 25, 26, 27, 28, 29, 30, 31, 32, 33, 34, 35, 36, 37, 38, 39], "data": [0.0, 0.0003215777742855962, 0.0, 0.01872911995275585, 0.009399901899621432, 0.0, 0.0, 0.00044110523189941803, 0.0, 0.051890759092168115, 0.0, 0.0010947251521303254, 0.0, 0.01106048213013179, 0.0020560466409717242, 0.0, 0.0, 0.013337190189329147, 0.010698800932304348, 0.0021854751522023064, 0.0047455691631783856, 0.0, 0.0009789109672256407, 0.018078143266709392, 0.0014216278828164263, 0.0, 0.0, 0.0, 0.0, 0.0, 0.0, 0.0018926523524297994, 0.0013019478193997114, 0.0, 0.0, 0.0, 0.0, 0.006225169264705665, 0.0, 0.0010748174927830139]}