{"labels": [0, 1, 2, 3, 4, 5, 6, 7, 8, 9, 10, 11, 12, 13, 14, 15, 16, 17, 18, 19, 20, 21, 22, 23, 24, 25, 26, 27, 28, 29, 30, 31, 32, 33, 34, 35, 36, 37, 38, 39], "data": [0.0, 0.0, 0.003761587995639937, 0.014007648130159613, 0.0, 0.0, 0.0, 0.0034010837941038474, 0.005513038784665221, 0.020266937107390907, 0.0375288772626877, 0.0, 0.0, 0.0, 0.0, 0.002570070003391677, 0.0, 0.0, 0.0, 0.002875328404873992, 0.0, 0.0, 0.0034240746912411954, 0.0, 0.0, 0.0, 0.0, 0.0, 0.0, 0.009060683846852468, 0.06771226081878631, 0.0005581181742416578, 0.001799223633539108, 0.04591272735569188, 0.0, 0.0, 0.0, 0.0, 0.0, 0.0]}