{"labels": [0, 1, 2, 3, 4, 5, 6, 7, 8, 9, 10, 11, 12, 13, 14, 15, 16, 17, 18, 19, 20, 21, 22, 23, 24, 25, 26, 27, 28, 29, 30, 31, 32, 33, 34, 35, 36, 37, 38, 39], "data": [0.0, 0.0, 0.003909133302854217, 0.0, 0.0, 0.0024988834386729837, 0.0054146041995465815, 0.0, 0.0015572518446184665, 0.04250439499728469, 0.0, 0.006533354012362785, 0.0, 0.0006635006254416372, 0.016593435266590132, 0.0, 0.002449913403837379, 0.022583737576248895, 0.0, 0.0, 0.0004235067161651209, 0.009194572199910832, 0.0007765876749530145, 0.0, 0.0, 0.004365026132690753, 0.0, 0.026531479081768148, 0.012983049248933086, 0.0011084916140968299, 0.002601599867854551, 0.0014331878331075355, 0.00010776264214549086, 0.0018006733340301762, 0.0, 0.0, 0.0, 0.0025416511244298282, 0.002831333520255154, 0.0028055800616029985]}