{"labels": [0, 1, 2, 3, 4, 5, 6, 7, 8, 9, 10, 11, 12, 13, 14, 15, 16, 17, 18, 19, 20, 21, 22, 23, 24, 25, 26, 27, 28, 29, 30, 31, 32, 33, 34, 35, 36, 37, 38, 39], "data": [0.006043471455722878, 0.0, 0.021334526862705847, 0.04890477252963341, 0.0024978918123313796, 0.0, 0.01186982060530687, 0.0, 0.0, 0.0, 0.001025849111683966, 0.0, 0.0, 0.00433241238130891, 0.0, 0.0, 0.0, 0.0, 0.0, 0.00015627817996159498, 0.0008907628518243004, 0.0, 0.0, 0.004363859273855379, 0.0030965101064547016, 0.0237645086788055, 0.0, 0.03302473535224451, 0.0, 0.0, 0.0, 0.0, 0.0, 0.01867155140980529, 0.02171945982825109, 0.02450649362872202, 0.0, 0.017477056228213484, 0.0, 0.00012799592141826655]}