{"labels": [0, 1, 2, 3, 4, 5, 6, 7, 8, 9, 10, 11, 12, 13, 14, 15, 16, 17, 18, 19, 20, 21, 22, 23, 24, 25, 26, 27, 28, 29, 30, 31, 32, 33, 34, 35, 36, 37, 38, 39], "data": [0.0, 0.0007879519013111228, 0.0, 0.0008191302793146945, 0.03599731454217024, 0.005534860192283217, 0.0077608767179463516, 0.003223184227983943, 0.011733102340384105, 0.0, 0.0009194600320449546, 0.006799111934072784, 0.0, 0.0, 0.0, 0.0024708959130129104, 0.0, 0.010194954653840415, 0.0013060472442419729, 0.0, 0.0, 0.001694094229045236, 0.0, 0.004583005343683905, 0.006003953174367869, 0.019763059972940828, 0.0007847348370491434, 0.0, 0.0005803493188773347, 0.0, 0.004791929360776265, 0.0, 0.0006018827386106382, 0.034277629616138144, 0.0, 0.008649865741026046, 0.0, 0.029636403430749015, 0.015380043157113055, 0.04049103511290711]}