{"labels": [0, 1, 2, 3, 4, 5, 6, 7, 8, 9, 10, 11, 12, 13, 14, 15, 16, 17, 18, 19, 20, 21, 22, 23, 24, 25, 26, 27, 28, 29, 30, 31, 32, 33, 34, 35, 36, 37, 38, 39], "data": [0.006764613077694929, 0.0, 0.009412064623266332, 0.0, 0.039425599588796906, 0.0, 0.004934110495568931, 0.0, 0.0, 0.005160889674575467, 0.0, 0.0, 0.01681101248773263, 0.0, 0.0, 0.0, 0.0, 0.007029720433188501, 0.0, 0.016053436017338385, 9.462241488543287e-05, 0.04308718329461268, 0.0, 0.006243856782214593, 0.021668862336223366, 0.0, 0.0, 0.04791887650074923, 0.0, 0.010435870585584562, 0.0, 0.0, 0.0015225711353486946, 0.08607938532439373, 0.03020970622754295, 0.022881068467827833, 0.0, 0.02323143881122408, 0.0, 0.0]}