{"labels": [0, 1, 2, 3, 4, 5, 6, 7, 8, 9, 10, 11, 12, 13, 14, 15, 16, 17, 18, 19, 20, 21, 22, 23, 24, 25, 26, 27, 28, 29, 30, 31, 32, 33, 34, 35, 36, 37, 38, 39], "data": [0.0, 0.007029777114574985, 0.023962089028817028, 0.03533989093691141, 0.0, 0.008254686089491975, 0.0, 0.0017902361488949454, 0.0, 0.010610917655047939, 0.002862971259784352, 0.0, 0.0, 0.0, 0.016767545436132993, 0.0, 0.0, 0.0, 0.025221258111798366, 0.0, 0.015710928901982432, 0.029254272509025975, 0.0, 0.0, 0.004238866198740598, 0.0, 0.0009939804435928784, 0.0, 0.022650549555801463, 0.0, 0.0, 0.04843946789227824, 0.05479219098051351, 0.010721870298595029, 0.021394399350757768, 0.0, 2.0804854752812545e-06, 0.024018501699556227, 0.0, 0.001149355991051077]}