{"labels": [0, 1, 2, 3, 4, 5, 6, 7, 8, 9, 10, 11, 12, 13, 14, 15, 16, 17, 18, 19, 20, 21, 22, 23, 24, 25, 26, 27, 28, 29, 30, 31, 32, 33, 34, 35, 36, 37, 38, 39], "data": [0.1088864101385283, 0.03474542224413288, 0.006655651238957708, 0.0, 0.04812018109706235, 0.004903106833217262, 0.033681603276231285, 0.0, 0.0, 0.0, 0.0, 0.0, 0.019498390550169498, 0.18121240924369875, 0.0, 0.06616446283255639, 0.0, 0.0, 0.25992667679738585, 0.0, 0.0, 0.0, 0.0, 0.0, 0.0, 0.0, 0.0, 0.0, 0.01647829652199754, 0.0, 0.0, 0.0, 0.0, 0.0, 0.020368558625265945, 0.0, 0.0, 0.014418615246976426, 0.0, 0.013392700093706895]}