{"labels": [0, 1, 2, 3, 4, 5, 6, 7, 8, 9, 10, 11, 12, 13, 14, 15, 16, 17, 18, 19, 20, 21, 22, 23, 24, 25, 26, 27, 28, 29, 30, 31, 32, 33, 34, 35, 36, 37, 38, 39], "data": [0.0018758549246314033, 0.0, 0.0, 0.0011826862641205482, 0.0, 0.0, 0.0, 0.0, 0.0, 0.021104129772549295, 0.00998155330758241, 0.0, 0.0, 0.00013205179334819912, 0.0, 0.0017094233628639779, 0.0, 0.02096811142600152, 0.0, 0.028285365457049464, 0.0, 0.0006349697737452265, 0.0, 0.03167090604166, 0.0029832239884800002, 0.0066483809313375485, 0.000998686562059144, 0.04513107772166629, 0.01113917260733087, 0.0, 0.0, 0.0, 7.19872168557035e-05, 0.0, 0.0, 0.0, 0.0, 0.0415235415703486, 0.024967422172736096, 0.0]}