{"labels": [0, 1, 2, 3, 4, 5, 6, 7, 8, 9, 10, 11, 12, 13, 14, 15, 16, 17, 18, 19, 20, 21, 22, 23, 24, 25, 26, 27, 28, 29, 30, 31, 32, 33, 34, 35, 36, 37, 38, 39], "data": [0.0, 0.002616427517739719, 0.0011926815874435243, 0.0, 0.0018187412371815518, 0.0, 0.0, 0.0150696036048829, 0.0, 0.0, 0.0, 0.0, 0.024778700730065956, 0.0010002985413754568, 0.00786995875539977, 0.0, 0.0025239877981005038, 0.00610567012082642, 0.0, 0.001692182073233877, 0.0, 0.01810410137733478, 0.004539364307701135, 0.00015997639508351537, 8.644510785779327e-05, 0.003974225512092527, 0.003066701088054172, 0.04995606810130627, 0.0196833243302467, 0.003495313135153908, 0.012664213972592734, 0.0, 0.0, 0.039615141743146655, 0.0, 0.0004937646204816999, 0.026926498113541232, 0.004972664098325422, 0.037126314659803726, 0.0]}