{"labels": [0, 1, 2, 3, 4, 5, 6, 7, 8, 9, 10, 11, 12, 13, 14, 15, 16, 17, 18, 19, 20, 21, 22, 23, 24, 25, 26, 27, 28, 29, 30, 31, 32, 33, 34, 35, 36, 37, 38, 39], "data": [0.00169928865182053, 0.0, 0.0, 0.0, 0.0, 0.0, 0.012520911947660555, 0.0, 0.0, 0.0, 0.0, 0.0, 0.0001280893094906612, 0.0, 0.0, 0.026676731639188742, 0.00034787049418944963, 0.037734406466895076, 0.0, 0.03632980612478716, 0.0, 0.0, 0.0, 0.007535184628901998, 0.009092483305498712, 0.0, 0.0, 0.0, 0.0, 0.0, 0.0, 0.0, 0.0, 0.08130052624056562, 0.0, 0.0, 0.0, 0.0, 0.0, 0.0]}