{"labels": [0, 1, 2, 3, 4, 5, 6, 7, 8, 9, 10, 11, 12, 13, 14, 15, 16, 17, 18, 19, 20, 21, 22, 23, 24, 25, 26, 27, 28, 29, 30, 31, 32, 33, 34, 35, 36, 37, 38, 39], "data": [0.0, 0.0, 0.003135466564192781, 0.0, 0.0, 0.008450861661474752, 0.019593951251804635, 0.01594808051953645, 0.0, 0.002735490543345286, 0.027174819380377337, 0.0, 0.0, 0.0030716649026013734, 0.0, 0.0170913710377593, 0.0, 0.0, 0.0, 0.002073976240573318, 0.06886094908882288, 0.00044077008204584516, 0.07105047235878881, 0.019318171396033593, 0.03183393175644679, 0.008385944984839801, 0.0, 0.0, 0.004243984672987974, 0.0, 0.000879393772810014, 0.00040249382127308364, 0.0, 0.0006967541748307361, 0.006969617413884341, 0.0, 0.0, 0.008417080313092675, 0.0029010798894316342, 0.04417965140353238]}