{"labels": [0, 1, 2, 3, 4, 5, 6, 7, 8, 9, 10, 11, 12, 13, 14, 15, 16, 17, 18, 19, 20, 21, 22, 23, 24, 25, 26, 27, 28, 29, 30, 31, 32, 33, 34, 35, 36, 37, 38, 39], "data": [0.0, 0.004372167420486003, 0.045901601805475735, 0.0, 0.008255839372463889, 0.0, 0.016877527810459814, 0.0, 0.018961646673541454, 0.015552837286529817, 0.00013109820064045462, 0.0, 0.0, 0.0, 5.9534700035641545e-05, 0.0, 0.012005758187318978, 0.00570930223122551, 0.0026860288355999955, 0.0, 0.0, 0.003804937971496595, 0.0, 0.0002807081119040026, 0.002741700717007308, 0.0, 0.003282326906514295, 0.001207431536953685, 0.0007738063782108036, 0.0, 0.0, 0.002473848015920228, 0.0036283372955753204, 0.0, 0.0, 0.01581998064072807, 0.056074256656251195, 0.03549281654982888, 0.03372786309036087, 0.00010400711587750365]}