{"labels": [0, 1, 2, 3, 4, 5, 6, 7, 8, 9, 10, 11, 12, 13, 14, 15, 16, 17, 18, 19, 20, 21, 22, 23, 24, 25, 26, 27, 28, 29, 30, 31, 32, 33, 34, 35, 36, 37, 38, 39], "data": [0.006068207703409774, 0.0, 0.0, 0.00030789711775533745, 0.0, 0.0, 0.0, 0.0, 0.0, 0.0, 0.0, 0.10191619339338102, 0.0, 0.0, 0.0, 0.0, 0.007796177754674161, 0.0, 0.0, 0.0, 0.0, 0.0, 0.0, 0.0, 0.0, 0.006212974352040348, 0.0, 0.0, 0.0, 0.0, 0.0, 0.0, 0.0, 0.004069082786174242, 0.0, 0.0, 0.0, 0.0, 0.0, 0.0]}