{"labels": [0, 1, 2, 3, 4, 5, 6, 7, 8, 9, 10, 11, 12, 13, 14, 15, 16, 17, 18, 19, 20, 21, 22, 23, 24, 25, 26, 27, 28, 29, 30, 31, 32, 33, 34, 35, 36, 37, 38, 39], "data": [0.0, 0.0, 0.0, 0.0, 0.0, 0.025788185633241784, 0.0464579873453998, 0.0, 0.0, 0.0, 0.0, 0.0, 0.0, 0.0, 0.0, 0.0, 0.001908285850566119, 0.0027042537740295273, 0.0, 0.0, 0.08629544729187741, 0.0, 0.0, 0.0, 0.00033077402147583737, 0.00812420846994582, 0.0, 0.0, 0.0, 0.0, 0.0, 0.0, 0.004958721560603462, 0.0, 0.0, 0.0, 0.0, 0.05750262347096525, 0.0, 0.0]}