{"labels": [0, 1, 2, 3, 4, 5, 6, 7, 8, 9, 10, 11, 12, 13, 14, 15, 16, 17, 18, 19, 20, 21, 22, 23, 24, 25, 26, 27, 28, 29, 30, 31, 32, 33, 34, 35, 36, 37, 38, 39], "data": [0.0011234338079769413, 0.0024689563737065497, 0.009164417136194671, 0.0, 0.04130174513906439, 0.0, 0.007944690869131438, 0.004425381674985428, 0.0005022116744286773, 0.0, 0.0, 0.0, 0.0, 0.004588758701053651, 0.0, 0.0, 0.0, 0.010037939278400857, 0.00191986298520933, 0.050819921188877425, 0.0, 0.003090176478286518, 0.0033427202800875608, 0.0, 0.05752008620843263, 0.0, 0.0, 0.0, 0.0, 0.0, 0.0, 0.002055944318922879, 0.0002720500371515165, 0.0, 0.0, 0.004174902048332112, 0.01047579773264135, 0.0, 0.0, 0.0]}