{"labels": [0, 1, 2, 3, 4, 5, 6, 7, 8, 9, 10, 11, 12, 13, 14, 15, 16, 17, 18, 19, 20, 21, 22, 23, 24, 25, 26, 27, 28, 29, 30, 31, 32, 33, 34, 35, 36, 37, 38, 39], "data": [0.0026526656604572104, 0.0, 0.0019232720557544798, 0.02360574786622656, 0.0, 0.0, 0.0, 0.0, 0.0, 0.0024772489992315773, 0.0, 0.0, 0.0, 0.006903372047450693, 0.0, 0.002647974215442252, 0.0, 0.02103401827966656, 0.0016147078974763425, 0.0, 0.0, 0.00046817186036120684, 0.0, 0.02142107547442707, 0.0038630333200877676, 0.032398658824668726, 0.0, 0.0, 0.0036101469181999283, 0.0, 0.0089740720794085, 0.0, 0.037841398806595095, 0.006615535495488631, 0.0, 0.0364509129371925, 0.0, 0.005563178889960636, 0.00014146610300462672, 0.002318076595208085]}