{"labels": [0, 1, 2, 3, 4, 5, 6, 7, 8, 9, 10, 11, 12, 13, 14, 15, 16, 17, 18, 19, 20, 21, 22, 23, 24, 25, 26, 27, 28, 29, 30, 31, 32, 33, 34, 35, 36, 37, 38, 39], "data": [0.009292940804290611, 0.00025070375970804985, 0.012255965545440685, 0.0, 0.006576226019618216, 0.0010498220372058072, 0.011450268144075156, 0.0, 0.0, 0.037056625384261875, 0.0024786466595090257, 0.0006029557986903443, 0.0, 0.012893026337701211, 0.0, 0.0008326138942950069, 0.0, 0.0056424594333694894, 0.0007848214513845705, 0.0, 0.0, 0.0, 0.0, 0.0177323273947738, 0.002220965604214254, 0.009865061652884276, 0.0, 0.0009560411446734161, 0.04956959679491159, 0.0, 0.0, 0.0, 0.05796160039854765, 0.0, 0.0037571616499745076, 0.0, 0.0, 0.010378623396136771, 0.0, 0.0010129067456226997]}