{"labels": [0, 1, 2, 3, 4, 5, 6, 7, 8, 9, 10, 11, 12, 13, 14, 15, 16, 17, 18, 19, 20, 21, 22, 23, 24, 25, 26, 27, 28, 29, 30, 31, 32, 33, 34, 35, 36, 37, 38, 39], "data": [0.0, 0.0, 0.03173777607988425, 0.0, 0.0011394059181337108, 0.059169424935990825, 0.0, 0.027265782313574394, 0.0432168747962815, 0.0022049315874447225, 0.002567771348747374, 0.0, 0.0, 0.0066861660023841635, 0.0, 0.0, 0.0011501153467000605, 0.0034008661167266815, 0.030421996441676064, 0.0, 0.004598855404453078, 0.0072617058080527395, 0.037259990411266944, 0.0, 0.00023955316930035996, 0.0, 0.002250963671128742, 0.0004134145749786556, 0.0, 0.0012236622811839203, 0.0, 0.007086692951967974, 0.0, 0.0011134214148207134, 0.015911873956476846, 0.0, 0.00013922797406698835, 0.006878602283106407, 0.0, 0.0330466027263882]}