{"labels": [0, 1, 2, 3, 4, 5, 6, 7, 8, 9, 10, 11, 12, 13, 14, 15, 16, 17, 18, 19, 20, 21, 22, 23, 24, 25, 26, 27, 28, 29, 30, 31, 32, 33, 34, 35, 36, 37, 38, 39], "data": [0.07262188644694163, 0.0, 0.0, 0.0, 0.0, 0.00783782578803293, 0.0, 0.042728906233923274, 0.0, 0.008386856451823594, 0.037219011320717754, 0.009039756389018092, 0.0, 0.0, 0.0, 0.005371588841404877, 0.0, 0.0, 0.044127161028973405, 0.0, 0.00444876572297966, 0.03463037119870387, 0.016768852366750506, 0.0, 0.0, 0.0, 0.0, 0.0, 0.0, 0.0, 0.0, 0.04799998935274276, 0.0, 0.0, 0.06094699087180384, 0.0, 0.0, 0.0, 0.0, 0.017468773061310325]}