{"labels": [0, 1, 2, 3, 4, 5, 6, 7, 8, 9, 10, 11, 12, 13, 14, 15, 16, 17, 18, 19, 20, 21, 22, 23, 24, 25, 26, 27, 28, 29, 30, 31, 32, 33, 34, 35, 36, 37, 38, 39], "data": [0.049882643830574384, 0.0, 0.0, 0.0, 0.0, 0.0, 0.009859078598229092, 0.0028375077296465406, 0.0017524353675290973, 0.0, 0.0, 0.0, 0.0, 0.011503805482873655, 0.0, 0.0, 0.0, 0.038531967162158606, 0.0, 0.03468051410148374, 0.0, 0.027271147747939668, 0.0, 0.002195567916304101, 0.0034801519874596023, 0.03072766102270494, 0.0, 0.0, 0.0, 0.0, 0.021105875351702566, 0.0, 0.0009886904397171264, 0.0, 0.0, 0.0, 0.0, 0.0, 0.0007446591557552553, 0.0]}