{"labels": [0, 1, 2, 3, 4, 5, 6, 7, 8, 9, 10, 11, 12, 13, 14, 15, 16, 17, 18, 19, 20, 21, 22, 23, 24, 25, 26, 27, 28, 29, 30, 31, 32, 33, 34, 35, 36, 37, 38, 39], "data": [0.01473884369810301, 0.022159828645312407, 0.0, 0.0, 0.04564068400612763, 0.0, 0.008854509820417083, 0.008680223133607841, 0.010738616930861733, 0.0, 0.0, 0.0, 0.03347402198328306, 0.012771611752529066, 0.0, 0.02499165221651542, 0.0, 0.0006493121094476215, 0.004892240103931228, 0.03365350509701454, 0.0, 0.0019886532959334344, 0.0011756234238058697, 0.0006526369343990324, 0.0, 0.010017155363491325, 0.04626342127799241, 0.0, 0.0, 0.0, 0.0, 0.0, 0.0507436354888162, 0.0, 0.03106673869715502, 0.0, 0.0, 0.009263858750970248, 0.02434061995596549, 0.0]}