{"labels": [0, 1, 2, 3, 4, 5, 6, 7, 8, 9, 10, 11, 12, 13, 14, 15, 16, 17, 18, 19, 20, 21, 22, 23, 24, 25, 26, 27, 28, 29, 30, 31, 32, 33, 34, 35, 36, 37, 38, 39], "data": [0.011324372105995156, 0.00036756493990793986, 0.0015826759653184328, 0.004181230360358129, 0.013842444344781955, 0.0, 0.015258468129443564, 0.0007599237048630247, 0.0, 0.0, 0.0, 0.10477889367271885, 0.0, 0.0, 0.002632309105421041, 0.0, 0.0, 0.0, 0.001570075889699791, 0.0004926386434489853, 0.0, 0.0, 0.03835181643636557, 0.0, 0.0, 0.0028000833363272487, 0.0, 0.030261667562500535, 0.0, 0.0, 0.0038382894170535314, 0.0013241577113395659, 0.0015859110534668774, 0.002364629794271815, 0.028680036734414275, 0.0, 0.0, 0.011088122802361095, 0.0015803181435794685, 0.0]}