{"labels": [0, 1, 2, 3, 4, 5, 6, 7, 8, 9, 10, 11, 12, 13, 14, 15, 16, 17, 18, 19, 20, 21, 22, 23, 24, 25, 26, 27, 28, 29, 30, 31, 32, 33, 34, 35, 36, 37, 38, 39], "data": [0.003404269427417385, 0.009851398838595714, 0.007595858874795931, 0.011912053508779583, 0.004946817566955017, 0.0, 0.011762030607925172, 0.0012173313974834397, 0.00379345142338696, 0.05915356966848239, 0.011237313777775575, 0.0, 0.007145008509709459, 0.01926589163301746, 0.009769989439303498, 0.0, 0.0, 0.002218636660793056, 0.0, 0.0, 0.0, 0.0, 0.0, 0.06265558159591691, 0.0, 0.008411516561768464, 0.00030380011775481584, 0.026128723723903905, 0.0, 0.007068663353898648, 0.02588889331565723, 0.0, 0.0027210627562619387, 0.0025655855402857038, 0.024167569600045992, 0.0, 0.009469238318951826, 0.0, 0.002709720353542855, 0.0005697460072247257]}