{"labels": [0, 1, 2, 3, 4, 5, 6, 7, 8, 9, 10, 11, 12, 13, 14, 15, 16, 17, 18, 19, 20, 21, 22, 23, 24, 25, 26, 27, 28, 29, 30, 31, 32, 33, 34, 35, 36, 37, 38, 39], "data": [0.0, 0.0, 0.015366311787775793, 0.0, 0.004370452225271684, 0.0, 0.0, 0.0, 0.0, 0.0, 0.0, 0.0, 0.0, 0.0, 0.0, 0.0022394693090068605, 0.0, 0.0, 0.0, 0.0, 0.0, 0.026038444733383688, 0.0, 0.0, 0.0, 0.0, 0.0, 0.0, 0.0, 0.20574245220377407, 0.0, 0.0, 0.0014845586115764362, 0.01370174614305873, 0.0, 0.0, 0.0, 0.0, 0.0, 0.0027175158699727867]}