{"labels": [0, 1, 2, 3, 4, 5, 6, 7, 8, 9, 10, 11, 12, 13, 14, 15, 16, 17, 18, 19, 20, 21, 22, 23, 24, 25, 26, 27, 28, 29, 30, 31, 32, 33, 34, 35, 36, 37, 38, 39], "data": [0.0010644605315395573, 0.002445178714001284, 0.041392699538933306, 0.0, 0.0, 0.0, 0.012164610678116743, 0.0, 0.0, 0.0, 0.0, 0.0, 0.0, 0.0009873375902051632, 0.0, 0.0, 0.0, 0.025367017281495142, 0.0, 0.0, 0.0, 0.0, 0.0, 0.0, 0.003132240409137829, 0.0, 0.0, 0.0, 0.0, 0.0, 0.0, 0.0, 0.0, 0.034473740259227226, 0.0, 0.0025818093442388436, 0.011188895828752392, 0.011989442547291802, 0.0, 0.0]}