{"labels": [0, 1, 2, 3, 4, 5, 6, 7, 8, 9, 10, 11, 12, 13, 14, 15, 16, 17, 18, 19, 20, 21, 22, 23, 24, 25, 26, 27, 28, 29, 30, 31, 32, 33, 34, 35, 36, 37, 38, 39], "data": [0.0, 0.036178904428451064, 0.033772512783411604, 0.0, 0.0014134646381857964, 0.006954978636996514, 0.01141604036582311, 0.04307614420912688, 0.0, 0.0, 0.0, 0.0, 0.0, 0.0018386664190772808, 0.0004381681307327651, 0.0, 0.0, 0.0, 0.0, 0.0, 0.0, 0.0, 0.0, 0.0, 0.03494309089668152, 0.0, 0.04625745160997376, 0.0, 0.0063868273766788, 0.0, 0.0, 0.0, 0.0002756037030239333, 0.0, 0.0, 0.0032405811676687966, 0.022538851435843298, 0.003109142688904482, 0.037848261100659426, 0.0]}