{"labels": [0, 1, 2, 3, 4, 5, 6, 7, 8, 9, 10, 11, 12, 13, 14, 15, 16, 17, 18, 19, 20, 21, 22, 23, 24, 25, 26, 27, 28, 29, 30, 31, 32, 33, 34, 35, 36, 37, 38, 39], "data": [0.0, 0.0, 0.0, 0.0, 0.0, 0.0, 0.0, 0.0, 0.0, 0.0, 0.0, 0.0, 0.0, 0.06330631513611655, 0.0, 0.0, 0.0, 0.0, 0.0, 0.0, 9.60114149182272e-06, 0.0, 0.016651762421003486, 0.05184818848068562, 0.008680401418399477, 0.0, 0.0021833461421718403, 0.0, 0.0, 0.0, 0.0, 0.0, 0.0, 0.0, 0.0, 0.0004970971348219905, 0.0, 0.03379585429897657, 0.0, 0.0]}