{"labels": [0, 1, 2, 3, 4, 5, 6, 7, 8, 9, 10, 11, 12, 13, 14, 15, 16, 17, 18, 19, 20, 21, 22, 23, 24, 25, 26, 27, 28, 29, 30, 31, 32, 33, 34, 35, 36, 37, 38, 39], "data": [0.008857873887461353, 0.0022121748135460677, 0.0003938920652552864, 0.0, 0.004847267770823488, 0.0, 0.0, 0.0, 0.00044488264208763394, 0.006528786310691902, 0.0035300648689760273, 0.0005134212502303334, 0.03525060849326126, 0.0, 0.0005832785703516782, 0.00021920391240329737, 0.0036445102650639, 0.022442337767930396, 0.0, 0.02861168559418891, 0.00024236997022462095, 0.0, 0.0, 0.0, 0.01313790840644533, 0.002589358103668049, 0.0032092185565580317, 0.0015251963922882307, 0.0, 0.005295579740278567, 0.0, 0.0, 0.0, 0.025106279130412336, 0.0, 0.0, 0.0, 0.014248486696410826, 0.002534309798999638, 0.0004540836750631692]}