{"labels": [0, 1, 2, 3, 4, 5, 6, 7, 8, 9, 10, 11, 12, 13, 14, 15, 16, 17, 18, 19, 20, 21, 22, 23, 24, 25, 26, 27, 28, 29, 30, 31, 32, 33, 34, 35, 36, 37, 38, 39], "data": [0.0, 0.0013256090394550865, 0.00211166087141153, 0.023748951860771507, 0.0, 0.0, 0.0, 0.0006387708401084136, 0.001231736209499959, 0.0, 0.0, 0.0, 0.04654673410635373, 0.016923470938635114, 0.0, 0.0, 0.03055505471858183, 0.0038882363028592336, 0.010195428894722296, 0.0008198619294499985, 0.0, 0.022401302275845515, 0.032435582132504845, 0.0, 0.01003443755234517, 0.008422435708750746, 0.0, 0.0288014091097066, 0.005621474678590106, 0.009805151192436523, 0.0279393791189561, 0.0009072474500258699, 0.0, 0.05673886935372583, 0.0, 0.0004130921918872533, 0.009766965768204626, 0.005858233074271855, 0.0, 0.0]}