{"labels": [0, 1, 2, 3, 4, 5, 6, 7, 8, 9, 10, 11, 12, 13, 14, 15, 16, 17, 18, 19, 20, 21, 22, 23, 24, 25, 26, 27, 28, 29, 30, 31, 32, 33, 34, 35, 36, 37, 38, 39], "data": [0.0, 0.0, 0.0, 0.0, 0.0, 0.0, 0.04859982610060332, 0.01986971122534495, 0.0, 0.0, 0.0, 0.0, 0.0, 0.0016863760453811512, 0.0, 0.0, 0.0, 0.005985596926183196, 0.0, 0.003072735289193339, 0.1028527074849533, 0.0004022994045451608, 0.0, 0.049227089870985896, 0.0, 0.0, 0.06366661516744737, 0.0, 0.0, 0.0, 0.0, 0.0, 0.0, 0.0, 0.0, 0.0, 0.001812797371922633, 0.011278758668809752, 0.0, 0.0]}