{"labels": [0, 1, 2, 3, 4, 5, 6, 7, 8, 9, 10, 11, 12, 13, 14, 15, 16, 17, 18, 19, 20, 21, 22, 23, 24, 25, 26, 27, 28, 29, 30, 31, 32, 33, 34, 35, 36, 37, 38, 39], "data": [0.0, 0.0, 0.000396751616950252, 0.0, 0.01173773957320164, 0.0, 0.0, 0.0, 0.0, 0.014786385090554884, 0.00019709280815608736, 0.0, 0.01567101525518836, 0.0, 0.015268191280729414, 0.0, 0.0016407612259181313, 0.05535604615670414, 0.006419635194211535, 0.0, 0.0, 0.005159808905848573, 0.0, 0.0, 0.0, 0.0, 0.0, 0.003217856362576737, 0.0, 0.0, 0.0, 0.007168739964442972, 0.0378353297645936, 0.0, 0.034746363099368724, 0.0, 0.009183373351502827, 0.0006708723207868318, 0.0011081937775244992, 0.0]}