{"labels": [0, 1, 2, 3, 4, 5, 6, 7, 8, 9, 10, 11, 12, 13, 14, 15, 16, 17, 18, 19, 20, 21, 22, 23, 24, 25, 26, 27, 28, 29, 30, 31, 32, 33, 34, 35, 36, 37, 38, 39], "data": [0.0, 0.0, 0.0, 0.0, 0.0, 0.1260095088185272, 0.0, 0.023448684193147808, 0.057911561491751154, 0.0, 0.0, 0.0, 0.0, 0.03552489161477833, 0.0, 0.006731702419265765, 0.0, 0.0, 0.197120987921036, 0.0, 0.0, 0.0, 0.0, 0.0, 0.0, 0.0, 0.01176409811833873, 0.0, 0.0, 0.0, 0.0, 0.0, 0.0, 0.0, 0.0, 0.0, 0.0, 0.009826545782442471, 0.0, 0.021426382882201677]}