{"labels": [0, 1, 2, 3, 4, 5, 6, 7, 8, 9, 10, 11, 12, 13, 14, 15, 16, 17, 18, 19, 20, 21, 22, 23, 24, 25, 26, 27, 28, 29, 30, 31, 32, 33, 34, 35, 36, 37, 38, 39], "data": [0.006999790025205349, 0.006474915017245339, 0.002199628809228582, 0.0, 0.0009995831426891045, 0.0, 0.013815604266082998, 0.0, 0.04667675840008293, 0.0, 0.006988411347502997, 0.0, 0.0, 0.0, 0.0, 0.0, 0.0002789935094826722, 0.0, 0.0, 0.0, 0.0, 0.0, 0.0, 0.0, 0.0, 0.0, 0.0, 5.8593607557978075e-05, 0.11498624750014276, 0.0, 0.0, 0.0, 0.008541928234099919, 0.0, 0.0, 0.0, 0.008891646300601982, 0.0, 0.0, 0.0]}