{"labels": [0, 1, 2, 3, 4, 5, 6, 7, 8, 9, 10, 11, 12, 13, 14, 15, 16, 17, 18, 19, 20, 21, 22, 23, 24, 25, 26, 27, 28, 29, 30, 31, 32, 33, 34, 35, 36, 37, 38, 39], "data": [0.005765186090861143, 0.0, 0.0035910628251216345, 0.0, 0.0, 0.0, 0.016770424046043998, 0.0, 0.0, 0.0, 0.009690781320605158, 0.0, 0.0, 0.000524408061063707, 0.0, 0.0, 0.0, 0.0, 0.0, 0.0, 0.0003639987997009229, 0.0, 0.0, 0.004557859325394302, 0.0, 0.0, 0.0, 0.0018711112039200236, 0.0, 0.0, 0.0003578277201576472, 0.0, 0.0, 0.02578848961196848, 0.015934357921902693, 0.07286520679727217, 0.0, 0.0037132286607160373, 0.0, 0.0]}