{"labels": [0, 1, 2, 3, 4, 5, 6, 7, 8, 9, 10, 11, 12, 13, 14, 15, 16, 17, 18, 19, 20, 21, 22, 23, 24, 25, 26, 27, 28, 29, 30, 31, 32, 33, 34, 35, 36, 37, 38, 39], "data": [0.017232104005036906, 0.0, 0.0, 0.0, 0.026920971700078847, 0.007625900338055296, 0.02164168747534222, 0.012966385801635978, 0.0, 0.0, 0.03317302634265722, 0.0009254206385746606, 0.0, 0.0, 0.024420337010490865, 0.017987944352771814, 0.0, 0.0, 0.0, 0.0, 0.0, 0.0, 0.0020533453211007166, 0.0, 0.0, 0.020941084416645845, 0.0, 0.0, 0.0, 0.0035374829056940304, 0.027848102780832364, 3.774753027731759e-05, 0.0, 0.0, 0.0, 0.00414305928565779, 0.0, 0.00025853108500957994, 0.005910402503792019, 0.00017056106273424503]}