{"labels": [0, 1, 2, 3, 4, 5, 6, 7, 8, 9, 10, 11, 12, 13, 14, 15, 16, 17, 18, 19, 20, 21, 22, 23, 24, 25, 26, 27, 28, 29, 30, 31, 32, 33, 34, 35, 36, 37, 38, 39], "data": [0.012703142308951608, 0.0066885711250606735, 0.0002775279915403663, 0.009884616897941047, 0.017055750332783507, 0.0, 0.016225619953770323, 0.0065628231684716, 0.0, 0.020393498897253264, 0.0026628820605149317, 0.0, 0.007167176438148087, 0.006830130054476876, 0.0, 0.020124925478972912, 0.0, 0.037522746674200726, 0.022931070428532988, 0.0, 0.08938952183114601, 0.00039410378652159734, 0.01958612869667284, 0.0, 0.0, 0.032026502112552195, 0.0, 0.021195588352044856, 0.0008846789922204897, 0.008117598728877072, 0.009422709092432226, 0.0, 0.02730991356681665, 0.0, 0.0006889009999456126, 0.0, 0.016519191643999728, 0.0, 0.011123504475431369, 0.0]}