{"labels": [0, 1, 2, 3, 4, 5, 6, 7, 8, 9, 10, 11, 12, 13, 14, 15, 16, 17, 18, 19, 20, 21, 22, 23, 24, 25, 26, 27, 28, 29, 30, 31, 32, 33, 34, 35, 36, 37, 38, 39], "data": [0.0010389241863855735, 0.0134792378571807, 0.00015090008031294126, 0.0, 0.009404322312946654, 0.0, 0.009850985124580183, 0.04971727839274447, 0.0, 0.009666918243307645, 0.004704759752747221, 0.0, 0.0, 0.0, 0.019811124438127804, 0.0, 0.0016525575514434914, 0.0, 0.008694878343739994, 0.002052146362110111, 0.0, 0.0, 0.0, 0.0044061833335158245, 0.036518523518684565, 0.0, 0.0, 0.0, 0.0, 0.005869579616331204, 0.0, 0.0, 0.0, 0.0, 0.0, 0.0, 0.016531522782724496, 0.023434863288129902, 0.0024577023652892567, 0.0]}