{"labels": [0, 1, 2, 3, 4, 5, 6, 7, 8, 9, 10, 11, 12, 13, 14, 15, 16, 17, 18, 19, 20, 21, 22, 23, 24, 25, 26, 27, 28, 29, 30, 31, 32, 33, 34, 35, 36, 37, 38, 39], "data": [0.0, 0.011730155396833107, 0.0, 0.03015431720686498, 0.018935245392526393, 0.0, 0.024197939460355603, 0.004983506279785992, 0.0, 0.0006749629322484583, 0.0006635271569089053, 0.0, 0.031949870020344065, 0.0, 0.0, 0.0, 0.0, 0.009147476620468446, 0.009959661227353025, 0.0, 0.002578001998814607, 0.007545636681179954, 0.0017510345943498595, 0.00011040019355830725, 0.0, 0.0, 0.038012510221051746, 0.001887712088581683, 0.0, 0.0, 0.0038680459994414823, 0.009681524817002367, 0.0, 0.0, 0.0007502393439373233, 0.0672844072037523, 0.0, 0.0, 0.03210649174917815, 0.0]}