{"labels": [0, 1, 2, 3, 4, 5, 6, 7, 8, 9, 10, 11, 12, 13, 14, 15, 16, 17, 18, 19, 20, 21, 22, 23, 24, 25, 26, 27, 28, 29, 30, 31, 32, 33, 34, 35, 36, 37, 38, 39], "data": [0.000976694416459775, 0.0009386142542218111, 0.003316838612061243, 0.020578189544804896, 0.017459765981955654, 0.0, 0.0, 0.012616780166093675, 0.0, 0.003296519309212426, 0.007657968119174511, 0.0, 0.0, 0.0, 0.0, 0.0, 0.005447145734529553, 0.004698696376479298, 0.0, 0.0, 0.0, 0.02512029515172395, 0.0, 0.0, 0.0012188999646294595, 0.008793752304116465, 0.0, 0.022998051281968, 0.0035791609411232454, 0.011425761620174238, 0.0315061053828619, 0.013045391167217616, 0.0009139978165482661, 0.026985841127900794, 0.023301232499794006, 0.010417924217094844, 0.0005285401414246476, 0.03838509371154065, 0.0, 0.0]}