{"labels": [0, 1, 2, 3, 4, 5, 6, 7, 8, 9, 10, 11, 12, 13, 14, 15, 16, 17, 18, 19, 20, 21, 22, 23, 24, 25, 26, 27, 28, 29, 30, 31, 32, 33, 34, 35, 36, 37, 38, 39], "data": [0.01297657619622048, 0.0, 6.86857215136757e-05, 0.0, 0.002797763776388003, 0.0, 0.004097683170072455, 0.0, 0.0011701440469274794, 0.0, 0.015300210351326431, 0.009475954171027716, 0.006104898550994537, 0.0, 0.013730208765950828, 0.0017081423995852177, 0.0, 0.0, 0.03827189544749164, 0.025966045885747992, 0.0, 0.0, 0.0, 0.0, 0.0, 0.0, 0.0015229867298428498, 0.0009821857570368338, 0.003736863419657708, 0.0, 0.03226307475204782, 0.0027863076342503367, 0.0, 0.009666845033719498, 0.007806714253677861, 0.031088226006722754, 0.0, 0.012055686401332266, 0.009484893441291602, 0.0]}