{"labels": [0, 1, 2, 3, 4, 5, 6, 7, 8, 9, 10, 11, 12, 13, 14, 15, 16, 17, 18, 19, 20, 21, 22, 23, 24, 25, 26, 27, 28, 29, 30, 31, 32, 33, 34, 35, 36, 37, 38, 39], "data": [0.0019191011062004075, 0.020077379610354346, 0.0, 0.0, 0.0, 0.0, 0.0, 0.0, 0.0, 0.0, 0.0, 0.01419724483884797, 0.01576849909525411, 0.0, 0.0, 0.0, 0.0, 0.010716130440016146, 0.05604885961190838, 0.0, 0.0, 0.0, 0.02710332379854895, 0.0, 0.0, 0.01114409105757412, 0.00028431698064238794, 0.0, 0.0023663729630889543, 0.0, 0.013627852739898492, 0.004862432610184933, 0.004003364105362257, 0.0, 0.0536978859655198, 7.700942922221556e-06, 0.0007693511050518778, 0.03842112956771839, 0.021363078353616366, 0.0055916622663444255]}