{"labels": [0, 1, 2, 3, 4, 5, 6, 7, 8, 9, 10, 11, 12, 13, 14, 15, 16, 17, 18, 19, 20, 21, 22, 23, 24, 25, 26, 27, 28, 29, 30, 31, 32, 33, 34, 35, 36, 37, 38, 39], "data": [0.0, 0.0, 0.0, 0.019134350144788155, 0.0, 0.0, 0.01233114805480372, 0.007853643525778733, 0.0, 0.00810925878960724, 0.01058937188241475, 0.0, 0.0, 0.0006968106661874774, 0.0, 0.0, 0.0, 0.0, 0.0, 0.0, 0.0, 0.0, 0.0009628701914760014, 0.0, 0.007048511251290415, 0.0, 0.0026392697157752595, 0.05862882269283233, 0.0, 0.0, 0.0, 5.374440930435806e-05, 0.0038848371711401835, 0.0, 0.0, 0.002916382681411564, 0.0, 0.0, 0.0, 0.0]}