{"labels": [0, 1, 2, 3, 4, 5, 6, 7, 8, 9, 10, 11, 12, 13, 14, 15, 16, 17, 18, 19, 20, 21, 22, 23, 24, 25, 26, 27, 28, 29, 30, 31, 32, 33, 34, 35, 36, 37, 38, 39], "data": [0.0, 0.0017757563398381197, 0.0, 0.0, 0.0, 0.0, 0.0, 0.0, 0.0, 0.0, 0.0, 0.0, 0.0, 0.0, 0.0, 0.0, 0.0, 0.0, 0.004763431219647248, 0.0, 0.0, 0.0, 0.0, 0.0, 0.03489431417374035, 0.00726418438976523, 0.0, 0.0, 0.011259432816777304, 0.3215212264617035, 0.001515967755650822, 0.0, 0.0, 0.0, 0.0, 0.0, 0.0, 0.011636422164055632, 0.0, 0.0]}