{"labels": [0, 1, 2, 3, 4, 5, 6, 7, 8, 9, 10, 11, 12, 13, 14, 15, 16, 17, 18, 19, 20, 21, 22, 23, 24, 25, 26, 27, 28, 29, 30, 31, 32, 33, 34, 35, 36, 37, 38, 39], "data": [0.0006175200554044349, 0.0, 0.017028864591589435, 0.001379869175817916, 0.019551131059599807, 0.0, 0.011410126796292209, 0.06299309950798168, 0.0, 0.0, 0.0014659065042370296, 0.0, 0.0, 0.0, 0.005949254135704322, 0.00016069403154069434, 0.0, 0.0, 0.0, 0.04102706260197618, 0.0, 0.0056152654275893575, 0.0, 0.0, 0.0, 0.0, 0.0, 0.0, 7.18542079014919e-05, 0.0, 0.1372927388103034, 0.0, 0.0, 0.0, 0.0, 0.0, 0.0, 0.005541531165428532, 0.0, 0.0010870833220153584]}