{"labels": [0, 1, 2, 3, 4, 5, 6, 7, 8, 9, 10, 11, 12, 13, 14, 15, 16, 17, 18, 19, 20, 21, 22, 23, 24, 25, 26, 27, 28, 29, 30, 31, 32, 33, 34, 35, 36, 37, 38, 39], "data": [0.0015310402777167162, 0.006779320352950433, 0.002525020166131207, 0.0, 0.0, 0.0, 0.0, 0.0, 0.002408845364812524, 0.0, 0.0, 0.0, 0.0, 0.00040241620568119707, 0.027654403998992313, 0.0, 0.0014386197179953085, 0.00942788199754934, 0.0, 0.0, 0.0, 0.009766160402425169, 0.0032246348064750687, 0.0, 0.0009273272614527456, 0.0, 0.052853592366904366, 0.0, 0.0, 0.013731516881290472, 0.0, 0.0, 0.0, 0.005992913189565174, 0.0, 0.0, 0.09968308852080848, 0.0021678258374838405, 0.0, 0.0004863052989230259]}