{"labels": [0, 1, 2, 3, 4, 5, 6, 7, 8, 9, 10, 11, 12, 13, 14, 15, 16, 17, 18, 19, 20, 21, 22, 23, 24, 25, 26, 27, 28, 29, 30, 31, 32, 33, 34, 35, 36, 37, 38, 39], "data": [0.018384338658123358, 0.01972860542634611, 0.0014678750765224685, 0.005521385546676288, 0.012513740250158657, 0.0, 0.012472404246495261, 0.015231424288486398, 0.0, 0.01573847147670723, 0.00473736668540827, 0.0, 0.0, 0.0005660056520997881, 0.0, 0.00958671841120916, 0.0034165712737991875, 0.07603964627929517, 0.008800243457514135, 0.0, 0.0, 0.01657653602882501, 0.0, 0.005069133126041788, 0.0, 0.0269561131250773, 0.0, 0.0, 0.0, 0.0, 0.004753340215983908, 0.0, 0.0, 0.006227954023393726, 0.021202770175107886, 0.0, 0.0, 0.0, 0.0, 0.0]}