{"labels": [0, 1, 2, 3, 4, 5, 6, 7, 8, 9, 10, 11, 12, 13, 14, 15, 16, 17, 18, 19, 20, 21, 22, 23, 24, 25, 26, 27, 28, 29, 30, 31, 32, 33, 34, 35, 36, 37, 38, 39], "data": [0.00166220840876171, 0.0, 0.0034576173150057932, 0.0013632770292593644, 0.022858558711404246, 0.0, 0.0, 0.05830830114609233, 0.0, 0.0007820287163796626, 0.0057607991434091696, 0.0, 0.0, 0.04224271718330625, 0.0, 0.0, 0.011115897370069369, 0.0023746909076454658, 0.0, 0.0, 0.0, 0.0, 0.04191328103320116, 0.0, 0.013041190670229191, 0.0, 0.0, 0.005023893860353418, 0.0913430858618397, 0.0, 0.0, 0.011379209777435754, 0.0, 0.024686864318195743, 0.0, 8.380943737907748e-05, 0.0, 0.009377921855188398, 0.0, 0.0]}