{"labels": [0, 1, 2, 3, 4, 5, 6, 7, 8, 9, 10, 11, 12, 13, 14, 15, 16, 17, 18, 19, 20, 21, 22, 23, 24, 25, 26, 27, 28, 29, 30, 31, 32, 33, 34, 35, 36, 37, 38, 39], "data": [0.0, 0.020830260578044886, 0.011994608603867363, 0.0, 0.0014743348859175467, 0.030157715356581745, 0.011178181512921586, 0.0, 0.08316410232235755, 0.004023360897265278, 0.0, 0.0494955258917182, 0.0, 0.0090377736590075, 0.0, 0.0, 0.0, 0.0, 0.009201764161954038, 0.0, 0.0, 0.0, 0.045355269844655315, 0.003933261231609628, 0.0, 0.0, 0.0031442405324221727, 0.0, 0.018691855240720458, 0.0, 0.0, 0.0, 0.0014940375479524375, 0.009451289983173742, 0.024214571037295494, 0.0, 0.008832453317637665, 0.04735342060689694, 0.0, 0.0008938542749963091]}