{"labels": [0, 1, 2, 3, 4, 5, 6, 7, 8, 9, 10, 11, 12, 13, 14, 15, 16, 17, 18, 19, 20, 21, 22, 23, 24, 25, 26, 27, 28, 29, 30, 31, 32, 33, 34, 35, 36, 37, 38, 39], "data": [9.558511536258532e-05, 0.0, 0.0, 0.0, 0.0, 0.0, 0.01602466046693862, 0.055207315153693114, 0.0, 0.0, 0.002164202438495626, 0.0, 0.0, 0.0, 0.11853038194650711, 0.0, 0.0, 0.0, 0.0042543396200868675, 0.0, 0.0, 0.0, 0.0, 0.0, 0.0, 0.0, 0.04414542142031863, 0.0, 0.0, 0.0, 0.01314976549583505, 0.0, 0.0, 0.05711434987540265, 0.0, 0.04728402261294262, 0.0, 0.0, 0.020551007077611726, 0.0]}