{"labels": [0, 1, 2, 3, 4, 5, 6, 7, 8, 9, 10, 11, 12, 13, 14, 15, 16, 17, 18, 19, 20, 21, 22, 23, 24, 25, 26, 27, 28, 29, 30, 31, 32, 33, 34, 35, 36, 37, 38, 39], "data": [0.0075467244567868335, 0.0, 0.0, 0.0, 0.06994656287669392, 0.0, 0.009154308099726083, 0.012208698611021385, 0.0013826601088639992, 0.0, 0.0, 0.0, 0.0, 0.0, 0.0010444529226972825, 0.0, 0.002293797324900555, 0.0, 0.0007125260325257132, 0.0, 0.0, 0.0, 0.0, 0.0, 0.0, 0.0007145242076946746, 0.0, 0.0, 0.0, 0.0, 0.0, 0.0, 0.0, 0.0, 0.02599362223109983, 0.0012589089434364735, 0.0, 0.004461536041594773, 0.0, 0.0]}