{"labels": [0, 1, 2, 3, 4, 5, 6, 7, 8, 9, 10, 11, 12, 13, 14, 15, 16, 17, 18, 19, 20, 21, 22, 23, 24, 25, 26, 27, 28, 29, 30, 31, 32, 33, 34, 35, 36, 37, 38, 39], "data": [0.0, 0.0, 0.02268768379357276, 0.0, 0.029849615610637013, 0.018004819672809046, 0.0, 0.0, 0.0024819150150571477, 0.0, 0.00942412810805407, 0.00282267749967519, 0.0, 0.0018056478234538748, 0.0, 0.006964716054224571, 0.0, 0.0, 0.017428186295392067, 0.0022551016273311027, 0.0028544590715512564, 0.0, 0.0006415276117388955, 0.0, 0.0, 0.0, 0.0, 0.0, 0.0, 0.0, 0.06409441024820094, 0.0, 0.0, 0.002622783905375439, 0.0, 0.06903029702093061, 0.0, 0.0, 0.00809234178467524, 0.0]}