{"labels": [0, 1, 2, 3, 4, 5, 6, 7, 8, 9, 10, 11, 12, 13, 14, 15, 16, 17, 18, 19, 20, 21, 22, 23, 24, 25, 26, 27, 28, 29, 30, 31, 32, 33, 34, 35, 36, 37, 38, 39], "data": [0.00018971261511180695, 0.0, 0.0, 0.03511965458207007, 0.04466984533849205, 0.0, 0.012452283947596727, 0.0, 0.0031987654542106883, 0.016659707008675306, 0.0, 0.005531467006236682, 0.02360335469626823, 0.0, 0.0, 0.0, 0.0, 0.018284041295783118, 0.018954699763744403, 0.0052217220154599, 0.0004651593101654193, 0.0, 0.0018617726496298302, 0.0, 0.0, 0.0, 0.0029448357534240014, 0.0, 0.00538633415588643, 0.0, 0.0, 0.00793994433033825, 2.288708727514169e-05, 0.004414686848950138, 0.0, 0.0022811506254145388, 0.0, 0.0, 0.0, 0.0]}