{"labels": [0, 1, 2, 3, 4, 5, 6, 7, 8, 9, 10, 11, 12, 13, 14, 15, 16, 17, 18, 19, 20, 21, 22, 23, 24, 25, 26, 27, 28, 29, 30, 31, 32, 33, 34, 35, 36, 37, 38, 39], "data": [0.010327422683319687, 0.004123476050542474, 0.003939379923835781, 0.014921526359627226, 0.0008089530329573424, 0.0, 0.014463226489488279, 0.0, 0.0, 0.004423176085943565, 0.0, 0.0, 0.0, 0.0, 0.0, 0.0, 0.0, 0.005804812336547214, 0.0, 0.0, 0.0, 2.4254230493265396e-05, 0.0, 0.0, 0.0029982284522272066, 0.002962909310991503, 0.0, 0.0, 0.0010650871711291518, 0.0, 0.02144768971926591, 0.0, 0.0, 0.013123060204113005, 0.0019032039092318788, 0.0, 0.0, 0.0, 0.0, 0.0]}