{"labels": [0, 1, 2, 3, 4, 5, 6, 7, 8, 9, 10, 11, 12, 13, 14, 15, 16, 17, 18, 19, 20, 21, 22, 23, 24, 25, 26, 27, 28, 29, 30, 31, 32, 33, 34, 35, 36, 37, 38, 39], "data": [0.0, 0.0043832958820226205, 0.0, 0.0038913488519709723, 0.0, 0.0024864104996021046, 0.009634568302018472, 0.0, 0.0, 0.004716626299113891, 0.017572187118152987, 0.032589165003070075, 0.0, 0.006083736216803805, 0.001480513217278413, 0.030927619101718568, 0.011237202300314966, 0.0, 0.0, 0.021367398354625568, 0.005819533493515931, 0.0, 0.0017144695876117207, 0.0023645007726574075, 0.0, 0.00827519526016489, 0.0, 0.0013264719890683876, 0.0, 0.002343081600981309, 0.0, 0.0441888330569237, 0.0, 0.06965378741295476, 0.0, 0.013198344367475327, 0.0186451170359287, 0.0, 0.0, 0.0]}