{"labels": [0, 1, 2, 3, 4, 5, 6, 7, 8, 9, 10, 11, 12, 13, 14, 15, 16, 17, 18, 19, 20, 21, 22, 23, 24, 25, 26, 27, 28, 29, 30, 31, 32, 33, 34, 35, 36, 37, 38, 39], "data": [0.006259114206725829, 0.0, 0.0, 0.0, 0.04128289998746398, 0.0, 0.007476553900069097, 0.0, 0.0, 0.04798692007473372, 0.0, 0.0, 0.0, 0.0, 0.0, 0.0, 0.011025464290111716, 0.0, 0.006088613608038237, 0.0, 0.0, 0.0, 0.0, 0.0, 0.001835731430177571, 0.0, 0.0, 0.0646877193723062, 0.0, 0.0, 0.0, 0.043341822513718584, 0.0, 0.0, 0.006163404275888036, 0.0, 0.0, 0.015498012901128401, 0.0030513049867101827, 0.0024201216725155835]}