{"labels": [0, 1, 2, 3, 4, 5, 6, 7, 8, 9, 10, 11, 12, 13, 14, 15, 16, 17, 18, 19, 20, 21, 22, 23, 24, 25, 26, 27, 28, 29, 30, 31, 32, 33, 34, 35, 36, 37, 38, 39], "data": [0.0, 0.029890329458211535, 0.0179260686531706, 0.0, 0.018904837391828893, 0.0, 0.0, 0.0, 0.0, 0.0, 0.005631253696313864, 0.0, 0.033128213614711605, 0.0, 0.0, 0.0, 0.04010791746736477, 0.0, 0.0, 0.0007402369579103416, 0.0, 0.0013456630340166718, 0.0, 0.0, 0.012007349939380414, 0.0032418908368095304, 0.0, 0.021138411250955082, 0.0, 0.0, 0.0, 0.06329306470282259, 0.000555512913929991, 0.0, 0.0, 0.002692672585613028, 0.015510297196848974, 0.0, 0.0, 0.0]}