{"labels": [0, 1, 2, 3, 4, 5, 6, 7, 8, 9, 10, 11, 12, 13, 14, 15, 16, 17, 18, 19, 20, 21, 22, 23, 24, 25, 26, 27, 28, 29, 30, 31, 32, 33, 34, 35, 36, 37, 38, 39], "data": [0.007724219638703117, 0.0, 0.044659017688446906, 0.0, 0.0, 0.0, 0.002380576363315889, 0.0, 0.0007366396803283331, 0.015093926259025229, 0.0, 0.00020347559359743049, 0.016432272433357913, 0.004846627798335783, 6.333412632824031e-06, 0.00079396623970379, 0.0027593631306294004, 0.0, 0.0, 0.00030117830042298004, 0.004663393117996376, 0.0, 0.0008400378518852086, 0.0, 0.0, 0.0, 0.0, 0.0032472205769330277, 0.0, 0.0, 0.010259108571998793, 0.0, 0.004119986221804771, 0.02670517438947754, 0.009813152760664825, 0.0, 0.03732823139120497, 0.0, 0.0009609695630394276, 0.0]}