{"labels": [0, 1, 2, 3, 4, 5, 6, 7, 8, 9, 10, 11, 12, 13, 14, 15, 16, 17, 18, 19, 20, 21, 22, 23, 24, 25, 26, 27, 28, 29, 30, 31, 32, 33, 34, 35, 36, 37, 38, 39], "data": [0.0, 0.039218815206893534, 0.0, 0.010352181902249609, 0.0, 0.0, 0.0300349188201267, 0.0, 0.0, 0.026412127425606228, 0.00033624499506017323, 0.0, 0.052209270798604844, 0.0, 0.0, 0.0, 0.049620955963979994, 0.00400829379249786, 0.020911894283956046, 0.0013033425453693108, 0.0, 0.0, 0.0, 9.525784869582695e-05, 0.0, 0.003945130743010065, 0.0, 0.0, 0.0, 0.0017290330655638571, 0.0, 0.0, 0.0, 0.0, 0.02885159801459093, 0.0, 0.0, 0.005894017870286834, 0.0, 0.03460688070328635]}