{"labels": [0, 1, 2, 3, 4, 5, 6, 7, 8, 9, 10, 11, 12, 13, 14, 15, 16, 17, 18, 19, 20, 21, 22, 23, 24, 25, 26, 27, 28, 29, 30, 31, 32, 33, 34, 35, 36, 37, 38, 39], "data": [0.009424985752551357, 0.0, 0.0, 0.0015479221832790338, 0.005128577453949279, 0.0, 0.0, 0.010027513374829891, 0.0, 0.016906595186827224, 0.0, 0.0, 0.012772863549493547, 0.03118615208916439, 0.009953228590948507, 0.0, 0.0, 0.0, 0.0, 0.02054701194305071, 0.0, 0.004372428734951559, 0.0, 0.022446762890982956, 0.000943628206515312, 0.0, 0.007860053538767632, 0.0, 0.003895976081816976, 0.04437324767584708, 0.007268947422887717, 0.0020995012771999892, 0.0, 0.021405327368391184, 0.0, 0.0, 0.02505377661619588, 0.06774687649866458, 0.0021999436602859177, 0.0]}