{"labels": [0, 1, 2, 3, 4, 5, 6, 7, 8, 9, 10, 11, 12, 13, 14, 15, 16, 17, 18, 19, 20, 21, 22, 23, 24, 25, 26, 27, 28, 29, 30, 31, 32, 33, 34, 35, 36, 37, 38, 39], "data": [0.008086771244778966, 0.0, 0.003029102672632671, 0.0006875141373330751, 0.004239267701420205, 0.002294122513317672, 0.0, 0.0028401288653818637, 0.005881804549968414, 0.0, 0.006768090275619074, 0.0, 0.0, 0.0001959355946649679, 0.01699851408245107, 0.017505439680016572, 0.006089345891384977, 0.0035889705645529703, 0.0, 0.0, 0.0, 0.0032826898435619383, 0.0, 0.0, 0.0, 0.0, 0.0, 0.0, 0.000338858183327974, 0.019441351450657965, 0.019804956515701827, 0.007993194619217896, 0.06609371245210352, 0.002857131188466628, 0.0, 0.0, 0.0, 0.01824154870320255, 0.0, 0.0]}