{"labels": [0, 1, 2, 3, 4, 5, 6, 7, 8, 9, 10, 11, 12, 13, 14, 15, 16, 17, 18, 19, 20, 21, 22, 23, 24, 25, 26, 27, 28, 29, 30, 31, 32, 33, 34, 35, 36, 37, 38, 39], "data": [0.0, 0.0, 0.0015086229819377807, 0.0, 0.0, 0.0, 0.0028412281328857596, 0.0, 0.0, 0.01635487570856439, 0.0, 0.0, 0.0, 0.0, 0.0, 0.0, 0.0015606467767686893, 0.004712514378640337, 0.0, 0.0, 0.0, 0.0, 0.0, 0.0, 0.0, 0.003545338155307381, 0.0, 0.0008924831890296752, 0.0, 0.010285223831168222, 0.07998633368248043, 0.0, 0.0, 0.0, 0.005570978397270316, 0.0, 0.0, 0.05488199442330523, 0.0, 0.0]}