{"labels": [0, 1, 2, 3, 4, 5, 6, 7, 8, 9, 10, 11, 12, 13, 14, 15, 16, 17, 18, 19, 20, 21, 22, 23, 24, 25, 26, 27, 28, 29, 30, 31, 32, 33, 34, 35, 36, 37, 38, 39], "data": [0.0, 0.0, 0.0, 0.053916849240274, 0.01064678095638312, 0.010509531370703042, 0.0, 0.0014191479393699915, 0.0, 0.006754920938688821, 0.0, 0.0, 0.0031238430981327214, 0.0, 0.0, 0.0, 0.005210265757712378, 0.005626178691057969, 0.02766304784168941, 0.002127589875103766, 0.0021539433709536373, 0.010152388315604218, 0.0012281894288092418, 0.0, 0.0015138362999106193, 0.014786024368437218, 0.0031209561948588433, 0.004473996796102003, 0.010103940891999143, 0.0012455653395746678, 0.03475911358053278, 0.0, 0.003347383667265136, 0.00029281160791644415, 0.0, 0.02506075900063232, 0.0025945621121489485, 0.01887711054240371, 0.0, 0.0]}