{"labels": [0, 1, 2, 3, 4, 5, 6, 7, 8, 9, 10, 11, 12, 13, 14, 15, 16, 17, 18, 19, 20, 21, 22, 23, 24, 25, 26, 27, 28, 29, 30, 31, 32, 33, 34, 35, 36, 37, 38, 39], "data": [0.0, 0.0019579300227601792, 0.0, 0.007541593535632098, 0.024976593774368797, 0.0, 0.0, 0.0, 0.0019270082574483435, 0.017469784346426355, 0.0037969577264775024, 0.003386322310774599, 0.02082244646515811, 0.0, 0.0, 0.0, 0.00404579011185227, 0.0, 0.0, 0.0, 0.0034417563300175634, 0.002249890135749616, 0.0010090715855560497, 0.0, 0.025806894082530212, 0.0, 0.0, 0.024391207557173982, 0.0, 0.0, 0.014359546126489988, 0.004038067024123205, 0.0, 0.013778523442894831, 0.004991312351707318, 0.0, 0.0, 0.015072181355199431, 0.0, 0.06958807253855524]}