{"labels": [0, 1, 2, 3, 4, 5, 6, 7, 8, 9, 10, 11, 12, 13, 14, 15, 16, 17, 18, 19, 20, 21, 22, 23, 24, 25, 26, 27, 28, 29, 30, 31, 32, 33, 34, 35, 36, 37, 38, 39], "data": [0.005049769245286545, 0.0, 0.0, 0.059980491418240585, 0.0, 0.0, 0.0, 0.0, 0.0, 0.0, 0.0, 0.0, 0.0, 0.003966895011996849, 0.0, 0.0, 0.025206174249734137, 0.004698842748632234, 0.0, 0.007404154888657432, 0.047164996122556355, 0.0, 0.0, 0.0, 0.0, 0.12074522578401574, 0.0, 0.0, 0.0, 0.03894011504141887, 0.0, 0.0, 0.0, 0.0, 0.0, 0.0, 0.0, 0.0, 0.0, 0.0]}