{"labels": [0, 1, 2, 3, 4, 5, 6, 7, 8, 9, 10, 11, 12, 13, 14, 15, 16, 17, 18, 19, 20, 21, 22, 23, 24, 25, 26, 27, 28, 29, 30, 31, 32, 33, 34, 35, 36, 37, 38, 39], "data": [0.0, 0.0, 0.0, 0.0, 0.0, 0.11258840123013729, 0.0, 0.021037400010081895, 0.002396844499911108, 0.0, 0.0, 0.0, 0.02584899066802682, 0.0, 0.0, 0.0, 0.0, 0.0, 0.022744296325409294, 0.0, 0.0008493855999077598, 0.00927291120306998, 0.0008994244166898052, 0.0, 0.0, 0.008570280901634983, 0.0, 0.0, 0.0, 0.004427183747339344, 0.0, 0.001120747747116388, 0.0, 0.0, 0.027333176102333656, 0.0, 0.0, 0.051953806281390985, 0.0, 0.03592272173130322]}