{"labels": [0, 1, 2, 3, 4, 5, 6, 7, 8, 9, 10, 11, 12, 13, 14, 15, 16, 17, 18, 19, 20, 21, 22, 23, 24, 25, 26, 27, 28, 29, 30, 31, 32, 33, 34, 35, 36, 37, 38, 39], "data": [0.0035206837763987033, 0.004384771022635437, 0.0, 0.0, 0.0, 0.010165015539875758, 0.029106427943561542, 0.003097236023643256, 0.002584352265055954, 0.013920816030053046, 0.0018300823049003467, 0.0042899864106074334, 0.019318502107840214, 0.001178760070000872, 0.00457612531815372, 0.0, 0.0, 0.0, 0.0008671727679233535, 0.0, 0.0, 0.0, 0.00023555658228762582, 0.0021852815302743846, 0.00015388533438952782, 0.015494406128661743, 0.0, 0.0405249104332419, 0.0, 0.009809273688508912, 0.005186577792862873, 0.0, 0.0449661909519119, 0.0, 0.001368797570748161, 0.0, 0.0014827746840523264, 0.049429705039780454, 0.0008837466410542196, 0.0]}