{"labels": [0, 1, 2, 3, 4, 5, 6, 7, 8, 9, 10, 11, 12, 13, 14, 15, 16, 17, 18, 19, 20, 21, 22, 23, 24, 25, 26, 27, 28, 29, 30, 31, 32, 33, 34, 35, 36, 37, 38, 39], "data": [0.0, 0.02996275684754338, 0.0, 0.0, 0.0, 0.04642289331553161, 0.021062076543088754, 0.0, 0.0, 0.01379185988566474, 0.004681259517941514, 0.0, 0.0040054617986604694, 0.02430936187749833, 0.03287990667044527, 0.00015828012359990305, 0.0, 0.004889121534923392, 0.025894709669798215, 0.0, 0.0006603042197131495, 0.0, 0.0, 0.0, 0.057725973107968336, 0.0, 0.0, 0.0005509024537819591, 0.003763806609073878, 0.0, 0.0, 0.0, 0.034891561280201155, 0.0, 0.0, 0.07053846092508873, 0.0, 0.013332227770711299, 0.0, 0.0]}