{"labels": [0, 1, 2, 3, 4, 5, 6, 7, 8, 9, 10, 11, 12, 13, 14, 15, 16, 17, 18, 19, 20, 21, 22, 23, 24, 25, 26, 27, 28, 29, 30, 31, 32, 33, 34, 35, 36, 37, 38, 39], "data": [0.0, 0.0, 0.0, 0.0, 0.032791784539429845, 0.0, 0.0, 0.013101619053090216, 0.0, 0.1776329395371045, 0.0, 9.26062724046734e-05, 0.0, 0.0, 0.0, 0.0, 0.0, 0.0, 0.0, 0.0, 0.0, 0.00870860417468885, 0.0, 0.10218759063018219, 0.0, 0.37864244156235183, 0.0, 0.0, 0.0, 0.015362482584284439, 0.0, 0.0, 0.0, 0.0035311376343601553, 0.0, 0.0, 0.0, 0.0, 0.0, 0.0]}