{"labels": [0, 1, 2, 3, 4, 5, 6, 7, 8, 9, 10, 11, 12, 13, 14, 15, 16, 17, 18, 19, 20, 21, 22, 23, 24, 25, 26, 27, 28, 29, 30, 31, 32, 33, 34, 35, 36, 37, 38, 39], "data": [0.0020316193506299857, 0.0, 0.0, 0.0, 0.0, 0.0, 0.04349074941160261, 0.0, 0.0, 0.007180146938975495, 0.04181466555898442, 0.0, 0.0, 0.0, 0.00570029595217154, 0.00016744319126169393, 0.0, 0.0, 0.0, 0.05622674198131526, 0.008563732738256226, 0.0, 0.0027826059028597436, 0.0, 0.006649514012677307, 0.0, 0.0, 0.0, 0.01064341911187411, 0.0, 0.0023367457780161904, 0.0, 0.0, 0.0, 0.0, 0.0, 0.0, 0.0, 0.005115131557187293, 0.0]}