{"labels": [0, 1, 2, 3, 4, 5, 6, 7, 8, 9, 10, 11, 12, 13, 14, 15, 16, 17, 18, 19, 20, 21, 22, 23, 24, 25, 26, 27, 28, 29, 30, 31, 32, 33, 34, 35, 36, 37, 38, 39], "data": [0.004220408308038782, 0.0, 0.018129968281580394, 0.0, 0.0365128389315736, 0.08367296637301896, 0.0, 0.04491100303386385, 0.0, 0.003160032643219416, 0.002896143196287035, 0.0, 0.0, 0.003958404980961567, 0.0, 0.03591851768692702, 0.004983566317764393, 0.0, 0.0, 0.0, 0.010765678084175213, 0.0009690065785114204, 0.0012154692785859788, 0.0, 0.0, 0.0, 0.0, 0.0030285490636941786, 0.0, 0.0, 0.011052025717926546, 0.005024335747694562, 0.0, 0.016928722618654253, 0.0, 0.0, 0.0, 0.0, 0.0, 0.034394419510626544]}