{"labels": [0, 1, 2, 3, 4, 5, 6, 7, 8, 9, 10, 11, 12, 13, 14, 15, 16, 17, 18, 19, 20, 21, 22, 23, 24, 25, 26, 27, 28, 29, 30, 31, 32, 33, 34, 35, 36, 37, 38, 39], "data": [0.004606051362945293, 0.03274938407192189, 0.0, 0.0007154007344816151, 0.0, 0.0005512642609917735, 4.3352094019609244e-05, 0.0016146765382192088, 0.006641120578572562, 0.010363692881645677, 0.0, 0.000993058129117795, 0.0, 0.0, 0.0, 0.004208937577390435, 0.0, 0.007209131688607218, 0.0, 0.0, 0.0, 0.03689240985786393, 0.0, 0.0, 0.003077983654021028, 0.0, 0.0004599874360041245, 0.02805169494664561, 0.0, 0.0, 0.0, 0.0, 0.0, 0.0, 0.0, 0.0, 0.04672050764394714, 0.02590383457222934, 0.005067873911582479, 0.00584992089064589]}