{"labels": [0, 1, 2, 3, 4, 5, 6, 7, 8, 9, 10, 11, 12, 13, 14, 15, 16, 17, 18, 19, 20, 21, 22, 23, 24, 25, 26, 27, 28, 29, 30, 31, 32, 33, 34, 35, 36, 37, 38, 39], "data": [0.0, 0.0, 0.0013965903409480299, 0.04693170879934492, 0.0, 0.0, 0.0109674970799635, 0.0, 0.0, 0.010269972870022978, 0.0, 0.00015483086933104506, 0.0, 0.0, 0.0, 0.0, 0.0, 0.002279260210397111, 0.0, 0.0005439300349748058, 0.0, 0.0, 0.0, 0.0, 0.0028214914131700817, 0.0, 0.005811415650665702, 0.0411407701313166, 0.0, 0.0, 0.0, 0.004391161241115772, 0.0014596449065913501, 0.0, 0.0, 0.03834117814384812, 0.0026752551240476073, 0.0, 0.006060033891295443, 0.0]}