{"labels": [0, 1, 2, 3, 4, 5, 6, 7, 8, 9, 10, 11, 12, 13, 14, 15, 16, 17, 18, 19, 20, 21, 22, 23, 24, 25, 26, 27, 28, 29, 30, 31, 32, 33, 34, 35, 36, 37, 38, 39], "data": [0.0, 0.0, 0.0027876813914671015, 0.0, 0.0, 0.0, 0.05070599890095884, 0.0, 0.11116323645931037, 0.0, 0.0, 0.0, 0.0, 0.0, 0.0, 0.0, 0.0, 0.0, 0.0, 0.0006855116739325342, 0.0, 0.0, 0.0, 0.0, 0.0025468507806924263, 0.0, 0.002427303032821548, 0.0, 0.0, 0.0, 0.0, 0.0, 0.0, 0.0, 0.0, 0.05882136909349998, 0.0, 0.0, 0.0, 0.0]}