{"labels": [0, 1, 2, 3, 4, 5, 6, 7, 8, 9, 10, 11, 12, 13, 14, 15, 16, 17, 18, 19, 20, 21, 22, 23, 24, 25, 26, 27, 28, 29, 30, 31, 32, 33, 34, 35, 36, 37, 38, 39], "data": [0.0, 0.0, 0.0011543665920712488, 0.07668095989627073, 0.0, 0.0, 0.011739171545247494, 0.0, 0.0, 0.01895288719375546, 0.0, 0.0, 0.08289100787952805, 0.0, 0.0, 0.0, 0.0, 0.0, 0.002411948157051362, 0.004302286897512967, 0.0, 0.0, 0.0, 0.05478635462350132, 0.01792369408907411, 0.0, 0.0, 0.028471616552027106, 0.0, 0.0, 0.0, 0.0, 0.0, 0.0, 0.035110981920863, 0.0, 0.001255194038615555, 0.0, 0.0, 0.0]}