{"labels": [0, 1, 2, 3, 4, 5, 6, 7, 8, 9, 10, 11, 12, 13, 14, 15, 16, 17, 18, 19, 20, 21, 22, 23, 24, 25, 26, 27, 28, 29, 30, 31, 32, 33, 34, 35, 36, 37, 38, 39], "data": [0.012090080248176094, 0.0025489592308771403, 0.01455412522107638, 0.0, 0.0, 0.008243158277655227, 0.003929140540377841, 0.013821359505997726, 0.0, 0.0, 0.0, 0.004975064136148759, 0.0, 0.0, 0.00937448451688688, 0.0027523262171007807, 0.0, 0.06348713033726147, 0.001937681108974671, 0.0018084430490989754, 0.0008264379421720567, 0.0, 0.0, 0.0032961077785485554, 0.0017713946229337154, 0.014469920546281788, 0.0, 0.01525308428775342, 0.0, 0.003362449126404105, 0.0, 0.0, 0.004709574731639654, 0.0, 0.014668437029635627, 0.01210904714814832, 0.024020731871884294, 0.0050974651313141035, 5.7619502446266266e-05, 0.0019235073722314265]}