{"labels": [0, 1, 2, 3, 4, 5, 6, 7, 8, 9, 10, 11, 12, 13, 14, 15, 16, 17, 18, 19, 20, 21, 22, 23, 24, 25, 26, 27, 28, 29, 30, 31, 32, 33, 34, 35, 36, 37, 38, 39], "data": [0.0, 0.0, 0.0, 0.030241886948226073, 0.0, 0.0, 0.00244379300324793, 0.0, 0.012490695163159685, 0.01792369698476635, 0.006601531020259738, 0.0, 0.0, 0.0, 0.007804867814507649, 0.04466762137353196, 0.0, 0.002085589384153478, 0.0, 0.0, 0.03171781110461233, 0.014981411082613407, 0.0, 0.0, 0.0, 0.013060182356624626, 0.0, 0.0021721515243710273, 0.0, 0.0, 0.0, 0.0, 0.03138233887002077, 0.0, 0.0, 0.09200287594058312, 0.0, 0.0028621598504412387, 0.03237214716745604, 0.0]}