{"labels": [0, 1, 2, 3, 4, 5, 6, 7, 8, 9, 10, 11, 12, 13, 14, 15, 16, 17, 18, 19, 20, 21, 22, 23, 24, 25, 26, 27, 28, 29, 30, 31, 32, 33, 34, 35, 36, 37, 38, 39], "data": [0.000587244786634204, 0.0, 0.0020210916273371493, 0.007644249569118369, 0.00649470759213139, 0.0, 0.006193271903022301, 0.004863933175177518, 0.0006296890196920088, 0.0029667980912486346, 0.0001946077006408482, 0.0008315168133040741, 0.004134675109869133, 0.0, 0.01614740145314882, 0.0, 0.0, 0.0, 0.002598060423260972, 0.0025257521114423636, 0.0027484931994463144, 0.06561954514612067, 0.0030088406429209214, 0.000504715353169354, 0.005101656699361111, 0.0, 0.004696124454645887, 0.03951492248642029, 0.005045639627253348, 0.018068262957046353, 0.003272014831472431, 0.0, 0.0013332794228861115, 0.0, 0.0, 0.0027177019209373965, 0.0, 0.02659071562667471, 0.002030419437304752, 0.0012634913325819783]}