{"labels": [0, 1, 2, 3, 4, 5, 6, 7, 8, 9, 10, 11, 12, 13, 14, 15, 16, 17, 18, 19, 20, 21, 22, 23, 24, 25, 26, 27, 28, 29, 30, 31, 32, 33, 34, 35, 36, 37, 38, 39], "data": [0.01838143231244603, 0.0007687246571798028, 0.0032313891151209326, 0.003970273607923309, 0.028067831183983066, 0.0, 0.018019603170865803, 0.015500956775861004, 0.0, 0.0, 0.00044034513331927063, 0.0, 0.003720067913919616, 0.005447223671953717, 0.011463154614649189, 0.0, 0.0, 0.0014987198044018495, 0.008276573727498448, 0.001716620985602001, 0.0028250919974334657, 0.0034358795844625168, 0.0, 0.0024509139124107952, 0.0049673831406234, 0.006522236503740164, 0.006789160650025828, 0.0, 0.0, 0.011650357843634933, 0.0, 0.0, 0.0, 0.028621246761562136, 0.0192401350568262, 0.0, 0.057133482105843555, 0.02663088302775331, 0.0, 0.0003636957393501818]}