{"labels": [0, 1, 2, 3, 4, 5, 6, 7, 8, 9, 10, 11, 12, 13, 14, 15, 16, 17, 18, 19, 20, 21, 22, 23, 24, 25, 26, 27, 28, 29, 30, 31, 32, 33, 34, 35, 36, 37, 38, 39], "data": [0.0, 0.0, 0.010873276305907746, 0.028622927948622565, 0.022972483675372576, 0.0, 0.006290669356883533, 0.0, 0.026906539754617743, 0.0, 0.0, 0.0, 0.0, 0.0, 0.0, 0.0, 0.04314049703530785, 0.0, 0.045965918619544854, 0.0, 0.0, 0.0, 0.0, 0.0, 0.0, 0.003868751587291803, 0.06987970039224894, 0.0003942597263821198, 0.0, 0.008445865581174394, 0.0, 0.0, 0.0, 0.010019897981804514, 0.014239302558473985, 0.0, 0.0, 0.0006705565900914567, 0.0, 0.0]}