{"labels": [0, 1, 2, 3, 4, 5, 6, 7, 8, 9, 10, 11, 12, 13, 14, 15, 16, 17, 18, 19, 20, 21, 22, 23, 24, 25, 26, 27, 28, 29, 30, 31, 32, 33, 34, 35, 36, 37, 38, 39], "data": [0.005974697329020627, 0.0, 0.000721179324837887, 0.0, 0.0, 0.022779968838390025, 0.0, 0.0, 0.0022263910205049726, 0.026816748892226603, 0.04248441455369149, 0.07009778406017708, 0.019561271781302018, 0.0, 0.001592916249749637, 0.0, 0.003373757227866252, 0.0025753394247378094, 0.0, 0.03731937661626091, 0.020818567863894667, 0.0, 0.003082841559631418, 0.0037064079315905375, 0.0002675827174350408, 0.00076366586841131, 0.0005679022822290379, 0.0, 0.0, 0.0, 0.0, 0.0, 0.0033140632604327105, 0.0, 0.0030001953271659547, 0.0, 0.0, 0.0015608080005084328, 0.0, 0.0]}