{"labels": [0, 1, 2, 3, 4, 5, 6, 7, 8, 9, 10, 11, 12, 13, 14, 15, 16, 17, 18, 19, 20, 21, 22, 23, 24, 25, 26, 27, 28, 29, 30, 31, 32, 33, 34, 35, 36, 37, 38, 39], "data": [0.005220029206326488, 0.00619324463148917, 0.0, 0.0, 0.0, 0.0, 0.0, 0.0, 0.04307646775831816, 0.0006908214961209104, 0.0, 0.0, 0.0, 0.0, 0.0, 0.088718273506257, 0.0, 0.008976806543571502, 0.06768426201373655, 0.0, 0.00013864586991515208, 0.0, 0.001836500621278126, 0.004091431076541332, 0.0, 0.0, 0.0, 0.0, 0.0, 0.0, 0.0, 1.2054069286744224e-05, 0.0, 0.0, 0.0, 0.0, 0.0011609347625540225, 0.027445661702266203, 0.0012280068437109269, 0.0]}