{"labels": [0, 1, 2, 3, 4, 5, 6, 7, 8, 9, 10, 11, 12, 13, 14, 15, 16, 17, 18, 19, 20, 21, 22, 23, 24, 25, 26, 27, 28, 29, 30, 31, 32, 33, 34, 35, 36, 37, 38, 39], "data": [0.0, 0.0, 0.01889024595984031, 0.0, 0.0, 0.0, 0.030280764838045104, 0.026443060349867577, 0.0028043656189155873, 0.0, 0.005540409836582707, 0.009016921624943877, 0.0, 0.007621254159261076, 0.02879412602208258, 0.0, 0.0, 0.0, 0.0007675493580229979, 0.0, 0.0, 0.0021659304682457494, 0.0, 0.0, 0.0, 0.007970236734259718, 0.0018581744147149136, 0.0, 0.0, 0.0, 0.006110967814966786, 0.013061000958605153, 0.0, 0.0, 0.0, 0.07849994362242058, 0.0, 0.008694561449918222, 0.0, 0.0]}