{"labels": [0, 1, 2, 3, 4, 5, 6, 7, 8, 9, 10, 11, 12, 13, 14, 15, 16, 17, 18, 19, 20, 21, 22, 23, 24, 25, 26, 27, 28, 29, 30, 31, 32, 33, 34, 35, 36, 37, 38, 39], "data": [0.0, 0.008159271566693426, 0.0, 0.0, 0.0, 0.0, 0.023964701602868, 0.0, 0.01705906264580255, 0.05815647887023829, 0.0, 0.0, 0.0, 0.0, 0.0, 0.0, 0.06519382406568601, 0.0, 0.0, 0.0003634575585780943, 0.00012289890130315228, 0.0, 0.0, 0.0, 0.0, 0.0, 0.06094295605515019, 0.0006581128554357918, 0.0, 0.0, 0.010000022391905738, 0.0, 0.0, 0.0, 0.0, 0.0, 0.0, 0.0, 0.0, 0.0]}