{"labels": [0, 1, 2, 3, 4, 5, 6, 7, 8, 9, 10, 11, 12, 13, 14, 15, 16, 17, 18, 19, 20, 21, 22, 23, 24, 25, 26, 27, 28, 29, 30, 31, 32, 33, 34, 35, 36, 37, 38, 39], "data": [0.004276325179426311, 0.0, 0.0, 0.0, 0.0025471047359246486, 0.0, 0.0, 0.01798324181238711, 0.0038712535840138332, 0.0, 0.0, 0.003006448544240713, 0.002008055990310989, 0.0, 0.0, 0.0019578190834175276, 0.011988100556831268, 0.0, 0.0, 0.0, 0.0, 0.0, 0.04846380405247024, 0.0, 0.03499772444119801, 0.011286684093280618, 0.007833510422320325, 0.0018843667306754147, 0.002884260017177073, 0.0, 0.0, 0.07982355721309983, 0.05306628113873357, 0.0, 0.01658505478260286, 0.0, 0.029770185890975957, 0.0, 0.004280888832843094, 0.0]}