{"labels": [0, 1, 2, 3, 4, 5, 6, 7, 8, 9, 10, 11, 12, 13, 14, 15, 16, 17, 18, 19, 20, 21, 22, 23, 24, 25, 26, 27, 28, 29, 30, 31, 32, 33, 34, 35, 36, 37, 38, 39], "data": [0.0007326157881307657, 0.012260512693565574, 0.002054309556346283, 0.000902234164065078, 0.0, 0.007369667155109949, 0.001481557693690234, 0.0, 0.0, 0.0, 0.0, 0.002017719431971655, 0.0, 0.0036904241767021107, 0.018807333817456456, 0.0012623464876280158, 0.0, 0.004625268135440475, 0.014353670824427862, 0.05445187782951674, 0.0, 0.0046593074945732805, 0.05151393256012349, 0.0013654024933103476, 0.0, 0.0, 0.0, 0.048874748238809544, 0.0, 0.0, 0.018865352286601487, 0.0012534898037225252, 0.0, 0.012354617338737536, 0.002887132399846121, 0.0, 0.05402999315962455, 0.011714409072661115, 0.042125319813383875, 0.00014974474350256447]}