{"labels": [0, 1, 2, 3, 4, 5, 6, 7, 8, 9, 10, 11, 12, 13, 14, 15, 16, 17, 18, 19, 20, 21, 22, 23, 24, 25, 26, 27, 28, 29, 30, 31, 32, 33, 34, 35, 36, 37, 38, 39], "data": [0.015472116534291164, 0.0, 0.016833692020693534, 0.014377811289877595, 0.03171523568742465, 0.0, 0.003133476416159933, 0.0018164219261200903, 0.0, 0.0, 0.0, 0.0, 0.0, 0.028104618439998882, 0.0, 0.02281746719313493, 0.0, 0.008985504207169833, 0.00334374905597585, 0.016912172523785483, 0.0419634073198337, 0.0, 0.0, 0.0, 0.0, 0.051332823323762225, 0.0, 0.016439129489267294, 0.0, 0.007201518755451396, 0.01240891471806369, 0.0, 0.0, 0.0, 0.0, 0.00238903354851103, 0.0, 0.02465651158596232, 0.04864420208642959, 0.0]}