{"labels": [0, 1, 2, 3, 4, 5, 6, 7, 8, 9, 10, 11, 12, 13, 14, 15, 16, 17, 18, 19, 20, 21, 22, 23, 24, 25, 26, 27, 28, 29, 30, 31, 32, 33, 34, 35, 36, 37, 38, 39], "data": [0.0, 0.0, 0.035626638539539304, 0.0, 0.0, 0.0014464209781236124, 0.04548008031904706, 0.0, 0.0, 0.0, 0.0, 0.0, 0.0, 0.0, 0.0, 0.0006285420801054312, 0.0005143798222977084, 0.022044390514924572, 0.0008955318798823871, 0.00022937149986995304, 0.0, 0.0, 0.0016528182862755208, 0.0, 0.0, 0.0, 0.00010330626088834708, 0.0, 0.0, 0.0, 0.0, 0.0, 0.0745241645912099, 0.00348692530070977, 0.02882076560671413, 0.0, 0.0, 0.0003493181286619103, 0.0, 0.0]}