{"labels": [0, 1, 2, 3, 4, 5, 6, 7, 8, 9, 10, 11, 12, 13, 14, 15, 16, 17, 18, 19, 20, 21, 22, 23, 24, 25, 26, 27, 28, 29, 30, 31, 32, 33, 34, 35, 36, 37, 38, 39], "data": [0.004160781054115754, 0.002487001668527749, 0.0006034371565774355, 0.0, 0.0, 0.0, 0.01234999435202278, 0.0, 0.0, 0.0, 0.0, 0.0, 0.0, 0.0004132777794184401, 0.0, 0.0, 0.0, 0.011963268321686442, 0.0, 0.0, 0.0, 0.0, 0.004452024393116397, 0.0, 0.05452388251118944, 0.0, 0.11541361522800153, 0.03719107947293212, 0.0, 0.0, 0.0, 0.0, 0.0017446924327991452, 0.05778951546921183, 0.0, 0.0, 0.0, 0.0, 0.0, 0.0]}