{"labels": [0, 1, 2, 3, 4, 5, 6, 7, 8, 9, 10, 11, 12, 13, 14, 15, 16, 17, 18, 19, 20, 21, 22, 23, 24, 25, 26, 27, 28, 29, 30, 31, 32, 33, 34, 35, 36, 37, 38, 39], "data": [0.004370864214394977, 0.001134991368363404, 0.002299133066935541, 0.0, 0.021550462072094725, 0.0, 0.0, 0.020925281901785945, 0.0, 0.0, 0.0, 0.0, 0.01745757276464864, 0.00040253992006725246, 0.0, 0.0, 0.0, 0.006449393516995765, 0.00687369059224258, 0.0, 0.0, 0.007204380026037008, 0.0, 0.0, 0.0, 0.0, 0.0, 0.0, 0.09588663579260796, 0.0, 0.0, 0.0029481121555692933, 0.0, 0.0, 0.0, 0.06077060796404676, 0.0, 0.06683977658215744, 0.001606105947848752, 0.0]}