{"labels": [0, 1, 2, 3, 4, 5, 6, 7, 8, 9, 10, 11, 12, 13, 14, 15, 16, 17, 18, 19, 20, 21, 22, 23, 24, 25, 26, 27, 28, 29, 30, 31, 32, 33, 34, 35, 36, 37, 38, 39], "data": [0.0, 0.0, 0.0009921421526249237, 0.09945538272814276, 0.023368432910275606, 0.0, 0.0005611432558298235, 0.003627902354478833, 0.0, 0.0025520343485006375, 0.0, 0.0, 0.011765142551413645, 0.0, 0.0018025044459667643, 0.0, 0.0, 0.0009782172167555816, 0.0, 0.00018550152279898848, 0.0, 0.0, 0.0, 0.008597877560335724, 0.0, 0.009927718004302602, 0.0, 0.0, 0.0020457787707202912, 0.0011571201483806203, 0.0, 0.0033000035198195114, 0.0, 0.0, 0.00433711928023611, 0.0, 0.010459539634935521, 0.0, 0.0007706933607020226, 0.0]}