{"labels": [0, 1, 2, 3, 4, 5, 6, 7, 8, 9, 10, 11, 12, 13, 14, 15, 16, 17, 18, 19, 20, 21, 22, 23, 24, 25, 26, 27, 28, 29, 30, 31, 32, 33, 34, 35, 36, 37, 38, 39], "data": [0.010603637583133213, 0.0, 0.0026936792233580634, 0.00047772002498454747, 0.010362666586104817, 0.0, 8.684040684454238e-05, 0.0, 0.015074157200033054, 0.033248970329968985, 0.0, 0.0004968707555157011, 0.0011420289406120308, 0.0013156391831512348, 0.00863842335374791, 0.0, 0.0, 0.026499945070757543, 0.0, 0.0021417372298121245, 0.0, 0.01813188578747814, 0.003644077153349716, 0.0, 0.016851224554925662, 0.009910253709682675, 0.0012954370212660462, 0.005092025505684281, 0.0, 0.0, 0.0, 0.0, 0.0, 0.0, 0.008435851654182792, 0.033369569654902204, 0.018565599610634708, 0.006702369761320345, 0.001200243349616048, 0.0]}