{"labels": [0, 1, 2, 3, 4, 5, 6, 7, 8, 9, 10, 11, 12, 13, 14, 15, 16, 17, 18, 19, 20, 21, 22, 23, 24, 25, 26, 27, 28, 29, 30, 31, 32, 33, 34, 35, 36, 37, 38, 39], "data": [0.00645264803775184, 0.0, 0.0011221993775479954, 0.0, 0.0, 0.0, 0.0, 0.0, 0.0, 0.0012554378297888354, 0.0, 0.0, 0.11415846247753046, 0.009159450943318652, 0.0, 0.0, 0.0015997470226374745, 0.0014831310639982884, 0.0011571774953923956, 0.0, 0.0, 0.010923025285361872, 0.0, 0.0, 0.0, 0.046931436080687, 0.0, 0.0, 0.0, 0.007891220819885648, 0.0030204623466689186, 0.05106545014435386, 0.0, 0.0, 0.010554730113739672, 0.0, 0.0, 0.0035474910132940085, 0.0, 0.0]}