{"labels": [0, 1, 2, 3, 4, 5, 6, 7, 8, 9, 10, 11, 12, 13, 14, 15, 16, 17, 18, 19, 20, 21, 22, 23, 24, 25, 26, 27, 28, 29, 30, 31, 32, 33, 34, 35, 36, 37, 38, 39], "data": [0.004618373035615994, 0.013333599620514993, 0.009475054404418893, 0.0421984336970406, 0.012293437528977698, 0.0, 0.0, 0.0, 0.0, 0.004254427437985829, 0.0022485056422182747, 0.0, 0.04466495528801132, 0.01909464154234245, 0.0, 0.0, 0.011300233817261453, 0.0061057705115711465, 0.0, 0.004431365397229016, 0.007528185365687739, 0.011092761162991602, 0.0003127380490479982, 0.003620533188257011, 0.0322051423720331, 0.0020168828705248725, 0.0, 0.0364086848128576, 0.0, 0.0, 0.01641524744365408, 0.001348809281898904, 0.0011702638772951356, 0.1270024302840698, 0.02099075191753476, 0.0, 0.0, 0.007516440690710764, 0.0, 0.0]}