{"labels": [0, 1, 2, 3, 4, 5, 6, 7, 8, 9, 10, 11, 12, 13, 14, 15, 16, 17, 18, 19, 20, 21, 22, 23, 24, 25, 26, 27, 28, 29, 30, 31, 32, 33, 34, 35, 36, 37, 38, 39], "data": [0.0, 0.0, 0.0, 0.0, 0.005411113164267499, 0.0, 0.0, 0.0, 0.0, 0.0, 0.0, 0.0, 0.0003226785305840258, 0.004022992981684902, 0.0914973306278378, 0.0001772525960499287, 0.0038609371020618868, 0.0, 0.0, 9.560844433505717e-07, 0.004428114269195527, 0.0, 0.005502064593286578, 0.05821392537974483, 0.0021361951599415596, 0.0, 0.0, 0.002032744974534768, 0.005535502289628686, 0.0, 0.0, 0.0, 0.0, 0.012375213167094275, 0.0, 0.0019057313143605512, 0.0, 0.0, 0.0, 0.0]}