{"labels": [0, 1, 2, 3, 4, 5, 6, 7, 8, 9, 10, 11, 12, 13, 14, 15, 16, 17, 18, 19, 20, 21, 22, 23, 24, 25, 26, 27, 28, 29, 30, 31, 32, 33, 34, 35, 36, 37, 38, 39], "data": [0.006677848261665092, 0.0, 0.0, 0.0, 0.0019403589557219257, 0.0, 0.0, 0.0, 0.0, 0.0, 0.0, 0.0, 0.0, 0.006971347618907689, 0.0, 0.0, 0.0, 0.0029922738057726744, 0.0, 0.0, 0.0, 0.0, 0.0, 0.008404898616857762, 0.0, 0.0, 0.10943314159978437, 0.0, 0.0, 0.0, 0.0, 0.0, 0.0, 0.02870685644889772, 0.0036410043679018377, 0.0, 0.0, 0.04262621937233321, 0.0, 0.002419399697546631]}