{"labels": [0, 1, 2, 3, 4, 5, 6, 7, 8, 9, 10, 11, 12, 13, 14, 15, 16, 17, 18, 19, 20, 21, 22, 23, 24, 25, 26, 27, 28, 29, 30, 31, 32, 33, 34, 35, 36, 37, 38, 39], "data": [0.01663428229283324, 0.030024012792519792, 0.033028098838265685, 0.0014079625401889227, 0.016722429267807114, 0.0010816692566163288, 0.0031344285991052197, 0.0, 0.0, 0.0, 0.004303029270854325, 0.0, 0.0, 0.0, 0.000685839390627489, 0.007651585975125664, 0.0, 0.0038636917795524224, 0.022291067627504522, 0.0, 0.029358543628369673, 0.0, 0.0, 0.0010948069382307087, 0.0, 0.000946298811042592, 0.009080403478101311, 0.03187848034374243, 0.0, 0.0, 0.0, 0.0036891469327736707, 0.02732743345249612, 0.0, 0.006334562863041366, 0.028107787262931557, 0.0, 0.00754692552226577, 0.0027168338898294056, 0.0019848860806814654]}