{"labels": [0, 1, 2, 3, 4, 5, 6, 7, 8, 9, 10, 11, 12, 13, 14, 15, 16, 17, 18, 19, 20, 21, 22, 23, 24, 25, 26, 27, 28, 29, 30, 31, 32, 33, 34, 35, 36, 37, 38, 39], "data": [4.8712059939398135e-05, 0.0, 0.005531319562000774, 0.0, 0.006732194033891141, 0.0008913151436371386, 0.0, 0.06779751367656599, 0.0, 0.0004715156031409537, 0.0, 0.0, 0.0, 0.0022598620089618856, 0.0, 0.0, 0.0010531584687927108, 0.0, 0.0, 0.0, 0.0, 0.001311700893038467, 0.0, 0.0, 0.0, 9.55232117759233e-05, 0.002978608355312921, 0.04193257111051332, 0.0019937845000433992, 0.0, 0.0, 0.005475624177203985, 0.08243393898553081, 0.0028566893892354173, 0.0, 0.0, 0.0, 0.04086538224143451, 0.005222477297852971, 0.0035421375431993435]}