{"labels": [0, 1, 2, 3, 4, 5, 6, 7, 8, 9, 10, 11, 12, 13, 14, 15, 16, 17, 18, 19, 20, 21, 22, 23, 24, 25, 26, 27, 28, 29, 30, 31, 32, 33, 34, 35, 36, 37, 38, 39], "data": [0.0, 0.005262066436450459, 0.0, 0.0, 0.0, 0.0, 0.020922862787609537, 0.0, 0.002260259288680352, 0.0, 0.0, 0.0, 0.011659460508600216, 0.05009663355875911, 0.0, 0.0, 0.0, 0.005887430165384977, 0.0, 0.029881892016809363, 0.0, 0.0, 0.0, 0.0, 0.005197912494488079, 0.0, 0.0, 0.03017464849407403, 0.0, 0.018891210907053483, 0.0, 0.0, 0.001907445656029772, 0.0, 0.00433467462420551, 0.0, 0.09285795631796243, 0.021631624572261, 0.0, 0.0]}