{"labels": [0, 1, 2, 3, 4, 5, 6, 7, 8, 9, 10, 11, 12, 13, 14, 15, 16, 17, 18, 19, 20, 21, 22, 23, 24, 25, 26, 27, 28, 29, 30, 31, 32, 33, 34, 35, 36, 37, 38, 39], "data": [0.001924692555070547, 0.010186042215196386, 0.0222514457908895, 0.022651394681844475, 0.0016005137753613214, 0.05895781090641962, 0.011800965793439215, 0.0, 0.022075586819531503, 0.010925256823281798, 0.0, 0.008221543171512826, 0.0, 0.0029029380857668553, 0.0016656095890246075, 0.04100085941487641, 0.0, 0.004650946862012988, 0.03424724622441201, 0.024491860483004384, 0.0, 0.0, 0.003478332268456761, 0.0030952287392096147, 0.0009806394809839798, 0.012870148260615702, 0.0035311491988305, 0.00011444337473155021, 0.0, 0.0, 0.0, 0.0036542965851007808, 0.0, 0.023751672416653033, 0.0, 0.0011668636458752805, 0.0, 0.008027944427916158, 0.0016419957006330887, 0.0]}