{"labels": [0, 1, 2, 3, 4, 5, 6, 7, 8, 9, 10, 11, 12, 13, 14, 15, 16, 17, 18, 19, 20, 21, 22, 23, 24, 25, 26, 27, 28, 29, 30, 31, 32, 33, 34, 35, 36, 37, 38, 39], "data": [0.0, 0.0, 0.0, 0.00016595029774557404, 0.0, 0.001032982081430904, 3.7392832179076426e-05, 0.0, 0.0, 0.0, 0.0, 0.003437945196238262, 0.0017883678896361127, 0.0, 0.0, 0.0, 0.0, 0.06267424237363702, 0.0, 0.0006425334962503987, 0.0, 0.0, 0.0, 0.0, 0.0, 0.009991662422245647, 0.0, 0.0, 0.0, 0.0020461154911171255, 0.0, 0.0, 0.0, 0.0027511709623520477, 0.04414824870409283, 0.0, 0.0, 0.0, 0.0, 9.597431514025501e-05]}