{"labels": [0, 1, 2, 3, 4, 5, 6, 7, 8, 9, 10, 11, 12, 13, 14, 15, 16, 17, 18, 19, 20, 21, 22, 23, 24, 25, 26, 27, 28, 29, 30, 31, 32, 33, 34, 35, 36, 37, 38, 39], "data": [0.0018548956015493746, 0.0, 0.001017099976430754, 0.01699974719255451, 0.013870679710692353, 0.0, 2.656776176855804e-05, 0.006191665291155083, 0.0, 0.0, 0.0, 0.0, 0.015348496399490595, 0.0, 0.0, 0.01267609760519022, 0.006216491434248311, 0.07369984842811901, 0.0, 0.024300101363713206, 0.01995467969631015, 0.045076723253644396, 0.05918076602983165, 0.0, 0.0, 0.0, 0.00010663817520832359, 0.0, 0.0, 0.0027562360304633593, 0.0, 0.003915147991228509, 0.0017071106465167657, 0.0035483690529820506, 0.00027939098822190667, 0.004405320445347205, 0.005421477305420883, 0.010703581790197883, 0.0, 0.032589109158358796]}