{"labels": [0, 1, 2, 3, 4, 5, 6, 7, 8, 9, 10, 11, 12, 13, 14, 15, 16, 17, 18, 19, 20, 21, 22, 23, 24, 25, 26, 27, 28, 29, 30, 31, 32, 33, 34, 35, 36, 37, 38, 39], "data": [0.0, 0.006598717673017729, 0.0, 0.0, 0.0037768779059796764, 0.0, 0.0, 0.021694625038071874, 0.0, 0.0, 0.0, 5.9322312096186635e-05, 0.0, 0.0104932293274236, 0.0, 0.0, 0.002434117999390462, 0.0017829565316533572, 0.0, 0.0, 0.0, 0.0, 0.0, 0.05723499987349725, 0.0, 0.0009932705842679418, 0.0, 0.0, 0.08292074429535091, 0.0, 0.0, 0.0, 0.0, 0.0, 0.010435508698751043, 0.0, 0.0, 0.017642970225832486, 0.0012494106862770593, 0.0008107877045835302]}