{"labels": [0, 1, 2, 3, 4, 5, 6, 7, 8, 9, 10, 11, 12, 13, 14, 15, 16, 17, 18, 19, 20, 21, 22, 23, 24, 25, 26, 27, 28, 29, 30, 31, 32, 33, 34, 35, 36, 37, 38, 39], "data": [0.0014041761472200717, 0.002335932304610186, 0.018777502320572414, 0.0, 0.001975393140943219, 0.0, 0.0006479780262164768, 0.03771746162634568, 0.001127052267235251, 0.0, 0.0, 0.000568157087022043, 0.0, 0.0011374696366144865, 0.0, 0.018448332538952953, 0.0058650520664165085, 0.027919395345273396, 0.04851726757943322, 0.0002570442356807149, 0.0, 0.0, 0.0, 0.00048194730166369645, 0.0, 0.0, 0.0, 0.002006325290450279, 0.0, 0.0, 0.030059912667386064, 0.0033196965738061085, 0.0, 0.0023109001712000522, 0.000990773746483118, 0.0029304881609533745, 0.0, 0.0141155677040995, 0.0, 0.0004756962741508677]}