{"labels": [0, 1, 2, 3, 4, 5, 6, 7, 8, 9, 10, 11, 12, 13, 14, 15, 16, 17, 18, 19, 20, 21, 22, 23, 24, 25, 26, 27, 28, 29, 30, 31, 32, 33, 34, 35, 36, 37, 38, 39], "data": [0.0, 0.00041695724831921954, 0.0, 0.0, 0.053842567333111484, 0.03397716676786317, 0.055864983858594716, 0.0426143531230679, 0.0, 0.0, 0.0, 0.0, 0.0, 0.0, 0.0021932827150008523, 0.0, 0.0, 0.0, 0.008998720535014887, 0.0, 0.0, 0.0, 0.0, 0.0, 0.0, 0.0, 0.004640206223501888, 0.0, 0.0028354374513102983, 0.0, 0.0007706318106884342, 0.0, 0.0, 0.0, 0.0, 0.0, 0.0, 0.046375603083780984, 0.0, 0.0]}