{"labels": [0, 1, 2, 3, 4, 5, 6, 7, 8, 9, 10, 11, 12, 13, 14, 15, 16, 17, 18, 19, 20, 21, 22, 23, 24, 25, 26, 27, 28, 29, 30, 31, 32, 33, 34, 35, 36, 37, 38, 39], "data": [0.0, 0.0, 0.03259451736086801, 0.00031837340115268664, 0.017666026528904425, 0.0, 0.0, 0.0, 0.0, 0.0, 0.03904193781216827, 0.0, 0.0, 7.948753150922072e-05, 0.0, 0.0, 0.0, 0.0, 0.0, 0.0, 0.0, 0.0, 0.0, 0.0, 0.0, 0.0, 0.0, 0.05184840155230949, 0.0, 0.0, 0.0, 0.0, 0.0, 0.0, 0.018992460867307773, 0.0, 0.0, 0.0, 0.0, 0.0]}