{"labels": [0, 1, 2, 3, 4, 5, 6, 7, 8, 9, 10, 11, 12, 13, 14, 15, 16, 17, 18, 19, 20, 21, 22, 23, 24, 25, 26, 27, 28, 29, 30, 31, 32, 33, 34, 35, 36, 37, 38, 39], "data": [0.0, 0.0, 0.0013122538779994928, 0.009235611216839301, 0.0, 0.019168539099491615, 0.006644057735921187, 0.0, 0.0, 0.0, 0.0036769861970455944, 0.0020108049779476228, 0.0, 0.0, 0.0, 0.0, 0.0, 0.0, 0.0, 0.0, 0.0, 0.006516075030646253, 0.0, 0.0, 0.037450875257466966, 0.03321908228432459, 0.0023828705778127447, 0.035160799522822035, 0.0, 0.0, 0.0020464987318998067, 0.0, 0.0, 0.010728514109335752, 0.049853714192854684, 0.0, 0.0, 0.0, 0.0, 0.0]}