{"labels": [0, 1, 2, 3, 4, 5, 6, 7, 8, 9, 10, 11, 12, 13, 14, 15, 16, 17, 18, 19, 20, 21, 22, 23, 24, 25, 26, 27, 28, 29, 30, 31, 32, 33, 34, 35, 36, 37, 38, 39], "data": [0.0, 0.0, 0.0, 0.008609957706353784, 0.0027313655508727757, 0.0, 0.0, 0.019678180623553546, 0.0033391466211611567, 0.026196245423964627, 0.0, 0.0, 0.0, 0.04825596374928687, 0.0, 0.0, 0.0012162260281143162, 0.0010085749078972755, 0.01823542882277751, 0.0, 0.009380733041856834, 0.0, 0.0, 0.05602565247428673, 0.0, 0.0011858863908495508, 0.0030179415591265924, 0.03400251911456817, 0.0180644251161075, 0.0, 0.0, 0.0035898733783440552, 0.03907026377784208, 0.005905766991894895, 0.0, 0.0, 0.0, 0.026407736874300935, 0.010115995364485627, 0.0]}