{"labels": [0, 1, 2, 3, 4, 5, 6, 7, 8, 9, 10, 11, 12, 13, 14, 15, 16, 17, 18, 19, 20, 21, 22, 23, 24, 25, 26, 27, 28, 29, 30, 31, 32, 33, 34, 35, 36, 37, 38, 39], "data": [0.0, 0.0, 0.0, 0.07884939436462277, 0.009077785748707809, 0.0, 0.0, 0.015678951927748652, 0.0, 0.0, 0.0, 0.0, 0.013183064788150001, 3.8699102423579516e-05, 0.0005323987601366497, 0.028958397274008844, 0.0014306450936195257, 0.0, 0.011261269229752994, 0.0, 0.10328080751913872, 0.0066060166236097785, 0.0, 0.0, 0.0, 0.005008117916227634, 0.0, 0.0356139303922161, 0.007273080109374579, 0.0, 0.0, 0.0, 0.0, 0.0, 0.02066312278655707, 0.027959612247675365, 0.0, 0.01745530388673004, 0.004624896653018177, 0.0]}