{"labels": [0, 1, 2, 3, 4, 5, 6, 7, 8, 9, 10, 11, 12, 13, 14, 15, 16, 17, 18, 19, 20, 21, 22, 23, 24, 25, 26, 27, 28, 29, 30, 31, 32, 33, 34, 35, 36, 37, 38, 39], "data": [0.0, 0.0, 0.0, 0.0, 0.0, 0.0, 0.04236669178436369, 0.0, 0.0, 0.002479665180943875, 0.02407474288856299, 0.0, 0.0, 0.0, 0.0, 0.0, 0.0, 0.0, 0.0, 0.0, 0.0, 0.0006174208005150578, 0.0, 0.0, 0.0, 0.0, 0.0005928247175770439, 0.0, 0.007990172034536997, 0.008621018163138695, 0.01656122766900607, 0.0022937713749137056, 0.08184372941291278, 0.0, 0.0, 0.0, 0.0, 0.01263722031145426, 0.0, 0.0]}