{"labels": [0, 1, 2, 3, 4, 5, 6, 7, 8, 9, 10, 11, 12, 13, 14, 15, 16, 17, 18, 19, 20, 21, 22, 23, 24, 25, 26, 27, 28, 29, 30, 31, 32, 33, 34, 35, 36, 37, 38, 39], "data": [0.0, 0.02919307472128725, 0.0, 0.0, 0.006526082493703919, 0.0062872891692909326, 0.01942278987565314, 0.027776823186281257, 0.033422567506153134, 0.006633114682404468, 0.0, 0.0, 0.027842960639549823, 0.0, 0.0, 0.0, 0.0, 0.0, 0.0, 0.0, 0.14364047503337365, 0.0, 0.0, 0.0, 0.0, 0.0, 0.03983106342990573, 0.0, 0.0, 0.0, 0.0, 0.0, 0.0007479389614580856, 0.0, 0.0016075341953602175, 0.0, 0.0020330088017314987, 0.014846198133122018, 0.0, 0.0]}