{"labels": [0, 1, 2, 3, 4, 5, 6, 7, 8, 9, 10, 11, 12, 13, 14, 15, 16, 17, 18, 19, 20, 21, 22, 23, 24, 25, 26, 27, 28, 29, 30, 31, 32, 33, 34, 35, 36, 37, 38, 39], "data": [0.0, 0.006602754252351898, 0.0, 0.02086715068142899, 0.020235735666530367, 0.0037887767573886993, 0.002917222240084628, 0.0, 0.0, 0.016089908791261296, 0.0, 0.0, 0.009957120988634232, 0.027468592916366757, 0.002681537769492816, 0.0, 0.00025392797079352975, 0.021887966165847712, 0.0, 0.020710790893445297, 0.009119816998652792, 0.005681333166150356, 0.09167679414039481, 0.025349435727748077, 0.0, 0.0, 0.003279073423855848, 0.0011256087832488791, 0.0005616698926725827, 0.0, 0.0, 0.0, 0.0010685858472913262, 0.0, 0.0, 0.001314067800487103, 0.04260183123997828, 0.0, 0.0, 0.0]}