{"labels": [0, 1, 2, 3, 4, 5, 6, 7, 8, 9, 10, 11, 12, 13, 14, 15, 16, 17, 18, 19, 20, 21, 22, 23, 24, 25, 26, 27, 28, 29, 30, 31, 32, 33, 34, 35, 36, 37, 38, 39], "data": [0.0019378475180684902, 0.0, 0.0, 0.018247085089179986, 0.0, 0.0, 0.020472025892349654, 0.06706930714990725, 0.0, 0.010923259742516324, 0.0, 0.0, 0.003296055713339445, 0.0511093068054478, 0.0, 0.0, 0.0, 0.024929076243749224, 0.008414204576319818, 0.01607397976712549, 0.0, 0.0, 0.0, 0.05572195692342277, 0.001444990610877645, 0.02071560551609818, 0.0, 0.019398506208044005, 0.0, 0.004568385473482688, 0.03516470524853602, 0.0, 0.0, 0.018907947106161872, 0.009871170958074939, 0.007480584628824198, 0.0, 0.015274819951975606, 0.0, 0.0]}