{"labels": [0, 1, 2, 3, 4, 5, 6, 7, 8, 9, 10, 11, 12, 13, 14, 15, 16, 17, 18, 19, 20, 21, 22, 23, 24, 25, 26, 27, 28, 29, 30, 31, 32, 33, 34, 35, 36, 37, 38, 39], "data": [0.004302343955825549, 0.0, 0.0, 0.0, 0.0, 0.0, 0.0, 0.0, 0.10977134920906585, 0.0027093968226729456, 0.0, 0.00011663790926154059, 0.0, 0.03262450135330455, 0.0, 0.0, 0.0, 0.004523606658807614, 0.0, 0.0007239032022893062, 0.0, 0.045854818577655825, 0.0044302623453085855, 0.0, 9.528687571523741e-05, 0.0, 0.0, 0.0, 0.0, 0.005128264010697748, 0.04708788029151691, 0.0064772916383382725, 0.0014830403492420942, 0.0, 0.03526011122115386, 0.0, 0.0, 0.04551003204419092, 0.0, 0.0]}