{"labels": [0, 1, 2, 3, 4, 5, 6, 7, 8, 9, 10, 11, 12, 13, 14, 15, 16, 17, 18, 19, 20, 21, 22, 23, 24, 25, 26, 27, 28, 29, 30, 31, 32, 33, 34, 35, 36, 37, 38, 39], "data": [0.0, 0.00011662547090244223, 0.0, 0.0, 0.0, 0.000350789394273404, 0.029958321882306998, 0.0006957802478671447, 0.002402466539983031, 0.04062303335587136, 0.0, 0.0027074479222778023, 0.0, 0.0, 0.0, 0.0, 0.0, 0.007848603146963699, 0.0, 0.0, 0.002572618617083663, 0.0026017132552749104, 0.007558210018336278, 0.025082074357549486, 0.0043207739531735505, 0.0, 0.0020822221151072435, 0.0, 0.0, 0.0, 0.0, 0.0, 0.0, 0.0785364213090142, 0.0, 0.0, 0.0005165190049664814, 0.0, 0.0017431592878960494, 0.0009144401124742201]}