{"labels": [0, 1, 2, 3, 4, 5, 6, 7, 8, 9, 10, 11, 12, 13, 14, 15, 16, 17, 18, 19, 20, 21, 22, 23, 24, 25, 26, 27, 28, 29, 30, 31, 32, 33, 34, 35, 36, 37, 38, 39], "data": [0.0, 0.0, 0.0, 0.00424714145445167, 0.07775640473021866, 0.0, 0.02998749248124206, 0.00043047146995320627, 0.02233152201648716, 0.0, 0.0, 0.014482706883325442, 0.0009833478845941205, 0.0, 0.0, 0.0, 0.0, 0.022899993801614255, 0.0, 0.0, 0.006331540872962034, 0.0, 0.0, 0.0, 0.0, 0.0, 0.0, 0.0, 0.0, 0.0, 0.0, 0.0, 0.0, 0.0, 0.0074229630062761535, 0.000161301350747403, 0.00202124816945069, 0.0, 0.0, 0.00011069887670195276]}