{"labels": [0, 1, 2, 3, 4, 5, 6, 7, 8, 9, 10, 11, 12, 13, 14, 15, 16, 17, 18, 19, 20, 21, 22, 23, 24, 25, 26, 27, 28, 29, 30, 31, 32, 33, 34, 35, 36, 37, 38, 39], "data": [0.0, 0.0, 0.001084005731618891, 0.0, 0.0, 0.00026822402847331465, 0.0, 0.016169636879241434, 0.0, 0.009617496612635971, 0.004054827591689464, 0.0, 0.0, 0.0022138223892471972, 0.001111017087029049, 0.0, 0.0, 0.0, 0.0, 0.04701837522661648, 0.0, 0.0, 0.03572082134475631, 0.0008216517348726036, 0.09556272093936902, 0.0, 0.006814668719578266, 0.043267737445312635, 0.009399845829673507, 0.0, 0.0, 0.0, 0.0, 0.008319786009995155, 0.0, 0.0056652433646828, 0.0, 0.056412173958462465, 0.0, 4.3827159251052916e-05]}