{"labels": [0, 1, 2, 3, 4, 5, 6, 7, 8, 9, 10, 11, 12, 13, 14, 15, 16, 17, 18, 19, 20, 21, 22, 23, 24, 25, 26, 27, 28, 29, 30, 31, 32, 33, 34, 35, 36, 37, 38, 39], "data": [0.0, 0.0, 0.0, 0.0, 0.030474174554509178, 0.0, 0.022647272356529254, 0.0, 0.0, 0.0, 0.0, 0.0, 0.004955301163345846, 0.0, 0.0, 0.0, 0.0, 0.0, 0.0, 0.0, 0.0017336594678853783, 0.0, 0.0, 0.0, 0.0, 0.013857916011567656, 0.0, 0.005370411579734351, 0.10208906902333648, 0.0, 0.004826498318950274, 0.0, 0.0, 0.0, 0.0, 0.0, 0.0, 0.04129957643414731, 0.0, 0.0]}