{"labels": [0, 1, 2, 3, 4, 5, 6, 7, 8, 9, 10, 11, 12, 13, 14, 15, 16, 17, 18, 19, 20, 21, 22, 23, 24, 25, 26, 27, 28, 29, 30, 31, 32, 33, 34, 35, 36, 37, 38, 39], "data": [0.013715982574186866, 0.0018861311528952304, 0.028507444786607213, 0.0, 0.009931301456819894, 0.0, 0.0029852576040561205, 0.0015104783567444758, 0.003635606459672655, 0.004618379277052526, 0.003272735135346932, 0.0, 0.0, 0.0, 0.0, 0.001305546045955713, 0.0, 0.0, 0.0, 0.0, 0.00200374700018121, 0.0, 0.10762727686007088, 0.0, 0.008031995103478042, 0.0, 0.0, 0.031097010699941415, 0.0015222994100556038, 0.0, 0.019186526800031443, 0.0, 0.05621339469762704, 0.0, 0.008496057517952781, 0.0, 0.03282246057841013, 0.001977771880913597, 0.0, 0.0]}