{"labels": [0, 1, 2, 3, 4, 5, 6, 7, 8, 9, 10, 11, 12, 13, 14, 15, 16, 17, 18, 19, 20, 21, 22, 23, 24, 25, 26, 27, 28, 29, 30, 31, 32, 33, 34, 35, 36, 37, 38, 39], "data": [0.0, 0.0, 0.0, 0.0, 0.0, 0.0, 0.0, 0.008343279175549606, 0.005014330337712981, 0.009204369321043427, 0.0, 0.028668069901440395, 0.0, 0.0060258284950365885, 0.0, 0.0, 0.0, 0.061706322218534636, 0.017108659614839875, 0.0, 0.005588294865722478, 0.014849112928922988, 0.00647069719732157, 0.0, 0.000537751184290163, 0.0, 0.0, 0.0, 0.0, 0.0, 0.015206042755823847, 0.025664299638322622, 0.0, 0.1174860666424615, 0.0, 0.0, 0.0, 0.020282135922532956, 0.0, 0.013791967710447887]}