{"labels": [0, 1, 2, 3, 4, 5, 6, 7, 8, 9, 10, 11, 12, 13, 14, 15, 16, 17, 18, 19, 20, 21, 22, 23, 24, 25, 26, 27, 28, 29, 30, 31, 32, 33, 34, 35, 36, 37, 38, 39], "data": [0.0020931355843271894, 0.0, 0.0, 0.0, 0.0, 0.0, 0.01492488810910126, 0.0, 0.0, 0.0, 0.07150696607003547, 0.0, 0.0, 0.0, 0.0, 0.0, 0.0, 0.0, 0.004382232143097938, 0.04755713791912799, 0.0, 0.0, 0.0, 0.0, 0.002784649936458236, 0.0, 0.0, 0.0, 0.0, 0.0, 0.0, 0.0, 0.0, 0.0, 0.0, 0.06172128351462918, 0.0, 0.0, 0.0, 0.0]}