{"labels": [0, 1, 2, 3, 4, 5, 6, 7, 8, 9, 10, 11, 12, 13, 14, 15, 16, 17, 18, 19, 20, 21, 22, 23, 24, 25, 26, 27, 28, 29, 30, 31, 32, 33, 34, 35, 36, 37, 38, 39], "data": [0.0, 0.0, 0.0, 0.0, 0.04159005891381109, 0.00022351341328590116, 0.005508021820475281, 0.0, 0.0028657567416584717, 0.0, 0.0032433527541274733, 0.0, 0.002886742746438024, 0.0, 0.015602040767034446, 0.0, 0.002081185896620535, 0.0, 0.03444419920101047, 0.02623129227956869, 0.0, 0.0, 0.0, 0.000651323490887508, 0.06843767493367348, 0.0016437747246623483, 0.03464292100603923, 0.02283437052238209, 0.0, 0.0, 0.029589653856143896, 0.0013402715687869475, 0.0, 0.0026152381000724046, 0.01989396261570349, 0.004439886214464851, 0.0, 0.006622934579532205, 0.009764430090007015, 0.003408329404025387]}