{"labels": [0, 1, 2, 3, 4, 5, 6, 7, 8, 9, 10, 11, 12, 13, 14, 15, 16, 17, 18, 19, 20, 21, 22, 23, 24, 25, 26, 27, 28, 29, 30, 31, 32, 33, 34, 35, 36, 37, 38, 39], "data": [0.0, 0.0, 0.027127045622713595, 0.007949940205414134, 0.03284348640182905, 0.0005959649975237136, 0.015116822156464123, 0.0, 0.0, 0.0, 0.0, 0.0, 0.0008257382176914415, 0.0, 0.0, 0.0, 0.0, 0.0, 0.05750703556911244, 0.0, 0.0, 0.0, 0.0, 0.0, 0.021661330311707683, 0.003800038956973326, 0.0, 0.0, 0.0, 0.0, 0.0, 0.0, 0.0, 0.009305332821924191, 0.0, 0.002826107685480828, 0.0, 0.0, 0.0, 0.0]}