{"labels": [0, 1, 2, 3, 4, 5, 6, 7, 8, 9, 10, 11, 12, 13, 14, 15, 16, 17, 18, 19, 20, 21, 22, 23, 24, 25, 26, 27, 28, 29, 30, 31, 32, 33, 34, 35, 36, 37, 38, 39], "data": [0.013972018760130413, 0.006527791741830246, 0.002165582201215609, 0.0056219228687565525, 0.022804154054843612, 0.0, 0.0, 0.0, 0.0015639208919221291, 0.0, 0.018610470860475768, 0.0, 0.0, 0.004250697673460146, 0.0, 0.0, 0.0, 0.0, 0.0, 0.0, 0.0, 0.0, 0.0956906172331166, 0.0, 0.0, 0.0, 0.0, 0.03149905081249996, 0.0051398539114504115, 0.02405124593404706, 0.0, 0.0010570388180894152, 0.0010397881265227175, 0.07114462621411351, 0.0, 0.0, 0.0, 0.0, 0.0, 0.0]}