{"labels": [0, 1, 2, 3, 4, 5, 6, 7, 8, 9, 10, 11, 12, 13, 14, 15, 16, 17, 18, 19, 20, 21, 22, 23, 24, 25, 26, 27, 28, 29, 30, 31, 32, 33, 34, 35, 36, 37, 38, 39], "data": [0.021509325873366684, 2.0789744544153446e-05, 4.4054704473484805e-05, 0.02250827572516291, 0.0, 0.0039007140745705863, 0.018887585354446415, 0.0004870064959541083, 0.0034757914100375935, 0.0, 0.0, 0.0, 0.0, 0.0038348669295573084, 0.0, 0.0, 0.0, 0.002320221828109887, 0.00016072785769003534, 0.026002253839009736, 0.08756199019421032, 0.0, 0.0011390344243715233, 0.023236630148911454, 0.0, 0.06564855578441327, 0.017599729642178232, 0.00011556633124655163, 0.0, 0.0, 0.0, 0.0, 0.016080905444851596, 0.0018634056967883946, 0.009681033601057001, 0.0, 0.0029684719528380813, 0.0, 0.005061315334757583, 0.0]}