{"labels": [0, 1, 2, 3, 4, 5, 6, 7, 8, 9, 10, 11, 12, 13, 14, 15, 16, 17, 18, 19, 20, 21, 22, 23, 24, 25, 26, 27, 28, 29, 30, 31, 32, 33, 34, 35, 36, 37, 38, 39], "data": [0.002016383160623101, 0.004582793504878212, 0.0052905827524687195, 0.01706323814634565, 0.02246845009498553, 0.1121282751206172, 0.0, 0.0, 0.0, 0.0019855672269249386, 0.0, 0.0, 0.0, 0.0, 0.0002579717210392419, 0.0, 0.00169181272669562, 0.0007735341229215678, 0.0, 0.0, 0.033719903121615616, 0.0, 0.0, 0.0013669781898249908, 0.0, 0.0, 0.0, 0.0011620227604536302, 0.0, 0.0, 0.0, 0.0, 0.00019644037171053638, 0.0, 0.004057772697055806, 0.0, 0.0, 0.010534703786332967, 0.0, 0.003942387325792642]}