{"labels": [0, 1, 2, 3, 4, 5, 6, 7, 8, 9, 10, 11, 12, 13, 14, 15, 16, 17, 18, 19, 20, 21, 22, 23, 24, 25, 26, 27, 28, 29, 30, 31, 32, 33, 34, 35, 36, 37, 38, 39], "data": [0.0, 0.006133938499532644, 0.004368264354550931, 0.0, 0.04428841640854294, 0.0, 0.020801452849750227, 0.0, 0.0, 0.0, 0.001648282138295019, 0.0, 0.003803827045474971, 0.0, 0.0, 4.0720051123340183e-05, 0.003429714647578752, 0.005165561753303058, 0.0024452718571910267, 0.0, 0.004152835774684778, 0.005182774119464375, 0.0, 0.0, 0.0, 0.012104465109161812, 0.0, 0.003125089106216929, 0.0, 0.015350621003312023, 0.008204892751153405, 0.0023233744223847583, 0.0002716006069985616, 0.014137483857484954, 0.0, 0.0013970183856198894, 0.0, 0.011104040306187947, 0.0014918507052810348, 0.0]}