{"labels": [0, 1, 2, 3, 4, 5, 6, 7, 8, 9, 10, 11, 12, 13, 14, 15, 16, 17, 18, 19, 20, 21, 22, 23, 24, 25, 26, 27, 28, 29, 30, 31, 32, 33, 34, 35, 36, 37, 38, 39], "data": [0.008547261952189704, 0.027774406508755792, 0.016040557068676024, 0.0, 0.0, 0.0, 0.0013810756880865476, 0.022712219210456016, 0.0, 0.035333141066629055, 0.0, 0.0, 0.0, 0.0, 0.0029842385292522854, 0.0007828295639452012, 6.956351866501854e-05, 0.002453666438188813, 0.0, 0.018037726585351223, 0.004985719783123347, 0.0, 0.0, 0.0, 0.005443274508271288, 0.0, 0.0003357000548771733, 0.035531926682399656, 0.0, 0.0, 0.0, 0.0, 0.0, 0.0, 0.021670867583402764, 0.023951730659950408, 0.005178679307532774, 0.019490382720651216, 0.002222835407163483, 0.0]}