{"labels": [0, 1, 2, 3, 4, 5, 6, 7, 8, 9, 10, 11, 12, 13, 14, 15, 16, 17, 18, 19, 20, 21, 22, 23, 24, 25, 26, 27, 28, 29, 30, 31, 32, 33, 34, 35, 36, 37, 38, 39], "data": [0.0, 0.02774775896823401, 0.006074647773636597, 0.0, 0.0, 0.051797820285705454, 0.0, 0.023011942520640517, 0.0, 0.006001340836430133, 0.004190962332846154, 0.0, 0.030166187131709512, 0.03700691425387247, 0.004783793812006991, 0.0, 0.0032742287439302808, 0.06411360979925984, 0.034444966921335175, 0.02805786117423415, 0.002639388762795388, 0.010909076137116412, 0.0, 0.003219200186066533, 0.0, 0.0040261783020713844, 0.0, 0.0, 0.0, 0.0, 0.0, 0.0, 0.04188392464026935, 0.0, 0.010796667427376887, 0.0, 0.006022308435706799, 0.0, 0.0, 0.0]}