{"labels": [0, 1, 2, 3, 4, 5, 6, 7, 8, 9, 10, 11, 12, 13, 14, 15, 16, 17, 18, 19, 20, 21, 22, 23, 24, 25, 26, 27, 28, 29, 30, 31, 32, 33, 34, 35, 36, 37, 38, 39], "data": [0.0, 0.0007257484069353187, 0.0, 0.0, 0.0, 0.016317380257442178, 0.009482245313058154, 0.0, 0.0, 0.0, 0.0, 0.0007160664744461368, 0.0, 0.0, 0.0, 0.0, 0.01137266116804821, 0.008232358793161488, 0.0, 0.0, 0.0030752613459789856, 0.00809356116710136, 0.06712495723389755, 0.0, 0.09923586928845332, 0.0020621321022186306, 0.004949314994404035, 0.008807397615365623, 0.0, 0.013312481679324558, 0.0, 0.0, 0.0006873515911411112, 0.0, 0.0, 0.039764311147046705, 6.0776147592377985e-05, 0.014573072665105886, 0.0, 0.0002820988362761163]}