{"labels": [0, 1, 2, 3, 4, 5, 6, 7, 8, 9, 10, 11, 12, 13, 14, 15, 16, 17, 18, 19, 20, 21, 22, 23, 24, 25, 26, 27, 28, 29, 30, 31, 32, 33, 34, 35, 36, 37, 38, 39], "data": [0.06599836571898078, 0.0, 0.006238621809497254, 0.0, 0.09158739867517529, 0.0, 0.03186164526448805, 0.0, 0.015305031625805713, 0.1984440861833012, 0.014020219852694726, 0.0, 0.04295635846869225, 0.009494004992154994, 0.0, 0.0, 0.06181174200884072, 0.0021567869189874768, 0.005636543647708666, 0.0, 0.0, 0.003952060865443431, 0.0, 0.0, 0.0, 0.0, 0.0, 0.021720954529899857, 0.0, 0.0, 0.0, 0.0, 0.025370606417122864, 0.0, 0.07792851551355912, 0.0, 0.0, 0.0, 0.012224088716503117, 0.019196915007971334]}