{"labels": [0, 1, 2, 3, 4, 5, 6, 7, 8, 9, 10, 11, 12, 13, 14, 15, 16, 17, 18, 19, 20, 21, 22, 23, 24, 25, 26, 27, 28, 29, 30, 31, 32, 33, 34, 35, 36, 37, 38, 39], "data": [0.0, 0.0, 0.0, 0.0010146883004747923, 0.03008555837621004, 0.0, 0.0377483607788035, 0.044714660365094555, 0.0, 0.009999612526784349, 0.006555229511166758, 0.0, 0.013237098712054389, 0.024928329146521103, 0.0, 0.0, 0.0, 0.0, 0.0, 0.0, 0.06527211598343527, 0.0, 0.0, 0.0, 0.0, 0.013235182254711361, 0.0, 0.0, 0.07861448388349417, 0.0, 0.001887644555601179, 0.0, 0.0, 0.0, 0.0, 0.0036124253119452637, 0.0, 0.0, 0.022882385613419754, 0.0]}