{"labels": [0, 1, 2, 3, 4, 5, 6, 7, 8, 9, 10, 11, 12, 13, 14, 15, 16, 17, 18, 19, 20, 21, 22, 23, 24, 25, 26, 27, 28, 29, 30, 31, 32, 33, 34, 35, 36, 37, 38, 39], "data": [0.0, 0.0, 0.0, 0.0, 0.013135943412865255, 0.06381648910317557, 0.013842173827338438, 0.0, 0.0, 0.0, 0.0, 0.0, 0.031164367470112347, 0.0017273092112072522, 0.0, 0.0, 0.0011475773400825707, 0.0, 0.0, 0.0, 0.0, 0.0, 0.03499459513569617, 0.024480807024294896, 0.022281292168163852, 0.0, 0.0, 0.0, 0.04981278109928381, 0.0, 0.0, 0.0, 0.0, 0.0160209168251134, 0.0, 0.0, 0.0, 0.06673931848837704, 0.002788282463580339, 0.0]}