{"labels": [0, 1, 2, 3, 4, 5, 6, 7, 8, 9, 10, 11, 12, 13, 14, 15, 16, 17, 18, 19, 20, 21, 22, 23, 24, 25, 26, 27, 28, 29, 30, 31, 32, 33, 34, 35, 36, 37, 38, 39], "data": [0.016410722406607337, 0.006796210364221652, 0.017605422868443667, 0.01689245796929468, 0.016187104250178667, 0.0, 0.0017411119297320475, 0.0010423516270185436, 0.0, 0.0, 0.004446516555170527, 0.0, 0.0013496528959455756, 0.0011036331232151043, 0.0033757145241722366, 0.0, 0.0, 0.0, 0.0039873610594521386, 0.03330802827514265, 0.0, 0.0004885777624443766, 0.044809792285692165, 0.003382059926469673, 0.00011499228799841457, 0.0, 0.0, 0.037480185451625646, 7.06108000408423e-05, 0.0, 0.0010035857705794303, 0.0, 0.004554487328688167, 0.00017669444883763345, 0.010925744318351922, 0.004166645003853669, 0.026279676686713375, 0.014790803622781928, 0.0025143479855542477, 0.0]}