{"labels": [0, 1, 2, 3, 4, 5, 6, 7, 8, 9, 10, 11, 12, 13, 14, 15, 16, 17, 18, 19, 20, 21, 22, 23, 24, 25, 26, 27, 28, 29, 30, 31, 32, 33, 34, 35, 36, 37, 38, 39], "data": [0.0, 0.034149411204289215, 0.04082217101566941, 0.0, 0.0, 0.0, 0.09785515325114996, 0.0, 0.0693765310870653, 0.017301491430215393, 0.0, 0.0018742808725866371, 0.007687112105993778, 0.0, 0.0, 0.0, 0.0, 0.08994122846254227, 0.0029934711982003864, 0.0, 0.07843926781706366, 0.009988394222766686, 0.021602493291826837, 0.0, 0.0, 0.0, 0.026797731600806837, 0.0, 0.0, 0.0, 0.0, 0.0, 0.009868241169485351, 0.0, 0.022782731433620997, 0.10302957898906019, 0.0666712525307613, 0.0, 0.007008821322265595, 0.018724628472748174]}