{"labels": [0, 1, 2, 3, 4, 5, 6, 7, 8, 9, 10, 11, 12, 13, 14, 15, 16, 17, 18, 19, 20, 21, 22, 23, 24, 25, 26, 27, 28, 29, 30, 31, 32, 33, 34, 35, 36, 37, 38, 39], "data": [0.0005628360494981913, 0.0, 0.0, 0.0, 0.0, 0.0, 0.0, 0.0, 0.0, 0.0, 0.06708018531721326, 0.0, 0.0, 0.0005766719639141949, 0.0, 0.0028420135191379544, 0.0, 0.0028896063847825082, 0.0, 0.0, 0.006940343526145562, 0.0, 0.0, 0.0, 0.0, 0.0019611964652939858, 0.0, 0.0, 0.0, 0.0, 0.0, 0.0, 0.0, 0.0, 0.0, 0.0, 0.006635366222774474, 0.0, 0.012926721842629045, 0.0]}