{"labels": [0, 1, 2, 3, 4, 5, 6, 7, 8, 9, 10, 11, 12, 13, 14, 15, 16, 17, 18, 19, 20, 21, 22, 23, 24, 25, 26, 27, 28, 29, 30, 31, 32, 33, 34, 35, 36, 37, 38, 39], "data": [0.0026970500299664715, 0.00016716984227172144, 0.0, 0.0, 0.03439965819750868, 0.0, 0.03652016887596796, 0.0016333170717196845, 0.0, 0.023252155747125677, 0.001502382145574328, 0.0, 0.0, 0.0, 0.0, 0.0059720249348821945, 0.0, 0.0, 0.0, 0.0, 0.0, 0.0, 0.0, 0.0, 0.0, 0.0, 0.001768545292047711, 0.0, 0.004798252594814073, 0.0007175162381612849, 0.0, 0.0, 0.004017887994018497, 0.013693372250092088, 0.01154906577876418, 0.0019854056921099423, 0.0, 0.0, 0.0, 0.002921395784829594]}