{"labels": [0, 1, 2, 3, 4, 5, 6, 7, 8, 9, 10, 11, 12, 13, 14, 15, 16, 17, 18, 19, 20, 21, 22, 23, 24, 25, 26, 27, 28, 29, 30, 31, 32, 33, 34, 35, 36, 37, 38, 39], "data": [0.008589105387216104, 0.0, 0.0, 0.019955605933732325, 0.02087218076342079, 0.0011991437758679605, 0.007751000234224596, 0.0, 0.0, 0.0, 0.0, 0.0, 0.0, 0.00917065812947389, 0.0, 0.0, 0.0, 0.0, 0.07151703843531441, 0.0004121172494859485, 0.0, 0.0, 0.0, 0.002163516735396219, 0.0, 0.0, 0.0, 0.0, 0.0, 0.0, 0.0, 0.0, 0.0, 0.0, 0.0, 0.0, 0.001945746001496722, 0.03395732906101664, 0.0007306348103988986, 0.0006831625323708575]}