{"labels": [0, 1, 2, 3, 4, 5, 6, 7, 8, 9, 10, 11, 12, 13, 14, 15, 16, 17, 18, 19, 20, 21, 22, 23, 24, 25, 26, 27, 28, 29, 30, 31, 32, 33, 34, 35, 36, 37, 38, 39], "data": [0.01498606832221224, 0.0, 0.0, 0.0, 0.0, 0.0, 0.019371533607218827, 0.0, 0.0, 0.0, 0.0, 0.0, 0.0, 0.0, 0.0, 0.0009440120181302579, 0.0014164356719574365, 0.0, 0.0, 0.0003048998958404053, 0.0010012571153675187, 0.003775250725208264, 0.0, 0.0004343163986414103, 0.00018605690835348616, 0.0, 0.0, 0.0, 0.001034376339226228, 0.0, 0.0, 0.0, 0.0, 0.0035630433015100393, 0.0, 0.0, 0.0, 0.015458075263494893, 0.007307230592982782, 0.004045474886668929]}