{"labels": [0, 1, 2, 3, 4, 5, 6, 7, 8, 9, 10, 11, 12, 13, 14, 15, 16, 17, 18, 19, 20, 21, 22, 23, 24, 25, 26, 27, 28, 29, 30, 31, 32, 33, 34, 35, 36, 37, 38, 39], "data": [0.0, 0.0, 0.0, 0.0, 0.0024893672489995433, 0.008291347383363618, 0.026311233360968748, 0.0, 0.003430436058909711, 0.0, 0.0, 0.004545590697244968, 0.0, 0.0, 0.09272267213463582, 0.0, 0.0, 0.0, 0.0, 0.0016124205211241543, 0.0, 0.03233049883546749, 0.001405491229428418, 0.0, 0.0, 0.0, 0.0, 0.0, 0.0, 0.0, 0.0, 0.002876494977344221, 0.0, 0.05013872835047584, 0.0, 0.007691356979785333, 0.0, 0.02527429034171622, 0.0, 0.0]}