{"labels": [0, 1, 2, 3, 4, 5, 6, 7, 8, 9, 10, 11, 12, 13, 14, 15, 16, 17, 18, 19, 20, 21, 22, 23, 24, 25, 26, 27, 28, 29, 30, 31, 32, 33, 34, 35, 36, 37, 38, 39], "data": [0.0029691087660227186, 0.0, 0.0, 0.0, 0.0, 0.0, 0.0, 0.0, 0.014311565973284531, 0.014478474071410227, 0.0, 0.011341780053519228, 0.0, 0.0006092500625406148, 0.0, 0.0, 0.0, 0.0, 0.0034496062558288213, 0.0, 0.008855019195418874, 0.000636430104800107, 0.0011802560661852398, 0.0, 0.0030362191805661694, 0.0, 5.848739511972463e-05, 0.06418796882455073, 0.0, 0.0, 0.0006352940128202903, 0.0024697887646822165, 0.002130234293800922, 0.02182669029111573, 0.0, 0.003099265217312319, 0.0019440656993377397, 0.005551323282714563, 0.0, 0.0]}