{"labels": [0, 1, 2, 3, 4, 5, 6, 7, 8, 9, 10, 11, 12, 13, 14, 15, 16, 17, 18, 19, 20, 21, 22, 23, 24, 25, 26, 27, 28, 29, 30, 31, 32, 33, 34, 35, 36, 37, 38, 39], "data": [0.0, 0.0, 0.018481509012609417, 0.0, 0.0, 0.0, 0.004346418883467662, 0.0, 0.0, 0.004560971052487672, 0.0, 0.007522449422386934, 0.0, 0.03017204231579391, 0.0, 0.0, 0.00013459692019030425, 0.0031337007427855034, 0.011412357708954022, 0.0, 0.01329063761943548, 0.03319698787306768, 0.0, 0.0, 0.0, 0.015457361210124119, 0.006399558949195005, 0.0012468137762089446, 0.0, 0.0, 0.04272911933154334, 0.003949224035188022, 0.0, 0.0, 0.007139849965324867, 0.06614324861235457, 0.002992234094056239, 0.023391951774227242, 0.001198771907119939, 0.00033123640169570073]}