{"labels": [0, 1, 2, 3, 4, 5, 6, 7, 8, 9, 10, 11, 12, 13, 14, 15, 16, 17, 18, 19, 20, 21, 22, 23, 24, 25, 26, 27, 28, 29, 30, 31, 32, 33, 34, 35, 36, 37, 38, 39], "data": [0.0, 0.007724113126203403, 0.11107853438856133, 0.07978517628775424, 0.0, 0.0, 0.014869547823599344, 0.0, 0.0, 0.08850700652561633, 0.0, 0.0, 0.0, 0.0, 0.0, 0.023076973927187133, 0.0, 0.0, 0.0, 0.0, 0.0, 0.0, 0.0, 0.03982182134609994, 0.0, 0.0, 0.0, 0.0, 0.0, 0.006026878153018928, 0.0, 0.0034681207641921535, 0.016151209917011192, 0.01564582848672558, 0.0, 0.0, 0.01703338094025535, 0.0, 0.0013357052867494002, 0.0]}