{"labels": [0, 1, 2, 3, 4, 5, 6, 7, 8, 9, 10, 11, 12, 13, 14, 15, 16, 17, 18, 19, 20, 21, 22, 23, 24, 25, 26, 27, 28, 29, 30, 31, 32, 33, 34, 35, 36, 37, 38, 39], "data": [0.0, 0.0, 0.0, 0.001812839653684037, 0.0, 0.0, 0.0, 0.1024486375249813, 0.0009666465103530019, 0.0, 0.0, 0.0, 0.05459732034084143, 0.0, 0.0, 0.0, 0.009595702382135623, 0.027431750837274838, 0.0004614949937071083, 0.0, 0.0, 0.0032366122830837234, 0.0, 0.0, 0.0, 0.00943478304403272, 0.0, 0.03899060263882263, 0.007047770109692707, 0.0, 0.031627172385883945, 0.0, 0.0, 0.0, 0.0029661807967630983, 0.0, 0.012449832039966411, 0.01637539422539757, 0.0009432872875408094, 0.0019335898889634602]}