{"labels": [0, 1, 2, 3, 4, 5, 6, 7, 8, 9, 10, 11, 12, 13, 14, 15, 16, 17, 18, 19, 20, 21, 22, 23, 24, 25, 26, 27, 28, 29, 30, 31, 32, 33, 34, 35, 36, 37, 38, 39], "data": [0.0, 0.006420039676122729, 0.0, 0.027456287671127896, 0.019994780773738514, 0.06274222837534346, 0.00012195272796617729, 0.0, 0.0, 0.0, 0.010373428033993546, 0.0, 0.0012687393380221934, 0.0, 0.0, 0.04494860388778988, 0.0011383372278951048, 0.008327037590706066, 0.005080395945471386, 0.0, 0.03801867362360831, 0.0030327282781354493, 0.0, 0.028545264415269757, 0.0, 0.002887886201440147, 0.0, 0.0011301138743295748, 0.0050381548354214625, 0.0, 0.03732024175631017, 0.002965092082066579, 0.0, 0.0, 0.0027063856578760093, 0.0, 0.0, 0.005634881959186448, 0.0004312202606088074, 0.0009232837453178926]}