{"labels": [0, 1, 2, 3, 4, 5, 6, 7, 8, 9, 10, 11, 12, 13, 14, 15, 16, 17, 18, 19, 20, 21, 22, 23, 24, 25, 26, 27, 28, 29, 30, 31, 32, 33, 34, 35, 36, 37, 38, 39], "data": [0.0, 0.0, 0.0, 0.0, 0.0026756793612015485, 0.0, 0.0, 0.03050275176733161, 0.02493148044268595, 0.0, 0.013492490512837456, 0.0, 0.0341502872897808, 4.8734255700586055e-05, 0.023318940957104302, 0.0, 0.0, 0.0, 0.0, 0.0, 0.0, 0.0, 0.0, 0.0012765871763324977, 0.0017718836626209901, 0.0, 0.0014731728428430144, 0.0, 0.013192785251155331, 0.0, 0.0, 0.0, 0.0, 0.0, 0.0, 0.05340898281839737, 0.0033963324095811136, 0.0, 0.0007633324047940601, 0.0]}