{"labels": [0, 1, 2, 3, 4, 5, 6, 7, 8, 9, 10, 11, 12, 13, 14, 15, 16, 17, 18, 19, 20, 21, 22, 23, 24, 25, 26, 27, 28, 29, 30, 31, 32, 33, 34, 35, 36, 37, 38, 39], "data": [0.000937559173911289, 0.0005796780214417407, 0.016707551973606568, 0.0, 0.01775341516189848, 0.01205997449440485, 0.06720266832756028, 0.0012537918242779746, 0.007535541358592505, 0.0, 0.014524764821580225, 0.0, 0.001726762019490285, 0.0, 0.0, 0.0, 0.0, 0.0012545032102508212, 0.0, 0.0, 0.001443024388442253, 0.0, 0.000818571662656622, 0.00010266973778893737, 0.0, 0.006111025396641559, 0.0018175678463501718, 0.059692669563012855, 0.0, 0.0, 0.0, 0.0, 0.0, 0.0, 0.044280083305349785, 0.0, 0.028584786209145285, 0.0, 0.0, 0.0501335831467286]}