{"labels": [0, 1, 2, 3, 4, 5, 6, 7, 8, 9, 10, 11, 12, 13, 14, 15, 16, 17, 18, 19, 20, 21, 22, 23, 24, 25, 26, 27, 28, 29, 30, 31, 32, 33, 34, 35, 36, 37, 38, 39], "data": [0.0, 0.0, 0.0006642689351512816, 0.0005885643489661587, 0.004455591396032338, 0.0, 0.002290566319841839, 0.05104885195484563, 0.0, 0.0, 0.0, 0.0, 0.011673846496653885, 0.0, 0.0, 0.0, 0.0017635109454440317, 0.007062174464503987, 0.0, 0.0, 0.003816920160752625, 0.0053774076478190005, 0.0035195271913413526, 0.00475662819873718, 0.000496166108438374, 0.022150805919942913, 0.0, 0.00044949973724221185, 0.01722511973127334, 0.0, 0.0, 0.0008468400756700733, 0.0004985779320788381, 0.007922570761212493, 0.023139721638244137, 0.0048584841368164, 0.0, 0.08036220829340461, 0.0, 0.0]}