{"labels": [0, 1, 2, 3, 4, 5, 6, 7, 8, 9, 10, 11, 12, 13, 14, 15, 16, 17, 18, 19, 20, 21, 22, 23, 24, 25, 26, 27, 28, 29, 30, 31, 32, 33, 34, 35, 36, 37, 38, 39], "data": [0.013309277991205806, 0.0, 0.0098070370622734, 0.0, 0.023869419282348012, 0.0, 0.015562498116989228, 0.0, 0.0, 0.020427760252144645, 0.0, 0.0, 0.0, 0.02038363448014219, 0.021066157177851368, 0.0, 0.0, 0.0, 0.0, 0.03039016417898585, 0.0, 0.0, 0.055550690545065985, 0.10753974106903287, 0.0, 0.0, 0.0, 0.0, 0.0, 0.0, 0.004385875004595358, 0.0, 0.0, 0.0, 0.0, 0.0, 0.0, 0.00609477163786791, 0.05010379919741213, 0.0003150570920010246]}