{"labels": [0, 1, 2, 3, 4, 5, 6, 7, 8, 9, 10, 11, 12, 13, 14, 15, 16, 17, 18, 19, 20, 21, 22, 23, 24, 25, 26, 27, 28, 29, 30, 31, 32, 33, 34, 35, 36, 37, 38, 39], "data": [0.007897954298204203, 0.0, 0.0, 0.0, 0.014667900955361033, 0.008704695591315455, 0.00033796385902281056, 0.0, 0.00423915875250814, 0.0, 0.0, 0.0, 0.0, 0.0059733535134632205, 0.0008705867096985742, 0.0, 0.0, 0.006634529446038035, 0.0, 0.0005323744454371598, 0.0046254171826412924, 0.004600419420393226, 0.0018384337103947645, 0.0, 0.00024279912512227263, 0.023629306786279898, 0.0, 0.0, 0.0, 0.0, 0.0010013616617098986, 0.003400717847286149, 0.00036717021582982753, 0.02166567664295985, 0.0, 0.0, 0.0208159013923283, 0.06339288756829775, 0.0, 0.0]}