{"labels": [0, 1, 2, 3, 4, 5, 6, 7, 8, 9, 10, 11, 12, 13, 14, 15, 16, 17, 18, 19, 20, 21, 22, 23, 24, 25, 26, 27, 28, 29, 30, 31, 32, 33, 34, 35, 36, 37, 38, 39], "data": [0.0, 0.0564667675959046, 0.0, 0.0, 0.021886498965317736, 0.0, 0.014207053188609346, 0.0, 0.0, 0.005529705004380477, 0.001306639807373191, 0.0, 0.0, 0.0, 0.0, 0.0, 0.0012256416083958565, 0.0, 0.0, 0.0017971634835666395, 0.0, 0.0, 0.0, 0.0, 0.0045546004731731515, 0.0, 0.07929114847061022, 0.04689878858549211, 0.0, 0.004084245359830559, 0.0, 0.0, 0.014130457946111508, 0.007877623924211182, 0.0, 0.0, 0.018013680579978493, 0.00658026919352509, 0.0, 0.0]}