{"labels": [0, 1, 2, 3, 4, 5, 6, 7, 8, 9, 10, 11, 12, 13, 14, 15, 16, 17, 18, 19, 20, 21, 22, 23, 24, 25, 26, 27, 28, 29, 30, 31, 32, 33, 34, 35, 36, 37, 38, 39], "data": [0.0, 0.0, 0.0006185713148201948, 0.0, 0.0, 0.0, 0.01061379457054945, 0.02018410157104252, 0.000796971838776924, 0.0, 0.0, 0.0, 0.0, 0.0, 0.0, 0.0, 0.0, 0.0015836170048523176, 0.0, 0.0009412545717097143, 0.0, 0.004659931010742164, 0.08106340150264556, 0.010317518364349831, 0.0017614210877019247, 0.0005481904367339474, 0.0, 0.0, 0.0, 0.0, 0.05905438684889622, 0.0007884921293421043, 0.001283029067624143, 0.0, 0.0004772719843452003, 0.0, 0.0023663451787890592, 0.0, 0.0, 0.0]}