{"labels": [0, 1, 2, 3, 4, 5, 6, 7, 8, 9, 10, 11, 12, 13, 14, 15, 16, 17, 18, 19, 20, 21, 22, 23, 24, 25, 26, 27, 28, 29, 30, 31, 32, 33, 34, 35, 36, 37, 38, 39], "data": [0.007948721525463881, 0.0, 0.0015792216944104955, 0.0, 0.001394526361404288, 0.003185891228851296, 0.006000175263215499, 0.0, 0.0, 0.0, 0.0, 0.0016592218900203211, 0.01710238094968269, 0.007543981048805514, 0.011501296727229177, 0.00025775817736187136, 0.0, 0.05890122020596274, 0.0032178398127344254, 0.0016607603176473182, 0.009420407322865941, 0.04496207061188337, 0.0051945750670860415, 0.0, 0.0, 0.0043652189907634675, 0.0, 0.0, 0.0, 0.0, 0.044882330440601935, 0.0, 0.027314540315317496, 0.010734120426402396, 0.0035039941597226777, 0.0024725745737857055, 0.005886904761868242, 0.002977322870934719, 0.0505450626830724, 0.0]}