{"labels": [0, 1, 2, 3, 4, 5, 6, 7, 8, 9, 10, 11, 12, 13, 14, 15, 16, 17, 18, 19, 20, 21, 22, 23, 24, 25, 26, 27, 28, 29, 30, 31, 32, 33, 34, 35, 36, 37, 38, 39], "data": [0.00368469517413718, 0.02766091515165134, 0.00022497299443459382, 0.016144703122419293, 0.03748495489327328, 0.0, 0.0, 0.0, 0.0, 0.0, 0.0, 0.0, 0.0035892601367330905, 0.0012281999244386965, 0.0, 0.0, 0.013013748762264502, 0.010373714866047906, 0.0, 0.0, 0.0031241078681147638, 0.011387436637924334, 0.0, 0.0, 0.0, 0.010249018384419066, 0.006392610089291014, 0.0, 0.0011152113218964798, 0.0069665516557018544, 0.0, 0.0004636336827632904, 0.0008332053399698237, 0.026391147142153577, 0.0001528002298647299, 0.007708453086512312, 0.0, 0.021310596735600564, 0.03630208423924976, 0.04514979173729424]}