{"labels": [0, 1, 2, 3, 4, 5, 6, 7, 8, 9, 10, 11, 12, 13, 14, 15, 16, 17, 18, 19, 20, 21, 22, 23, 24, 25, 26, 27, 28, 29, 30, 31, 32, 33, 34, 35, 36, 37, 38, 39], "data": [0.0, 0.0, 0.027585112103760998, 0.03329751514098595, 0.0017054213902305835, 0.0574877138161486, 0.0, 0.01949740501822665, 0.0, 0.0006988310631623787, 0.001212600591789673, 0.0, 0.0, 0.031204150497174354, 0.0, 0.0, 0.002046537022051645, 0.021175157503719157, 0.039386595365543856, 0.0, 0.011410032475549968, 0.023541503510686488, 0.0, 0.0, 0.02236031250923964, 0.0199912212401751, 0.0036263722859365267, 0.028672247965866825, 0.0, 0.0, 0.0, 0.038992813650718654, 0.0, 0.004269135603681063, 0.011388924782170396, 0.0, 0.0, 0.011527654848242296, 0.0, 0.0]}