{"labels": [0, 1, 2, 3, 4, 5, 6, 7, 8, 9, 10, 11, 12, 13, 14, 15, 16, 17, 18, 19, 20, 21, 22, 23, 24, 25, 26, 27, 28, 29, 30, 31, 32, 33, 34, 35, 36, 37, 38, 39], "data": [0.014816911154915404, 0.00016943386293093485, 0.012849727340502092, 0.03445813875743653, 0.014538486326428015, 0.03703808586109224, 0.0, 0.0, 0.0, 0.0006746297269691408, 0.0, 0.0, 0.002910887355300651, 0.006678506156977172, 0.010402066155352968, 0.011213880890250445, 0.0, 0.0007378705250530137, 0.0055514423349532025, 0.002586754057419, 0.012308059712044012, 0.0, 0.0023860038047475475, 0.01132816342787174, 0.003826275395298559, 0.031439577831994754, 0.0023271777173077377, 0.0, 0.0, 0.00374862592540245, 0.0050961056338426226, 0.0, 0.0010132954852068651, 0.020043515765456682, 0.012566330294977794, 0.005062235269636429, 0.0007799519709778883, 0.016042611880961268, 0.0, 0.00010964063558895771]}