{"labels": [0, 1, 2, 3, 4, 5, 6, 7, 8, 9, 10, 11, 12, 13, 14, 15, 16, 17, 18, 19, 20, 21, 22, 23, 24, 25, 26, 27, 28, 29, 30, 31, 32, 33, 34, 35, 36, 37, 38, 39], "data": [0.0, 0.0, 0.0017895201835785117, 0.0, 0.0, 3.951737559622086e-05, 0.014839425545330555, 0.0, 0.0, 0.0, 0.0, 0.00033757149553220804, 0.0, 0.003408053526475278, 0.0, 0.0, 0.0001488461753708081, 0.031940894599729194, 0.006434816212905571, 0.0, 0.0, 0.0, 0.0, 0.04126562926443302, 0.0, 0.033470635254117025, 0.0, 0.0380036113594175, 0.0, 0.008606630650388839, 0.013518354761818506, 0.0, 0.0, 0.0, 0.0, 0.0, 0.0, 0.0, 0.0011449954205125358, 0.0028161900600312552]}