{"labels": [0, 1, 2, 3, 4, 5, 6, 7, 8, 9, 10, 11, 12, 13, 14, 15, 16, 17, 18, 19, 20, 21, 22, 23, 24, 25, 26, 27, 28, 29, 30, 31, 32, 33, 34, 35, 36, 37, 38, 39], "data": [0.007863311046048708, 0.0, 0.0019931293754668175, 0.0, 0.07882231600389775, 0.0, 0.006519461151709245, 0.0, 0.0, 0.003055304133644835, 0.0, 0.0, 0.0, 0.0, 0.0, 0.0, 0.004424457884031351, 0.0, 0.0003717327633561359, 0.0, 0.0, 0.0, 0.00038043561820803314, 0.0, 0.0, 0.007629468897307987, 0.0, 0.0, 0.0, 0.0, 0.003354376198884954, 0.0, 0.0, 0.02092970606319646, 0.01182152199835315, 0.0, 0.0, 0.05191833870909164, 0.0, 0.0]}