{"labels": [0, 1, 2, 3, 4, 5, 6, 7, 8, 9, 10, 11, 12, 13, 14, 15, 16, 17, 18, 19, 20, 21, 22, 23, 24, 25, 26, 27, 28, 29, 30, 31, 32, 33, 34, 35, 36, 37, 38, 39], "data": [0.0034990520623566198, 0.002124170300193556, 0.0, 0.042664629422212, 0.0, 0.0, 0.024034448799405552, 0.0, 0.0, 0.0, 0.0008084093692277392, 0.0, 0.0, 0.0018173591546103598, 0.0, 0.0009184974710010791, 0.003350399947082979, 0.0, 0.0, 0.0, 0.0, 0.04827540799456897, 0.0, 0.04676100533982063, 0.0, 0.0, 0.0, 0.0, 0.0, 0.018900403230232888, 0.0, 0.0, 0.0, 0.0, 0.0, 0.0, 0.0, 0.006858916930555523, 0.0, 0.0]}