{"labels": [0, 1, 2, 3, 4, 5, 6, 7, 8, 9, 10, 11, 12, 13, 14, 15, 16, 17, 18, 19, 20, 21, 22, 23, 24, 25, 26, 27, 28, 29, 30, 31, 32, 33, 34, 35, 36, 37, 38, 39], "data": [0.0030350393996392677, 0.0, 0.01951322015879723, 0.000306217200234242, 0.003224722987830192, 0.0, 0.0, 0.0, 0.0, 0.0063083126311371494, 0.09421748144463325, 0.0016484776693432976, 0.0, 0.0023278885939439498, 0.0, 0.0, 0.030383253382685334, 0.0, 0.0, 0.022537503008782298, 0.0, 0.0, 0.0006661447535691136, 0.0, 0.01753393204710538, 0.0, 0.0, 0.0, 0.0, 0.002725043202237708, 0.0, 0.0, 0.0, 0.024495748823516617, 0.0, 0.0, 0.0, 0.0, 0.0, 0.04139003902772367]}