{"labels": [0, 1, 2, 3, 4, 5, 6, 7, 8, 9, 10, 11, 12, 13, 14, 15, 16, 17, 18, 19, 20, 21, 22, 23, 24, 25, 26, 27, 28, 29, 30, 31, 32, 33, 34, 35, 36, 37, 38, 39], "data": [0.0, 0.0, 0.0, 0.0012410116634278387, 0.00023785323835259035, 0.0, 0.0, 0.05604794119088221, 0.01587146215552174, 0.0, 0.0041795648611668975, 0.012322519640662472, 0.009079354978961892, 0.0, 0.0, 0.0005895026279480624, 0.004223756978141823, 0.0, 0.0, 0.0009906173887537964, 0.0, 0.015833352485577743, 0.001725764053691623, 0.0, 0.0007552134980844394, 0.0, 0.00017945371416992016, 0.0007459683027393274, 0.0, 0.0, 0.006513279662348564, 0.0, 0.0020121467737886246, 0.04277182973376228, 0.0, 0.004130202650225384, 0.004337630797826863, 0.015021535267802507, 0.0, 0.0022943838649754395]}