{"labels": [0, 1, 2, 3, 4, 5, 6, 7, 8, 9, 10, 11, 12, 13, 14, 15, 16, 17, 18, 19, 20, 21, 22, 23, 24, 25, 26, 27, 28, 29, 30, 31, 32, 33, 34, 35, 36, 37, 38, 39], "data": [0.0, 0.0, 0.0625793999345116, 0.0, 0.015512145827053049, 0.0017794819514469185, 0.015251408814920223, 0.0, 0.004308419076628639, 0.0, 0.0, 0.009505029461318735, 0.0, 0.00311275332280719, 0.0, 0.002934850962883153, 0.0, 0.004068419070532397, 0.001203736990766439, 0.0, 0.0, 0.0035124290371229905, 0.0, 0.0, 0.0, 0.0, 0.0, 0.0, 0.0, 0.0, 0.0, 0.0007235510168522966, 0.0005202033853553126, 0.0, 0.0, 0.005679036211481535, 0.005072806785462686, 0.0, 0.0, 0.0]}