{"labels": [0, 1, 2, 3, 4, 5, 6, 7, 8, 9, 10, 11, 12, 13, 14, 15, 16, 17, 18, 19, 20, 21, 22, 23, 24, 25, 26, 27, 28, 29, 30, 31, 32, 33, 34, 35, 36, 37, 38, 39], "data": [0.0, 0.0, 0.001889335617071485, 0.0, 0.016052584302443103, 0.002335333549928101, 0.0, 0.0, 0.0, 0.017356533549931746, 0.0, 0.0, 0.0, 0.0, 0.0, 0.003059111770811599, 0.0906395874464391, 0.0, 0.0, 0.025390950058250886, 0.0, 0.00917837769986953, 0.0, 0.0, 0.03018437293885679, 0.0, 0.0018738232515309137, 0.0022834622910416274, 0.006945079943002393, 0.0, 0.0, 0.00396415012950864, 0.0, 0.0, 0.02337126433687149, 0.0, 0.0, 0.0071092173703237605, 0.0006222810977767549, 0.04537686031227382]}