{"labels": [0, 1, 2, 3, 4, 5, 6, 7, 8, 9, 10, 11, 12, 13, 14, 15, 16, 17, 18, 19, 20, 21, 22, 23, 24, 25, 26, 27, 28, 29, 30, 31, 32, 33, 34, 35, 36, 37, 38, 39], "data": [0.0028061664874668196, 0.0, 0.003606627559025764, 0.0, 0.014734888816316963, 0.0, 0.0, 0.0, 0.0, 0.02825234656740601, 0.0, 0.0, 0.0, 0.04166051617340231, 0.0, 0.0005673049623943476, 0.0, 0.0, 0.0009254364085232699, 0.0, 0.0, 0.0, 0.0, 0.0, 0.06382829169048031, 0.0, 0.058928181250499624, 0.0006526808418256395, 0.019789228217346532, 0.0, 0.0, 0.0059965552755285026, 0.0, 0.013276841908847451, 0.0, 0.0, 0.02128218754761956, 0.004723625060505655, 0.0, 0.0]}