{"labels": [0, 1, 2, 3, 4, 5, 6, 7, 8, 9, 10, 11, 12, 13, 14, 15, 16, 17, 18, 19, 20, 21, 22, 23, 24, 25, 26, 27, 28, 29, 30, 31, 32, 33, 34, 35, 36, 37, 38, 39], "data": [0.0, 0.06813471194740735, 0.024667842392562228, 0.012181542073307067, 0.0, 0.01686226860369039, 0.006360978874465593, 0.0, 0.0, 0.0, 0.0012268944200602486, 0.0053756523090879, 0.0, 0.0, 0.0, 0.0, 0.0, 0.01760258340227352, 0.01789365476388986, 0.007608320041777512, 0.0, 0.0, 0.0, 0.005217087650847723, 0.0, 0.0020150328608390094, 0.005947742317872357, 0.02132776178663492, 0.003286666490691036, 0.0, 0.0, 0.0, 0.003137891684967347, 0.0045808198203588935, 0.0, 0.0, 0.030604973180975516, 0.0, 0.03435452913023233, 0.0]}