{"labels": [0, 1, 2, 3, 4, 5, 6, 7, 8, 9, 10, 11, 12, 13, 14, 15, 16, 17, 18, 19, 20, 21, 22, 23, 24, 25, 26, 27, 28, 29, 30, 31, 32, 33, 34, 35, 36, 37, 38, 39], "data": [0.06283333990602481, 0.0, 0.003285271114959238, 0.0, 0.002920012173118306, 0.0017355095426265306, 0.022476761194051197, 0.003677162891675166, 0.043683525593813735, 0.0038229429889803193, 0.0, 0.0, 0.0, 0.0, 0.0, 0.0, 0.02809271759072228, 0.013025237311731329, 0.0, 0.0, 0.0, 0.03948667544259995, 0.0, 0.0, 0.009009888137476623, 0.0, 0.0, 0.006030035616235103, 0.0010773881573608688, 0.0, 0.0, 0.014189487099766387, 0.0, 0.0, 0.009551012067081038, 0.0, 0.0, 0.0, 0.0012183063230158215, 0.016961204347184775]}