{"labels": [0, 1, 2, 3, 4, 5, 6, 7, 8, 9, 10, 11, 12, 13, 14, 15, 16, 17, 18, 19, 20, 21, 22, 23, 24, 25, 26, 27, 28, 29, 30, 31, 32, 33, 34, 35, 36, 37, 38, 39], "data": [0.009794474638138645, 0.0, 0.0, 0.0, 0.004520678720492203, 0.0, 0.0, 0.0, 0.0, 0.0, 0.002405556146429192, 0.0, 0.0, 0.0, 0.0, 0.0, 0.0, 0.004594055820828074, 0.0, 0.0, 0.0048705808631873074, 0.0, 0.0430589599224231, 0.08486814514454387, 0.0, 0.0, 0.0, 0.0020829969091756832, 0.0, 0.0, 0.0, 0.0, 0.10634823735142368, 0.012350931965980737, 0.0019962063016273237, 0.008775044973126275, 0.03018613433017395, 0.0, 0.0, 0.0]}