{"labels": [0, 1, 2, 3, 4, 5, 6, 7, 8, 9, 10, 11, 12, 13, 14, 15, 16, 17, 18, 19, 20, 21, 22, 23, 24, 25, 26, 27, 28, 29, 30, 31, 32, 33, 34, 35, 36, 37, 38, 39], "data": [0.004892437993155395, 0.08273551141071682, 0.00503137448812184, 0.0, 0.007648719840493022, 0.0, 0.031860552661366524, 0.029913012935843697, 0.012352627249142505, 0.0, 0.0034357011238275222, 0.0, 0.0, 0.0, 0.001431069727278013, 0.0, 0.0, 0.0, 0.004734554830041221, 0.023093672655166902, 0.0, 0.0, 0.0, 0.0, 0.0006675390534884163, 0.0, 0.004805165873229075, 0.0, 0.0, 0.0, 0.0, 0.0006386065680028563, 0.0008831542220158913, 0.04227102172692398, 0.0, 0.011768651844268925, 0.0, 0.005320484034382234, 0.030935948272553873, 0.0]}