{"labels": [0, 1, 2, 3, 4, 5, 6, 7, 8, 9, 10, 11, 12, 13, 14, 15, 16, 17, 18, 19, 20, 21, 22, 23, 24, 25, 26, 27, 28, 29, 30, 31, 32, 33, 34, 35, 36, 37, 38, 39], "data": [0.0, 0.0, 0.0, 0.0, 0.012684724533364791, 0.0, 0.00823033520215621, 0.0, 0.0, 0.0006921969065823194, 0.0, 0.0, 0.02847690251010817, 0.0, 0.0, 0.0, 0.008655496202506415, 0.00029474320300165637, 0.0, 0.0, 0.0, 0.0019374621775718563, 0.0, 0.0053291105046496074, 0.0029109718514818855, 0.010956844174126826, 0.05476080513469008, 0.03676366746551604, 0.0, 0.0, 0.0, 0.0, 0.0572851562154136, 0.007133395465689579, 0.01153888209212729, 0.0, 0.0, 0.04870206545026541, 0.0, 0.0]}