{"labels": [0, 1, 2, 3, 4, 5, 6, 7, 8, 9, 10, 11, 12, 13, 14, 15, 16, 17, 18, 19, 20, 21, 22, 23, 24, 25, 26, 27, 28, 29, 30, 31, 32, 33, 34, 35, 36, 37, 38, 39], "data": [0.0, 0.0, 0.02021608342693736, 0.0, 0.018934803699244294, 0.010705130611668662, 0.007483160127161723, 6.901698952794242e-05, 0.0, 0.012744770785924153, 0.0, 0.002951139053815818, 0.0021492790650331395, 0.017158774310076758, 0.0031558028704338726, 0.0032697028955938055, 0.0, 0.02106151087386803, 0.01671346177466971, 0.0015091970622540332, 0.0033827278636248963, 0.010311247753880664, 0.0019643041512781042, 0.0, 0.0, 0.03660223365067631, 2.6035872998712502e-05, 0.0, 0.007188269295847951, 0.0, 0.0, 0.0, 0.0, 0.0028119621345462638, 0.015712122202392403, 0.0, 0.0, 0.00173393514236664, 0.04850759838872099, 0.02659556237841849]}