{"labels": [0, 1, 2, 3, 4, 5, 6, 7, 8, 9, 10, 11, 12, 13, 14, 15, 16, 17, 18, 19, 20, 21, 22, 23, 24, 25, 26, 27, 28, 29, 30, 31, 32, 33, 34, 35, 36, 37, 38, 39], "data": [0.002590473862682311, 0.0, 0.01138378582053091, 0.0, 0.0, 0.0, 0.019340671200599013, 0.0, 0.03303915936386408, 0.0002222865534789586, 0.0, 0.0008470829934923181, 0.0, 0.01659649653270376, 0.0, 0.0, 0.0, 0.047680230657753106, 0.0, 0.0, 0.0, 0.013723640078392628, 0.0, 0.036641145113853475, 0.0, 0.004078993604508049, 0.004594924078956138, 0.0, 0.0, 0.0, 0.021362259477895117, 0.0020924888647133157, 0.0, 0.0, 0.037657612513616545, 0.05539686579826476, 0.006038412318893561, 0.0, 0.009035149140657579, 0.002346554109238483]}