{"labels": [0, 1, 2, 3, 4, 5, 6, 7, 8, 9, 10, 11, 12, 13, 14, 15, 16, 17, 18, 19, 20, 21, 22, 23, 24, 25, 26, 27, 28, 29, 30, 31, 32, 33, 34, 35, 36, 37, 38, 39], "data": [0.008177439360521073, 0.0023800971565666913, 0.00048726610775537123, 0.0, 0.0, 7.236637188093737e-05, 0.014785282898081023, 0.0, 0.0, 0.0047516562580682715, 0.008512579195729973, 0.0, 0.015609139456852585, 0.0, 0.0003824359163860706, 0.0007105616120874165, 0.0076129015804450775, 0.003524636253650902, 0.0, 0.0018336089590924936, 0.03352183536508374, 0.007415680749183613, 0.01946339803133564, 0.03912759530312338, 0.07598336565454634, 0.0014402103824419634, 0.003902055239817464, 0.0, 0.0019512468797131353, 0.013441874244992904, 0.0036642220152688612, 0.0001737426251906981, 0.001822822971008804, 0.0, 0.0, 0.0, 0.0, 0.001557332961868549, 0.0017253997793041926, 0.002502139226242811]}