{"labels": [0, 1, 2, 3, 4, 5, 6, 7, 8, 9, 10, 11, 12, 13, 14, 15, 16, 17, 18, 19, 20, 21, 22, 23, 24, 25, 26, 27, 28, 29, 30, 31, 32, 33, 34, 35, 36, 37, 38, 39], "data": [0.0, 0.0, 0.0, 0.0, 0.0, 0.0012871669363252827, 0.012463820970524406, 0.06563967548320068, 0.0, 0.0, 0.0, 0.0, 0.0002660940773677888, 0.0, 0.0, 0.0, 0.010592559531772867, 0.0, 0.0, 0.0, 0.0, 0.0, 0.002053038233217827, 0.0, 0.000769866280382036, 0.0, 0.0, 0.001663325698612648, 0.008661895336653343, 0.0, 0.011295733653991644, 0.0004925635036308752, 0.0, 0.0054045002686424195, 0.0, 0.0, 0.0, 0.0, 0.0017295063789090884, 0.0]}