{"labels": [0, 1, 2, 3, 4, 5, 6, 7, 8, 9, 10, 11, 12, 13, 14, 15, 16, 17, 18, 19, 20, 21, 22, 23, 24, 25, 26, 27, 28, 29, 30, 31, 32, 33, 34, 35, 36, 37, 38, 39], "data": [0.0034557815430352073, 0.0, 0.0, 0.0, 0.0, 0.0, 0.0, 0.0015731538972734453, 0.0, 0.0, 0.0, 0.0, 0.0, 0.002871870360974195, 0.00462247882323408, 0.0, 0.0, 0.0, 0.018880157837957566, 0.04369702867104088, 0.0, 0.0, 0.0, 0.007120050985306409, 0.0552072676556014, 0.0, 0.0, 0.0, 0.0, 0.0, 0.003547200409900993, 0.0, 0.0069093899493850724, 0.0, 0.0, 0.09757875073304462, 0.012706010969994712, 0.0, 0.0, 0.0]}