{"labels": [0, 1, 2, 3, 4, 5, 6, 7, 8, 9, 10, 11, 12, 13, 14, 15, 16, 17, 18, 19, 20, 21, 22, 23, 24, 25, 26, 27, 28, 29, 30, 31, 32, 33, 34, 35, 36, 37, 38, 39], "data": [0.0023817580817705815, 0.005073308109433888, 0.0, 0.0, 0.0019256762500390922, 0.0, 0.02531861893776768, 0.0, 0.0, 0.0, 0.03982006791957683, 0.0, 0.0, 0.0, 0.0004584879287128093, 0.0, 0.0, 0.007224605185176914, 0.008475192018396319, 0.0, 0.007098563359167694, 0.0, 0.0, 0.002638704409219512, 0.0, 0.0, 0.0025093065209219386, 0.0, 0.004180452088239828, 0.01927189942026171, 0.0, 0.0001776154381646625, 0.0, 0.006167708570764281, 0.00459385554537287, 0.0, 0.0, 0.0003828998251814386, 0.0, 0.07320446906373546]}