{"labels": [0, 1, 2, 3, 4, 5, 6, 7, 8, 9, 10, 11, 12, 13, 14, 15, 16, 17, 18, 19, 20, 21, 22, 23, 24, 25, 26, 27, 28, 29, 30, 31, 32, 33, 34, 35, 36, 37, 38, 39], "data": [0.013403266934724595, 0.002120503188258645, 0.0005858607813619655, 0.036855335268968975, 0.05012417963603231, 0.016539079445530146, 0.012748148242188638, 0.0, 0.0, 0.01400528957953517, 0.0, 0.004228721926251611, 0.0, 0.0, 0.012975624984730903, 0.0, 0.0, 0.0, 0.0, 0.0, 0.0, 0.0, 0.0, 0.0067691654975751275, 0.0021855332169492016, 0.005246143142513518, 0.0, 0.029866654267788444, 0.0035370240059345503, 0.0015669855460599899, 0.0, 0.0, 0.002885785683166787, 0.0, 0.03929294489438063, 0.0, 0.003875418959262251, 0.0116131734932283, 0.005501637312632199, 0.0030466027713784787]}