{"labels": [0, 1, 2, 3, 4, 5, 6, 7, 8, 9, 10, 11, 12, 13, 14, 15, 16, 17, 18, 19, 20, 21, 22, 23, 24, 25, 26, 27, 28, 29, 30, 31, 32, 33, 34, 35, 36, 37, 38, 39], "data": [0.0, 0.0, 0.0, 0.0, 0.00014586604107039283, 0.0, 0.04662987849062813, 0.0, 0.0, 0.0, 0.06572235065724151, 0.0, 0.0, 0.0, 0.0, 0.0008924618976400561, 0.0, 0.008200735654226392, 0.0, 0.0, 0.0, 0.0, 0.0, 0.0, 0.0, 0.0, 0.0, 0.0, 0.0, 0.0, 0.0, 0.0, 0.0, 0.0, 0.003303806676271868, 0.0644133478775156, 0.0, 0.0, 0.0, 0.0]}