{"labels": [0, 1, 2, 3, 4, 5, 6, 7, 8, 9, 10, 11, 12, 13, 14, 15, 16, 17, 18, 19, 20, 21, 22, 23, 24, 25, 26, 27, 28, 29, 30, 31, 32, 33, 34, 35, 36, 37, 38, 39], "data": [0.0, 0.009788184169882079, 0.0, 0.0, 0.0, 0.022899995954949483, 0.0, 0.05218572961458493, 0.0, 0.011504282831114187, 0.0, 0.0023072991125841643, 0.0, 0.0, 0.0048380016354420165, 0.0, 0.0, 0.017353894492791525, 0.0, 0.0, 0.005760590391992731, 0.013942510230776074, 0.008795983155038515, 0.0, 0.0, 0.0, 0.0, 0.0, 0.0, 0.0, 0.0, 0.0, 0.0, 0.0, 0.0, 0.0, 0.0, 0.0, 0.0, 0.0]}