{"labels": [0, 1, 2, 3, 4, 5, 6, 7, 8, 9, 10, 11, 12, 13, 14, 15, 16, 17, 18, 19, 20, 21, 22, 23, 24, 25, 26, 27, 28, 29, 30, 31, 32, 33, 34, 35, 36, 37, 38, 39], "data": [0.0, 0.0014724280501361839, 0.009280981932984392, 0.0, 0.0, 0.0, 0.0, 0.0, 0.0030023483669631983, 0.0, 0.018793251651646036, 0.0, 0.0, 0.0, 0.0, 0.0, 0.0, 0.0, 0.0, 0.0, 0.0, 0.0, 0.007016421844938884, 0.0, 0.0027930686154621397, 0.0, 0.0001523283823350938, 0.0, 0.0, 0.03438373924673865, 0.0, 0.0032972781775401886, 0.0006739221873846633, 0.07943833294339508, 0.0, 0.0, 0.0, 0.0, 0.0, 0.0]}