{"labels": [0, 1, 2, 3, 4, 5, 6, 7, 8, 9, 10, 11, 12, 13, 14, 15, 16, 17, 18, 19, 20, 21, 22, 23, 24, 25, 26, 27, 28, 29, 30, 31, 32, 33, 34, 35, 36, 37, 38, 39], "data": [0.0013136516553125602, 0.028402368876553598, 0.00011274704584285906, 0.02429038857013699, 0.013124624517325644, 0.0, 0.026631674516684065, 0.0322187635093145, 0.0, 0.008068972854135253, 0.0025487176239342075, 0.0051426002293260544, 0.0, 0.0, 0.013266075443061227, 7.307129109002107e-05, 0.0, 0.003494610672613119, 0.00543241510931736, 0.0, 0.0, 0.0, 0.0, 0.0, 0.00032109169415298115, 0.03227168304632046, 0.0, 0.0, 0.005366508087067846, 0.0, 0.0006813803635642403, 0.0004986012437993373, 0.0, 0.0051503832685391064, 0.0, 0.0055378170466871945, 0.0028714139354725694, 0.01372096003776462, 0.0032431997759815863, 0.0]}