{"labels": [0, 1, 2, 3, 4, 5, 6, 7, 8, 9, 10, 11, 12, 13, 14, 15, 16, 17, 18, 19, 20, 21, 22, 23, 24, 25, 26, 27, 28, 29, 30, 31, 32, 33, 34, 35, 36, 37, 38, 39], "data": [0.006813241678735509, 0.0, 0.0, 0.0, 0.058249108268541676, 0.0, 0.02471473520999629, 0.0, 0.0076509956439193205, 0.0, 0.007887833221929725, 0.0, 0.031077317774183624, 0.0, 0.0, 0.0007453215929768633, 0.00047236798629030253, 0.0, 0.002177642149520148, 0.0, 0.0, 0.031082468818058227, 0.003814128922603769, 0.003933917928781347, 0.0, 0.0, 0.0004154346049290479, 0.0, 0.005085617179028497, 0.0, 0.000855492175732786, 0.0, 0.0, 0.0, 0.032570699929951284, 0.02599678486515887, 0.002283322716217941, 0.008775535539441976, 0.0, 0.0002348227244336578]}