{"labels": [0, 1, 2, 3, 4, 5, 6, 7, 8, 9, 10, 11, 12, 13, 14, 15, 16, 17, 18, 19, 20, 21, 22, 23, 24, 25, 26, 27, 28, 29, 30, 31, 32, 33, 34, 35, 36, 37, 38, 39], "data": [0.005103588676492129, 0.01930098014101283, 0.0, 0.0, 0.00036998392826234633, 0.012557377092547556, 0.04393513443112681, 0.0, 0.0, 0.0, 0.005441346628550281, 0.0020093120547335897, 0.0, 0.04595638617336695, 0.013197423511551952, 0.0007574458406475119, 0.0, 0.0, 0.008808569979345636, 0.0, 0.0050337134463410114, 0.0, 0.0, 0.0, 0.0, 0.0, 0.0, 0.00011913269839313905, 0.0004326315653209735, 0.01086678184500447, 0.0, 0.0, 0.006279775614094979, 0.0, 0.0007139050300450318, 0.0, 0.0, 0.0, 0.006244829511918297, 0.0014542978770299042]}