{"labels": [0, 1, 2, 3, 4, 5, 6, 7, 8, 9, 10, 11, 12, 13, 14, 15, 16, 17, 18, 19, 20, 21, 22, 23, 24, 25, 26, 27, 28, 29, 30, 31, 32, 33, 34, 35, 36, 37, 38, 39], "data": [0.0, 0.0013024970959934316, 0.0, 0.03582642087899926, 0.0, 0.0, 0.0, 0.0, 0.0, 0.0, 0.0, 0.0, 0.0, 0.0010389165467456906, 0.0, 0.0, 0.007931758664997948, 0.010476878492528326, 0.0, 0.0, 0.0, 0.0, 0.0007223169743136165, 0.017396789308438698, 0.0, 0.0, 0.0007056633922107891, 0.005635164543145599, 0.000911183717173066, 0.0, 0.0, 0.0, 0.0, 0.046682178782616164, 0.0, 0.03301276956458753, 0.0, 0.0, 0.0, 0.0]}