{"labels": [0, 1, 2, 3, 4, 5, 6, 7, 8, 9, 10, 11, 12, 13, 14, 15, 16, 17, 18, 19, 20, 21, 22, 23, 24, 25, 26, 27, 28, 29, 30, 31, 32, 33, 34, 35, 36, 37, 38, 39], "data": [0.0, 0.0, 0.0, 0.0, 0.0, 0.02201987892669954, 0.0, 0.02891407288082633, 0.0, 0.014477120800045765, 0.0, 0.0, 0.0946869672093363, 0.0, 0.006863606061073037, 0.0, 0.003288913741763816, 0.0, 0.003952604047946956, 0.04064314316100078, 0.0, 0.022017148783870597, 0.059185908405796864, 0.0, 0.0, 0.007621816290670308, 0.0, 0.0025718864602461504, 0.002747433435292296, 0.005849528206237871, 0.0, 0.0, 0.030605729175936427, 0.0004415519999969022, 0.0011905778189036027, 0.002850887062951536, 0.061993740246911455, 0.0, 0.02364740016260763, 0.0]}