{"labels": [0, 1, 2, 3, 4, 5, 6, 7, 8, 9, 10, 11, 12, 13, 14, 15, 16, 17, 18, 19, 20, 21, 22, 23, 24, 25, 26, 27, 28, 29, 30, 31, 32, 33, 34, 35, 36, 37, 38, 39], "data": [0.001030662945038492, 0.016781723394679444, 0.0, 0.0, 0.0, 0.013977457839404064, 0.006637608530010318, 0.0, 0.021044560460091497, 0.0007749643264068001, 0.029047319351325995, 0.002101036923848806, 0.025036169351795617, 0.0, 0.017079323799627375, 0.0317507074913532, 0.0, 0.0, 0.007625151210975119, 0.0, 0.0, 0.0, 0.0, 0.000559199980245466, 0.0, 0.0, 0.0043643841690627185, 0.0, 0.0, 0.0, 0.0, 0.0, 0.0010750730887099517, 0.07209358838131441, 0.0, 0.0, 0.0, 0.0, 0.03005808402238732, 0.04563699619140485]}