{"labels": [0, 1, 2, 3, 4, 5, 6, 7, 8, 9, 10, 11, 12, 13, 14, 15, 16, 17, 18, 19, 20, 21, 22, 23, 24, 25, 26, 27, 28, 29, 30, 31, 32, 33, 34, 35, 36, 37, 38, 39], "data": [0.00389067328223636, 0.0, 0.020716580067866103, 0.0003464990371010718, 0.04368262269586455, 0.0, 0.019483208856209324, 0.0, 0.0, 0.0, 0.0, 0.0, 0.017306201596392328, 0.0008528408997674636, 0.010589347798879713, 0.0, 0.03887537862689498, 0.008437751259100101, 0.00517419260656241, 0.00032505647487507546, 0.0, 0.0, 0.0, 0.0, 0.0, 0.0, 0.0, 0.002530938334515951, 0.007156040793322489, 0.014117500642702384, 0.0, 0.0005753361880382061, 0.0016098252578105054, 0.005308370233447084, 0.019143726534234077, 0.0039308547881333755, 0.0, 0.01242498101243609, 0.0, 0.0]}