{"labels": [0, 1, 2, 3, 4, 5, 6, 7, 8, 9, 10, 11, 12, 13, 14, 15, 16, 17, 18, 19, 20, 21, 22, 23, 24, 25, 26, 27, 28, 29, 30, 31, 32, 33, 34, 35, 36, 37, 38, 39], "data": [0.0011161636823843943, 0.0, 0.0, 0.0359309723586857, 0.018299183175017077, 0.0005854104419082931, 0.010539275150254507, 0.0, 0.0, 0.04168431419569775, 0.0, 0.0, 0.027738979891688248, 0.0, 0.00021446890312694583, 0.0, 0.0, 0.021139100345748153, 0.0027168901666129197, 0.0, 0.006620707536987229, 0.0005464534074389943, 0.0, 0.0, 0.0, 0.0, 0.0, 0.001773302617284569, 0.000136869742751606, 0.0, 0.0, 0.0, 0.011192528807365109, 0.0, 0.0, 0.0004578437615081015, 0.0, 0.0, 0.0023847307491323155, 0.04448832271489403]}