{"labels": [0, 1, 2, 3, 4, 5, 6, 7, 8, 9, 10, 11, 12, 13, 14, 15, 16, 17, 18, 19, 20, 21, 22, 23, 24, 25, 26, 27, 28, 29, 30, 31, 32, 33, 34, 35, 36, 37, 38, 39], "data": [0.00011717758702897546, 0.0, 0.0007978831808657605, 0.0, 0.004007472495370673, 0.0, 0.03582555801822666, 0.0020672939597058517, 0.0, 0.0, 0.040566437130036055, 0.0, 0.005308859789119633, 0.002668342709901102, 0.0, 0.0, 0.000793053011129448, 0.0, 0.006681300329078553, 0.03525184964939082, 0.0, 4.5307812029755827e-05, 0.0003623084860101218, 0.0, 0.0355061290477865, 0.0, 0.050945858490875004, 0.0, 0.0, 0.0, 0.002294456922221413, 0.0024386175841613444, 0.0026916929471901027, 0.0, 0.0, 0.0, 0.0036477280475171853, 0.03109811324207102, 0.0, 0.0]}