{"labels": [0, 1, 2, 3, 4, 5, 6, 7, 8, 9, 10, 11, 12, 13, 14, 15, 16, 17, 18, 19, 20, 21, 22, 23, 24, 25, 26, 27, 28, 29, 30, 31, 32, 33, 34, 35, 36, 37, 38, 39], "data": [0.0, 0.00096166073715908, 0.0004402634001307799, 0.013389195797092641, 0.03874593191251472, 0.0, 0.008058331603177852, 0.0, 0.003267498058168682, 0.0, 0.0, 2.681713024700038e-06, 0.05851227183645424, 0.0, 0.0, 0.0, 0.027359269852642556, 0.0, 0.0, 0.0, 0.008089010530068313, 0.0, 0.007524480419666311, 0.0, 0.0, 0.0, 0.0, 0.0017180722760165848, 0.02157730756881605, 0.0, 0.0, 0.0, 0.0, 0.0, 0.00965341689111078, 0.0, 0.0, 0.0, 0.0, 0.002272294821547868]}