{"labels": [0, 1, 2, 3, 4, 5, 6, 7, 8, 9, 10, 11, 12, 13, 14, 15, 16, 17, 18, 19, 20, 21, 22, 23, 24, 25, 26, 27, 28, 29, 30, 31, 32, 33, 34, 35, 36, 37, 38, 39], "data": [0.010612384384305465, 0.00966563667352254, 0.005470766916081551, 0.0018758429490762362, 0.006713963177798725, 0.011935439840803098, 0.027674317996084614, 0.0, 0.0009694546649867821, 0.0023155832502303676, 0.004153088686913716, 0.008416342291197365, 0.0, 0.0, 0.0, 0.005710183675405317, 0.0, 0.006100419296365978, 0.0, 0.0, 0.0, 0.006620879040867616, 0.006584748588397135, 0.0217522680396296, 0.005435381143818037, 0.0, 0.005962467784388711, 0.00010710930102415865, 0.001833081620193553, 0.0, 0.0, 0.0001559367807850129, 0.0, 0.005912438812404444, 0.0, 0.05586241549274911, 0.0017395837201562364, 0.0, 0.004968067752305815, 0.0]}