{"labels": [0, 1, 2, 3, 4, 5, 6, 7, 8, 9, 10, 11, 12, 13, 14, 15, 16, 17, 18, 19, 20, 21, 22, 23, 24, 25, 26, 27, 28, 29, 30, 31, 32, 33, 34, 35, 36, 37, 38, 39], "data": [0.0, 0.0, 0.0, 0.0276849193878398, 0.014846272455239546, 0.0, 0.04597567042015641, 0.0, 0.0, 3.6447792232503e-05, 0.0, 0.00017484475531314128, 0.0019016031853986318, 0.0, 0.01346279662989141, 0.018860543503526422, 0.0, 0.0, 0.0026841766989095513, 0.0, 0.00924497599249321, 0.00161168768425819, 0.0004265919770232217, 0.0, 0.0, 0.013711482539300646, 0.0014700180753080445, 0.019124105082103583, 0.005907926078097048, 0.0, 0.0, 0.0, 0.0, 0.02998425050511036, 0.017158090076300137, 0.028919208912805507, 0.0010701653261075777, 0.0, 0.016202885408874507, 0.04001317383181739]}