{"labels": [0, 1, 2, 3, 4, 5, 6, 7, 8, 9, 10, 11, 12, 13, 14, 15, 16, 17, 18, 19, 20, 21, 22, 23, 24, 25, 26, 27, 28, 29, 30, 31, 32, 33, 34, 35, 36, 37, 38, 39], "data": [0.013693171930563198, 0.0, 0.0, 0.057729097587736665, 0.009328625014735187, 0.006095155188422437, 0.00222782712440455, 0.0, 0.0, 0.006564619074443227, 0.012342562221357937, 0.0, 0.0008207056354923689, 0.014377299932907957, 0.0013585349518309303, 0.0, 0.020816059520053727, 0.027271291522710406, 0.0, 0.01585463564099317, 0.006828563658790847, 0.0, 0.0, 0.0038002624594903963, 0.0, 0.04008298007248196, 0.0395383787646091, 0.0009664418473126995, 0.0, 0.01639823239733915, 0.0, 0.0, 0.0, 0.015418381877969477, 0.03331189665624715, 0.0, 0.0, 0.0005274838797011227, 0.022700401859838567, 0.027552057216589116]}