{"labels": [0, 1, 2, 3, 4, 5, 6, 7, 8, 9, 10, 11, 12, 13, 14, 15, 16, 17, 18, 19, 20, 21, 22, 23, 24, 25, 26, 27, 28, 29, 30, 31, 32, 33, 34, 35, 36, 37, 38, 39], "data": [0.005518102960816214, 0.0, 0.0009290376229987923, 0.002109442914879925, 0.01369744189309008, 0.07095999513830265, 0.0006466587530099632, 0.0, 0.0, 0.03860947409206844, 0.006103628699265665, 0.0348961937248922, 0.0, 0.006032648376902564, 0.0, 0.0, 0.01336405762674762, 0.013231991994823139, 0.029823881363506128, 0.03335971281321387, 0.015234535087283878, 0.0022305126572110994, 0.0, 0.030623182745717077, 0.0, 0.0033536333999850503, 0.0, 0.015369146703007345, 0.0, 0.0, 0.006052576585807103, 0.0, 0.002647627390459356, 0.007993889752576084, 0.0, 0.0, 0.014737487613853708, 0.022903528503138634, 0.0013257001110361375, 0.03661567580977652]}