{"labels": [0, 1, 2, 3, 4, 5, 6, 7, 8, 9, 10, 11, 12, 13, 14, 15, 16, 17, 18, 19, 20, 21, 22, 23, 24, 25, 26, 27, 28, 29, 30, 31, 32, 33, 34, 35, 36, 37, 38, 39], "data": [0.0047170211389028814, 0.0, 0.0, 0.07937966842493714, 0.0, 0.0, 0.014880490237115712, 0.0, 0.0, 0.0, 0.0024762143152277792, 0.0, 0.0, 0.0, 0.0, 0.0, 0.0, 0.0, 0.0, 0.03680726330897716, 0.0, 0.0, 0.00105528336717006, 0.0, 0.0, 0.000214390179157496, 0.0, 0.0011088169390478196, 0.010641642390064677, 0.0, 0.0, 0.0, 0.0, 0.02946450829816167, 0.01150734137562561, 0.0, 0.0, 0.0, 0.0, 0.0]}