{"labels": [0, 1, 2, 3, 4, 5, 6, 7, 8, 9, 10, 11, 12, 13, 14, 15, 16, 17, 18, 19, 20, 21, 22, 23, 24, 25, 26, 27, 28, 29, 30, 31, 32, 33, 34, 35, 36, 37, 38, 39], "data": [0.0, 0.003046798745546408, 0.0, 0.0, 0.016648695144888787, 0.0, 0.0036294067158670527, 0.0010943819631471913, 0.0, 0.009903089656742747, 0.0, 0.0, 0.005920015557257723, 0.01347911454444508, 0.006535909250563816, 0.018328551487146474, 0.0014040274144691367, 0.04460467986916819, 0.009901620555242657, 5.822388796329575e-05, 0.0, 0.016563040931875193, 0.033584688519284984, 0.0, 0.0, 0.013537760189726031, 0.0, 0.0009880488924812402, 0.003082012715808221, 0.0, 0.01142166329997173, 0.0020624432464862457, 0.0, 0.014486117614604948, 0.010372426942471527, 0.06922025062902405, 0.0013200606844051678, 0.0018301223757068242, 0.04149597796763927, 0.0]}