{"labels": [0, 1, 2, 3, 4, 5, 6, 7, 8, 9, 10, 11, 12, 13, 14, 15, 16, 17, 18, 19, 20, 21, 22, 23, 24, 25, 26, 27, 28, 29, 30, 31, 32, 33, 34, 35, 36, 37, 38, 39], "data": [0.000183930855747034, 0.0002025323410371394, 0.03155462884155095, 0.01876296909004893, 0.0, 0.020891308602390996, 3.436504420339545e-05, 0.029934299861830826, 0.0, 0.0, 0.006483032363831395, 0.008531954190478305, 0.003261737687857771, 0.0, 0.013428626876890408, 0.003294055225513849, 0.0, 0.002296880330258951, 0.00973991670561351, 0.0, 0.0006957793532543544, 0.0, 0.0, 0.0030712978464610676, 0.0, 0.023530192855126298, 0.0046306201639703766, 0.0, 0.04836419658647605, 0.0, 0.0, 0.0, 0.0, 0.0, 0.010420094216183638, 0.007666103964635102, 0.048580842113809676, 0.0, 0.0006906850818051685, 0.0045521834041150466]}