{"labels": [0, 1, 2, 3, 4, 5, 6, 7, 8, 9, 10, 11, 12, 13, 14, 15, 16, 17, 18, 19, 20, 21, 22, 23, 24, 25, 26, 27, 28, 29, 30, 31, 32, 33, 34, 35, 36, 37, 38, 39], "data": [0.0, 0.0, 0.0, 0.0, 0.009025013496546866, 0.018899090111294637, 0.0, 0.0010474783208534188, 0.0, 0.0, 0.0, 0.0003807484687908191, 0.011282568244344295, 0.040869205470587595, 0.0001678153574034873, 0.020857629903119203, 0.000841907988222973, 0.004854631587705547, 0.013006695870475994, 0.0, 0.0009935625533649278, 0.003214457490343577, 0.007303702112621499, 0.005082013659485041, 0.005020805768611675, 0.0, 0.00022672533133349227, 0.0017323595473061487, 0.001917384089516073, 0.0, 0.010368509219387461, 0.0, 0.0075395300142004715, 0.004521462306829904, 0.0, 0.0, 0.027824448092234874, 0.033387270259530526, 0.03152321364585029, 0.0]}