{"labels": [0, 1, 2, 3, 4, 5, 6, 7, 8, 9, 10, 11, 12, 13, 14, 15, 16, 17, 18, 19, 20, 21, 22, 23, 24, 25, 26, 27, 28, 29, 30, 31, 32, 33, 34, 35, 36, 37, 38, 39], "data": [0.0, 0.007450903435932999, 0.012026052611984125, 0.0, 0.0, 0.0, 0.0, 0.00808610455818497, 0.004066895079565179, 0.009027589527178685, 0.01570642659574675, 0.0033738244454598674, 0.010478760409110655, 0.00098347428715314, 0.014810184077063951, 0.0, 0.00016346846102452466, 0.0, 0.0, 0.0, 0.0, 0.0, 9.221601823149751e-07, 0.0, 0.0, 0.0, 0.0, 0.0, 0.0016885608401698148, 0.02029068670490044, 0.010250790237264632, 0.0, 0.000768829400293109, 0.021747242025067105, 0.0, 0.0, 0.0, 0.006524822916213112, 0.0, 0.00015417553300883726]}