{"labels": [0, 1, 2, 3, 4, 5, 6, 7, 8, 9, 10, 11, 12, 13, 14, 15, 16, 17, 18, 19, 20, 21, 22, 23, 24, 25, 26, 27, 28, 29, 30, 31, 32, 33, 34, 35, 36, 37, 38, 39], "data": [0.0014052516388915876, 0.0, 0.0, 0.020317886925670964, 0.007750105578100167, 0.002206731379911743, 0.004294399238099643, 0.0, 0.024904537543173146, 0.003299622528013807, 0.0, 0.002428430824253735, 0.017760685996609595, 0.0004305723309696878, 0.014566667974214834, 0.0010327458053952078, 0.0009343905231663716, 0.01566888005901071, 0.013601217540637795, 0.0, 0.0, 0.023375217711825422, 0.0012540943510914112, 0.0, 0.0, 0.014361150537095302, 0.0032743509733632304, 0.01115234943304187, 0.0, 0.002436735358698257, 0.03749969086134004, 0.0007862420154872269, 0.00045936864456815936, 0.06772718219015991, 0.0430967353438057, 0.045585590892248534, 0.0, 0.0, 0.0, 0.0010438080696773622]}