{"labels": [0, 1, 2, 3, 4, 5, 6, 7, 8, 9, 10, 11, 12, 13, 14, 15, 16, 17, 18, 19, 20, 21, 22, 23, 24, 25, 26, 27, 28, 29, 30, 31, 32, 33, 34, 35, 36, 37, 38, 39], "data": [0.005498863301926293, 0.0, 0.0, 0.0, 0.0009640056879654873, 0.0, 0.06133257712084246, 2.6873500727978496e-06, 0.004702540642224413, 0.0, 0.0, 0.0, 0.0, 0.0, 0.0, 0.0, 0.0, 0.008331161709265456, 0.0022796050564073364, 0.0, 0.02089519384841251, 0.005119739313526811, 0.00309252391326967, 0.0, 0.0051477058806774344, 0.0, 0.0, 0.00014417265984670308, 0.0, 0.0, 0.034271599633498954, 0.0, 0.0007401857463639135, 0.0, 0.0077761638345027854, 0.0014289821272864402, 0.0, 0.024029998953863794, 0.0, 0.07693197393806776]}