{"labels": [0, 1, 2, 3, 4, 5, 6, 7, 8, 9, 10, 11, 12, 13, 14, 15, 16, 17, 18, 19, 20, 21, 22, 23, 24, 25, 26, 27, 28, 29, 30, 31, 32, 33, 34, 35, 36, 37, 38, 39], "data": [0.0, 0.06011538521889071, 0.036649052751523546, 0.0, 0.0, 0.022686353609148262, 0.010338261860127474, 0.0, 0.0, 0.0027281110346324467, 0.0, 0.0, 0.0, 0.0, 0.0, 0.0, 0.0, 0.0, 0.0, 0.0, 0.004093221088869885, 0.0, 0.14114923437897586, 0.0, 0.0, 0.0, 0.0, 0.0, 0.0, 0.0, 0.0, 0.0003075819470119287, 0.05260995986972613, 0.0, 0.0, 0.08211771263397813, 0.0, 0.0, 0.0, 0.0]}