{"labels": [0, 1, 2, 3, 4, 5, 6, 7, 8, 9, 10, 11, 12, 13, 14, 15, 16, 17, 18, 19, 20, 21, 22, 23, 24, 25, 26, 27, 28, 29, 30, 31, 32, 33, 34, 35, 36, 37, 38, 39], "data": [0.0, 0.0, 0.0, 0.0, 0.004946333082291487, 0.0, 0.04656597832566164, 0.030492734663390576, 0.0049024347326516345, 0.0, 0.0, 0.0, 0.0, 0.0, 0.06820004566297236, 0.0014642382519966693, 0.0, 0.0, 0.0, 0.0, 0.0, 0.0, 0.0, 0.0, 0.0, 0.0, 0.0, 0.0, 0.0, 0.0, 0.0, 0.0, 0.0, 0.03250779299293217, 0.0, 0.0, 0.0, 0.015752317399520495, 0.0, 0.003540838049037314]}