{"labels": [0, 1, 2, 3, 4, 5, 6, 7, 8, 9, 10, 11, 12, 13, 14, 15, 16, 17, 18, 19, 20, 21, 22, 23, 24, 25, 26, 27, 28, 29, 30, 31, 32, 33, 34, 35, 36, 37, 38, 39], "data": [0.005857643467564497, 0.0005850569679649508, 0.0003732858574371683, 0.0, 0.013532554295272559, 0.0, 0.052082500561663324, 0.0, 0.0, 0.003840662396014859, 0.0, 0.0, 0.0, 0.0, 0.020483753449825254, 0.010439159564193798, 0.0, 0.0008175783143778276, 0.0003582678817144883, 0.0, 0.0061211273491682825, 0.0, 0.0, 0.0, 0.0031899302952327524, 0.0, 0.0, 0.02815383682543144, 0.0, 0.0012212175460667937, 0.0, 0.0, 0.0, 0.0008400577847267957, 0.0, 0.0, 0.0, 0.025597026257180164, 0.01134064268628747, 0.0025810741050388457]}