{"labels": [0, 1, 2, 3, 4, 5, 6, 7, 8, 9, 10, 11, 12, 13, 14, 15, 16, 17, 18, 19, 20, 21, 22, 23, 24, 25, 26, 27, 28, 29, 30, 31, 32, 33, 34, 35, 36, 37, 38, 39], "data": [0.08584866722493657, 0.04309427444735084, 0.09715768446361567, 0.0, 0.0, 0.0, 0.0, 0.0, 0.0, 0.03216071299172594, 0.0, 0.0, 0.008459842192174877, 0.012885750326860932, 0.016027103997331715, 0.0, 0.0, 0.003693598001956798, 0.01019806317902346, 0.0, 0.0, 0.0, 0.0, 0.0, 0.0, 0.0031712775238393514, 0.023773784050615476, 0.0, 0.0, 0.0, 0.0, 0.0, 0.0, 0.0, 0.0, 0.0, 0.0037870638651009256, 0.0, 0.0, 0.0]}