{"labels": [0, 1, 2, 3, 4, 5, 6, 7, 8, 9, 10, 11, 12, 13, 14, 15, 16, 17, 18, 19, 20, 21, 22, 23, 24, 25, 26, 27, 28, 29, 30, 31, 32, 33, 34, 35, 36, 37, 38, 39], "data": [0.0, 0.002232578725642143, 0.0, 0.0, 0.0, 0.0, 0.0, 0.03873971103773937, 0.016235092973744935, 0.0, 0.0017655460033953797, 0.022553117444495178, 0.0, 0.0, 0.0010016926081232761, 0.03758133504271175, 0.0, 0.0, 0.0060311353076524426, 0.0, 0.0, 0.0, 0.0, 0.0, 0.0, 0.0, 3.0940175613627344e-05, 0.0, 0.0, 0.019978448643750025, 0.0, 0.008655525817045182, 0.00290975276575531, 0.0, 0.0, 0.0, 0.0, 0.011051187480250219, 0.0, 0.003396056580944337]}