{"labels": [0, 1, 2, 3, 4, 5, 6, 7, 8, 9, 10, 11, 12, 13, 14, 15, 16, 17, 18, 19, 20, 21, 22, 23, 24, 25, 26, 27, 28, 29, 30, 31, 32, 33, 34, 35, 36, 37, 38, 39], "data": [0.00403243888639492, 0.0, 0.0038192570487635496, 0.010518084833610731, 0.0006523187445219019, 0.0, 0.005327399500783193, 0.012193561780406722, 0.0036057876091642365, 0.022396101157795133, 0.0, 0.004055861968508443, 0.008146600521841994, 0.00014946509669682784, 0.0004738784890826743, 0.0, 0.0, 0.05013798407552222, 0.005518360274567769, 0.0, 0.0, 0.0, 0.0, 0.007373590618900362, 0.0, 0.03555386856933425, 0.0003053543698766599, 0.015727172748744453, 0.0, 0.01136257726850396, 0.0005184671168782187, 0.0038601605202166823, 0.0, 0.03440449527127229, 0.0, 0.0678247704391343, 0.00012963465313991574, 0.0, 0.0, 0.0003839762137505692]}