{"labels": [0, 1, 2, 3, 4, 5, 6, 7, 8, 9, 10, 11, 12, 13, 14, 15, 16, 17, 18, 19, 20, 21, 22, 23, 24, 25, 26, 27, 28, 29, 30, 31, 32, 33, 34, 35, 36, 37, 38, 39], "data": [0.007509775729186472, 0.0, 0.0, 0.0, 0.012789859248678712, 0.0, 0.020820411506364645, 0.021555059699070924, 0.0, 0.0, 0.037303316792328435, 0.0, 0.0, 0.0, 0.0013359161136916823, 0.0, 0.002361811057586765, 0.0, 0.005187748769031104, 0.0, 0.0, 0.00246972505207531, 0.00036214707138383125, 0.008131360547666028, 0.01217764417082573, 0.0, 0.0, 0.001171224165606337, 0.0, 0.0, 0.007809193585122615, 0.0, 0.0010941808132938961, 0.0027806474398149273, 0.013116587898662524, 0.002503364927384518, 0.0003137252021863667, 0.0, 0.0, 0.00503111781017914]}