{"labels": [0, 1, 2, 3, 4, 5, 6, 7, 8, 9, 10, 11, 12, 13, 14, 15, 16, 17, 18, 19, 20, 21, 22, 23, 24, 25, 26, 27, 28, 29, 30, 31, 32, 33, 34, 35, 36, 37, 38, 39], "data": [0.0024486596535271974, 0.0030989617166427923, 0.03361629930643425, 0.0, 0.01691871249756249, 0.0, 0.04481659834720013, 0.0032433127190458788, 0.0, 0.0, 0.0, 0.0, 0.0, 0.0, 0.030417286198985097, 0.0, 0.003100529581361023, 0.0, 0.0, 0.0, 0.0, 0.0, 0.0, 0.0, 0.0, 0.0014315826933399257, 0.0, 0.0, 0.009119581939976676, 0.0, 0.0325478006802434, 0.0, 0.0008518270976517712, 0.0, 0.0, 0.0, 0.038894884960475405, 0.0, 0.0, 0.0]}