{"labels": [0, 1, 2, 3, 4, 5, 6, 7, 8, 9, 10, 11, 12, 13, 14, 15, 16, 17, 18, 19, 20, 21, 22, 23, 24, 25, 26, 27, 28, 29, 30, 31, 32, 33, 34, 35, 36, 37, 38, 39], "data": [0.000660033292198721, 0.04463888365263433, 0.0, 0.0, 0.006151451472987677, 0.0, 0.008045101383819664, 0.0, 0.0, 0.0, 0.004920475835276358, 0.0, 0.0, 0.0023930358711569165, 0.0, 0.0, 0.06488400835011333, 0.0, 0.005203104522450186, 0.0005324962712977733, 0.0, 0.0028275346811731552, 0.0, 0.0, 0.0, 0.011139032124199946, 0.0, 0.0, 0.0, 0.0, 0.0, 0.0, 0.0, 0.0, 0.0, 0.004024080765517285, 0.0, 0.0007800536302357214, 0.0, 0.0]}