{"labels": [0, 1, 2, 3, 4, 5, 6, 7, 8, 9, 10, 11, 12, 13, 14, 15, 16, 17, 18, 19, 20, 21, 22, 23, 24, 25, 26, 27, 28, 29, 30, 31, 32, 33, 34, 35, 36, 37, 38, 39], "data": [0.006831143932606809, 0.0, 0.0005681487494021598, 0.0, 0.0, 0.0, 0.0, 0.0, 0.0, 0.012774987846166498, 0.0, 0.0, 0.0, 0.0, 0.0, 0.0, 0.0, 0.0, 0.0017697021495618895, 0.0033808118711287686, 0.001103877559459535, 0.0, 0.0, 0.0, 0.008159639565036705, 0.01723061611555858, 0.0, 0.0011755177418979403, 0.0, 0.0, 0.0, 0.0, 0.0, 0.013106660163228041, 0.03936273848355766, 0.009867381295629135, 0.0, 0.00920508071375301, 0.0, 0.0]}