{"labels": [0, 1, 2, 3, 4, 5, 6, 7, 8, 9, 10, 11, 12, 13, 14, 15, 16, 17, 18, 19, 20, 21, 22, 23, 24, 25, 26, 27, 28, 29, 30, 31, 32, 33, 34, 35, 36, 37, 38, 39], "data": [0.0023945074306609138, 0.004895581570282124, 0.00044329406888988165, 0.0, 0.0, 0.00016387824465842495, 0.021876490766850304, 0.0, 0.007063033559669701, 0.01168524617330342, 0.0, 0.0, 0.0, 0.005404205197959049, 0.0023457721756509477, 0.0014614872009918376, 0.0, 0.0, 0.0, 0.0007135262407780572, 0.0010133246723867623, 0.0, 0.0029363410874249877, 0.010448289703392316, 0.010806123644999086, 0.022041296478976194, 0.002176009609401457, 0.0, 0.0, 0.0, 0.0, 0.0005916511210820015, 0.0, 0.0, 0.0, 0.004628539201609757, 0.0, 0.05285565500203611, 0.005361635604007815, 0.005182821907761523]}