{"labels": [0, 1, 2, 3, 4, 5, 6, 7, 8, 9, 10, 11, 12, 13, 14, 15, 16, 17, 18, 19, 20, 21, 22, 23, 24, 25, 26, 27, 28, 29, 30, 31, 32, 33, 34, 35, 36, 37, 38, 39], "data": [0.0, 0.0, 0.0, 0.0, 0.0, 0.0, 0.0, 0.0, 0.0, 0.0, 0.0, 0.03920675298223197, 0.0, 0.0, 0.0, 0.0, 0.0, 0.0, 0.03692858153471864, 0.0, 0.0, 0.05504613065956002, 0.0, 0.0, 0.0, 0.09465355760333524, 0.0, 0.0, 0.0, 0.0, 0.0, 0.0, 0.0, 0.0, 0.10594296662627453, 0.0, 0.0, 0.0, 0.0, 0.004621750999205049]}