{"labels": [0, 1, 2, 3, 4, 5, 6, 7, 8, 9, 10, 11, 12, 13, 14, 15, 16, 17, 18, 19, 20, 21, 22, 23, 24, 25, 26, 27, 28, 29, 30, 31, 32, 33, 34, 35, 36, 37, 38, 39], "data": [0.0018831590541351188, 0.0012349799275685805, 0.004004181913420761, 0.0, 0.0, 0.0, 0.0, 0.0, 0.0, 0.0, 0.006219057925641172, 0.0, 0.0, 0.012819216708910007, 0.0, 0.003951333886523782, 0.0, 0.009554633612427454, 0.0, 0.0, 0.010814524762067533, 6.175127263878256e-05, 0.0, 0.01982022507246472, 0.015997359131813806, 0.0, 0.00046724930480967374, 0.001030711021872948, 0.0, 0.0, 0.0, 0.0, 0.0028808847122796188, 0.05548389344084431, 0.011477495098125276, 0.0, 0.0, 0.017443357841593454, 0.0009079424062302314, 0.0]}