{"labels": [0, 1, 2, 3, 4, 5, 6, 7, 8, 9, 10, 11, 12, 13, 14, 15, 16, 17, 18, 19, 20, 21, 22, 23, 24, 25, 26, 27, 28, 29, 30, 31, 32, 33, 34, 35, 36, 37, 38, 39], "data": [0.0, 0.004503741224392461, 0.0, 0.03543987222509214, 0.0, 0.013017015477776157, 0.012823069331000499, 0.0161153924697957, 0.0, 0.0, 0.0, 5.714778965822999e-05, 0.0, 0.0, 0.0, 0.0014397352318957694, 0.011145528643664042, 0.0, 0.016031580125562175, 0.000554118008004937, 0.0, 0.0, 0.0, 0.005132667984581416, 0.0, 0.009852981808699592, 0.009292910396757469, 0.0, 0.0, 0.07005961829873025, 0.0, 0.008410551200078761, 0.0, 0.0, 0.0, 0.037099322987361294, 0.004443265135668937, 0.0, 0.013569203491955076, 0.0035316968787301208]}