{"labels": [0, 1, 2, 3, 4, 5, 6, 7, 8, 9, 10, 11, 12, 13, 14, 15, 16, 17, 18, 19, 20, 21, 22, 23, 24, 25, 26, 27, 28, 29, 30, 31, 32, 33, 34, 35, 36, 37, 38, 39], "data": [0.0, 0.003986221255239717, 0.0015032839015094448, 0.0, 0.0, 0.0, 0.004455633181748048, 0.0, 0.0, 0.0, 0.012744415254939545, 0.0, 0.02580994640797741, 0.01026700288969394, 0.0012334657872961987, 0.0, 0.03661440268218687, 0.0, 0.0, 0.0, 1.947327324685323e-05, 0.0, 0.0031166435513422653, 0.06779274427533631, 0.0, 0.02217138865072327, 0.0011679432982015627, 0.0, 0.0, 0.004282626498544676, 0.0, 0.0, 0.0, 0.0, 0.0, 0.0, 0.0, 0.0, 0.00904756034366538, 0.0]}