{"labels": [0, 1, 2, 3, 4, 5, 6, 7, 8, 9, 10, 11, 12, 13, 14, 15, 16, 17, 18, 19, 20, 21, 22, 23, 24, 25, 26, 27, 28, 29, 30, 31, 32, 33, 34, 35, 36, 37, 38, 39], "data": [0.0032400448184437864, 0.0, 0.0, 0.010884392065579089, 0.0, 0.0, 0.040061619029360895, 0.0, 0.003345019923186448, 0.0005593041216239584, 0.0, 0.0, 0.0, 0.0, 0.0017264363643920758, 0.010255793590574047, 0.0, 0.0, 0.0014226395067278505, 0.0, 0.004469754872139563, 0.0, 0.0, 0.0, 0.00105886095110816, 0.0019602357077767073, 0.010921907157444894, 0.0, 0.0028777970079412953, 0.0, 0.0007042788916740391, 0.0, 0.005055125306679834, 0.00047673614264178034, 0.0, 0.06315994577429684, 0.0034198645429570195, 0.03573223218246044, 0.0, 0.0]}