{"labels": [0, 1, 2, 3, 4, 5, 6, 7, 8, 9, 10, 11, 12, 13, 14, 15, 16, 17, 18, 19, 20, 21, 22, 23, 24, 25, 26, 27, 28, 29, 30, 31, 32, 33, 34, 35, 36, 37, 38, 39], "data": [0.0018161609066082304, 0.04856095148868155, 0.001305754255493088, 0.0, 0.0, 0.0, 0.00913829513035982, 0.0, 0.0053505551737447945, 0.008744823032411256, 0.0, 0.0038844833340472298, 0.0, 0.0, 0.0, 0.0, 0.0, 0.004865783225296596, 0.0, 0.0004303954461268228, 0.0, 0.007476740074748849, 0.0, 0.0, 0.0, 0.0015673552278236231, 0.0, 0.03649496217071871, 0.0, 0.0, 0.0, 0.0, 0.0, 0.0, 0.038716014546240934, 0.0, 0.0, 0.0, 0.003440191136356527, 0.0028186421644033344]}