{"labels": [0, 1, 2, 3, 4, 5, 6, 7, 8, 9, 10, 11, 12, 13, 14, 15, 16, 17, 18, 19, 20, 21, 22, 23, 24, 25, 26, 27, 28, 29, 30, 31, 32, 33, 34, 35, 36, 37, 38, 39], "data": [0.0, 0.0, 0.0017412570967854602, 0.0, 0.039938274436578595, 0.0, 0.006267645083146759, 0.0, 0.0, 0.0, 0.0, 0.0, 0.0, 0.0, 0.0, 0.0, 0.0024497711515492258, 0.0, 0.056718316754578085, 0.0, 0.0, 0.04723025620492248, 0.0007523684168122272, 0.0, 0.011113877922254132, 0.0, 0.061673065506972206, 0.0022139298391665096, 0.0, 0.0, 0.0, 0.0, 0.0, 0.0, 0.0, 0.10031341095501406, 0.0, 0.0, 0.0, 0.0]}