{"labels": [0, 1, 2, 3, 4, 5, 6, 7, 8, 9, 10, 11, 12, 13, 14, 15, 16, 17, 18, 19, 20, 21, 22, 23, 24, 25, 26, 27, 28, 29, 30, 31, 32, 33, 34, 35, 36, 37, 38, 39], "data": [0.004178372929549241, 0.0, 0.0015537501657991173, 0.019091425227442022, 0.02735724796706618, 0.0, 0.012202843355267374, 0.0, 0.0, 0.0, 0.0, 0.001173874661066151, 0.0, 0.044194857741090436, 0.0, 0.011424269064848124, 0.0, 0.0, 0.0060041656566776815, 0.0019916865653482395, 0.0, 0.0, 0.0015290059632526876, 0.01688327371229091, 0.029977801552246112, 0.0, 0.0012070210760253943, 0.017371031060273035, 0.07682644494074328, 0.0, 0.028877275139300978, 9.907875293222493e-06, 0.0, 0.0, 0.0, 0.0, 0.0, 0.03262344109052685, 0.0, 0.0]}