{"labels": [0, 1, 2, 3, 4, 5, 6, 7, 8, 9, 10, 11, 12, 13, 14, 15, 16, 17, 18, 19, 20, 21, 22, 23, 24, 25, 26, 27, 28, 29, 30, 31, 32, 33, 34, 35, 36, 37, 38, 39], "data": [0.02863959788937477, 0.0, 0.0, 0.0, 0.021387567687231, 0.0, 0.003853797999678027, 9.179441228635208e-05, 0.10513603177090408, 0.0, 0.0, 0.002570928607141045, 0.0, 0.0, 0.0, 0.0, 0.022358773673951365, 0.025668237852069103, 0.011901319942565387, 0.0, 0.0, 0.0375198271111287, 0.0, 0.0, 0.0, 0.0038287496687244007, 0.0, 0.0, 0.0, 0.0, 0.01707453271142237, 0.0008940233348302202, 0.0, 0.015202839391829105, 0.006344887714101396, 0.0020154670742972905, 0.0, 0.0, 0.0, 0.03688554148752795]}