{"labels": [0, 1, 2, 3, 4, 5, 6, 7, 8, 9, 10, 11, 12, 13, 14, 15, 16, 17, 18, 19, 20, 21, 22, 23, 24, 25, 26, 27, 28, 29, 30, 31, 32, 33, 34, 35, 36, 37, 38, 39], "data": [0.015162145477876433, 0.004655367485924219, 0.0, 0.0020393297349797393, 0.0009111959933419187, 0.0, 0.0, 0.0, 0.00017095507820774215, 0.0, 0.0, 0.00020428371903051477, 0.00017487867462620134, 0.0023618962264512528, 0.0, 0.004861556149405623, 0.0, 0.050862058086833875, 0.008503718566737163, 0.0, 0.0, 0.0, 0.0, 0.0, 0.0, 0.0007025631168787437, 0.0, 0.0, 0.0, 0.0002495039366650118, 0.021651846808378786, 0.0, 0.0034942206191259802, 0.0025450423904607613, 0.008123839719707572, 0.04126491072245003, 0.0, 0.03144796562739528, 0.0, 0.002857929525832242]}