{"labels": [0, 1, 2, 3, 4, 5, 6, 7, 8, 9, 10, 11, 12, 13, 14, 15, 16, 17, 18, 19, 20, 21, 22, 23, 24, 25, 26, 27, 28, 29, 30, 31, 32, 33, 34, 35, 36, 37, 38, 39], "data": [0.012323966192695525, 0.0, 0.0, 0.0, 0.009954726207310735, 0.0, 0.0, 0.00021492076781776085, 0.0, 0.0, 0.0016146464945651512, 0.0, 0.0, 0.033128642908009404, 0.0027316037204955746, 0.0, 0.0, 0.0548425507056118, 0.0030744352572695866, 0.00047502960700426203, 0.0, 0.0, 0.0, 0.0, 0.0, 0.0, 0.003422678192561461, 0.02606909121472172, 0.0, 0.0, 0.0035938609035850284, 0.0, 0.0, 0.023026899485052228, 0.0, 0.020283171039557735, 0.057801856661282694, 0.0016815727681614473, 0.004837317328348872, 0.0]}