{"labels": [0, 1, 2, 3, 4, 5, 6, 7, 8, 9, 10, 11, 12, 13, 14, 15, 16, 17, 18, 19, 20, 21, 22, 23, 24, 25, 26, 27, 28, 29, 30, 31, 32, 33, 34, 35, 36, 37, 38, 39], "data": [0.0, 0.0, 0.001550355666919294, 0.0, 0.0009832486418526712, 0.0, 0.006649171724045346, 0.0, 0.0, 0.008541951776790728, 0.0, 0.0, 0.00039088991834748893, 0.0, 0.0, 0.0002108554244499354, 0.0, 0.009058353251199015, 0.0032234670814522306, 0.0013690706886760285, 0.013572151775053064, 0.006261293731462071, 0.0, 0.0, 0.0016943698541407415, 0.022912291196299128, 0.00011585038947743285, 0.001217615187192707, 0.0, 0.002716717812502984, 0.0013388409366889738, 0.004618024550221253, 0.0, 0.0, 0.0, 0.007249498976618459, 0.0, 0.0, 0.0053290742145837644, 0.0]}