{"labels": [0, 1, 2, 3, 4, 5, 6, 7, 8, 9, 10, 11, 12, 13, 14, 15, 16, 17, 18, 19, 20, 21, 22, 23, 24, 25, 26, 27, 28, 29, 30, 31, 32, 33, 34, 35, 36, 37, 38, 39], "data": [0.0, 0.0007868868911046899, 0.014250595932365084, 0.0, 0.0, 0.0, 0.005745996850102993, 0.001687082331277405, 0.016731097806955274, 0.02220518685110555, 0.04083191432878056, 0.001025737000687368, 0.0026260086435085125, 0.0, 0.0, 0.04675981992615218, 0.00014282954197228004, 0.0, 0.0, 0.0029668319437394096, 0.0, 0.002529544129599061, 0.0022073634374866996, 0.009779082616560146, 0.0, 0.0, 0.0, 0.0, 0.0, 0.007320443568546886, 0.0, 0.005067551702464468, 0.024566435962292153, 0.03672186234934999, 0.00872024745394358, 0.000944305639373644, 0.007325211239175385, 0.0, 0.0, 0.0]}