{"labels": [0, 1, 2, 3, 4, 5, 6, 7, 8, 9, 10, 11, 12, 13, 14, 15, 16, 17, 18, 19, 20, 21, 22, 23, 24, 25, 26, 27, 28, 29, 30, 31, 32, 33, 34, 35, 36, 37, 38, 39], "data": [0.0, 0.0, 0.0017663011230053711, 0.0, 0.008713107521450809, 0.0044041731169358325, 0.0, 0.0, 0.0, 0.032086205619185536, 0.004391199789978977, 0.00127195498809632, 0.0, 0.0010833640702226698, 0.0, 0.0, 0.0, 0.002328471329723216, 0.0, 0.0, 0.0, 0.0, 0.008793960955278754, 0.0335131854310913, 0.014937625360648604, 0.0, 0.0, 0.0, 0.0, 0.0, 0.0, 0.006153201153122655, 0.002300109291019011, 0.0, 0.0, 0.0, 0.0, 0.0, 0.0014414825280193555, 0.004018414038523999]}