{"labels": [0, 1, 2, 3, 4, 5, 6, 7, 8, 9, 10, 11, 12, 13, 14, 15, 16, 17, 18, 19, 20, 21, 22, 23, 24, 25, 26, 27, 28, 29, 30, 31, 32, 33, 34, 35, 36, 37, 38, 39], "data": [0.0040301468228306336, 0.0, 0.036120467738281356, 0.0013711171180363312, 0.02130835486112471, 0.008875049674412355, 0.010313161916635531, 0.0, 0.001279202042827533, 0.00424033469172507, 0.0, 0.0018403705239827101, 0.00270942514121095, 0.0, 0.0, 0.0, 0.0, 0.0, 0.00024312808803617035, 0.0005053891924547785, 0.0, 0.0, 0.0, 0.010724065174103393, 0.0, 0.00393048346530008, 0.0, 0.0, 0.0, 0.0, 0.0, 0.005515932707424569, 0.0005082991703528157, 0.0011890773997599747, 0.00793613009257192, 0.0, 0.00960006281093742, 0.0, 0.0, 0.0024072256252750906]}