{"labels": [0, 1, 2, 3, 4, 5, 6, 7, 8, 9, 10, 11, 12, 13, 14, 15, 16, 17, 18, 19, 20, 21, 22, 23, 24, 25, 26, 27, 28, 29, 30, 31, 32, 33, 34, 35, 36, 37, 38, 39], "data": [0.011074031384366427, 0.01480909913161103, 0.0, 0.015503707005774867, 0.0036111972895351806, 0.0, 0.00582786842164055, 0.0, 0.0, 0.0045869392618214854, 0.001455756746040345, 0.0058262677620706475, 0.0, 0.0, 0.006389888369276373, 0.0, 0.0, 0.014293322857646036, 0.010392055778631988, 1.9210044683894142e-05, 0.025237792767770696, 0.03723094555012966, 0.0, 0.0, 0.0, 0.024105550389437427, 0.0, 0.018781314249415405, 0.0015455827183419272, 0.0, 0.0, 0.0, 0.0, 0.025017359076463398, 0.06317711924088874, 0.0, 0.0, 0.0, 0.0, 0.0021019197322372646]}