{"labels": [0, 1, 2, 3, 4, 5, 6, 7, 8, 9, 10, 11, 12, 13, 14, 15, 16, 17, 18, 19, 20, 21, 22, 23, 24, 25, 26, 27, 28, 29, 30, 31, 32, 33, 34, 35, 36, 37, 38, 39], "data": [0.0, 0.0, 0.0, 0.0, 0.0, 0.0008504401994114607, 0.026651883988506417, 0.0, 0.0, 0.009195883953273544, 0.00011629501918268384, 0.0, 0.03817047881194164, 0.0, 0.0, 0.0, 0.0, 0.002481048353575486, 0.0, 0.0, 0.0, 0.0027564555406566224, 0.0, 0.07317803937999064, 0.0, 0.0, 0.0, 0.0014871787374808596, 0.0, 0.0, 0.0, 0.0, 0.0, 0.0, 0.0, 0.0, 0.0013959766737804474, 0.0, 0.0, 0.0]}