{"labels": [0, 1, 2, 3, 4, 5, 6, 7, 8, 9, 10, 11, 12, 13, 14, 15, 16, 17, 18, 19, 20, 21, 22, 23, 24, 25, 26, 27, 28, 29, 30, 31, 32, 33, 34, 35, 36, 37, 38, 39], "data": [0.005921080797562134, 0.001858228119881162, 0.0, 0.0, 0.002218101217098789, 0.041955415299187976, 0.006617642774310016, 0.0, 0.0, 0.0, 0.0, 0.0017751179898682868, 0.0, 0.0, 0.003914128268205899, 0.0, 0.0, 0.0, 0.0034898721660005763, 0.0, 0.0002686135016680962, 0.0, 0.0019788891001365602, 0.011452988057927905, 0.0, 0.018951085549020693, 0.0007563704229395672, 0.0, 0.0, 0.0, 0.0018412733724081044, 0.0, 0.0, 0.0, 0.0, 0.0, 0.004337015199133804, 0.0, 0.003711996825144813, 0.0]}