{"labels": [0, 1, 2, 3, 4, 5, 6, 7, 8, 9, 10, 11, 12, 13, 14, 15, 16, 17, 18, 19, 20, 21, 22, 23, 24, 25, 26, 27, 28, 29, 30, 31, 32, 33, 34, 35, 36, 37, 38, 39], "data": [0.0075638137293610845, 0.002854283317407709, 0.0, 0.0, 0.0, 0.0483281911161749, 0.0, 0.01678613270091867, 0.0789249270716822, 0.0, 0.004694032939262149, 0.0, 0.007881003368168426, 0.0, 0.027496169958236547, 0.0, 0.0, 0.0, 0.062120198765288036, 0.0, 0.0, 0.02482680470935325, 0.005229131879481334, 0.0, 0.002685909809358611, 0.0, 0.0, 0.0, 0.0021118027237965738, 0.0, 0.0, 0.00044630022268811627, 0.0, 0.0, 0.01652016459348605, 0.0, 0.0001435970429369293, 0.048398703262815236, 0.0, 0.0331992284117207]}