{"labels": [0, 1, 2, 3, 4, 5, 6, 7, 8, 9, 10, 11, 12, 13, 14, 15, 16, 17, 18, 19, 20, 21, 22, 23, 24, 25, 26, 27, 28, 29, 30, 31, 32, 33, 34, 35, 36, 37, 38, 39], "data": [0.006951862458738954, 0.0, 0.0033086276549104962, 0.005356541482850522, 0.00019324402418532274, 0.0, 0.005708315384152845, 0.020446662778030873, 0.005770255305948962, 0.007887223362021285, 0.0014085138397677353, 0.0011286858724103097, 0.0, 0.0, 0.0, 0.0, 0.007975148311380978, 0.016803526199265905, 0.0, 0.00827923474095731, 0.06404222885327114, 0.00011609074121873631, 0.0, 0.02981977836409555, 0.0, 0.04296444641841783, 0.0011634024696289848, 0.002596527683094375, 0.0, 0.0, 0.0, 0.003651473612250407, 0.00028893823389682235, 0.003017722030438467, 0.0, 0.007000973122357426, 0.0, 0.0, 0.0, 0.0]}