{"labels": [0, 1, 2, 3, 4, 5, 6, 7, 8, 9, 10, 11, 12, 13, 14, 15, 16, 17, 18, 19, 20, 21, 22, 23, 24, 25, 26, 27, 28, 29, 30, 31, 32, 33, 34, 35, 36, 37, 38, 39], "data": [0.0, 0.05768902491594969, 0.0, 0.0, 0.0, 0.0, 0.021273768099002416, 0.015929703843757373, 0.03096882056587778, 0.004720594611864594, 0.03723631470582438, 0.0, 0.0, 0.0, 0.0, 0.0, 0.0, 0.0, 0.0, 0.0010636857946987603, 0.00012110446510989188, 0.0, 0.0, 0.0012693393359224526, 4.544251887201023e-05, 0.0, 0.049738848725044936, 0.020678060717559746, 0.01599728989552362, 0.00958297119248996, 0.0001279539451111751, 0.0013582814584267332, 0.008329409373251117, 0.0, 0.0, 0.0, 0.0, 0.0, 0.0, 0.00254006439146551]}