{"labels": [0, 1, 2, 3, 4, 5, 6, 7, 8, 9, 10, 11, 12, 13, 14, 15, 16, 17, 18, 19, 20, 21, 22, 23, 24, 25, 26, 27, 28, 29, 30, 31, 32, 33, 34, 35, 36, 37, 38, 39], "data": [0.0, 0.0, 0.0, 0.0, 0.028807501116891027, 0.015648568353814465, 0.03953804634527145, 0.05075851368560638, 0.0, 0.0, 0.0, 0.0019930514574880535, 0.000674087564635119, 0.0, 0.03270651174557888, 0.0, 0.0, 0.0, 0.0, 0.0, 0.0, 0.0, 0.0005566826148966228, 0.0, 0.0, 0.0, 0.004853258522343906, 0.0, 0.002001395619878714, 0.0, 0.0, 0.0, 0.0, 0.006116896445804693, 0.001604281877827445, 0.03775865703518021, 0.0, 0.0, 0.001812527823642957, 0.0005631077505313639]}