{"labels": [0, 1, 2, 3, 4, 5, 6, 7, 8, 9, 10, 11, 12, 13, 14, 15, 16, 17, 18, 19, 20, 21, 22, 23, 24, 25, 26, 27, 28, 29, 30, 31, 32, 33, 34, 35, 36, 37, 38, 39], "data": [0.0016722757282989825, 0.0, 0.0025159704403303357, 0.0, 0.0, 0.0, 0.0, 0.0, 0.009047241563754303, 0.0, 0.0, 0.0, 0.0, 0.037869466570355254, 0.0, 0.0, 0.0, 0.0, 0.0, 0.0, 0.0, 0.0, 0.0, 0.09574372604948543, 0.0, 0.0, 0.0, 0.031169752980962518, 0.0, 0.0, 0.0, 0.0, 0.0, 0.011595302721530818, 0.0049811702911374016, 0.0, 0.0, 0.0381604920836117, 0.0, 0.0]}