{"labels": [0, 1, 2, 3, 4, 5, 6, 7, 8, 9, 10, 11, 12, 13, 14, 15, 16, 17, 18, 19, 20, 21, 22, 23, 24, 25, 26, 27, 28, 29, 30, 31, 32, 33, 34, 35, 36, 37, 38, 39], "data": [0.0, 0.0, 0.0, 0.0, 0.0006556467736374294, 0.0, 0.000926323009795059, 0.0, 0.004424655347321981, 0.006309874579146764, 0.003962669987128611, 0.0749377859694378, 0.0, 0.003098789053238554, 0.009322490026560338, 0.03629465366020103, 0.0, 0.0025830980172868215, 0.03611610444946064, 0.0, 0.0, 0.007098199038112196, 0.0006081158888202311, 0.0020036197252465545, 0.02352090842741368, 0.017753992848710376, 0.006744137511189504, 0.0, 0.0017623236484011447, 0.03400937205919142, 0.0, 0.002482265802913388, 0.0, 0.0010689913594654258, 0.010231344209774468, 0.06422263278887426, 0.0007760341533264202, 0.010845847932048376, 0.017244608886626742, 0.0]}