{"labels": [0, 1, 2, 3, 4, 5, 6, 7, 8, 9, 10, 11, 12, 13, 14, 15, 16, 17, 18, 19, 20, 21, 22, 23, 24, 25, 26, 27, 28, 29, 30, 31, 32, 33, 34, 35, 36, 37, 38, 39], "data": [0.0025276084854209896, 0.03845842422289238, 0.028215302798455417, 0.0, 0.0, 0.0, 0.001149075805979623, 0.05549096768532133, 0.009810361339285652, 0.0, 0.011582000352977706, 0.00039955224197527636, 0.01909578337078431, 0.0, 0.02097922653763393, 0.0015617505518968915, 0.013423769610932989, 0.0, 0.0008259453765887843, 0.0026546049945152888, 0.0, 0.0, 0.0, 0.0, 0.0, 0.001289016123703982, 0.0008102113959465207, 0.0, 0.0, 0.008471606442744743, 0.014376162764314073, 0.0, 0.005442243403556061, 0.013383183328533063, 0.0008964917780931292, 0.0005947520425424796, 0.00243539794547743, 0.008843359178410655, 0.0033148643881326153, 0.0005899652356208241]}