{"labels": [0, 1, 2, 3, 4, 5, 6, 7, 8, 9, 10, 11, 12, 13, 14, 15, 16, 17, 18, 19, 20, 21, 22, 23, 24, 25, 26, 27, 28, 29, 30, 31, 32, 33, 34, 35, 36, 37, 38, 39], "data": [0.006094214448297281, 0.0007436546606653077, 0.000691666994332141, 0.02430518717553662, 0.006977414858523878, 0.0, 0.024541038517110356, 0.0, 0.0, 0.011879306199064889, 0.0005069181742448641, 0.0, 0.0, 0.03822308868390217, 0.0, 0.0, 0.0, 0.0, 0.02122650823694167, 0.0012260496651730901, 0.0, 0.0, 0.0, 0.03644351125813433, 0.0, 0.014959420000022157, 0.0, 0.005288851314609919, 0.004239267094433542, 0.0, 0.0, 0.0, 0.0016557247557352462, 0.0, 0.0, 0.0011227311681616717, 0.0, 0.0, 0.003135111314301037, 0.0]}