{"labels": [0, 1, 2, 3, 4, 5, 6, 7, 8, 9, 10, 11, 12, 13, 14, 15, 16, 17, 18, 19, 20, 21, 22, 23, 24, 25, 26, 27, 28, 29, 30, 31, 32, 33, 34, 35, 36, 37, 38, 39], "data": [0.0, 0.0, 0.0, 0.021631631989994952, 0.0, 0.027949691403226427, 0.0, 0.0, 0.0, 0.0, 0.0, 0.0027545525888573075, 0.0, 0.0, 0.0, 0.0, 0.0, 0.0, 0.0, 0.0, 0.0, 0.0, 0.0, 0.0, 0.0, 0.0, 0.0010307790721687867, 0.029530723540677057, 0.0, 0.0, 0.0023679333098376256, 0.07523614437206627, 0.0, 0.03673304576506906, 0.0, 0.0, 0.0, 0.0, 0.05572912636954082, 0.0007810623587820177]}