{"labels": [0, 1, 2, 3, 4, 5, 6, 7, 8, 9, 10, 11, 12, 13, 14, 15, 16, 17, 18, 19, 20, 21, 22, 23, 24, 25, 26, 27, 28, 29, 30, 31, 32, 33, 34, 35, 36, 37, 38, 39], "data": [0.0005850943591170458, 0.02655138367293857, 0.0, 0.004619441555288674, 0.0, 0.0, 0.020860621690390255, 0.07549220752528865, 0.0, 0.0, 0.020193284330665934, 0.0, 0.0, 0.00642525956964765, 0.0, 0.0, 0.0, 0.0, 0.0, 0.04777480313612642, 0.0, 0.0, 0.03925132126197049, 0.0, 0.0, 0.0, 0.0, 0.0, 0.00715039709065984, 0.0, 0.0, 0.0, 0.0, 0.02137212655270268, 0.0, 0.0, 0.0, 0.018220632495741598, 0.0, 0.0]}