{"labels": [0, 1, 2, 3, 4, 5, 6, 7, 8, 9, 10, 11, 12, 13, 14, 15, 16, 17, 18, 19, 20, 21, 22, 23, 24, 25, 26, 27, 28, 29, 30, 31, 32, 33, 34, 35, 36, 37, 38, 39], "data": [0.0008848363844793144, 0.0, 0.0, 0.006456061878169913, 0.0, 0.0, 0.0055745464706482735, 0.0, 0.0, 0.0, 0.06407022583049055, 0.0, 0.0, 0.0, 0.0, 0.0, 0.0, 0.0, 0.0, 0.0, 0.0, 0.0, 0.0, 0.0016078020162454553, 0.0, 0.0, 0.0, 0.0, 0.0, 0.01495296637893691, 0.0, 0.0, 0.0, 0.0, 0.003554610695262971, 0.0, 0.0, 0.0, 0.05937030270910091, 0.0]}