{"labels": [0, 1, 2, 3, 4, 5, 6, 7, 8, 9, 10, 11, 12, 13, 14, 15, 16, 17, 18, 19, 20, 21, 22, 23, 24, 25, 26, 27, 28, 29, 30, 31, 32, 33, 34, 35, 36, 37, 38, 39], "data": [0.0, 0.0, 0.0, 0.0, 0.01785405585588911, 0.0, 0.023725145689508124, 0.07763040072557335, 0.0, 0.0, 0.02362662617788885, 0.0, 0.0, 0.0, 0.0, 0.0, 0.0, 0.0, 0.0, 0.0, 0.0, 0.0, 0.0, 0.0, 0.006380500559670589, 0.007298667629733069, 0.0006671573329641755, 0.002053042148089181, 0.005903741304897795, 0.0, 0.0, 0.0035896328366009575, 0.0, 0.0, 0.04170133863456884, 0.0, 0.0, 0.0038576677095202784, 0.06228286930259543, 0.0]}