{"labels": [0, 1, 2, 3, 4, 5, 6, 7, 8, 9, 10, 11, 12, 13, 14, 15, 16, 17, 18, 19, 20, 21, 22, 23, 24, 25, 26, 27, 28, 29, 30, 31, 32, 33, 34, 35, 36, 37, 38, 39], "data": [0.0, 0.0, 0.0, 0.002355138857792708, 0.0, 0.08590712030250316, 0.0, 0.0, 0.08935356640314114, 0.00023953804516092125, 0.0, 0.045564931645472664, 0.0, 0.0, 0.0, 0.0, 0.0, 0.0, 0.0549920356810137, 0.0025932547027422864, 0.0, 0.0, 0.0, 0.0041955569140388164, 0.0, 0.0, 0.0, 0.0, 0.0, 0.0, 0.0224027832497727, 0.0, 0.002985583344922134, 0.0, 0.007942897356427605, 0.0, 0.0, 0.003738081692428571, 0.0, 0.03601433732708551]}