{"labels": [0, 1, 2, 3, 4, 5, 6, 7, 8, 9, 10, 11, 12, 13, 14, 15, 16, 17, 18, 19, 20, 21, 22, 23, 24, 25, 26, 27, 28, 29, 30, 31, 32, 33, 34, 35, 36, 37, 38, 39], "data": [0.0, 0.0, 0.0, 0.0, 0.054656372633140105, 0.03858074505714646, 0.011520698198490022, 0.0, 0.0, 0.0, 0.0, 0.0, 0.013050030495171599, 0.0, 0.0, 0.0, 0.02884265343791252, 0.0, 0.0, 0.0, 0.0, 0.0, 0.046849426324498976, 0.0, 0.012397818712085689, 0.0, 0.0, 0.019987835141411562, 0.0, 0.0, 0.0, 0.0, 0.0, 0.0, 0.0, 0.00287229477716716, 0.0, 0.023832815008188995, 0.0, 0.08159285983535183]}