{"labels": [0, 1, 2, 3, 4, 5, 6, 7, 8, 9, 10, 11, 12, 13, 14, 15, 16, 17, 18, 19, 20, 21, 22, 23, 24, 25, 26, 27, 28, 29, 30, 31, 32, 33, 34, 35, 36, 37, 38, 39], "data": [0.009581355709262343, 0.00025706608787857266, 0.0010325946089252368, 0.0, 0.023894430804027412, 0.0, 0.034841099405645184, 0.0, 0.0, 0.001912361121570468, 0.0, 0.0026011720128492097, 0.0, 0.0, 0.0, 0.0, 0.0, 0.012044577098113206, 0.0, 0.0, 0.0, 0.0, 0.0, 0.03402528281825345, 0.0, 0.013339387198077668, 0.0, 0.00047101915130855226, 0.0, 0.004971578160561511, 0.0, 0.0, 0.0007255731291233372, 0.002112358074531767, 0.004070364511994882, 5.9937174166067973e-05, 0.002943062229455687, 0.0, 0.0, 0.00018082583926134148]}