{"labels": [0, 1, 2, 3, 4, 5, 6, 7, 8, 9, 10, 11, 12, 13, 14, 15, 16, 17, 18, 19, 20, 21, 22, 23, 24, 25, 26, 27, 28, 29, 30, 31, 32, 33, 34, 35, 36, 37, 38, 39], "data": [0.0, 0.0, 0.0003464757979444651, 0.0, 0.002616254535420071, 0.0, 0.007108998600017947, 0.0, 0.0, 0.0, 0.008684785086784228, 0.0, 0.0, 0.0, 0.0, 0.0, 0.0032398894752748227, 0.0, 0.0, 0.061970020185645396, 0.018547546629111674, 0.0, 0.0, 0.055173986731165046, 0.0013705384540976828, 0.0, 0.0002778289224498421, 0.0, 0.0, 0.0, 0.0, 0.0005533779658946904, 0.0, 0.008062118764854383, 0.0, 0.0, 0.0, 0.002255566307959313, 0.048797688789014214, 0.00034531998246203297]}