{"labels": [0, 1, 2, 3, 4, 5, 6, 7, 8, 9, 10, 11, 12, 13, 14, 15, 16, 17, 18, 19, 20, 21, 22, 23, 24, 25, 26, 27, 28, 29, 30, 31, 32, 33, 34, 35, 36, 37, 38, 39], "data": [0.024734460364459847, 0.02185225291674835, 0.010671411612582211, 0.009199983352899175, 0.0008967728146139695, 0.00474364460438326, 0.010860165137919445, 0.0, 0.0, 0.04486964442901099, 0.029249315849214752, 0.0, 8.917654346487639e-05, 0.0035967650305112325, 0.0006216149598982914, 0.0, 0.0, 0.0, 0.09506646840916373, 0.0, 0.007498442436986514, 0.003587442059941803, 0.0, 0.008610022614478179, 0.008909995136499108, 0.0, 0.0, 0.005549870866278228, 0.0037440500820960583, 0.006735692442234183, 0.007896393334373414, 0.0, 0.031201898530808583, 0.010322683693019684, 0.005876795220047761, 0.00031304585039812656, 0.02338107844343724, 0.01153745540004726, 0.008918380651803462, 0.0015983818597004533]}