{"labels": [0, 1, 2, 3, 4, 5, 6, 7, 8, 9, 10, 11, 12, 13, 14, 15, 16, 17, 18, 19, 20, 21, 22, 23, 24, 25, 26, 27, 28, 29, 30, 31, 32, 33, 34, 35, 36, 37, 38, 39], "data": [0.0039089552063221265, 0.0505468224657491, 0.0, 0.0, 0.0, 0.01283058485014264, 0.024929456503663794, 0.0161755907813625, 0.0, 0.0065685627970889435, 0.0075252706994563805, 0.008968818278536956, 0.0, 0.0010713241669197278, 0.0, 0.0, 0.0, 0.0, 0.0, 0.0022118818429460118, 0.0, 0.0, 0.0, 0.0, 0.0003955310823979239, 0.0, 0.003850772783449761, 0.0, 0.0, 0.0, 0.0, 0.0, 0.0, 0.06151061001088807, 0.0, 0.0, 0.0, 0.01404199512480989, 0.0004766357239046114, 0.0]}