{"labels": [0, 1, 2, 3, 4, 5, 6, 7, 8, 9, 10, 11, 12, 13, 14, 15, 16, 17, 18, 19, 20, 21, 22, 23, 24, 25, 26, 27, 28, 29, 30, 31, 32, 33, 34, 35, 36, 37, 38, 39], "data": [0.0, 0.0, 0.0, 0.0, 0.0, 0.0, 0.058883846946183815, 0.0405408990001346, 0.0, 0.0, 0.004503165285634077, 0.0, 0.014314455519928817, 0.0, 0.05661477717644863, 0.0, 0.0, 0.0, 0.0, 0.0014306713014731057, 0.0, 0.0, 0.001543808901768599, 0.0016086342510338797, 0.004072850471445923, 0.0, 0.001080573621088943, 0.0, 0.00014630970684950483, 0.0, 0.0, 0.0, 0.0, 0.0, 0.004038111493128968, 0.0, 0.011811538059019867, 0.008891219340200263, 0.0, 0.0]}