{"labels": [0, 1, 2, 3, 4, 5, 6, 7, 8, 9, 10, 11, 12, 13, 14, 15, 16, 17, 18, 19, 20, 21, 22, 23, 24, 25, 26, 27, 28, 29, 30, 31, 32, 33, 34, 35, 36, 37, 38, 39], "data": [0.0006319714289308941, 0.006408611211646742, 0.0, 0.058854638797534456, 0.012046635184998494, 0.0, 0.012553689743321614, 0.0035399992789536443, 0.0, 0.00816021964988696, 0.0, 0.0024309595695765356, 0.0, 0.001312610060016372, 0.0024479351210124852, 0.0, 0.005463980227641083, 0.009359241373572134, 0.0011506065567210098, 0.004660836976629063, 0.05179018800863926, 0.0015391199492821642, 0.0010256305879728688, 0.0028864085850832414, 0.002125815361012267, 0.001534764162157125, 0.0, 0.0, 0.0, 0.0019217852263279942, 0.01344129946699284, 0.019135515063818505, 0.0003766200859607667, 0.0, 0.0, 0.0009360953287102129, 0.006334272215378779, 0.008672037054715932, 0.0, 0.0]}