{"labels": [0, 1, 2, 3, 4, 5, 6, 7, 8, 9, 10, 11, 12, 13, 14, 15, 16, 17, 18, 19, 20, 21, 22, 23, 24, 25, 26, 27, 28, 29, 30, 31, 32, 33, 34, 35, 36, 37, 38, 39], "data": [0.0, 0.0, 0.0, 0.0, 0.0, 0.0, 0.006028434254324351, 0.0, 0.01875760507544769, 0.0, 0.0, 0.013623417016935962, 0.0, 0.0, 0.0, 0.0, 0.0, 0.0, 0.0, 0.0, 0.015588421118245486, 0.0, 0.0, 0.0, 0.01230458272788871, 0.0, 0.06127762150723848, 0.0, 0.0, 0.0, 0.0, 0.0, 0.0, 0.0, 0.0, 0.015981670950906714, 0.0195408384502175, 0.14573719392810558, 0.0, 0.0]}