{"labels": [0, 1, 2, 3, 4, 5, 6, 7, 8, 9, 10, 11, 12, 13, 14, 15, 16, 17, 18, 19, 20, 21, 22, 23, 24, 25, 26, 27, 28, 29, 30, 31, 32, 33, 34, 35, 36, 37, 38, 39], "data": [0.014462255060723706, 0.014936439833751883, 0.0, 0.0, 0.014095601086598384, 0.0011742205665499226, 0.00850972017558985, 0.008264886236141734, 0.0, 0.08042823530902282, 0.007297133373643376, 0.0, 0.007044838138583893, 0.009058164145161654, 0.0, 0.0029787001608287595, 0.0, 0.008224839770932715, 0.014347252788863205, 0.0, 0.04740698653020175, 0.0, 0.009888478684807384, 0.049515381270177704, 0.0024805032468481936, 0.03404695184401099, 0.0, 0.012265958331499283, 0.0, 0.0, 0.004764098188208303, 0.0, 0.03156046450268427, 0.0, 0.02705744765643956, 0.0, 0.009484427379037848, 0.007882538985722876, 0.0, 0.0005285610488002342]}