{"labels": [0, 1, 2, 3, 4, 5, 6, 7, 8, 9, 10, 11, 12, 13, 14, 15, 16, 17, 18, 19, 20, 21, 22, 23, 24, 25, 26, 27, 28, 29, 30, 31, 32, 33, 34, 35, 36, 37, 38, 39], "data": [0.0, 0.03338904184399157, 0.0, 0.04367666286804423, 0.0, 0.0, 0.0, 0.0, 0.0, 0.004764673876561083, 0.0015054919122168115, 0.0, 0.0, 0.002944575831120699, 0.0, 0.0, 0.0, 0.0, 0.0, 0.00682826631403085, 0.1490798580822081, 0.0, 0.0, 0.019647672193118575, 0.0, 0.0, 0.0, 0.0, 0.0, 0.0006664825060851921, 0.007357416932128986, 0.0, 0.0, 0.017409101553028467, 0.0, 0.0, 0.0, 0.0, 0.0, 0.0]}