{"labels": [0, 1, 2, 3, 4, 5, 6, 7, 8, 9, 10, 11, 12, 13, 14, 15, 16, 17, 18, 19, 20, 21, 22, 23, 24, 25, 26, 27, 28, 29, 30, 31, 32, 33, 34, 35, 36, 37, 38, 39], "data": [0.03309050606582397, 0.0, 0.0009397888251269595, 0.0001637137514975652, 0.004439009762089442, 0.0020696278298659573, 0.0, 0.0, 0.0, 0.026279559390753316, 0.0, 0.0, 0.009309342961005359, 0.004860913448390588, 0.01045088478614436, 0.020572714931800008, 0.0, 0.0022024472228018, 0.003329497800807221, 0.01981285514690841, 0.002308074463101576, 0.0, 0.0, 0.00833857950029428, 0.0007694989642094476, 0.02291107053029005, 0.0033156261200442084, 0.011561341570467863, 0.0, 3.2037641031999494e-05, 0.002018634572002939, 0.0, 0.001132321325729177, 0.009964346216787096, 0.0, 0.002353115021955672, 0.0, 0.0, 0.005288575962052344, 0.0044568732572524165]}