{"labels": [0, 1, 2, 3, 4, 5, 6, 7, 8, 9, 10, 11, 12, 13, 14, 15, 16, 17, 18, 19, 20, 21, 22, 23, 24, 25, 26, 27, 28, 29, 30, 31, 32, 33, 34, 35, 36, 37, 38, 39], "data": [0.0, 0.0, 0.0, 0.0, 0.0, 0.0, 0.06536676150157215, 0.0009077696667878533, 0.034536501782748495, 0.0, 0.0, 0.10310649520712523, 0.0, 0.0014624392810206118, 0.0, 0.0, 0.004370198784485357, 0.0, 0.0, 3.938889649128904e-05, 0.04101888970283786, 0.0, 0.0, 0.0025077584445781682, 0.0014877426881825253, 0.0, 0.0, 0.0, 0.0, 0.0, 0.0, 0.0028769817400951035, 0.0, 0.006981455179791511, 0.0, 0.0, 0.0, 0.0, 0.008604282913362996, 0.0]}