{"labels": [0, 1, 2, 3, 4, 5, 6, 7, 8, 9, 10, 11, 12, 13, 14, 15, 16, 17, 18, 19, 20, 21, 22, 23, 24, 25, 26, 27, 28, 29, 30, 31, 32, 33, 34, 35, 36, 37, 38, 39], "data": [0.0, 0.0, 0.0, 0.0, 0.0, 0.05378846645585015, 0.00637561998234717, 0.0, 0.004306767108225322, 0.0, 0.0018526002503312033, 0.008874957933038156, 0.0, 0.0, 0.006253395914733657, 0.0014618229888727805, 0.0, 0.009458982422197955, 0.0, 0.0010349585843194011, 0.0, 0.014795704311268141, 0.0018111520952761384, 0.0, 0.0, 0.0, 0.006542413622369711, 0.0, 0.0, 0.0005346308446192157, 0.0, 0.0008308816336770287, 0.0, 0.005558647488908553, 0.0, 0.0, 0.0009083368874017389, 0.03973011573866081, 0.012060740925047261, 0.007762008726366231]}