{"labels": [0, 1, 2, 3, 4, 5, 6, 7, 8, 9, 10, 11, 12, 13, 14, 15, 16, 17, 18, 19, 20, 21, 22, 23, 24, 25, 26, 27, 28, 29, 30, 31, 32, 33, 34, 35, 36, 37, 38, 39], "data": [0.0, 0.06740564543162936, 0.018130512862632526, 0.02619806777392688, 0.019054380335895814, 0.0, 0.018721739593265684, 0.0, 0.0, 0.0392653417614769, 0.0015758426856753332, 0.0006274696891517811, 0.0, 0.009332258123773, 0.0, 0.0, 0.0, 0.0, 0.0035481318469321485, 0.031195881180764638, 0.0, 0.0, 0.0, 0.0038556972777352948, 0.00035831089000520336, 0.0018449588257850483, 0.0, 0.0, 0.0, 0.004611227236446151, 0.0, 0.0, 0.0009422519278844736, 0.010564435435055142, 0.0, 0.0009313568922304856, 0.0, 0.0, 0.0, 0.001522953035757243]}