{"labels": [0, 1, 2, 3, 4, 5, 6, 7, 8, 9, 10, 11, 12, 13, 14, 15, 16, 17, 18, 19, 20, 21, 22, 23, 24, 25, 26, 27, 28, 29, 30, 31, 32, 33, 34, 35, 36, 37, 38, 39], "data": [0.019046726932533436, 0.01015003726973344, 0.0, 0.011445324632675509, 0.011208307041104313, 0.0, 0.01821756172786936, 0.0, 0.0, 0.03049548368375242, 0.0, 0.0012112935884929718, 0.0, 0.00019589848351946813, 0.0, 0.0, 0.0, 0.0, 0.005196894090024639, 0.0, 0.00543991773239617, 0.03520691939494996, 0.0, 0.0025660298336521187, 0.00281938086490239, 0.0007247134029274856, 0.0, 0.00047105941754605645, 0.0, 0.0, 0.008798182281098075, 0.0001801825155342768, 0.015104954197004892, 0.0, 0.000925104861932542, 0.0035511382083909314, 0.03081515922816789, 0.005864128558873379, 0.0, 0.0]}