{"labels": [0, 1, 2, 3, 4, 5, 6, 7, 8, 9, 10, 11, 12, 13, 14, 15, 16, 17, 18, 19, 20, 21, 22, 23, 24, 25, 26, 27, 28, 29, 30, 31, 32, 33, 34, 35, 36, 37, 38, 39], "data": [0.0, 0.0, 0.00015436401774770472, 0.0, 0.0, 0.0017195094350530827, 0.024459961924814762, 0.0012601077250755197, 0.0009277202014732506, 0.0, 0.0, 0.002749956361742577, 0.0, 0.0010163604366834039, 0.0, 0.0017000474542987782, 0.0, 0.0, 0.0, 0.06611842294779265, 0.0, 0.0, 0.0, 0.0, 0.0, 0.0, 0.0008467215954239074, 0.0, 0.0, 0.0, 0.0, 0.0022696043668352225, 0.0, 0.0, 0.0, 0.0, 0.0076540425637661585, 0.028041747678498086, 0.010942086890626932, 0.006274113473568821]}