{"labels": [0, 1, 2, 3, 4, 5, 6, 7, 8, 9, 10, 11, 12, 13, 14, 15, 16, 17, 18, 19, 20, 21, 22, 23, 24, 25, 26, 27, 28, 29, 30, 31, 32, 33, 34, 35, 36, 37, 38, 39], "data": [0.00044753283878997736, 0.003447651224960285, 1.7777025993399113e-05, 0.0, 0.009933396103615502, 0.008408997278520822, 0.0027481745447582038, 0.016045055815676633, 0.0, 0.007915212033573303, 0.0003916549730599642, 0.003141244106188194, 0.0, 0.022193862720797417, 0.0, 0.002640413452165258, 0.0, 0.0, 0.030660080571764402, 0.001128623012079458, 0.006047402324219956, 0.0, 0.0012884989979083802, 2.4483529101001936e-05, 0.0018037405281373818, 0.027264852842178368, 0.038954368550619435, 0.0014616409628623382, 0.0, 0.0, 0.004707841378901304, 0.0005975953164760501, 0.0009898206782668509, 0.006155832283174251, 0.0, 0.0, 0.0, 0.0, 0.008410454391160286, 0.0012062186838080321]}