{"labels": [0, 1, 2, 3, 4, 5, 6, 7, 8, 9, 10, 11, 12, 13, 14, 15, 16, 17, 18, 19, 20, 21, 22, 23, 24, 25, 26, 27, 28, 29, 30, 31, 32, 33, 34, 35, 36, 37, 38, 39], "data": [0.0, 0.0, 0.0, 0.01852380150338309, 0.0, 0.0, 0.005889547925098626, 0.00829602292405387, 0.0, 0.0, 0.0024657968745086787, 0.0, 0.0, 0.0, 0.0, 0.0053601390032123756, 0.0, 0.05116577613311685, 0.0029738005737553344, 0.0010180855603691378, 0.0027254495141537578, 0.0, 0.0022554289359000977, 0.0, 0.0010840405261752226, 0.011366653795669014, 0.010500435040107656, 0.014168015608626763, 0.0024720337028609142, 0.008687329453393068, 0.0020035646016591914, 0.0013505202625710986, 0.0, 0.027436760228715332, 0.011318199190406523, 0.01789436895574117, 0.0, 0.020497690905014878, 0.0, 0.0]}