{"labels": [0, 1, 2, 3, 4, 5, 6, 7, 8, 9, 10, 11, 12, 13, 14, 15, 16, 17, 18, 19, 20, 21, 22, 23, 24, 25, 26, 27, 28, 29, 30, 31, 32, 33, 34, 35, 36, 37, 38, 39], "data": [0.0, 0.0, 2.534365165672778e-05, 0.04936118246513354, 0.0, 0.0012798868778402918, 0.0, 0.03589802211853178, 0.002325273468779034, 0.0, 0.0, 0.0, 0.0, 0.001178077505174337, 0.01808238437591084, 0.0, 0.0019398359304625846, 0.0, 0.0, 0.00022219161993577158, 0.0034409199519085253, 0.0, 0.0, 0.0, 0.0, 0.0, 0.0, 0.0, 0.003465660997234518, 0.0, 0.0, 0.011609995220363697, 0.0, 0.0, 0.017370628078307786, 0.0, 0.0, 0.0012432684671684774, 0.0012353406593549991, 0.0]}