{"labels": [0, 1, 2, 3, 4, 5, 6, 7, 8, 9, 10, 11, 12, 13, 14, 15, 16, 17, 18, 19, 20, 21, 22, 23, 24, 25, 26, 27, 28, 29, 30, 31, 32, 33, 34, 35, 36, 37, 38, 39], "data": [0.007337668048234059, 0.004059039524909306, 0.0005042663975875567, 0.0, 0.0, 0.003717194791744703, 0.0, 0.0, 0.0, 0.0012544169411272757, 0.0, 0.0012809686020132378, 0.028440975601007133, 0.004740031935476361, 0.0015793710765757822, 0.0, 0.0010351385605736913, 0.0, 0.003137327095867096, 0.0, 0.0, 0.0, 0.003169256172595031, 0.0, 0.0002071118381489697, 0.0, 0.0, 0.002661723043595747, 0.005486893573215267, 0.014640274825038787, 0.0, 0.0015787278676913101, 0.0022885626470896623, 0.0, 0.0062733974583831596, 0.0, 0.0, 0.0904311721421798, 0.0, 0.0]}