{"labels": [0, 1, 2, 3, 4, 5, 6, 7, 8, 9, 10, 11, 12, 13, 14, 15, 16, 17, 18, 19, 20, 21, 22, 23, 24, 25, 26, 27, 28, 29, 30, 31, 32, 33, 34, 35, 36, 37, 38, 39], "data": [0.012712707501879675, 0.06445677538503373, 0.04533463167621444, 0.0, 0.0, 0.03818864990191036, 0.0, 0.0, 0.0, 0.009490621043162686, 0.002990093511170093, 0.0, 0.0, 0.0, 0.0, 0.0, 0.0, 0.0, 0.0, 0.0, 0.0, 0.0, 0.0, 0.0, 0.0, 0.004116227577506739, 0.0, 0.0, 0.0004839683618910179, 0.0, 0.028107091966149085, 0.0, 0.001337723999388244, 0.0, 0.0002909061749531409, 0.04922843985944267, 0.0, 0.0, 0.009468252828282476, 0.03565120703857446]}