{"labels": [0, 1, 2, 3, 4, 5, 6, 7, 8, 9, 10, 11, 12, 13, 14, 15, 16, 17, 18, 19, 20, 21, 22, 23, 24, 25, 26, 27, 28, 29, 30, 31, 32, 33, 34, 35, 36, 37, 38, 39], "data": [0.0, 0.0035314369253644437, 0.0, 0.017596222230411674, 0.0, 0.0, 0.0, 0.0, 0.0, 0.0, 0.0, 0.005386660092393006, 0.02997019449859179, 0.0, 0.02997604777940396, 0.06452027544344038, 0.0, 0.0, 0.0, 0.0, 0.0, 0.0, 0.0005561520779080374, 0.0, 0.0, 0.006254716383177816, 0.0, 0.0007642999535153862, 0.0, 0.0, 0.0, 0.0, 0.0002353415638290961, 0.0, 0.016608219572777545, 0.06819211815292035, 0.0, 0.005264427792342593, 0.0, 0.0038132793010830003]}