{"labels": [0, 1, 2, 3, 4, 5, 6, 7, 8, 9, 10, 11, 12, 13, 14, 15, 16, 17, 18, 19, 20, 21, 22, 23, 24, 25, 26, 27, 28, 29, 30, 31, 32, 33, 34, 35, 36, 37, 38, 39], "data": [0.0, 0.0, 0.0014107375938767896, 0.01714820568462142, 0.008904382161444645, 0.009965776547327804, 0.0033097394511663637, 0.0010357291943991845, 0.0025949985151953363, 0.0, 0.01108882779002104, 0.003711224611945067, 0.012709738763497291, 0.0, 0.01009978616170452, 0.0, 0.0, 0.0, 0.0, 0.0016240767263228822, 0.0, 0.0, 0.0, 0.0, 0.0, 0.0015093556983487206, 0.0022023985892597776, 0.027739010515831868, 0.0047087636333917994, 0.0, 0.005417545295686631, 0.06833005180550543, 0.0, 0.03604499019364809, 0.012813977311318366, 0.04979086613854876, 0.0, 0.027401220308079066, 0.005399792323967785, 9.737522411824314e-05]}