{"labels": [0, 1, 2, 3, 4, 5, 6, 7, 8, 9, 10, 11, 12, 13, 14, 15, 16, 17, 18, 19, 20, 21, 22, 23, 24, 25, 26, 27, 28, 29, 30, 31, 32, 33, 34, 35, 36, 37, 38, 39], "data": [0.005073926329763014, 0.0, 6.35976780335437e-05, 0.003639330644947436, 0.025629966666236643, 0.0, 0.0034247230591233353, 0.002811686311943675, 0.0, 0.033524278266888884, 0.01985644815630131, 0.0, 0.0, 4.723836230550305e-05, 0.00331223376891598, 0.0, 0.01455296130814294, 0.0, 0.0013451076370294315, 0.00023517983169277928, 0.0, 0.007281407983065205, 0.0, 0.04219107760277441, 0.01414286739452773, 0.03495067931058407, 0.0, 0.012663580279217369, 0.0, 0.0024085641016104646, 0.0, 0.0024056439865088146, 0.0, 0.014345944687280319, 0.005833556210724332, 0.0, 0.0, 0.0259134622205643, 0.04495385619106304, 0.0]}