{"labels": [0, 1, 2, 3, 4, 5, 6, 7, 8, 9, 10, 11, 12, 13, 14, 15, 16, 17, 18, 19, 20, 21, 22, 23, 24, 25, 26, 27, 28, 29, 30, 31, 32, 33, 34, 35, 36, 37, 38, 39], "data": [0.018692967229336718, 0.0, 0.013270827981768995, 0.06582501563587942, 0.011217515219151243, 0.0, 0.007529664965641826, 0.0, 0.0, 0.016819783068462938, 0.0, 0.0, 0.0, 0.002276607090924524, 0.0, 0.0, 0.0, 0.0, 0.0, 0.0, 0.0, 0.0, 0.0, 0.005213023364335178, 0.0, 0.0048037703636272895, 0.02997401406616953, 0.04213895338531566, 0.0023685519685136803, 0.002278051277162906, 0.0, 0.0, 0.0, 0.017025076309411035, 0.0018035576109896386, 0.0, 0.0, 0.0, 0.0, 0.0]}