{"labels": [0, 1, 2, 3, 4, 5, 6, 7, 8, 9, 10, 11, 12, 13, 14, 15, 16, 17, 18, 19, 20, 21, 22, 23, 24, 25, 26, 27, 28, 29, 30, 31, 32, 33, 34, 35, 36, 37, 38, 39], "data": [0.0, 0.0, 0.0, 0.0, 0.0, 0.0, 0.026487106064327044, 0.00020858050740831584, 0.0, 0.014168407967924597, 0.0012206823446341824, 0.0, 0.006690979922497177, 0.0, 0.002123991864343177, 0.0, 0.0, 0.0, 0.0, 0.00012751165873225618, 0.0, 0.0, 0.0, 0.0, 0.0, 0.0, 0.0, 0.0, 0.0, 0.0, 0.0012899525604128197, 0.0013239521181348146, 0.05347569573154389, 0.0, 0.0, 0.004455467929070203, 0.0846645603963395, 0.0, 0.0, 0.0]}