{"labels": [0, 1, 2, 3, 4, 5, 6, 7, 8, 9, 10, 11, 12, 13, 14, 15, 16, 17, 18, 19, 20, 21, 22, 23, 24, 25, 26, 27, 28, 29, 30, 31, 32, 33, 34, 35, 36, 37, 38, 39], "data": [0.0, 0.0, 0.0006561795359762752, 0.0, 0.0, 0.03297178784639662, 0.0015570413491916577, 0.011488660560932529, 0.0, 0.006839860320038518, 0.02342988696139065, 0.06733333939553128, 0.0, 0.0, 0.0, 0.015574588577343803, 0.001472325605413341, 0.0, 0.05469365176212572, 0.0, 0.0, 0.019652444566813386, 0.0018081777618864777, 0.003971749171860225, 0.006060407394515197, 0.0, 0.0, 0.00024653274626364657, 0.0, 0.0, 0.0013102646746822055, 0.0006906252524163495, 0.0, 0.02747830507159378, 0.0, 0.07327003578781241, 0.0, 0.0, 0.019163851618577792, 0.0]}