{"labels": [0, 1, 2, 3, 4, 5, 6, 7, 8, 9, 10, 11, 12, 13, 14, 15, 16, 17, 18, 19, 20, 21, 22, 23, 24, 25, 26, 27, 28, 29, 30, 31, 32, 33, 34, 35, 36, 37, 38, 39], "data": [0.0026798793209491718, 0.0, 0.00011512943456964108, 0.0031090857972389837, 0.0010003790856537337, 0.0, 0.0, 0.0, 0.0, 0.008044635957660794, 0.0, 0.0, 0.0013350201300666787, 0.0, 0.0, 0.0, 0.0, 0.009846098830176677, 0.005120796630282688, 0.0, 0.0, 0.05215006094347394, 0.0, 0.0, 0.0, 0.0, 0.0, 0.036350434171657016, 0.00047492520855803007, 0.0, 0.0, 0.0, 0.001540055317982639, 0.0018617063927931575, 0.002834900692657213, 0.0, 3.721998078628969e-05, 0.011442120550270484, 0.0, 0.0]}