{"labels": [0, 1, 2, 3, 4, 5, 6, 7, 8, 9, 10, 11, 12, 13, 14, 15, 16, 17, 18, 19, 20, 21, 22, 23, 24, 25, 26, 27, 28, 29, 30, 31, 32, 33, 34, 35, 36, 37, 38, 39], "data": [0.0, 0.024980669922247647, 0.029673707476571984, 0.0, 0.03356801251355482, 0.021120664697403858, 0.020355309527311488, 0.0, 0.0, 0.005963175374180214, 0.169214289384041, 0.02159662585926563, 0.0, 0.0, 0.008425011975460764, 0.0, 0.0, 0.0, 0.0, 0.0, 0.0, 0.0, 0.0, 0.010609258769402727, 0.0, 0.0, 0.03148923363695424, 0.00940759616809688, 0.0, 0.0, 0.0, 0.0, 0.0, 0.0, 0.0033929102606779843, 0.0, 0.0, 0.0, 0.0, 0.0]}