{"labels": [0, 1, 2, 3, 4, 5, 6, 7, 8, 9, 10, 11, 12, 13, 14, 15, 16, 17, 18, 19, 20, 21, 22, 23, 24, 25, 26, 27, 28, 29, 30, 31, 32, 33, 34, 35, 36, 37, 38, 39], "data": [0.0, 0.0, 0.039577305159311606, 0.030313750092047516, 0.013505012978124979, 0.004190660506382691, 0.0, 0.0, 0.043373195105230224, 0.0, 0.008252304541495963, 0.0, 0.24567060331278723, 0.0, 0.0, 0.0, 0.00882384326805885, 0.0, 0.0, 0.0, 0.09056012117894459, 0.0, 0.0, 0.0, 0.0, 0.0, 0.027834146116515867, 0.008650528848202317, 0.04449447816904639, 0.0, 0.0, 0.02377650235590401, 0.0, 0.015275551075784809, 0.010043493504476414, 0.00821487665575099, 0.0, 0.01036908093821729, 0.0, 0.004104055756851409]}