{"labels": [0, 1, 2, 3, 4, 5, 6, 7, 8, 9, 10, 11, 12, 13, 14, 15, 16, 17, 18, 19, 20, 21, 22, 23, 24, 25, 26, 27, 28, 29, 30, 31, 32, 33, 34, 35, 36, 37, 38, 39], "data": [0.0, 0.011802262496119972, 0.0, 0.0, 0.03008346992937399, 0.0, 0.0, 0.04405709158394381, 0.001350219451825414, 0.002027796694254138, 0.0, 0.0, 0.0, 0.0, 0.0, 0.0, 0.002486525189067836, 0.005193080352264629, 0.0, 0.0, 0.0, 0.0, 0.005569141595613104, 0.0015370917335638728, 0.007618322541349907, 0.0, 0.0, 0.0005040454554459769, 0.0, 0.0, 0.0, 0.00127491514118199, 0.0, 0.038199589899938664, 0.0, 0.00602870501045987, 0.0010115157809067901, 0.001595262035219033, 0.0, 0.0]}