{"labels": [0, 1, 2, 3, 4, 5, 6, 7, 8, 9, 10, 11, 12, 13, 14, 15, 16, 17, 18, 19, 20, 21, 22, 23, 24, 25, 26, 27, 28, 29, 30, 31, 32, 33, 34, 35, 36, 37, 38, 39], "data": [0.054790145861211365, 0.008326601451826367, 0.0, 0.0, 0.03956187307193047, 0.0, 0.0, 0.0, 0.0, 0.004839565002692915, 0.05186918494360863, 0.0, 0.0, 0.0, 0.0, 0.0, 0.04959709792402555, 0.035540596479320966, 0.0, 0.0, 0.0, 0.0015439992459702133, 0.0, 0.00551075345362114, 0.0, 0.00561394743112924, 0.0, 0.0, 3.41306143678596e-05, 0.0, 0.025342439283289726, 0.0, 0.0, 0.029767915960354933, 0.020280047896589378, 0.0022552227697262067, 0.0, 0.0, 0.0, 0.0]}