{"labels": [0, 1, 2, 3, 4, 5, 6, 7, 8, 9, 10, 11, 12, 13, 14, 15, 16, 17, 18, 19, 20, 21, 22, 23, 24, 25, 26, 27, 28, 29, 30, 31, 32, 33, 34, 35, 36, 37, 38, 39], "data": [0.0, 0.0, 0.0, 0.0, 0.0, 0.0, 0.023350325007460437, 0.0, 0.057315974499720486, 0.0, 0.0, 0.02148099158886334, 0.0, 0.0, 0.0, 0.0, 0.0, 0.0, 0.0, 0.0007785851942334883, 0.0, 0.0, 0.0033338882381756204, 0.0, 0.0009547066716997193, 0.0, 0.002731825217372365, 0.0, 0.0022770618934893376, 0.0, 0.0, 0.0008965950872146382, 0.0, 0.0, 0.0028791062607283133, 0.007304055074998163, 0.005137394878839279, 0.03837369783783745, 0.0, 0.0023666624385507385]}