{"labels": [0, 1, 2, 3, 4, 5, 6, 7, 8, 9, 10, 11, 12, 13, 14, 15, 16, 17, 18, 19, 20, 21, 22, 23, 24, 25, 26, 27, 28, 29, 30, 31, 32, 33, 34, 35, 36, 37, 38, 39], "data": [0.0032451704406628655, 0.003570387576632578, 0.0, 0.002593156816623506, 0.0, 0.026096745052503624, 0.0019028628962869435, 0.0, 0.0, 0.03227689790442904, 0.0001389482410704148, 0.007586083946111253, 0.0, 0.0, 0.0007135963992973457, 0.0, 0.0, 0.0, 0.0, 0.0, 0.0, 0.0021030397916675055, 0.0, 0.0, 0.0, 0.0, 0.005889520105028917, 0.0, 0.0, 0.0, 0.0017748673575289275, 0.0, 0.0, 0.0, 0.0, 0.0, 0.001817648072430446, 0.0, 0.008128413535755408, 0.004283020037000863]}