{"labels": [0, 1, 2, 3, 4, 5, 6, 7, 8, 9, 10, 11, 12, 13, 14, 15, 16, 17, 18, 19, 20, 21, 22, 23, 24, 25, 26, 27, 28, 29, 30, 31, 32, 33, 34, 35, 36, 37, 38, 39], "data": [0.0, 0.0, 0.0, 0.007299501407339823, 0.032096416500750624, 0.0827755991846226, 0.0, 0.0, 0.0, 0.0, 0.0, 0.0, 0.0, 0.0, 0.004657461854488458, 0.0, 0.10191170416408515, 0.0, 0.0012517646047969584, 0.0, 0.0, 0.001572024950790514, 0.0, 0.0, 0.003818790902364507, 0.0, 0.0, 0.0009774071014293944, 0.0, 0.006082369427905546, 0.0, 0.0, 0.0, 0.029399657948563192, 0.006436272801387533, 0.0, 0.028452768718777402, 0.013568724210692691, 0.027643583860397038, 0.03286650708023996]}