{"labels": [0, 1, 2, 3, 4, 5, 6, 7, 8, 9, 10, 11, 12, 13, 14, 15, 16, 17, 18, 19, 20, 21, 22, 23, 24, 25, 26, 27, 28, 29, 30, 31, 32, 33, 34, 35, 36, 37, 38, 39], "data": [0.0, 0.0, 0.0, 0.0, 0.06665072414225943, 0.0014428316558685675, 0.029598180888124593, 0.0, 0.002730682314025591, 0.0, 0.0, 0.0024360773883923222, 0.012824384720803989, 0.005387117753006762, 0.00032568944874996486, 0.00882410521121618, 0.0, 0.042797493455767145, 0.0, 0.0, 0.0, 0.0016919779707130504, 0.0, 0.0, 0.0, 0.022956261825979266, 0.0017609149727888461, 0.0, 0.005261363171062045, 0.0, 0.009737791138467606, 0.002240956024237992, 0.0, 0.0, 0.01559812176244331, 0.024451416686255646, 0.005830079035109379, 0.017046992240984493, 0.0, 0.04257384657286435]}