{"labels": [0, 1, 2, 3, 4, 5, 6, 7, 8, 9, 10, 11, 12, 13, 14, 15, 16, 17, 18, 19, 20, 21, 22, 23, 24, 25, 26, 27, 28, 29, 30, 31, 32, 33, 34, 35, 36, 37, 38, 39], "data": [0.0, 0.0, 0.018800282737933174, 0.02920820052608746, 0.004548520516291571, 0.03850398243977845, 0.0, 0.019184150848839725, 0.0, 0.0, 0.0, 0.008456944984309978, 0.0, 0.0, 0.0, 0.021869193150694754, 0.0, 0.006164525534472107, 0.027914153114042745, 0.0, 0.0014831263523379585, 0.03251654366877043, 0.001280392978382864, 0.0, 0.00013013776183327507, 0.0, 0.011228092281069153, 3.108455230805034e-07, 0.004632909983522781, 0.0, 0.005663349242872657, 0.0010535710146189197, 0.0, 0.01283480885226447, 0.013300625597809078, 0.0, 0.0, 0.0, 0.009653350947514917, 0.005855507114119081]}