{"labels": [0, 1, 2, 3, 4, 5, 6, 7, 8, 9, 10, 11, 12, 13, 14, 15, 16, 17, 18, 19, 20, 21, 22, 23, 24, 25, 26, 27, 28, 29, 30, 31, 32, 33, 34, 35, 36, 37, 38, 39], "data": [0.0, 0.0, 0.0, 0.0, 0.02148663904394515, 0.013315576727177507, 0.0, 0.0, 0.0, 0.0, 0.0, 0.004031588443302848, 0.037623547888636207, 0.00014827514237943508, 0.0, 0.00029775151761312355, 0.011940614100523706, 0.0028550059426251167, 0.009483798377182521, 0.0, 0.0, 0.0, 0.0, 0.0, 0.07861072202460581, 0.0, 0.0, 0.005896881239899339, 0.0015788373290363759, 0.0, 0.0, 0.0, 0.002124150776182976, 0.0, 0.0, 0.0, 0.0, 0.033891453865508146, 0.0, 0.0013592314149226041]}