{"labels": [0, 1, 2, 3, 4, 5, 6, 7, 8, 9, 10, 11, 12, 13, 14, 15, 16, 17, 18, 19, 20, 21, 22, 23, 24, 25, 26, 27, 28, 29, 30, 31, 32, 33, 34, 35, 36, 37, 38, 39], "data": [0.008012986372615251, 0.04048977061910346, 0.0, 0.0, 0.020497642251071216, 0.0, 0.011310341978503327, 0.03059669202438259, 0.0, 0.0, 0.0, 0.0, 0.0, 0.0, 0.0, 0.04027656189362442, 0.0, 0.018355641078580082, 0.005274636952343167, 0.0, 0.0, 0.0, 0.006507201227454845, 0.002368153253577624, 0.0, 0.0, 0.06224175370639898, 0.0, 0.0, 0.0, 0.0, 0.06773130555249841, 0.05374162405367778, 0.0, 0.0, 0.0, 0.02752439938603642, 0.005814052776443291, 0.0008358641517142137, 0.0]}