{"labels": [0, 1, 2, 3, 4, 5, 6, 7, 8, 9, 10, 11, 12, 13, 14, 15, 16, 17, 18, 19, 20, 21, 22, 23, 24, 25, 26, 27, 28, 29, 30, 31, 32, 33, 34, 35, 36, 37, 38, 39], "data": [0.0006616870746980313, 0.00048130819413523535, 0.0009077871650686108, 0.0, 0.0, 0.0011009802038210222, 0.0011587865307624886, 0.0, 0.0008733707407625772, 0.0, 0.0, 0.0019128270332225896, 0.0, 0.0, 0.0031156556814766444, 0.0, 0.0, 0.0, 0.0010041637684057806, 0.0, 0.0, 0.0027290764329419674, 0.0, 0.1220015836091628, 0.0, 0.012535730457914375, 0.0, 0.002792747953866626, 0.015517917675814534, 0.007117301256374924, 0.006431137064018097, 0.0, 0.0, 0.0, 0.0, 0.00109150581375367, 0.0, 0.0, 0.0004959728701345534, 0.0013619087093446737]}