{"labels": [0, 1, 2, 3, 4, 5, 6, 7, 8, 9, 10, 11, 12, 13, 14, 15, 16, 17, 18, 19, 20, 21, 22, 23, 24, 25, 26, 27, 28, 29, 30, 31, 32, 33, 34, 35, 36, 37, 38, 39], "data": [0.0, 0.0, 0.0, 0.0, 0.028740263707087824, 0.0054979584531372324, 0.020402431166056285, 0.0, 0.0, 0.0, 0.0, 0.0, 0.0, 0.02560720949490508, 0.10261482043029323, 0.0, 0.0, 0.002449692384767303, 0.001928313639719878, 0.022878106259582205, 0.0, 0.005801236003794154, 0.06442159924756893, 0.0, 0.0, 0.0015688820685427901, 0.0, 0.0, 0.0, 0.0, 0.04182002678630068, 0.0, 0.03062478812944119, 0.0, 0.0021142954133632538, 0.07135291608285066, 0.011164113275864657, 0.018544663155935778, 0.0, 0.0]}