{"labels": [0, 1, 2, 3, 4, 5, 6, 7, 8, 9, 10, 11, 12, 13, 14, 15, 16, 17, 18, 19, 20, 21, 22, 23, 24, 25, 26, 27, 28, 29, 30, 31, 32, 33, 34, 35, 36, 37, 38, 39], "data": [0.0, 0.0, 0.0, 0.0, 0.0, 0.0004731364435466638, 0.04441532794933228, 0.0, 0.0, 0.008142995697423248, 0.0, 0.0, 0.0, 0.0, 0.0, 0.0, 0.04042972098377504, 0.010189651329226604, 0.0040130900088699226, 0.0, 0.003580136290598297, 0.0, 0.0, 0.00047703486537051037, 0.0, 0.0, 0.0, 0.0, 0.00527586205169679, 0.0, 0.0575621914074576, 0.05060475360738315, 0.0, 0.0, 0.0, 0.0, 0.0, 0.027467031759159266, 0.007703459629033042, 0.0]}