{"labels": [0, 1, 2, 3, 4, 5, 6, 7, 8, 9, 10, 11, 12, 13, 14, 15, 16, 17, 18, 19, 20, 21, 22, 23, 24, 25, 26, 27, 28, 29, 30, 31, 32, 33, 34, 35, 36, 37, 38, 39], "data": [0.0009589472891611243, 0.006642350318363773, 0.0, 0.0, 0.0, 0.01932721961399355, 0.003874915153569977, 0.0, 0.0, 0.0, 0.004327782279689458, 0.03198971422112671, 0.011199973506924728, 0.011597637602025914, 0.0008750659893537563, 0.0, 0.0, 0.04936877895236568, 0.012180304686840757, 0.00025139678993800366, 0.0175802752832628, 0.021589129330596073, 0.056938045341354736, 0.0, 0.0, 0.0, 0.0028049876778123714, 0.024422661028223068, 0.0, 0.006416872472948405, 0.023028772585195874, 0.0, 0.0008245369146864859, 0.002177602808749036, 0.006954380573821497, 0.019008774197535414, 0.0, 0.00020082802480121141, 0.003685845725196173, 0.03475943548171982]}