{"labels": [0, 1, 2, 3, 4, 5, 6, 7, 8, 9, 10, 11, 12, 13, 14, 15, 16, 17, 18, 19, 20, 21, 22, 23, 24, 25, 26, 27, 28, 29, 30, 31, 32, 33, 34, 35, 36, 37, 38, 39], "data": [0.0, 0.0, 0.0, 0.0, 0.0, 0.0, 0.0, 0.0, 0.0, 0.054410601008671663, 0.0, 0.02257332804014249, 4.5956671921744906e-05, 0.0, 0.0, 0.0, 0.02986748048146688, 0.03229379523286754, 0.0, 0.0, 0.0, 0.0022863477101405993, 0.0, 0.0, 0.0, 0.5823319665660042, 0.0, 0.0, 0.008246521301778267, 0.0, 0.0, 0.0, 0.0, 0.001001282539577169, 0.0, 0.0, 0.0, 0.0, 0.0, 0.0]}