{"labels": [0, 1, 2, 3, 4, 5, 6, 7, 8, 9, 10, 11, 12, 13, 14, 15, 16, 17, 18, 19, 20, 21, 22, 23, 24, 25, 26, 27, 28, 29, 30, 31, 32, 33, 34, 35, 36, 37, 38, 39], "data": [0.0, 0.0, 0.004057336329434968, 0.0019271657907354214, 0.0, 0.0, 0.0, 6.786059858518065e-05, 0.0, 0.0, 0.00044263303210425816, 0.0020350057310665665, 0.0, 0.004900948593393897, 0.0, 0.0, 0.0008127671588185553, 0.00712462550807892, 0.003597010633939192, 0.0009704410702690145, 0.00013489609985003798, 0.005621409297037701, 0.0024591662527589557, 0.021161528462374544, 0.008104742823908414, 0.0, 0.0018720899036975209, 0.0015321126778335638, 0.004437201393662105, 0.0007711279746285422, 0.0010659387955950267, 0.0011337134657861847, 0.0, 0.011919351943111962, 0.0003619922482045607, 0.002889870138399577, 0.002612705258878102, 0.0, 0.0011956643605838472, 0.0]}