{"labels": [0, 1, 2, 3, 4, 5, 6, 7, 8, 9, 10, 11, 12, 13, 14, 15, 16, 17, 18, 19, 20, 21, 22, 23, 24, 25, 26, 27, 28, 29, 30, 31, 32, 33, 34, 35, 36, 37, 38, 39], "data": [0.0, 0.0, 0.0, 0.0, 0.0, 0.0, 0.0019938597397476817, 0.02950438178848703, 0.0, 0.02107250786401649, 0.0259131459477249, 0.0, 0.0, 0.0, 0.02644148251667637, 0.0, 0.0, 0.0, 0.00047696812439056895, 0.0003345460411144316, 0.0, 0.0, 0.0, 0.008665945780669747, 0.0, 0.0, 0.0006609706481470877, 0.0, 0.0, 0.0, 0.0, 0.0, 0.006010009364851834, 0.0, 0.0, 0.0, 0.0, 0.00019435822462941302, 0.0, 0.0]}