{"labels": [0, 1, 2, 3, 4, 5, 6, 7, 8, 9, 10, 11, 12, 13, 14, 15, 16, 17, 18, 19, 20, 21, 22, 23, 24, 25, 26, 27, 28, 29, 30, 31, 32, 33, 34, 35, 36, 37, 38, 39], "data": [0.0019505789333192497, 0.0, 0.0, 0.04291742703307177, 0.08493432266089511, 0.0, 0.0, 0.0017109507623357973, 0.004254041029812003, 0.02425317385454842, 0.015499724175893584, 0.0, 0.0060489064567533415, 0.00395404544645293, 0.008459813033567482, 0.0, 0.0, 0.0016003845696098834, 0.03887523229018496, 0.0037543219439386735, 0.0013195530057956127, 0.0, 0.0, 0.0013348239646469669, 0.0, 0.0, 0.0018913507095758846, 0.0, 0.0, 0.0, 0.0, 0.0, 0.0, 0.0049341666794040576, 0.0, 0.007235453183656715, 0.002209858055860514, 0.0052570926356062244, 0.0, 0.0]}