{"labels": [0, 1, 2, 3, 4, 5, 6, 7, 8, 9, 10, 11, 12, 13, 14, 15, 16, 17, 18, 19, 20, 21, 22, 23, 24, 25, 26, 27, 28, 29, 30, 31, 32, 33, 34, 35, 36, 37, 38, 39], "data": [0.010477219120317243, 0.0013435037129798854, 0.000344413642366175, 0.0, 0.0006379797855838292, 0.0, 0.0, 0.0, 0.0, 0.012842815689563677, 0.0, 0.0, 0.0, 0.0, 0.0, 0.0, 0.0, 0.032441362228224725, 0.005043665103295438, 0.0, 0.0, 0.0, 0.10645342875842971, 0.02833902291570194, 0.0, 0.0032368074507353427, 0.0, 0.0007852858016238878, 0.0, 0.0, 0.030392892534611884, 0.004924534122249617, 0.0, 0.0, 0.0, 0.0, 0.003686502628687481, 0.003521639632480536, 0.005781370428224452, 0.0002460140847476781]}