{"labels": [0, 1, 2, 3, 4, 5, 6, 7, 8, 9, 10, 11, 12, 13, 14, 15, 16, 17, 18, 19, 20, 21, 22, 23, 24, 25, 26, 27, 28, 29, 30, 31, 32, 33, 34, 35, 36, 37, 38, 39], "data": [0.003827954264618802, 0.001413600909596375, 0.0021249200857010684, 0.0, 0.009965608237392978, 0.0, 0.017321536027312838, 0.0, 0.024776729816533196, 0.02761674896836417, 0.009671529493120813, 0.007268864563935477, 0.0, 0.0013436282393245905, 0.0, 0.0, 0.0, 0.0001718174713723349, 0.0, 0.0013116716319006867, 0.0, 0.0, 0.0, 0.0746262298998869, 0.0, 0.01802115202420107, 0.0, 0.0, 0.0, 0.010912023213649077, 0.0, 0.0, 0.0, 0.004482583026623445, 0.0, 0.0008471432912792028, 0.0, 0.0, 0.0, 0.0]}