{"labels": [0, 1, 2, 3, 4, 5, 6, 7, 8, 9, 10, 11, 12, 13, 14, 15, 16, 17, 18, 19, 20, 21, 22, 23, 24, 25, 26, 27, 28, 29, 30, 31, 32, 33, 34, 35, 36, 37, 38, 39], "data": [0.008375347373530054, 0.000726554270608059, 0.0, 0.019923555165082048, 0.001790757850378303, 0.0, 0.0, 0.0022805444384434072, 0.0, 0.006311460680607262, 0.00812809876944464, 0.0, 0.0005457507001660529, 0.0, 0.0013476425749970725, 0.0, 0.0, 0.0010017846561095316, 0.0, 0.04977785010346959, 0.005989050471178534, 0.002418245493178386, 0.004410797905650161, 0.0, 0.0, 0.00406805348336381, 0.0027272334899791544, 0.0021320800526940602, 0.015804823421097024, 0.0, 0.002422603750427099, 0.0, 0.0, 0.07799358237698432, 0.0, 0.00809007314860648, 0.0, 0.04044640978919734, 0.0, 0.0009605769000495638]}