{"labels": [0, 1, 2, 3, 4, 5, 6, 7, 8, 9, 10, 11, 12, 13, 14, 15, 16, 17, 18, 19, 20, 21, 22, 23, 24, 25, 26, 27, 28, 29, 30, 31, 32, 33, 34, 35, 36, 37, 38, 39], "data": [0.0, 0.0, 0.050953307936341626, 0.0, 0.0, 0.0, 0.0, 0.0021568098068347505, 0.0, 0.0, 0.0, 0.0, 0.0, 0.0, 0.011483366292869062, 0.0, 0.0, 0.005325320823838903, 0.0, 0.0, 0.0, 0.0, 0.0, 0.0, 0.11001640110219091, 0.0, 0.059697110125500503, 0.0006073187155953039, 0.003376735264740236, 0.0, 0.0, 0.0, 0.0, 0.0, 0.0, 0.0, 0.0, 0.0, 0.0021648296793897372, 0.002363168100864902]}