{"labels": [0, 1, 2, 3, 4, 5, 6, 7, 8, 9, 10, 11, 12, 13, 14, 15, 16, 17, 18, 19, 20, 21, 22, 23, 24, 25, 26, 27, 28, 29, 30, 31, 32, 33, 34, 35, 36, 37, 38, 39], "data": [0.0006700253669806268, 0.0, 0.0013346099990316953, 0.023393349505302568, 0.03428362218921193, 0.0, 0.006806832281087891, 0.007538641055930326, 0.002759784922812962, 0.001004745507485737, 0.0, 0.0013647654933565015, 0.0, 0.0, 0.009349871719769563, 0.0, 0.0, 0.0, 0.0, 0.0, 0.0, 0.0030264280609028664, 0.0, 0.0, 0.0, 0.0009538507486082434, 0.002167460617136039, 0.0023782519935721977, 0.0, 0.0, 0.0031476636070295076, 0.004378004242760433, 0.005601941320670526, 0.02788747505099628, 0.0, 0.06498355886063498, 0.010824405998819083, 0.00996103819528793, 0.0038088431145257558, 0.0030742604995167193]}