{"labels": [0, 1, 2, 3, 4, 5, 6, 7, 8, 9, 10, 11, 12, 13, 14, 15, 16, 17, 18, 19, 20, 21, 22, 23, 24, 25, 26, 27, 28, 29, 30, 31, 32, 33, 34, 35, 36, 37, 38, 39], "data": [0.017777142623401937, 0.0, 0.002007495552371677, 0.0, 0.0, 0.0, 0.0, 0.0, 0.0008047252048816966, 0.00012674423704121858, 0.0, 0.0, 0.0, 0.004780247311091459, 0.0, 0.0, 0.0, 0.04216311443365846, 0.0, 0.0, 0.0, 0.0, 0.0, 0.0, 0.0009551776167236349, 0.0, 0.0, 0.0, 0.0, 0.0, 0.0, 0.001216975642785054, 0.0, 0.0, 0.0018872512786650942, 0.005830356593063653, 0.0, 0.006038129759016337, 0.0, 0.0]}