{"labels": [0, 1, 2, 3, 4, 5, 6, 7, 8, 9, 10, 11, 12, 13, 14, 15, 16, 17, 18, 19, 20, 21, 22, 23, 24, 25, 26, 27, 28, 29, 30, 31, 32, 33, 34, 35, 36, 37, 38, 39], "data": [0.00889603852037677, 0.0, 0.0, 0.014465999209385051, 0.00021654249056064025, 0.0, 0.0, 0.0, 0.0024209471271753173, 0.0, 0.0, 0.0, 0.0, 0.0, 0.027003259646122907, 0.004289247373848679, 0.001838721814577118, 0.013271593611651084, 0.00546420599785429, 0.002283610646811455, 0.0, 0.0, 0.1082083073275328, 0.03303520812660821, 0.030409281455970976, 0.0, 0.0, 6.932537886598452e-05, 0.0, 0.11321948933282976, 0.0, 0.0, 0.0, 0.0017178083186621823, 9.04541910018043e-05, 0.0012840566214909908, 0.008412008412885029, 0.0001011144608253608, 0.02436577180507749, 0.0]}