{"labels": [0, 1, 2, 3, 4, 5, 6, 7, 8, 9, 10, 11, 12, 13, 14, 15, 16, 17, 18, 19, 20, 21, 22, 23, 24, 25, 26, 27, 28, 29, 30, 31, 32, 33, 34, 35, 36, 37, 38, 39], "data": [0.0, 0.0, 0.02245797630556466, 0.0, 0.0, 0.0, 0.023290565092724997, 0.04792096792434866, 0.0, 0.0, 0.00971474285790283, 0.0, 0.0, 0.0, 0.1128781739736277, 0.0, 0.0, 0.0, 0.0, 0.0, 0.0, 0.0, 0.0, 0.0, 0.0, 0.0, 0.0, 0.0, 0.0, 0.0, 0.07161462112952988, 0.0, 0.0, 0.0, 0.0, 0.0, 0.03369771803680161, 0.0, 0.0, 0.0]}