{"labels": [0, 1, 2, 3, 4, 5, 6, 7, 8, 9, 10, 11, 12, 13, 14, 15, 16, 17, 18, 19, 20, 21, 22, 23, 24, 25, 26, 27, 28, 29, 30, 31, 32, 33, 34, 35, 36, 37, 38, 39], "data": [0.0024233207963782538, 0.0, 0.009231704790121607, 0.0, 0.010139295356323895, 0.0, 0.002527494822204608, 0.0, 0.003547647666206914, 0.0, 0.0, 0.0, 0.00183613183841029, 0.0, 0.0, 0.0, 0.0, 0.06516458692660335, 0.0, 0.0, 0.04361719723737293, 0.0, 0.0, 0.003908296463247054, 0.003316573381850182, 0.01876794219000414, 0.0, 0.025703133479432018, 0.0, 0.0, 0.0, 0.0007310870940417714, 0.009772266259780735, 2.0594623124130477e-05, 0.0, 0.0014092573407865, 0.003511105063461676, 0.0, 0.0, 0.0]}