{"labels": [0, 1, 2, 3, 4, 5, 6, 7, 8, 9, 10, 11, 12, 13, 14, 15, 16, 17, 18, 19, 20, 21, 22, 23, 24, 25, 26, 27, 28, 29, 30, 31, 32, 33, 34, 35, 36, 37, 38, 39], "data": [0.0009151894493867447, 0.0, 0.0, 0.05165774863636625, 0.0, 0.0, 0.0010264954490377168, 0.00029579000132257967, 0.0, 0.024173440302205088, 0.0, 0.0, 0.05953760065336653, 0.0, 0.020061211494944917, 0.0, 0.0, 0.0, 0.0023887444588861716, 0.0, 0.0, 0.007035593199631974, 0.03055761325611399, 0.0, 0.040036815022863416, 0.0, 0.0, 0.0, 0.00036993301934512915, 0.002529362143708, 0.009183558334480384, 0.04301200644587601, 0.0, 0.0010273850252083317, 0.02401946715353271, 0.0024668813250454265, 0.010198804576073367, 0.013657594016115599, 0.0, 0.00010806747355327128]}