{"labels": [0, 1, 2, 3, 4, 5, 6, 7, 8, 9, 10, 11, 12, 13, 14, 15, 16, 17, 18, 19, 20, 21, 22, 23, 24, 25, 26, 27, 28, 29, 30, 31, 32, 33, 34, 35, 36, 37, 38, 39], "data": [0.009850361970730775, 0.0, 0.001729644045443796, 0.0, 0.0, 0.05467670199578426, 0.05416411813661117, 0.0, 0.007306661987256998, 0.021134338890925995, 0.005909756480461469, 0.009398257531437778, 0.0010374733820645203, 0.0009143408888328241, 0.0, 0.0, 0.0, 0.019673860549849525, 0.007385861658533473, 0.0, 0.0, 0.0, 0.0008936775895558021, 0.0005271128957454614, 0.0020140308724273712, 0.0, 0.0, 0.0, 0.0, 0.0, 0.0, 0.00074248985079158, 0.0009400263533357689, 0.0, 0.01483560254668973, 0.0, 0.005552768477411225, 0.024711213914241963, 0.0025125337718314685, 0.0025112298677291097]}