{"labels": [0, 1, 2, 3, 4, 5, 6, 7, 8, 9, 10, 11, 12, 13, 14, 15, 16, 17, 18, 19, 20, 21, 22, 23, 24, 25, 26, 27, 28, 29, 30, 31, 32, 33, 34, 35, 36, 37, 38, 39], "data": [0.0, 0.001967873124853788, 0.002201016613153376, 0.0, 0.0, 0.023583280461371193, 0.038874707987076124, 0.0003408920664933617, 0.012799764019998165, 0.0, 0.009145967584932486, 0.008618069365657944, 0.017931568027324922, 0.0014788299843330561, 0.006730000909101632, 0.0, 0.0, 0.0027639137285025693, 0.0006248743580771414, 0.0, 0.007009709145255205, 5.973999360039584e-05, 0.004519776364350564, 0.0, 0.00429579983914778, 0.0, 0.006954945334044574, 0.0, 0.0, 0.0, 0.0, 0.008041406537925788, 0.0, 0.0, 0.0, 0.0016100640489224271, 0.020717565462540527, 0.015449199798240672, 0.017328051660972524, 8.347015737738274e-06]}