{"labels": [0, 1, 2, 3, 4, 5, 6, 7, 8, 9, 10, 11, 12, 13, 14, 15, 16, 17, 18, 19, 20, 21, 22, 23, 24, 25, 26, 27, 28, 29, 30, 31, 32, 33, 34, 35, 36, 37, 38, 39], "data": [0.025145290036818927, 0.0030948254848103614, 0.0, 0.0, 0.0, 0.0007257937428709958, 0.047298230705480934, 0.007810194270334239, 0.0, 0.036208341459460364, 0.0, 0.007034371969022391, 0.0030782772788483653, 0.01537905318923221, 0.0, 0.0, 0.004089365812914504, 0.003112315022799937, 0.0, 0.0069134927435698665, 0.0, 0.0, 0.0, 0.0, 0.0, 0.007521597955182487, 0.0, 0.0, 0.0, 0.0005793268003414147, 0.0, 0.02150374391709534, 0.0, 0.0, 0.04447950728287941, 0.05049055463792529, 0.013823236800949391, 0.021487842894980357, 0.001501176993424337, 0.004725875136858497]}