{"labels": [0, 1, 2, 3, 4, 5, 6, 7, 8, 9, 10, 11, 12, 13, 14, 15, 16, 17, 18, 19, 20, 21, 22, 23, 24, 25, 26, 27, 28, 29, 30, 31, 32, 33, 34, 35, 36, 37, 38, 39], "data": [0.0, 0.0, 0.0, 0.03288837379863377, 0.0, 0.0, 0.0, 0.0017788177836148562, 0.0038698683256154147, 0.0, 0.0, 0.0, 0.01895712090876536, 0.005341004993358246, 0.0, 0.01245057613339984, 0.0, 0.0, 0.016945217800212835, 0.0, 0.010067044754088319, 0.0, 0.0023538876600985525, 0.002254496101281404, 0.0, 0.0, 0.0, 0.0, 0.0, 0.0, 0.0, 0.06786416535561363, 0.05770806939122269, 0.041157532251271334, 0.019415470590985855, 0.0, 0.0, 0.01873511904157531, 0.0, 0.0]}