{"labels": [0, 1, 2, 3, 4, 5, 6, 7, 8, 9, 10, 11, 12, 13, 14, 15, 16, 17, 18, 19, 20, 21, 22, 23, 24, 25, 26, 27, 28, 29, 30, 31, 32, 33, 34, 35, 36, 37, 38, 39], "data": [0.0, 0.0, 0.003773926383632643, 0.0, 0.0036791290605155008, 0.0, 0.005385946436903245, 0.0, 0.0, 0.0, 0.0, 0.0, 0.0, 0.04517123885458564, 0.0, 0.010365229437589212, 0.0, 0.013113504684367745, 0.0003686374838819023, 0.0216726299935986, 0.14991896316017603, 0.0016183878987804114, 0.029245577968744305, 0.011674149454092016, 0.0006340911195360614, 0.0, 0.04684236061499941, 0.0202636463145683, 0.0, 0.005619116080641304, 0.004748559749917156, 0.001439825639390397, 0.0010229625959773348, 0.004559299237169311, 0.0, 0.04485289561553021, 0.0, 0.03342289952701199, 0.0, 0.0]}