{"labels": [0, 1, 2, 3, 4, 5, 6, 7, 8, 9, 10, 11, 12, 13, 14, 15, 16, 17, 18, 19, 20, 21, 22, 23, 24, 25, 26, 27, 28, 29, 30, 31, 32, 33, 34, 35, 36, 37, 38, 39], "data": [0.003201384695635808, 0.0, 0.008943014922805715, 0.03860845874854765, 0.0, 0.0, 0.0, 0.0, 0.0, 0.022014093082386322, 0.0, 0.0, 0.0007696488763004881, 0.0, 0.0, 0.012879734453996492, 0.0, 0.011715603365390286, 0.0, 0.020572714911189692, 0.0, 0.04574269794778944, 0.0, 0.0, 0.016984153491291964, 0.0, 0.0220479654460932, 0.01104150576530531, 0.0, 0.03550030941862186, 0.004883741743578389, 0.0663466549150335, 0.0, 0.0, 0.021313324640556255, 0.0026678448185964714, 0.009501322364566436, 0.0, 0.0, 0.0048960019321067335]}