{"labels": [0, 1, 2, 3, 4, 5, 6, 7, 8, 9, 10, 11, 12, 13, 14, 15, 16, 17, 18, 19, 20, 21, 22, 23, 24, 25, 26, 27, 28, 29, 30, 31, 32, 33, 34, 35, 36, 37, 38, 39], "data": [0.0019836518475703164, 0.007424381003619035, 0.004639920224010121, 0.0, 0.0, 0.0, 0.009808548189644014, 0.022115171762498335, 0.0, 0.0, 0.007044368077413186, 0.0, 0.0, 0.0, 0.07947318424908557, 0.0, 0.0, 0.0, 0.005574258645599719, 0.0, 0.0, 0.0, 0.0, 0.0, 0.0, 0.0, 0.0, 0.0, 0.0, 0.00148720788500771, 0.0300744497417446, 0.0, 0.05446641040937888, 0.0, 0.0, 0.0, 0.046577424811332875, 0.0, 0.0, 0.0]}