{"labels": [0, 1, 2, 3, 4, 5, 6, 7, 8, 9, 10, 11, 12, 13, 14, 15, 16, 17, 18, 19, 20, 21, 22, 23, 24, 25, 26, 27, 28, 29, 30, 31, 32, 33, 34, 35, 36, 37, 38, 39], "data": [0.0, 0.0, 0.0, 0.0, 0.01014707174535308, 0.0, 0.015560200581819979, 0.002100903639094663, 0.0068673156159253, 0.009888307169062287, 0.0, 0.0, 0.0, 0.0, 0.0, 0.0, 0.0013246756743044515, 0.0, 0.0, 0.0, 0.0, 0.048012574873215245, 0.0, 0.0, 0.05793590393682874, 0.0, 0.0, 0.0, 0.0, 0.0, 0.0, 0.00834560796503952, 0.0, 0.011428913996381554, 0.0, 0.0, 0.0, 0.02178836805967853, 0.0, 0.07467413598403667]}