{"labels": [0, 1, 2, 3, 4, 5, 6, 7, 8, 9, 10, 11, 12, 13, 14, 15, 16, 17, 18, 19, 20, 21, 22, 23, 24, 25, 26, 27, 28, 29, 30, 31, 32, 33, 34, 35, 36, 37, 38, 39], "data": [0.0, 0.008268711500028291, 0.0, 0.023545996635441414, 0.006682629573097304, 0.0, 0.022517985295832293, 0.0, 0.0, 0.022509629911371464, 0.017818021553235953, 0.0, 0.0, 0.0002507947265729473, 0.0, 0.0, 0.0, 0.017240202535909466, 0.0004400921374497389, 0.0, 0.0, 0.005706687008468935, 0.0012599971187069884, 0.006224683929405434, 0.0014229092892313572, 0.0, 0.0, 0.000913657741462199, 0.0, 0.01210660831459731, 0.0, 0.0, 0.00624883225961922, 0.0, 0.0, 0.0, 0.0035472739111052577, 0.0, 0.004848870892330959, 0.0]}