{"labels": [0, 1, 2, 3, 4, 5, 6, 7, 8, 9, 10, 11, 12, 13, 14, 15, 16, 17, 18, 19, 20, 21, 22, 23, 24, 25, 26, 27, 28, 29, 30, 31, 32, 33, 34, 35, 36, 37, 38, 39], "data": [0.0, 0.0, 0.017740354486527884, 0.0, 0.06172141178304891, 0.0, 0.006943248953229772, 0.0, 0.0019935596989247933, 0.0, 0.03980041994532366, 0.0, 0.0, 0.0, 0.0, 0.0, 0.027382741177968576, 0.014464044255310044, 0.0, 0.06187709306907349, 0.0, 0.004672207424641423, 0.003991188431512552, 0.0, 0.0038442646658383432, 0.005448294919156428, 0.0, 0.019580490995977685, 0.0, 0.004675826966828132, 0.0, 0.0, 0.0011565335167630026, 0.0, 0.0, 0.0, 0.0, 0.0, 0.0, 0.0]}