{"labels": [0, 1, 2, 3, 4, 5, 6, 7, 8, 9, 10, 11, 12, 13, 14, 15, 16, 17, 18, 19, 20, 21, 22, 23, 24, 25, 26, 27, 28, 29, 30, 31, 32, 33, 34, 35, 36, 37, 38, 39], "data": [0.0, 0.0, 0.03198147723114155, 0.003659127847317903, 0.02156932197399038, 0.0, 0.00011233895016449245, 0.0, 0.0026080967728127026, 0.032581351505087904, 0.0, 0.0, 0.0, 0.005472636754925955, 0.0, 0.0, 0.0, 0.06712403286338821, 0.0, 0.005717331453922726, 0.0, 0.0, 0.0, 0.01281316356179409, 0.0, 0.0, 0.0, 0.0, 0.07737497382522944, 0.0, 0.0007730600516842948, 0.0, 0.0, 0.0, 0.005204231042900236, 0.0, 0.0, 0.010949552459717286, 0.0, 0.0]}