{"labels": [0, 1, 2, 3, 4, 5, 6, 7, 8, 9, 10, 11, 12, 13, 14, 15, 16, 17, 18, 19, 20, 21, 22, 23, 24, 25, 26, 27, 28, 29, 30, 31, 32, 33, 34, 35, 36, 37, 38, 39], "data": [0.0, 0.0029616691102309456, 0.005456229636022149, 0.0, 0.01566364686003154, 0.0, 0.008428703339267278, 0.0, 0.000982380282371314, 0.0, 0.0, 0.11024169852384398, 0.02741702052630793, 0.0, 0.0, 0.0, 0.0, 0.0157241251293019, 0.003815226802881948, 0.0, 0.004717564552792242, 0.0, 0.03188818455705782, 0.0, 0.0, 0.003121109533221532, 0.0, 0.00024088028456592563, 0.040750668825580906, 0.04804287265711268, 0.0026190500130224203, 0.0, 0.024207096820822963, 0.0014399045564001572, 0.002015421213571034, 0.0, 0.0022479391143356672, 0.0, 0.04295244176497752, 0.0]}