{"labels": [0, 1, 2, 3, 4, 5, 6, 7, 8, 9, 10, 11, 12, 13, 14, 15, 16, 17, 18, 19, 20, 21, 22, 23, 24, 25, 26, 27, 28, 29, 30, 31, 32, 33, 34, 35, 36, 37, 38, 39], "data": [0.12790970185851716, 0.0008205685508701127, 0.012201058394898837, 0.008181432771317002, 0.0, 0.0, 0.006789175329628967, 0.0, 0.0, 0.015247464485863992, 0.0, 0.0, 0.0, 0.0, 0.0, 0.056304230126946, 0.0, 0.01262303236901789, 0.0, 0.021076844991789752, 0.0, 0.09551921951114431, 0.023150848108302008, 0.0, 0.0, 0.0, 0.0, 0.0, 0.0, 0.0, 0.0, 0.0033075273388853735, 0.0, 0.0, 0.00861686712151544, 0.0, 0.01154670028245258, 0.0, 0.027010064061486577, 0.0]}