{"labels": [0, 1, 2, 3, 4, 5, 6, 7, 8, 9, 10, 11, 12, 13, 14, 15, 16, 17, 18, 19, 20, 21, 22, 23, 24, 25, 26, 27, 28, 29, 30, 31, 32, 33, 34, 35, 36, 37, 38, 39], "data": [0.0, 0.0, 0.0004222556380438262, 0.01558237204213044, 0.0, 0.024843495515065345, 0.05714512452078449, 0.0, 0.011995133251783351, 0.02834741605962617, 0.0, 0.007418490470566098, 0.02945363391336426, 0.0, 0.0, 0.0, 0.000850281955425203, 0.0, 0.0, 0.0, 0.008885061564149106, 0.0, 0.003585028010064126, 0.020619079693764267, 0.0018643456357854832, 0.038280328888176354, 0.001197378452759828, 0.0, 0.0, 0.0, 0.004820706732958531, 0.0, 0.0, 0.0, 0.0, 0.0, 0.0, 0.0016803839714322941, 0.0, 0.0]}