{"labels": [0, 1, 2, 3, 4, 5, 6, 7, 8, 9, 10, 11, 12, 13, 14, 15, 16, 17, 18, 19, 20, 21, 22, 23, 24, 25, 26, 27, 28, 29, 30, 31, 32, 33, 34, 35, 36, 37, 38, 39], "data": [0.0006368649976320771, 0.01512857167987198, 0.0, 0.013159039459922344, 0.0029841209191568303, 0.0, 0.005085134678957884, 0.009018893443023306, 0.0, 0.05384451651117402, 0.0036618526136781926, 0.0, 0.0, 0.0, 0.0, 0.0, 0.0, 0.0, 0.0027678109840893984, 0.0, 0.011976748542125338, 0.0, 0.0, 0.031486370775628346, 0.023843911036132696, 0.0, 0.0, 0.0017585305635500756, 0.008088812265789346, 0.0, 0.0, 0.0, 0.0, 0.002152745956099504, 0.0, 0.02049146708098544, 0.002665941423761704, 0.011965210265756483, 0.0024976738601186145, 0.0016131316446216474]}