{"labels": [0, 1, 2, 3, 4, 5, 6, 7, 8, 9, 10, 11, 12, 13, 14, 15, 16, 17, 18, 19, 20, 21, 22, 23, 24, 25, 26, 27, 28, 29, 30, 31, 32, 33, 34, 35, 36, 37, 38, 39], "data": [0.01729153241320397, 0.034647720584092795, 0.0, 0.0, 0.006117594282606367, 0.04101460785496836, 0.03961706297846525, 0.0, 0.01922433543707212, 0.001332960964636641, 0.0038920544543352294, 0.0010903684301395856, 0.015019372510641487, 0.03844936346684335, 0.0, 0.014873110252205252, 0.0, 0.005787788743374014, 0.01260375580031359, 0.0, 0.0050907089702830755, 0.029981534077309035, 0.0, 0.0, 0.0, 0.033798932345799095, 0.0, 0.0, 0.0, 0.0, 0.0, 0.0, 0.02445905295735634, 0.012215949481380666, 0.0021431625425438064, 0.0, 0.0, 0.006269419997848381, 0.04599963168324397, 0.02510070914775942]}