{"labels": [0, 1, 2, 3, 4, 5, 6, 7, 8, 9, 10, 11, 12, 13, 14, 15, 16, 17, 18, 19, 20, 21, 22, 23, 24, 25, 26, 27, 28, 29, 30, 31, 32, 33, 34, 35, 36, 37, 38, 39], "data": [0.019783305078810744, 0.0, 0.002735330931987241, 0.0, 0.011043874130378196, 0.009329138027770394, 0.0, 0.0015956227485634518, 0.0, 0.0, 0.021096309636865693, 0.0, 0.0, 0.004234220736237124, 0.015701256182168184, 0.0, 0.0, 0.024508843076512993, 0.025954472679588177, 0.0026061834139602864, 0.0, 0.005692847985380245, 0.0, 0.0012587446627632729, 0.001938100067512099, 0.001422690562260636, 2.441181576372203e-05, 0.00012198943866207726, 0.0007502604769926747, 0.0, 0.0034270268336856462, 0.002978089395604564, 0.0, 0.0, 0.0, 0.014020428013834067, 0.0, 0.0, 0.0, 0.0017551153451040096]}