{"labels": [0, 1, 2, 3, 4, 5, 6, 7, 8, 9, 10, 11, 12, 13, 14, 15, 16, 17, 18, 19, 20, 21, 22, 23, 24, 25, 26, 27, 28, 29, 30, 31, 32, 33, 34, 35, 36, 37, 38, 39], "data": [0.006950453796872602, 0.0020330431765627137, 0.03765675993184779, 0.0, 0.0, 0.0, 0.009049558722423216, 0.0, 0.0, 0.0, 0.0014644441329251907, 0.0, 0.0, 0.005363934175799569, 0.015601763977644996, 0.0, 0.0, 0.0, 0.012291790480462781, 0.00014162259500521707, 0.018524969675937572, 0.0, 0.0, 0.00013449571453627834, 0.0, 0.0, 0.004066892149148074, 0.05035714205860397, 0.0, 0.0005755384446809917, 0.014235287136684262, 0.0010044084492658058, 0.001274115304231257, 0.0033619883095874444, 0.00959815710031175, 0.035298318832348796, 0.0007057726692078722, 0.0, 0.0006972465534717846, 0.0]}