{"labels": [0, 1, 2, 3, 4, 5, 6, 7, 8, 9, 10, 11, 12, 13, 14, 15, 16, 17, 18, 19, 20, 21, 22, 23, 24, 25, 26, 27, 28, 29, 30, 31, 32, 33, 34, 35, 36, 37, 38, 39], "data": [0.0, 0.0004756047029472214, 0.016349237526265017, 0.0, 0.0, 0.0, 0.020854762851406087, 0.0, 0.029794319190945957, 0.0, 0.011831098464668809, 0.0, 0.024158792638364134, 0.0, 0.0, 0.0009275052571024361, 0.0, 0.0, 0.002325936402720742, 0.0, 0.0014324937439363994, 0.06060931759300432, 0.08141879250275659, 0.00020152496416832785, 0.0, 0.0, 0.0, 0.0, 0.0, 0.0, 0.0, 0.0007064469675976847, 0.0, 0.0339095975138179, 0.0007942685934046135, 0.008382227831751335, 0.0, 0.0, 0.0, 0.007142735254984203]}