{"labels": [0, 1, 2, 3, 4, 5, 6, 7, 8, 9, 10, 11, 12, 13, 14, 15, 16, 17, 18, 19, 20, 21, 22, 23, 24, 25, 26, 27, 28, 29, 30, 31, 32, 33, 34, 35, 36, 37, 38, 39], "data": [0.0, 0.0, 0.0, 0.0008548939319058292, 0.0, 0.06995218094030431, 0.0, 0.0, 0.0, 0.007904187145037416, 0.0012233746553907646, 0.03716962843353554, 0.0, 0.009256546207410255, 0.0, 0.0, 0.06551171588864964, 0.0, 0.026346852764340015, 0.0, 0.0, 0.002047783668008514, 0.0, 0.004266166412508962, 0.017578656020897025, 0.022833371548102548, 0.0, 0.02160365999503867, 0.0, 0.0, 0.005194408082041422, 0.0, 0.0, 0.0, 0.007191322346215282, 0.0, 0.00457087239621184, 0.00916863489625802, 0.0, 0.0]}