{"labels": [0, 1, 2, 3, 4, 5, 6, 7, 8, 9, 10, 11, 12, 13, 14, 15, 16, 17, 18, 19, 20, 21, 22, 23, 24, 25, 26, 27, 28, 29, 30, 31, 32, 33, 34, 35, 36, 37, 38, 39], "data": [0.0, 0.004217582739990446, 0.013773180935905663, 0.01794941135250092, 0.014897186739963077, 0.03548752049622661, 0.0, 0.006928314991365245, 0.0, 0.0, 0.0, 0.0, 0.05426681679818605, 0.0, 0.012009046693926868, 0.0, 0.0, 0.0, 0.02458001099492497, 0.0, 0.0, 0.002895148988837082, 0.0335992700860418, 0.006614288823759156, 0.0057092816491909676, 0.0005851551575852909, 0.03100694274491941, 0.0, 0.0, 0.0, 0.0, 0.06907587336946143, 0.0035754118600857918, 0.006227483751396843, 0.0, 0.017663197703417136, 0.0, 0.0776558799942847, 0.0, 0.001407255135884395]}