{"labels": [0, 1, 2, 3, 4, 5, 6, 7, 8, 9, 10, 11, 12, 13, 14, 15, 16, 17, 18, 19, 20, 21, 22, 23, 24, 25, 26, 27, 28, 29, 30, 31, 32, 33, 34, 35, 36, 37, 38, 39], "data": [0.0015917999472645928, 0.0, 0.041164472328985374, 0.0, 0.033340294769398746, 0.0, 0.012527975323919511, 0.007544246940665894, 0.0, 0.0, 0.0, 0.0, 0.0, 0.0, 0.0, 0.0010652145094485067, 0.0011703274409294116, 0.005933343035679745, 0.0, 0.0, 0.0, 0.0, 0.005852152286208478, 0.0, 0.0010053424866208116, 0.0, 0.004135754076402325, 0.0027324263091520634, 0.0, 0.0, 0.0, 0.003020331124344225, 0.0, 0.0, 0.02408912480043319, 0.010875924643588056, 0.0, 0.0006136113429851355, 0.0068003678448440566, 0.0]}