{"labels": [0, 1, 2, 3, 4, 5, 6, 7, 8, 9, 10, 11, 12, 13, 14, 15, 16, 17, 18, 19, 20, 21, 22, 23, 24, 25, 26, 27, 28, 29, 30, 31, 32, 33, 34, 35, 36, 37, 38, 39], "data": [0.011770691521480954, 0.02016922212767041, 0.015492714469764891, 0.000401032774889193, 0.01220990247761752, 0.07932812661067086, 0.022661129471703435, 0.0, 0.02504772321310022, 0.009926319188945551, 0.030177612466937516, 0.018786839085717464, 0.0, 0.0, 0.0008830174879353373, 0.02391487117970945, 0.0, 0.0, 0.014190511078210257, 0.0, 0.001625918853065191, 0.0, 0.001963964343901548, 0.006510932020677135, 0.00718877601763692, 0.0, 0.005302696868672943, 0.0, 0.0032174690880580207, 0.011226884892642262, 0.0, 0.0009666258959693116, 0.0, 0.03518693096940953, 0.0023557198060947106, 0.0, 0.0, 0.0, 0.07566118775928411, 0.02297931755547213]}