{"labels": [0, 1, 2, 3, 4, 5, 6, 7, 8, 9, 10, 11, 12, 13, 14, 15, 16, 17, 18, 19, 20, 21, 22, 23, 24, 25, 26, 27, 28, 29, 30, 31, 32, 33, 34, 35, 36, 37, 38, 39], "data": [0.0, 0.01702830191464094, 0.0, 0.0006125859708923067, 0.003585294691784143, 0.0, 0.007296932082088072, 0.0, 0.0, 0.0014112147918760817, 0.014749716923831058, 0.0, 0.0, 0.0, 0.17321227085054863, 0.04976224813049095, 0.0, 0.0, 0.0, 0.0008480758028008685, 0.0, 0.0, 0.0, 0.0, 0.0, 0.0, 0.0, 0.0, 0.0, 0.0, 0.0, 0.0, 0.0, 0.0, 0.0, 0.01739062600702921, 0.0, 0.0, 0.026379042899752042, 0.0]}