{"labels": [0, 1, 2, 3, 4, 5, 6, 7, 8, 9, 10, 11, 12, 13, 14, 15, 16, 17, 18, 19, 20, 21, 22, 23, 24, 25, 26, 27, 28, 29, 30, 31, 32, 33, 34, 35, 36, 37, 38, 39], "data": [0.0, 0.03670301119890817, 0.014596657687976885, 0.02447120923996192, 0.0, 0.01662618898605281, 0.0029553199013708236, 0.0, 0.0, 0.0, 0.004966584727103144, 0.018346975847826262, 0.0, 0.0, 0.010123858382922046, 0.0, 0.0, 0.014330021377571278, 0.0, 0.026321880721512224, 0.0, 0.021930637355309056, 0.0967142141661309, 0.0, 0.06713218237459297, 0.0, 0.004907268875473285, 0.0, 0.0, 0.0, 0.035707381016465284, 0.0, 0.0, 0.014792751120863134, 0.0, 0.0, 0.0, 0.0, 0.005898626844646159, 0.0034462900115010704]}