{"labels": [0, 1, 2, 3, 4, 5, 6, 7, 8, 9, 10, 11, 12, 13, 14, 15, 16, 17, 18, 19, 20, 21, 22, 23, 24, 25, 26, 27, 28, 29, 30, 31, 32, 33, 34, 35, 36, 37, 38, 39], "data": [0.0, 0.0, 0.012966138354694075, 0.0, 0.020972048470797984, 0.0, 0.01638508180340828, 0.004941254420765219, 0.0, 0.019885455119009725, 0.0, 0.0, 0.0, 0.04874821589790395, 0.02319988669902408, 0.0021314971180099234, 0.0, 0.005513020388661141, 0.01810553692827344, 0.02639993929668019, 0.0, 0.019731045422897754, 0.0010628248902561533, 0.0, 0.0, 0.006466950027062204, 0.0, 0.0, 0.006311086840634033, 0.0, 0.0011034930728682285, 0.0, 0.0, 0.005306657660263193, 0.0053176053621049645, 0.0, 0.01112972910366704, 0.017099716257030023, 0.013827190177635427, 0.0]}