{"labels": [0, 1, 2, 3, 4, 5, 6, 7, 8, 9, 10, 11, 12, 13, 14, 15, 16, 17, 18, 19, 20, 21, 22, 23, 24, 25, 26, 27, 28, 29, 30, 31, 32, 33, 34, 35, 36, 37, 38, 39], "data": [0.0, 0.0, 0.014770602504503847, 0.0, 0.0, 0.008756788725810528, 0.025144273950707074, 0.023336793112792097, 0.0, 0.0, 0.036430751646119724, 0.0, 0.0, 0.0, 0.004358357259778848, 0.0, 0.0, 0.0011408581304868544, 0.0, 0.0012418275868063538, 0.0, 0.00512222219554682, 0.0034131773459983895, 0.0, 0.0007878021116883826, 0.008436496975348248, 0.0002780934041421819, 0.000520659189372065, 0.0, 0.0, 0.007543243963026547, 0.0019176903485146725, 0.0, 0.0, 0.0010344727641425266, 0.016227653170962527, 0.025647949280685867, 0.01240005975907415, 0.034288928538461515, 0.0]}