{"labels": [0, 1, 2, 3, 4, 5, 6, 7, 8, 9, 10, 11, 12, 13, 14, 15, 16, 17, 18, 19, 20, 21, 22, 23, 24, 25, 26, 27, 28, 29, 30, 31, 32, 33, 34, 35, 36, 37, 38, 39], "data": [0.008887536378723698, 0.0, 0.0, 0.03233482108530984, 0.0, 0.0, 0.012943554142281509, 0.0, 0.0, 0.0037940420820882772, 0.0, 0.0, 0.039479652524953154, 0.0013352456195373816, 0.0, 0.0, 0.005456870626921291, 0.010468225814536193, 0.05002257605773974, 0.0, 0.012317156497378683, 0.0, 0.0, 0.0038932416819074354, 0.0, 0.0057479512457873595, 0.02751521828439589, 0.004278252853169698, 0.003468297993425749, 0.0, 0.0, 0.0, 0.0, 0.004427692611893272, 0.018702555819714414, 0.0, 0.00329068886317001, 0.00814407972491368, 0.0, 0.00024044107082898556]}