{"labels": [0, 1, 2, 3, 4, 5, 6, 7, 8, 9, 10, 11, 12, 13, 14, 15, 16, 17, 18, 19, 20, 21, 22, 23, 24, 25, 26, 27, 28, 29, 30, 31, 32, 33, 34, 35, 36, 37, 38, 39], "data": [0.0032545483961744447, 0.0018997307349369883, 0.0, 0.011931190336666278, 0.0, 0.05115140055279472, 0.0012280126343117727, 0.0, 0.0, 0.017458288192461435, 0.007187440217876266, 0.0, 0.0, 0.0, 0.0, 0.0, 0.009782797916196255, 0.010164164749075569, 0.0, 0.0, 0.0002744810553631762, 0.007502834155486926, 0.0, 0.005751702273663873, 0.0, 0.0063148337304747, 0.0, 0.03959698431585659, 0.0, 0.0, 0.0, 0.0, 0.0, 0.07047614792962471, 0.0, 0.0, 0.0, 0.0, 0.0, 0.03903094008052965]}