{"labels": [0, 1, 2, 3, 4, 5, 6, 7, 8, 9, 10, 11, 12, 13, 14, 15, 16, 17, 18, 19, 20, 21, 22, 23, 24, 25, 26, 27, 28, 29, 30, 31, 32, 33, 34, 35, 36, 37, 38, 39], "data": [0.006814856839634919, 0.02660656343200871, 0.0, 0.0, 0.01655633793136438, 0.0, 0.011108313049387373, 0.0015751664039953424, 0.0, 0.0048884415969349185, 0.0, 0.0023633696937769228, 0.0, 0.0, 0.0, 0.0, 0.0009482615826251761, 0.030137521406823926, 0.0012021277368749364, 0.0, 0.0, 0.0, 0.0, 0.0, 0.0, 0.0, 0.0, 0.0, 0.0, 0.0, 0.0, 0.0, 0.0, 0.0, 0.010378786307528922, 0.03042873165284087, 0.0, 0.0, 0.0, 0.0016866057631865028]}