{"labels": [0, 1, 2, 3, 4, 5, 6, 7, 8, 9, 10, 11, 12, 13, 14, 15, 16, 17, 18, 19, 20, 21, 22, 23, 24, 25, 26, 27, 28, 29, 30, 31, 32, 33, 34, 35, 36, 37, 38, 39], "data": [0.00571608819057791, 0.0, 0.007105568138496479, 0.0, 0.0, 0.0, 0.015233562051465347, 0.0, 0.0020606852718408697, 0.024192272358265078, 0.0, 0.0030104391333349062, 0.0, 0.0, 0.0, 0.0, 0.0, 0.0, 0.0, 0.0, 0.0, 0.0, 0.07596179297773864, 0.0, 0.06305554052402093, 0.017625813334347012, 0.0, 0.033313484700722956, 0.0, 0.0, 0.0, 0.0, 0.0, 0.0, 0.009455187392652976, 0.005836476352577067, 0.0106886121977646, 0.0, 0.0003870434534915493, 0.0015762086625698021]}