{"labels": [0, 1, 2, 3, 4, 5, 6, 7, 8, 9, 10, 11, 12, 13, 14, 15, 16, 17, 18, 19, 20, 21, 22, 23, 24, 25, 26, 27, 28, 29, 30, 31, 32, 33, 34, 35, 36, 37, 38, 39], "data": [0.002916338630409261, 0.0, 0.011004906403465835, 0.019010957058753067, 0.0, 0.0, 0.0023830472289053744, 0.0005944999001733924, 0.0, 0.0030965659772510053, 0.0002507675726271362, 0.00010264729167227857, 0.0226469649566151, 0.0, 0.006117579938123914, 0.0027918974790402426, 0.0, 0.017346222142912582, 0.0026221505466602433, 0.0, 0.0010011190040671955, 0.030004477791923837, 0.0, 0.08052144586447911, 0.0, 0.0, 1.0882519263271575e-05, 0.048739576845297505, 0.00027110629785657183, 0.008664000934722799, 0.0, 0.00443458435980532, 0.0030159010931050862, 0.02495985620674141, 0.0, 0.002008331111033292, 0.03359076194265001, 0.02784827202682939, 0.0, 0.0]}