{"labels": [0, 1, 2, 3, 4, 5, 6, 7, 8, 9, 10, 11, 12, 13, 14, 15, 16, 17, 18, 19, 20, 21, 22, 23, 24, 25, 26, 27, 28, 29, 30, 31, 32, 33, 34, 35, 36, 37, 38, 39], "data": [0.015193273291258618, 0.07258757132460067, 0.0, 0.0, 0.0005091308995572464, 0.0, 0.018598231552318233, 0.019073709690828836, 0.0009970414550201966, 0.010820453393267336, 0.0, 0.0, 0.0, 0.0, 0.003056058319050053, 0.0033474904856620135, 0.0, 0.00962040656150589, 0.0, 0.0, 0.0, 0.005290112315985161, 0.0015236970229015455, 0.0046168639045473985, 0.006291540815954544, 0.005849033844647415, 0.06107427177550579, 0.0010359248825332298, 0.0, 0.0, 0.0, 0.06218707044835341, 0.0024570403039340387, 0.003480240865706774, 0.0019452138277057044, 0.0, 0.0017935465297499635, 0.0, 0.00017444660537185074, 0.0]}