{"labels": [0, 1, 2, 3, 4, 5, 6, 7, 8, 9, 10, 11, 12, 13, 14, 15, 16, 17, 18, 19, 20, 21, 22, 23, 24, 25, 26, 27, 28, 29, 30, 31, 32, 33, 34, 35, 36, 37, 38, 39], "data": [0.0, 0.002221177454518872, 0.0, 0.0, 0.0, 0.0, 0.002343983414071386, 0.0008778934638281525, 0.009100234794891044, 0.0, 0.05495737734487754, 0.0, 0.0, 0.00458033392842411, 0.0, 0.0008745536282082465, 0.0, 0.0, 0.0, 0.0, 0.0, 0.0, 0.0, 0.0, 0.06881900446484136, 0.0, 0.0002904947955242061, 0.0, 0.0, 0.0, 0.0, 0.0, 0.0, 0.0, 0.0018693955063254877, 0.005101887834498988, 0.0, 0.023332026317378688, 0.0, 0.0009067482442495325]}