{"labels": [0, 1, 2, 3, 4, 5, 6, 7, 8, 9, 10, 11, 12, 13, 14, 15, 16, 17, 18, 19, 20, 21, 22, 23, 24, 25, 26, 27, 28, 29, 30, 31, 32, 33, 34, 35, 36, 37, 38, 39], "data": [0.0006893204506482795, 0.0, 0.04067594305543746, 0.0018767459204449338, 0.011447303564034372, 0.0, 0.03671995035522779, 0.0, 0.0446952030861916, 6.346696798328129e-05, 0.014942110671693026, 0.008246426197995444, 0.0, 0.0, 0.0, 0.0, 0.0, 0.0, 0.002730226447771077, 0.0015574429087618358, 0.0, 0.0, 0.0, 0.0, 0.0019939897160702997, 0.0, 0.0, 0.0, 0.0, 0.0, 0.0016004145108802852, 0.0, 0.0, 0.0, 0.0, 0.0, 0.0009983140460065297, 0.0, 0.0, 0.0]}