{"labels": [0, 1, 2, 3, 4, 5, 6, 7, 8, 9, 10, 11, 12, 13, 14, 15, 16, 17, 18, 19, 20, 21, 22, 23, 24, 25, 26, 27, 28, 29, 30, 31, 32, 33, 34, 35, 36, 37, 38, 39], "data": [0.03012137550605761, 0.07528814799653069, 0.03133236458964753, 0.007443106400626345, 0.0034859684223388023, 0.007693390673252922, 0.004065936688703356, 0.0, 0.0, 0.0, 0.0062192767145007495, 0.0, 0.0, 0.010827046006162858, 0.041898348303275525, 0.0, 0.0, 0.0, 0.0, 0.0, 0.005600775073355829, 0.008685445502245873, 0.0, 0.0, 0.0025705201463519186, 0.0, 0.00027432762173393267, 0.001070891269060228, 0.007420688764466127, 0.0, 0.01752084225866171, 0.0, 0.030991358249677175, 0.04413923195569124, 0.0, 0.0, 0.03452958787553398, 0.0, 0.016035842944086318, 0.00105140474840596]}