{"labels": [0, 1, 2, 3, 4, 5, 6, 7, 8, 9, 10, 11, 12, 13, 14, 15, 16, 17, 18, 19, 20, 21, 22, 23, 24, 25, 26, 27, 28, 29, 30, 31, 32, 33, 34, 35, 36, 37, 38, 39], "data": [0.003522557851621141, 0.0, 0.0202703487885021, 0.0, 0.007562462938854449, 0.0, 0.020799141509821442, 0.0, 0.0, 0.041945704433781414, 0.0007436117976869363, 0.0, 0.0, 0.0, 0.00010633216805817398, 0.0, 0.0, 0.0, 0.03238873322237976, 0.0, 0.002527654059486687, 0.033508382146119155, 0.0016598373970638735, 0.0, 0.0031460974481619165, 0.0, 0.0, 0.02283252858696725, 0.0, 0.0, 0.0, 0.0, 0.007573444722754201, 0.0, 0.0029938599306590977, 0.0, 0.0, 0.02887069353696369, 0.0, 0.0]}