{"labels": [0, 1, 2, 3, 4, 5, 6, 7, 8, 9, 10, 11, 12, 13, 14, 15, 16, 17, 18, 19, 20, 21, 22, 23, 24, 25, 26, 27, 28, 29, 30, 31, 32, 33, 34, 35, 36, 37, 38, 39], "data": [0.021851745598618806, 0.0, 0.0010556450642374164, 0.005588021488260839, 0.013362713093062641, 0.007642929609780861, 0.009501882300916573, 0.023244840075578397, 0.005855009518142767, 0.0, 0.008247419115568864, 0.0017126989403453096, 0.008609432347404534, 0.03939097741661138, 0.01426231947548713, 0.10066353824637257, 0.0, 0.0, 0.04886675880321485, 0.00025732856100594794, 0.008844745273396935, 0.0, 0.0, 0.0, 0.01307427922868344, 0.009268134793167813, 0.009100313842521012, 0.0, 0.0006874515456390446, 0.010274235440478499, 0.0036239187163010227, 0.0, 0.03614732962266249, 0.0, 0.0, 0.0, 0.0, 0.017082977472628196, 0.011545659863233746, 0.0188311413541007]}