{"labels": [0, 1, 2, 3, 4, 5, 6, 7, 8, 9, 10, 11, 12, 13, 14, 15, 16, 17, 18, 19, 20, 21, 22, 23, 24, 25, 26, 27, 28, 29, 30, 31, 32, 33, 34, 35, 36, 37, 38, 39], "data": [0.01973500482391852, 0.0031224069332058475, 0.008117172259235505, 0.0, 0.004804563945408574, 0.0, 0.01983004722110927, 0.0, 0.0, 0.08281035806763527, 0.0, 0.0, 0.0, 0.0, 0.0, 0.0, 0.0, 0.0, 0.006606241898812574, 0.0, 0.0009786744757345404, 0.0, 0.0007095743304706985, 0.003590098333787176, 0.0, 0.0, 0.0, 0.019934383664894945, 0.0010273639125936392, 0.0, 0.002991026119281407, 0.004369456074936137, 0.0, 0.001248796515302099, 0.004353993647009005, 0.0, 0.0, 0.0025796256497086978, 0.007213363240540069, 0.0]}