{"labels": [0, 1, 2, 3, 4, 5, 6, 7, 8, 9, 10, 11, 12, 13, 14, 15, 16, 17, 18, 19, 20, 21, 22, 23, 24, 25, 26, 27, 28, 29, 30, 31, 32, 33, 34, 35, 36, 37, 38, 39], "data": [0.0043270696021152745, 0.0035851591292935894, 0.006719974835975859, 0.0006587470535213078, 0.0, 0.0, 0.011389524268328061, 0.0, 0.00954715861111218, 0.0, 0.0, 0.005260623322931252, 0.0, 0.0, 0.008549483811148664, 0.0, 0.0, 0.009435676334664899, 0.0, 0.0009340949014244706, 0.0, 0.00036210797693056403, 0.0, 0.0, 0.0, 0.0, 0.0, 0.02876182324815034, 0.0, 0.0, 0.0, 0.0023052982328035615, 0.0, 0.0, 0.0, 0.003941280348385549, 0.020340264385380624, 0.030404867117316912, 0.00503039907759243, 0.0014034437825650207]}