{"labels": [0, 1, 2, 3, 4, 5, 6, 7, 8, 9, 10, 11, 12, 13, 14, 15, 16, 17, 18, 19, 20, 21, 22, 23, 24, 25, 26, 27, 28, 29, 30, 31, 32, 33, 34, 35, 36, 37, 38, 39], "data": [0.011603796913904015, 0.0, 0.0, 0.024541892813808357, 3.396094673734298e-05, 0.0002476949466713477, 0.013991334232550685, 0.0, 0.0031071638460734457, 0.003584344355258143, 0.0, 0.0, 0.003386856730584201, 0.0, 0.0, 0.0, 0.0, 0.0, 0.0, 0.0, 0.0, 0.0, 0.0, 0.0, 0.0, 0.04901882094911138, 0.001662887191843255, 0.03390052297457914, 0.004319526621737099, 0.005358987486771278, 0.0, 0.0, 0.0, 0.0, 0.036557808571231074, 0.008849631800779384, 0.0, 0.0, 0.00037848219270893266, 0.0]}