{"labels": [0, 1, 2, 3, 4, 5, 6, 7, 8, 9, 10, 11, 12, 13, 14, 15, 16, 17, 18, 19, 20, 21, 22, 23, 24, 25, 26, 27, 28, 29, 30, 31, 32, 33, 34, 35, 36, 37, 38, 39], "data": [0.0, 0.0023090599363461495, 0.0, 0.022594655586047067, 0.0, 0.09943659620769178, 0.0, 0.0, 0.0, 0.0, 0.0007149318598647877, 0.0, 0.0, 0.0, 0.0, 0.0, 0.0, 0.03605241658767214, 0.0, 0.000787063319704696, 0.0, 0.0, 0.0, 0.0, 0.0, 0.005632475935351983, 0.0, 0.0, 0.0, 0.0, 0.0, 0.0, 0.0, 0.0, 0.0, 0.03880606653296972, 0.004127387411919731, 0.0, 0.0603332014742418, 0.0]}