{"labels": [0, 1, 2, 3, 4, 5, 6, 7, 8, 9, 10, 11, 12, 13, 14, 15, 16, 17, 18, 19, 20, 21, 22, 23, 24, 25, 26, 27, 28, 29, 30, 31, 32, 33, 34, 35, 36, 37, 38, 39], "data": [0.00020824864323373815, 0.0, 0.0, 0.0, 0.030833462943472438, 0.025415456631777134, 0.0, 0.0, 0.0, 0.002591118694481565, 0.0, 0.0, 0.0, 0.0, 0.0, 0.0, 0.06593489967204773, 0.0001198831576920751, 6.568156672228454e-05, 0.0, 0.004013222560403335, 0.0, 0.0, 0.03161500297188796, 0.00198732452115787, 0.0, 0.0, 0.0, 0.0, 0.00017909485234160263, 0.0, 0.0, 0.0, 0.0, 0.0, 0.0, 0.0, 0.024067020598671638, 0.031078392850346602, 0.045528064493456775]}