{"labels": [0, 1, 2, 3, 4, 5, 6, 7, 8, 9, 10, 11, 12, 13, 14, 15, 16, 17, 18, 19, 20, 21, 22, 23, 24, 25, 26, 27, 28, 29, 30, 31, 32, 33, 34, 35, 36, 37, 38, 39], "data": [0.0, 0.0, 0.0, 0.0, 0.035120264323222475, 0.0, 0.010688354636686756, 0.0, 0.0003589177089638629, 0.0, 0.0, 0.0, 0.0008216422297768045, 0.007869694210319748, 0.0, 0.0, 0.0, 0.0, 0.0, 0.0024334281340135737, 0.0, 0.0, 0.0, 0.009669199470208414, 0.06058254896403541, 0.0, 6.701964575092637e-05, 0.0, 0.0, 0.0, 0.00026413425863038107, 0.0, 0.0024298098222664244, 0.01741467332911901, 0.0, 0.0, 0.004186172050735493, 0.0, 0.0, 0.00041825039629414285]}