{"labels": [0, 1, 2, 3, 4, 5, 6, 7, 8, 9, 10, 11, 12, 13, 14, 15, 16, 17, 18, 19, 20, 21, 22, 23, 24, 25, 26, 27, 28, 29, 30, 31, 32, 33, 34, 35, 36, 37, 38, 39], "data": [0.008835255780039198, 0.00044558229671793064, 0.009249988417727777, 0.0004942044913055068, 0.0008666038191005761, 0.004811609456327141, 0.0, 0.0, 0.0, 0.0, 0.0, 0.007297378762116643, 0.0009506076817868333, 0.00318289834104609, 0.0, 0.04794761414755904, 0.0, 0.03949614597141532, 0.017294250845744236, 0.031613512207366246, 0.0, 0.027513380606024693, 0.003331091330484881, 0.0, 0.0, 0.012187994232950737, 0.0, 0.012698916778956694, 0.0, 0.0, 0.007837901912086477, 0.0, 0.0002892490514940592, 0.0, 0.002190370121410744, 0.004515390481384746, 0.0013633014293008047, 0.013252872032629582, 0.0, 0.029305254340247548]}