{"labels": [0, 1, 2, 3, 4, 5, 6, 7, 8, 9, 10, 11, 12, 13, 14, 15, 16, 17, 18, 19, 20, 21, 22, 23, 24, 25, 26, 27, 28, 29, 30, 31, 32, 33, 34, 35, 36, 37, 38, 39], "data": [0.020601865548037182, 0.0, 0.0, 0.0, 0.005099066746031843, 0.0, 0.006457032204907306, 0.0, 0.0, 0.0, 0.01299663421553508, 0.0031128205562776785, 0.009583482168053698, 0.0, 0.02051988756099178, 0.0, 0.003756415696390358, 0.02037167328259215, 0.001156628900791051, 0.0018721620381073059, 0.0, 0.0, 0.0, 0.0, 0.0, 0.08076332225667608, 0.0, 0.0, 0.0, 0.0, 0.003362584017298382, 0.0, 0.0, 0.0, 0.0, 0.015404283372730053, 0.013285765914866934, 0.003931328639964344, 0.0, 0.0]}