{"labels": [0, 1, 2, 3, 4, 5, 6, 7, 8, 9, 10, 11, 12, 13, 14, 15, 16, 17, 18, 19, 20, 21, 22, 23, 24, 25, 26, 27, 28, 29, 30, 31, 32, 33, 34, 35, 36, 37, 38, 39], "data": [0.0, 0.0, 0.010348875456467366, 0.0, 0.0, 0.004750523383613175, 0.004515421698027262, 0.017981129907605874, 0.0, 0.0, 0.014561787066584316, 3.165795128693148e-05, 0.038344120520341786, 0.002765327812270207, 0.07607116810840954, 0.00038511631412254006, 0.0015951767326974453, 0.006395198398004716, 0.001424155947679257, 0.02522834805695432, 0.007921473130456864, 0.02068627590924295, 0.03229180093356177, 0.0, 0.0, 0.0032856262201474517, 0.0029910523023366897, 0.0, 0.0, 0.0, 0.06876835242174367, 0.0, 0.0175173877707959, 0.0, 0.0012928981380318362, 0.031509077785110334, 0.03275529007847455, 0.002498084800665077, 0.0035932758987775814, 0.0004293034260054327]}