{"labels": [0, 1, 2, 3, 4, 5, 6, 7, 8, 9, 10, 11, 12, 13, 14, 15, 16, 17, 18, 19, 20, 21, 22, 23, 24, 25, 26, 27, 28, 29, 30, 31, 32, 33, 34, 35, 36, 37, 38, 39], "data": [0.01149466602222832, 0.029255262473098294, 0.003513483084658997, 0.0, 0.005381843692877556, 0.0, 0.022669268284651347, 0.0, 0.022522544053456398, 0.011304717287528205, 0.000989939120174545, 0.002996412091926051, 0.000635479483059244, 0.0, 0.0013387011327596137, 0.0, 0.0, 0.001615183467034413, 0.0, 0.0025977523522727067, 0.0013322306634278667, 0.0, 0.0010811833966895936, 0.0005136756871131719, 0.0026574867423909635, 0.005422812503104259, 0.0, 0.0004489107158853597, 0.0, 0.0066687448761679, 0.0, 0.0, 0.0006444315416205171, 0.0, 0.0, 0.0, 0.0, 0.0, 0.0, 0.0]}