{"labels": [0, 1, 2, 3, 4, 5, 6, 7, 8, 9, 10, 11, 12, 13, 14, 15, 16, 17, 18, 19, 20, 21, 22, 23, 24, 25, 26, 27, 28, 29, 30, 31, 32, 33, 34, 35, 36, 37, 38, 39], "data": [0.0025937270966784076, 0.0039223226037382215, 0.0, 0.022845683150400715, 0.0, 0.0, 0.0022181404519253122, 0.0, 0.0, 0.0, 0.0, 0.0, 0.0, 0.0, 0.0, 0.0, 0.0012394784246520334, 0.0013164071626994508, 0.0, 0.0, 0.08689202288246353, 0.0, 0.0, 0.0, 0.0, 0.022193432374151716, 0.0, 0.0, 0.0, 0.05961867510366441, 0.003581318475563623, 0.07461827152407381, 0.04057899830246249, 0.0, 0.008168997805938471, 0.0, 0.009300790873107595, 0.0, 0.006036889885509532, 0.0002937188612014291]}