{"labels": [0, 1, 2, 3, 4, 5, 6, 7, 8, 9, 10, 11, 12, 13, 14, 15, 16, 17, 18, 19, 20, 21, 22, 23, 24, 25, 26, 27, 28, 29, 30, 31, 32, 33, 34, 35, 36, 37, 38, 39], "data": [0.0, 0.00647744285168802, 0.00024019129182186068, 0.0, 0.027308431069591518, 0.0, 0.007242611833221497, 0.002328642764982032, 0.0027278409762264417, 0.016424429439339007, 0.02044960236723497, 0.0, 0.0, 0.03198146466008337, 0.0, 0.040726588085092406, 0.0, 0.0, 0.0, 0.045198851744751495, 0.036802886307004255, 0.023436830332146465, 0.0003840191352300835, 0.013236813768510228, 0.0, 0.03372603505374245, 0.0, 0.0013951130172043609, 0.0, 0.0, 0.0, 0.001560855834191541, 0.03483492931828799, 0.0013316452118122164, 0.014063732886792689, 0.0, 0.0, 0.01437272885686788, 0.0, 0.0]}