{"labels": [0, 1, 2, 3, 4, 5, 6, 7, 8, 9, 10, 11, 12, 13, 14, 15, 16, 17, 18, 19, 20, 21, 22, 23, 24, 25, 26, 27, 28, 29, 30, 31, 32, 33, 34, 35, 36, 37, 38, 39], "data": [0.0, 0.0, 0.0, 0.0, 0.0, 0.02349879309111068, 0.010759856567680599, 0.03576300675496716, 0.0, 0.0285921837286116, 0.0, 0.0010019065151737846, 0.012140217463182265, 0.0, 0.0027357072249914634, 0.0, 0.0, 0.0, 0.0, 0.0, 0.0, 0.0, 0.0010925230561197542, 0.007921507439746601, 0.0005619041203307767, 0.0, 0.002653447103973312, 0.0, 0.0, 0.0, 0.0, 0.0, 0.0, 0.03318069394833386, 0.0, 0.0, 0.009570439219733006, 0.0, 0.004882744167103645, 0.0]}