{"labels": [0, 1, 2, 3, 4, 5, 6, 7, 8, 9, 10, 11, 12, 13, 14, 15, 16, 17, 18, 19, 20, 21, 22, 23, 24, 25, 26, 27, 28, 29, 30, 31, 32, 33, 34, 35, 36, 37, 38, 39], "data": [0.005003947209196203, 0.0030646289947710357, 0.0, 0.07396771434910579, 0.014555991940068727, 0.0, 0.0062668686937624955, 0.0, 0.0, 0.0, 0.0056204577668052804, 0.0, 0.0, 0.0, 0.0, 0.0, 0.0, 0.0, 0.0, 0.0, 0.0012172247905445981, 0.0, 0.004298126483653946, 0.019405747342640767, 0.00400729946200744, 0.003892367047870879, 0.04181976556038988, 0.0, 0.0, 0.06711122269085745, 0.009979425044686602, 0.04590721234589793, 0.0, 0.0, 0.00023055923777471815, 0.0, 0.0, 0.0, 0.0, 0.0]}