{"labels": [0, 1, 2, 3, 4, 5, 6, 7, 8, 9, 10, 11, 12, 13, 14, 15, 16, 17, 18, 19, 20, 21, 22, 23, 24, 25, 26, 27, 28, 29, 30, 31, 32, 33, 34, 35, 36, 37, 38, 39], "data": [0.0, 0.007618430391922302, 0.0, 0.0, 0.003641674449546215, 0.0, 0.03158023464160371, 0.00183823718443338, 0.0, 0.01911720128513063, 0.0, 0.0, 0.0, 0.007817634197234127, 0.0, 0.00392126822968986, 0.0, 0.0, 0.006701478110046237, 0.0, 0.014850530869773112, 0.0, 0.004810146912889197, 0.0, 0.005441390588329954, 0.005632676026651101, 0.051991140430670185, 0.0, 0.0, 0.015494855031589693, 0.0021139235175580743, 0.0, 0.06246530095672151, 0.0, 0.0006419096004548688, 0.0, 0.0, 0.024797868510050867, 0.016408434115056724, 0.0]}