{"labels": [0, 1, 2, 3, 4, 5, 6, 7, 8, 9, 10, 11, 12, 13, 14, 15, 16, 17, 18, 19, 20, 21, 22, 23, 24, 25, 26, 27, 28, 29, 30, 31, 32, 33, 34, 35, 36, 37, 38, 39], "data": [0.0, 0.0, 0.0, 0.0, 0.004188186914200653, 0.0, 0.041134374462925706, 0.012993403003984601, 0.0, 0.016997844439398762, 0.005440166694024742, 0.0, 0.039138453683174146, 0.0, 0.0, 0.0, 0.0, 0.013748898796163105, 0.06900997801522134, 0.0, 0.0, 0.0, 0.0, 0.0, 0.0, 0.008994287809947077, 0.0, 0.023085343690899842, 0.0007607391326398154, 0.0, 0.0003088906190099228, 0.0, 0.0, 0.0, 0.0, 0.0, 0.0, 0.0, 0.0, 0.0008324884112744783]}