{"labels": [0, 1, 2, 3, 4, 5, 6, 7, 8, 9, 10, 11, 12, 13, 14, 15, 16, 17, 18, 19, 20, 21, 22, 23, 24, 25, 26, 27, 28, 29, 30, 31, 32, 33, 34, 35, 36, 37, 38, 39], "data": [0.0, 0.003941829207753381, 0.0, 0.0, 0.028466446211982525, 0.0, 0.012767242499272023, 0.02017923428190362, 0.0, 0.0, 0.0013568268695223664, 0.0, 0.0006121226694528893, 0.0, 0.0, 0.0, 0.0, 0.0, 0.014801090446849331, 0.021703292422816673, 0.0, 0.0, 0.03034184796625213, 0.0020590526856673476, 0.0, 0.0, 0.0056950924910119365, 0.0, 0.15039733108601272, 0.0, 0.0, 0.0, 0.002903111271124053, 0.06021331729998293, 0.0, 0.0, 0.005391808909931184, 0.008847624782702212, 0.007402408207135803, 0.0]}