{"labels": [0, 1, 2, 3, 4, 5, 6, 7, 8, 9, 10, 11, 12, 13, 14, 15, 16, 17, 18, 19, 20, 21, 22, 23, 24, 25, 26, 27, 28, 29, 30, 31, 32, 33, 34, 35, 36, 37, 38, 39], "data": [0.006263048804915712, 0.0024377629526497755, 0.0008198561549151197, 0.009560987823220074, 0.02124136540913113, 0.0, 0.0033091185315948057, 0.01810769415450842, 0.0006396184116381016, 0.017969472844554597, 0.0, 0.002743151474915577, 0.0, 0.007463725681565925, 0.012418742783357776, 0.00010587986769200647, 0.004929899217682208, 0.0, 0.0007696486591510018, 0.0, 0.0, 0.0, 0.000842088893257248, 0.05889043029793847, 0.020575485415106107, 0.0007723807846019565, 0.0, 0.026044249092952717, 0.0026355255193362586, 0.0, 0.013369441692226295, 0.07061062873510637, 0.0, 0.0, 0.0, 0.0, 0.0, 0.017104025344628914, 0.0, 0.0]}