{"labels": [0, 1, 2, 3, 4, 5, 6, 7, 8, 9, 10, 11, 12, 13, 14, 15, 16, 17, 18, 19, 20, 21, 22, 23, 24, 25, 26, 27, 28, 29, 30, 31, 32, 33, 34, 35, 36, 37, 38, 39], "data": [0.0012463803017441113, 0.0, 0.0, 0.0, 0.018851853972410924, 0.0, 0.0010819349203590916, 0.0, 0.0, 0.007135934090156327, 0.0007900360579296853, 0.0, 0.027986197830572566, 0.0009241213305366696, 0.01991663705394745, 0.0, 0.003803489540264428, 0.09092056760383563, 0.0, 0.023853461216885002, 0.005100639678721382, 0.01608176773530619, 0.0, 0.0462541366800325, 0.012383330293279574, 0.0032758466508131536, 0.0002836375032600877, 0.02063179403170261, 0.005103982856354406, 0.0, 0.020801370895961766, 0.0, 8.753610240106003e-05, 0.0, 0.0040413930095118105, 0.007941066849763406, 0.0004289264337922685, 0.0, 0.0, 0.0]}