{"labels": [0, 1, 2, 3, 4, 5, 6, 7, 8, 9, 10, 11, 12, 13, 14, 15, 16, 17, 18, 19, 20, 21, 22, 23, 24, 25, 26, 27, 28, 29, 30, 31, 32, 33, 34, 35, 36, 37, 38, 39], "data": [0.0, 0.004439611207248164, 0.0, 0.0, 0.00856726203852384, 0.0, 0.0347215982623926, 0.006145169030580678, 0.0, 0.0, 0.0, 0.0, 0.0, 0.07665568130553653, 0.0, 0.00046384233467690073, 0.005296906227477607, 0.01743331436597141, 0.0, 0.0, 0.0004548348938072358, 0.0031761724687156363, 0.0, 0.0064408646364877255, 0.0, 0.0, 0.0024885831792048193, 0.019921941744228892, 0.0, 0.0, 0.005256247713002445, 0.0, 0.0727309564317149, 0.006155290980729161, 0.0, 0.003661011358385705, 0.0, 0.002076316385812328, 0.0, 0.0]}