{"labels": [0, 1, 2, 3, 4, 5, 6, 7, 8, 9, 10, 11, 12, 13, 14, 15, 16, 17, 18, 19, 20, 21, 22, 23, 24, 25, 26, 27, 28, 29, 30, 31, 32, 33, 34, 35, 36, 37, 38, 39], "data": [0.009081555578244868, 0.0, 0.013941051309584876, 0.0, 0.0, 0.0, 0.01024196066327489, 0.0, 0.0, 0.0, 0.0, 0.0, 0.0, 0.0, 0.0034249633216714595, 0.0, 0.0, 0.001956960873138467, 0.003157728874056008, 0.02462863281337663, 0.07711307127470438, 0.0, 0.003973864417249339, 0.009699136487017677, 0.0, 0.004339290379915791, 0.0, 0.015066671651962722, 0.0, 0.0, 0.033783548413714726, 0.0015580953288717191, 0.0006874028785924247, 0.007713222582146984, 0.0, 0.0, 0.0, 0.08164075566153703, 0.05481900584015396, 0.0]}