{"labels": [0, 1, 2, 3, 4, 5, 6, 7, 8, 9, 10, 11, 12, 13, 14, 15, 16, 17, 18, 19, 20, 21, 22, 23, 24, 25, 26, 27, 28, 29, 30, 31, 32, 33, 34, 35, 36, 37, 38, 39], "data": [0.0, 0.001600405037935922, 0.0011748598692067245, 0.0, 0.0, 0.0, 0.02937674286223301, 0.0, 0.0, 0.0, 0.0, 4.273083235321473e-05, 0.0706105076453017, 0.008113671978805276, 0.0, 0.002546689801685704, 0.003837465494438429, 0.004671063515352819, 0.003284275445553513, 0.0, 0.001896940503807981, 0.005222678191000525, 0.002926368019078793, 0.011746261539543817, 0.0, 0.02838362308587488, 0.0, 0.0, 0.0, 0.0030820018136226107, 0.0, 0.0, 0.0002845045744584711, 0.0, 0.012283035049676148, 0.0, 0.0037935111570736595, 0.0, 0.012906245220390642, 0.0]}