{"labels": [0, 1, 2, 3, 4, 5, 6, 7, 8, 9, 10, 11, 12, 13, 14, 15, 16, 17, 18, 19, 20, 21, 22, 23, 24, 25, 26, 27, 28, 29, 30, 31, 32, 33, 34, 35, 36, 37, 38, 39], "data": [0.002859960250591919, 0.0, 0.029441236492430523, 0.0, 0.00215190694451748, 0.0, 0.004087340424536193, 0.0, 0.0017822670001203461, 0.022020557546447772, 0.019624240143350805, 0.0, 0.03474865844703003, 0.0, 0.0, 0.0, 0.0004051080417449429, 0.0, 0.00021545303128629148, 0.0, 0.0, 0.0013669029565094718, 0.0, 0.007996419746680276, 0.0, 0.0, 0.0034941210868969317, 0.0, 0.0, 0.012808954061031956, 0.001008919994052709, 0.0, 0.0, 0.028472974010191603, 0.0, 0.0, 0.0, 0.008027356434389198, 0.0, 0.0]}