{"labels": [0, 1, 2, 3, 4, 5, 6, 7, 8, 9, 10, 11, 12, 13, 14, 15, 16, 17, 18, 19, 20, 21, 22, 23, 24, 25, 26, 27, 28, 29, 30, 31, 32, 33, 34, 35, 36, 37, 38, 39], "data": [2.3206643384322046e-06, 0.0, 0.03795128726782542, 0.019276999848184335, 0.0019713372868558924, 0.0, 0.010988036563182983, 0.0, 0.0, 0.0, 0.0, 0.0, 0.0, 0.0, 0.0, 0.0, 0.008789240623367448, 0.0, 0.0, 0.0, 0.0, 0.0, 0.0011731681784629732, 0.0, 0.00023508295982924005, 0.0, 0.001045547297682272, 0.0012496382428178496, 0.0, 0.0, 0.0, 0.0028467666029597864, 0.0, 0.05816338521114674, 0.0, 0.05256324673543226, 0.0, 0.0, 0.0, 0.0]}