{"labels": [0, 1, 2, 3, 4, 5, 6, 7, 8, 9, 10, 11, 12, 13, 14, 15, 16, 17, 18, 19, 20, 21, 22, 23, 24, 25, 26, 27, 28, 29, 30, 31, 32, 33, 34, 35, 36, 37, 38, 39], "data": [0.0, 0.008409426322324486, 0.0, 0.0, 0.017064991121176987, 0.0, 0.02913808741944276, 0.033119104963559576, 0.045593203545541916, 0.0, 0.01398067225157981, 0.005035240617979757, 0.006559071702462455, 0.0, 0.0010585771329918942, 0.0, 0.0, 0.0, 0.015862561880732328, 0.0008849862960020809, 0.0005554785903751419, 0.0, 0.0, 0.0, 0.0, 0.0, 0.008262269965938015, 0.0, 0.0, 0.011757925108681887, 0.0, 0.0010273955930250101, 0.0006718432838063149, 0.0, 0.004573575249029128, 0.012178145039779233, 0.010024519628941275, 0.010137402219649923, 0.03998935925729608, 0.0]}