{"labels": [0, 1, 2, 3, 4, 5, 6, 7, 8, 9, 10, 11, 12, 13, 14, 15, 16, 17, 18, 19, 20, 21, 22, 23, 24, 25, 26, 27, 28, 29, 30, 31, 32, 33, 34, 35, 36, 37, 38, 39], "data": [0.007631802798622408, 0.0, 5.0747709188929974e-05, 0.001433445037634651, 0.007169071516691253, 0.0, 0.018635206468503314, 0.0, 0.0, 0.0, 0.0, 0.0, 0.0, 0.0013991531926616939, 0.0, 0.0, 0.0, 0.015172814198646403, 0.0, 0.0, 0.0, 0.0, 0.0, 0.0, 0.0, 0.0, 0.0, 0.0013070570307812145, 0.0, 0.0, 0.0, 0.00217188821804298, 0.002321865405019207, 0.0, 0.0, 0.0, 0.0, 0.039499990205980856, 0.0, 0.0]}