{"labels": [0, 1, 2, 3, 4, 5, 6, 7, 8, 9, 10, 11, 12, 13, 14, 15, 16, 17, 18, 19, 20, 21, 22, 23, 24, 25, 26, 27, 28, 29, 30, 31, 32, 33, 34, 35, 36, 37, 38, 39], "data": [0.006492465438070394, 0.006195538698196578, 0.00028680968283163787, 0.0, 0.0, 0.0, 0.0, 0.0, 0.0, 0.0, 0.0, 0.0, 0.0, 0.03551622644384966, 0.00021364925820569172, 0.0, 0.0, 0.0029002497986781992, 0.0, 0.0, 0.001716031394165698, 0.08334165579145192, 0.11252139202038895, 0.0, 0.00031120536056944415, 0.008805868747105355, 0.0, 0.0, 0.0, 0.030222011541190513, 0.0027548458085956203, 0.0, 0.006858429372022872, 0.0, 0.0, 0.0, 0.0, 0.0, 0.0, 0.0]}