{"labels": [0, 1, 2, 3, 4, 5, 6, 7, 8, 9, 10, 11, 12, 13, 14, 15, 16, 17, 18, 19, 20, 21, 22, 23, 24, 25, 26, 27, 28, 29, 30, 31, 32, 33, 34, 35, 36, 37, 38, 39], "data": [0.0001725985841120855, 0.0, 0.0072809011839390595, 0.0, 0.00419388801361792, 0.0, 0.0, 0.0, 0.000256102490052065, 0.03809873779821006, 0.009155353150888033, 0.0, 0.0, 0.004519281341599975, 0.0, 0.0, 0.0, 0.0, 0.0, 0.06051935667463702, 0.0, 0.0, 0.002289162039622208, 0.010653425748602148, 0.0019118942654246754, 0.00041415751020049113, 0.0, 0.0, 0.0002778226427612393, 0.002098998603891593, 0.0, 0.0, 0.0, 0.0, 0.03749363837283136, 0.0, 0.0, 0.0, 0.06587145703195225, 0.0]}