{"labels": [0, 1, 2, 3, 4, 5, 6, 7, 8, 9, 10, 11, 12, 13, 14, 15, 16, 17, 18, 19, 20, 21, 22, 23, 24, 25, 26, 27, 28, 29, 30, 31, 32, 33, 34, 35, 36, 37, 38, 39], "data": [0.003119504220817503, 0.016078232345701333, 0.011873853582827184, 0.01077518203832011, 0.019919358106931295, 0.0, 0.006550790407999082, 0.0, 0.0, 0.07540765116838134, 0.00031806724061645244, 0.0, 0.0010499433033522357, 0.0, 0.0, 0.005068924178677968, 0.03159775569455946, 0.0012203183346712397, 0.005820792411411957, 0.0, 0.002177859427979474, 0.0, 0.0, 0.008960519867367199, 0.015665900064120677, 0.0, 0.0, 0.0011260246015042938, 0.0, 0.0, 0.0, 0.021417942761984655, 0.05796027261003852, 0.014410268838089943, 0.011370752247922966, 0.0010360489052884398, 0.004728344364744733, 0.0, 0.008502352201182655, 0.0008915461710269171]}