{"labels": [0, 1, 2, 3, 4, 5, 6, 7, 8, 9, 10, 11, 12, 13, 14, 15, 16, 17, 18, 19, 20, 21, 22, 23, 24, 25, 26, 27, 28, 29, 30, 31, 32, 33, 34, 35, 36, 37, 38, 39], "data": [0.0, 0.0034500833382231874, 0.0, 0.0, 0.0, 0.0014126419757499555, 0.0313257268172114, 0.023175260899031425, 0.0, 0.004731988807767745, 0.0, 0.0022084121794517637, 0.0, 0.0, 0.0, 0.003317545468678516, 0.0, 0.008573073557624671, 0.017827220810161568, 0.036684394715357206, 0.004294922670784326, 0.0053631338585374486, 0.0006070904518989004, 0.0, 0.004540387352576517, 0.0, 0.0, 0.023918609567028647, 0.00201986945783433, 0.007427683404605811, 0.012612629753539412, 0.006667868351119098, 0.0, 0.0, 0.0, 0.0, 0.0025465916819608254, 0.015010909170646854, 0.011422335662968523, 0.0024131518285668437]}