{"labels": [0, 1, 2, 3, 4, 5, 6, 7, 8, 9, 10, 11, 12, 13, 14, 15, 16, 17, 18, 19, 20, 21, 22, 23, 24, 25, 26, 27, 28, 29, 30, 31, 32, 33, 34, 35, 36, 37, 38, 39], "data": [0.0, 0.0, 0.0, 0.008188334841368158, 0.003283788854028256, 0.0, 0.0, 0.0, 0.0, 0.0, 0.017703655895279963, 0.0, 0.038482106080566764, 0.0, 0.0, 0.0, 0.0, 0.0, 0.0, 0.0029766651965928747, 0.0006051593425268377, 0.0, 0.0010104095856779474, 0.0, 0.0, 0.0, 0.007279922154818533, 0.0, 0.03540399010736419, 0.0, 0.0009878563863419834, 0.003298576180743528, 0.0, 0.0, 0.0, 0.06492054174653138, 0.008439518931781662, 0.04059966569212568, 0.0, 0.0]}