{"labels": [0, 1, 2, 3, 4, 5, 6, 7, 8, 9, 10, 11, 12, 13, 14, 15, 16, 17, 18, 19, 20, 21, 22, 23, 24, 25, 26, 27, 28, 29, 30, 31, 32, 33, 34, 35, 36, 37, 38, 39], "data": [0.003908051367342364, 0.00012170860908591401, 0.0024292881055373717, 0.004556242455053526, 0.016253185980219846, 0.025306320212579635, 0.020199857919202528, 0.0, 0.0, 0.015393157761015127, 0.0, 0.004067444272183792, 9.841234936041265e-05, 0.030929314088596536, 0.0, 0.0023446424867269587, 0.0, 0.0, 0.012594839169047469, 0.0, 0.007127065402468042, 0.0, 0.0019949600247133018, 0.0013848988073048958, 0.0, 0.008547891038033936, 0.0006973293708177536, 0.0, 0.0, 0.017578196053792836, 0.00039563231352817633, 0.0009650325090133821, 0.04578391540488404, 0.03353804126091027, 0.01997327876821011, 0.0, 0.0011121376999138131, 0.0, 0.007475883867086991, 0.001587612808092852]}