{"labels": [0, 1, 2, 3, 4, 5, 6, 7, 8, 9, 10, 11, 12, 13, 14, 15, 16, 17, 18, 19, 20, 21, 22, 23, 24, 25, 26, 27, 28, 29, 30, 31, 32, 33, 34, 35, 36, 37, 38, 39], "data": [0.009793873947762053, 0.0002866934033899198, 0.0005522430428097698, 0.030942571755060065, 0.0, 0.01586128507822055, 0.00011410920018718102, 0.00226756201559132, 0.0, 0.006983041383859506, 0.006066152971691861, 0.004400896436878193, 0.04290022299754956, 0.00037083097415735325, 0.0, 0.002501778499741334, 0.014530691611096075, 0.0006510991715546916, 0.011965047136657374, 0.0, 0.0, 0.04462023661692736, 0.0, 0.0033116034238409547, 0.0026536392836559535, 0.010452227050739117, 0.002117273815363922, 0.006729820301458575, 0.0, 0.0, 0.014162272706491874, 0.0022990345119040614, 0.0013141953371857298, 0.024069067644105352, 0.06632861723250041, 0.0, 0.010222900322961274, 0.020063512824330398, 0.0011900863616309623, 0.03809616962593839]}