{"labels": [0, 1, 2, 3, 4, 5, 6, 7, 8, 9, 10, 11, 12, 13, 14, 15, 16, 17, 18, 19, 20, 21, 22, 23, 24, 25, 26, 27, 28, 29, 30, 31, 32, 33, 34, 35, 36, 37, 38, 39], "data": [0.010041872375929578, 0.0008374349165953279, 0.0019248601621056525, 0.00744684366930998, 0.015394780778698896, 0.05429333133841808, 0.029531670812897245, 0.01176829986410088, 0.007042431035352569, 0.04106046015262595, 0.0, 0.0, 0.0, 0.007965064209505476, 0.0, 0.0, 0.0, 0.0, 0.0, 0.0, 0.0, 0.02491059111637997, 0.0, 0.0, 0.0, 0.0, 0.0, 0.018644346614442357, 0.0, 0.0, 0.012388422846397676, 0.0, 0.0, 0.0, 0.023245101503204867, 0.0, 0.021344874140337124, 0.0, 0.0, 0.0588301524053154]}