{"labels": [0, 1, 2, 3, 4, 5, 6, 7, 8, 9, 10, 11, 12, 13, 14, 15, 16, 17, 18, 19, 20, 21, 22, 23, 24, 25, 26, 27, 28, 29, 30, 31, 32, 33, 34, 35, 36, 37, 38, 39], "data": [0.022325520562796, 0.017804686838178742, 0.037583470064609534, 0.03548712729735092, 0.0, 0.0, 0.0, 0.006171894324277216, 0.0, 0.013216926382211095, 0.013382992078911185, 0.0, 0.012536154650509824, 0.0, 0.05395641659410884, 0.0, 0.0, 0.0, 0.008000590872880135, 0.0, 0.0, 0.0, 0.0, 0.006120810629649652, 0.005937840375993094, 0.0, 0.01971766361646918, 0.009596851952432964, 0.0, 0.0, 0.0018416403585664503, 0.0041553116135940645, 0.021796834484754345, 0.0, 0.006116192208760603, 0.0, 0.017727052725101673, 0.020033095910264403, 0.0, 0.0]}