{"labels": [0, 1, 2, 3, 4, 5, 6, 7, 8, 9, 10, 11, 12, 13, 14, 15, 16, 17, 18, 19, 20, 21, 22, 23, 24, 25, 26, 27, 28, 29, 30, 31, 32, 33, 34, 35, 36, 37, 38, 39], "data": [0.0, 0.014947298931055805, 0.0, 0.0, 0.0, 0.01854028064587703, 0.0, 0.0, 0.0, 0.251256513167766, 0.0, 0.0, 0.0, 0.0, 0.0, 0.0, 0.0, 0.0, 0.0, 0.0, 0.0045968128338048884, 0.0, 0.0, 0.0, 0.0, 0.0, 0.0, 0.0, 0.0, 0.0, 0.0, 0.0, 0.03542849477415967, 0.007865211268461722, 0.04307308082271753, 0.0, 0.034696307098847474, 0.0, 0.01629200995442076, 0.0]}