{"labels": [0, 1, 2, 3, 4, 5, 6, 7, 8, 9, 10, 11, 12, 13, 14, 15, 16, 17, 18, 19, 20, 21, 22, 23, 24, 25, 26, 27, 28, 29, 30, 31, 32, 33, 34, 35, 36, 37, 38, 39], "data": [0.0, 0.0, 0.0, 0.008358822601088342, 0.0, 0.0010287597878095183, 0.027701134779232583, 0.0, 0.001408680580436693, 0.0, 0.0, 5.6239564722045224e-05, 0.0, 0.0, 0.0, 0.0, 0.0, 0.012089239347934558, 0.0, 0.0, 0.0, 0.0, 0.0, 0.0, 0.0, 0.0, 0.0023309110157692177, 0.0, 0.0028890645683863963, 0.0, 0.0, 0.0, 0.0, 0.020647851314826323, 0.0, 0.09157782070982824, 0.0, 0.0, 0.0, 0.0]}