{"labels": [0, 1, 2, 3, 4, 5, 6, 7, 8, 9, 10, 11, 12, 13, 14, 15, 16, 17, 18, 19, 20, 21, 22, 23, 24, 25, 26, 27, 28, 29, 30, 31, 32, 33, 34, 35, 36, 37, 38, 39], "data": [0.0, 0.0, 0.0, 0.0, 0.003334505302795408, 0.002325951775582635, 0.007451694586478536, 0.0, 8.618718443719766e-05, 0.029253720886303465, 0.007543462442435321, 0.000293393269344114, 0.0, 0.0, 0.0, 0.0, 0.0013659515681267178, 0.0, 0.0, 0.0013019139345603666, 0.0, 0.0, 0.002051288944730216, 0.0, 0.0046436658789614695, 0.0, 0.0, 0.0, 0.0, 0.0, 0.009542400925641572, 0.0003048255001259368, 0.0008087114182824507, 0.0, 0.0, 0.0, 0.032897053243132704, 0.0, 0.0, 0.0]}