{"labels": [0, 1, 2, 3, 4, 5, 6, 7, 8, 9, 10, 11, 12, 13, 14, 15, 16, 17, 18, 19, 20, 21, 22, 23, 24, 25, 26, 27, 28, 29, 30, 31, 32, 33, 34, 35, 36, 37, 38, 39], "data": [0.0, 0.0, 0.0, 0.029449905425249705, 0.04909807314891873, 0.0, 0.011965531502053104, 0.03056712165500633, 0.011759489182477352, 0.0, 0.0, 0.0, 0.007839284427627715, 0.0, 0.0, 0.0003460242302185516, 0.01818902502619123, 0.0, 0.0, 0.0, 0.0, 0.009275945767760127, 0.0, 0.0, 0.0, 0.006139546281811522, 0.0, 0.0, 0.004435787348693856, 0.014618793468474693, 0.0, 0.0008609030126411327, 0.0, 0.01727320437406415, 0.0, 0.0, 0.01175509725698249, 0.0, 0.0, 0.0]}