{"labels": [0, 1, 2, 3, 4, 5, 6, 7, 8, 9, 10, 11, 12, 13, 14, 15, 16, 17, 18, 19, 20, 21, 22, 23, 24, 25, 26, 27, 28, 29, 30, 31, 32, 33, 34, 35, 36, 37, 38, 39], "data": [0.0007701692440582864, 0.0007306460825029387, 0.0005344946179380629, 0.0010536745473825521, 0.008079271741397678, 0.0, 0.01106870652228786, 0.0, 0.0, 0.0, 0.0, 0.004931605234206622, 0.0009378264481089025, 0.0026856833083630134, 0.0024993451849670517, 0.001997152677048903, 0.003767470541024309, 0.0, 0.026479522336602866, 0.0, 0.0, 0.0, 0.0, 0.0005676260831580946, 0.005320032156538963, 0.0, 0.0, 0.026756130170578506, 0.0, 0.0, 0.0, 0.0002059632153976271, 0.0029295196506013846, 0.03692879468175364, 0.0, 0.0, 0.0, 0.003872011567479377, 0.0, 0.0027276742217768666]}