{"labels": [0, 1, 2, 3, 4, 5, 6, 7, 8, 9, 10, 11, 12, 13, 14, 15, 16, 17, 18, 19, 20, 21, 22, 23, 24, 25, 26, 27, 28, 29, 30, 31, 32, 33, 34, 35, 36, 37, 38, 39], "data": [0.001039438541713534, 0.006842947230982735, 0.005441142005954919, 0.0, 0.0, 0.0, 0.04992733011588803, 0.0, 0.0, 0.0011906659069193567, 0.0, 0.0, 0.0, 0.0, 0.031493057465201826, 0.0, 0.0, 0.0, 0.0, 0.0, 0.0, 0.0, 0.0, 0.0, 0.005771866192389158, 0.0, 0.0, 0.0, 0.0, 0.0, 0.017447741920694485, 0.0, 0.0, 0.049392437241328045, 0.0, 0.0, 0.0018648225535424598, 0.009766927108017139, 0.0, 0.0]}