{"labels": [0, 1, 2, 3, 4, 5, 6, 7, 8, 9, 10, 11, 12, 13, 14, 15, 16, 17, 18, 19, 20, 21, 22, 23, 24, 25, 26, 27, 28, 29, 30, 31, 32, 33, 34, 35, 36, 37, 38, 39], "data": [0.014434622588687796, 0.0011639430671087356, 0.0, 0.03605288235959206, 0.013030445269552035, 0.0, 0.04072374290604396, 0.007713107013438994, 0.0, 0.0, 0.0, 0.0, 0.0, 0.0027258895663725973, 0.0, 0.0, 0.0, 0.0, 0.0010576878185232174, 0.0, 0.012383211741191532, 0.0023570966333707134, 0.0, 0.0, 0.0, 0.026837961617848682, 0.0, 0.03477844073369524, 0.0, 0.0, 0.0, 0.0, 0.0, 0.003773505056795361, 0.02648885386171204, 0.0, 0.0, 0.0, 0.009742780093074601, 0.0]}