{"labels": [0, 1, 2, 3, 4, 5, 6, 7, 8, 9, 10, 11, 12, 13, 14, 15, 16, 17, 18, 19, 20, 21, 22, 23, 24, 25, 26, 27, 28, 29, 30, 31, 32, 33, 34, 35, 36, 37, 38, 39], "data": [0.0, 0.0, 0.020919128755153258, 0.0, 0.0, 0.0005909744025810623, 0.0, 0.0, 0.0, 0.022503454708890022, 0.0, 0.0, 0.029810746070162052, 0.005619873998486587, 0.0, 0.008052927379000607, 0.0, 0.0, 0.0, 0.0028028006443520646, 0.0, 0.10315275979922277, 0.0532130557145468, 0.001075022398514076, 0.0, 0.0, 0.003040434589271815, 0.027676339536547852, 0.0, 0.0, 0.004370637050916527, 0.0, 0.0, 0.0, 0.0, 0.0, 0.0, 0.0, 0.0, 0.0]}