{"labels": [0, 1, 2, 3, 4, 5, 6, 7, 8, 9, 10, 11, 12, 13, 14, 15, 16, 17, 18, 19, 20, 21, 22, 23, 24, 25, 26, 27, 28, 29, 30, 31, 32, 33, 34, 35, 36, 37, 38, 39], "data": [0.0, 0.0, 0.0, 0.0, 0.0, 0.009219133750209933, 0.01964680811381223, 0.0, 0.001651271508813543, 0.004493017342994942, 0.008701147641270928, 0.04755670142138807, 0.0, 0.03532714800259631, 0.0, 0.0, 0.03224654764904974, 0.0, 0.026487093349938436, 0.0020021180901050504, 0.0, 0.0, 0.0027804087590503693, 0.025972639878890428, 0.0025903822618954255, 0.0, 0.007899380505522089, 0.0, 0.001156876039848244, 0.026516982423182605, 0.0, 0.0, 0.0005290914782663168, 0.017039759626790777, 0.0, 0.0, 0.0, 0.0, 0.0, 0.0]}