{"labels": [0, 1, 2, 3, 4, 5, 6, 7, 8, 9, 10, 11, 12, 13, 14, 15, 16, 17, 18, 19, 20, 21, 22, 23, 24, 25, 26, 27, 28, 29, 30, 31, 32, 33, 34, 35, 36, 37, 38, 39], "data": [0.0, 0.0, 0.0, 0.03336067918170385, 0.0, 0.0, 0.0, 0.028024878669072818, 0.0, 0.0, 0.0, 0.0032727282160691677, 0.0, 0.0, 0.019276656655830948, 0.0, 0.008543931955076219, 0.0, 0.0016064745755013112, 0.04428506096914532, 0.0, 0.042220363381933974, 0.0, 0.016238217710446038, 0.005305059767345444, 0.0036053877483877223, 0.0, 0.0, 0.0, 0.0, 0.0, 0.0, 0.001506623676496092, 0.0, 0.0, 0.0, 0.0, 0.0, 0.0, 0.0016478715623113815]}