{"labels": [0, 1, 2, 3, 4, 5, 6, 7, 8, 9, 10, 11, 12, 13, 14, 15, 16, 17, 18, 19, 20, 21, 22, 23, 24, 25, 26, 27, 28, 29, 30, 31, 32, 33, 34, 35, 36, 37, 38, 39], "data": [0.0043540536536817815, 0.0, 0.007167667132131872, 0.0, 0.0, 0.0, 0.0003395739011153538, 0.0, 0.0, 0.0024343205097767766, 0.013015362152588849, 0.0, 0.0, 0.0, 0.0, 0.0, 0.0, 0.0, 0.0, 0.0, 0.0, 0.0, 0.0002743863420266049, 0.00208412575597265, 0.0, 0.0, 0.0, 0.0028137022515054067, 0.0, 0.0, 0.09720228478284924, 0.0, 0.0005271275306725287, 0.0, 0.0, 0.0, 0.00660430317436262, 0.0, 0.0, 0.0015503875604501735]}