{"labels": [0, 1, 2, 3, 4, 5, 6, 7, 8, 9, 10, 11, 12, 13, 14, 15, 16, 17, 18, 19, 20, 21, 22, 23, 24, 25, 26, 27, 28, 29, 30, 31, 32, 33, 34, 35, 36, 37, 38, 39], "data": [0.0, 0.0, 0.0005861895390377462, 0.0006204428725875931, 0.0, 0.0, 0.03257008917276141, 0.0, 0.0, 0.0, 0.04536410099089841, 0.0, 0.0, 0.0, 0.0, 0.0, 0.0, 0.0, 0.0, 0.0, 0.0010584508426659308, 0.0, 0.0, 0.0, 0.0027530733694516698, 0.0, 0.0011077370937746722, 0.0, 0.0004665182142810056, 0.0, 0.0, 0.0, 0.0, 0.004084791343322164, 0.0, 0.0466884925675138, 0.0, 0.0, 0.0, 0.0015369225746908956]}