{"labels": [0, 1, 2, 3, 4, 5, 6, 7, 8, 9, 10, 11, 12, 13, 14, 15, 16, 17, 18, 19, 20, 21, 22, 23, 24, 25, 26, 27, 28, 29, 30, 31, 32, 33, 34, 35, 36, 37, 38, 39], "data": [0.0009750979774901293, 0.0, 0.0, 0.011047574642951023, 0.0, 0.0, 0.0, 0.0, 0.0, 0.0, 0.0, 0.0, 0.01592664437947714, 0.0034281361990347466, 0.010649954326748692, 0.018181057864912708, 0.0, 0.024433384352804087, 0.05272185248893512, 0.031341694848094646, 0.0, 0.005833352957791604, 3.514919112650764e-05, 0.037466809223593675, 0.0, 0.0, 0.0, 0.020834614856563623, 0.0, 0.09157445313704332, 0.0022805161218636826, 0.0025328738298954273, 0.0, 0.0, 0.0, 0.00210912909185613, 0.0, 0.0, 0.0, 0.0]}