{"labels": [0, 1, 2, 3, 4, 5, 6, 7, 8, 9, 10, 11, 12, 13, 14, 15, 16, 17, 18, 19, 20, 21, 22, 23, 24, 25, 26, 27, 28, 29, 30, 31, 32, 33, 34, 35, 36, 37, 38, 39], "data": [0.0, 0.0, 0.0003367779554482907, 0.006846018497578954, 0.016560630553031648, 0.003414151547654285, 0.0, 0.0, 0.0743544590978868, 0.0, 0.0, 0.007231541836391058, 0.0, 0.013477914090191815, 0.0, 0.012896057506894149, 0.0, 0.01085352916619092, 0.016595824748405062, 0.0, 0.002299160493681401, 0.012014686381335987, 0.0474288596147303, 0.0, 0.0008206966006398502, 0.017099730493250854, 0.0, 0.0, 0.0043305699281061955, 0.0, 0.0, 0.0017113929541482773, 0.0, 0.10052257535413818, 0.005000997316407536, 0.008742949317829351, 0.0, 0.0091821528398016, 0.008867362846239787, 0.02811299282613589]}