{"labels": [0, 1, 2, 3, 4, 5, 6, 7, 8, 9, 10, 11, 12, 13, 14, 15, 16, 17, 18, 19, 20, 21, 22, 23, 24, 25, 26, 27, 28, 29, 30, 31, 32, 33, 34, 35, 36, 37, 38, 39], "data": [0.007758417973489963, 0.016351862751174645, 0.016998800635051894, 0.0, 0.0, 0.0, 0.011028267391229139, 0.04536079263086068, 0.0, 0.0, 0.0, 0.0, 0.0, 0.0, 0.0, 0.0, 0.0, 0.029585861730234843, 0.0, 0.0018452497749830892, 0.0, 0.05846979449978818, 0.0, 0.0, 0.0, 0.0, 0.03587712763676664, 0.000390328331887736, 0.0, 0.0019051192453346548, 0.0, 0.049262507999292576, 0.0, 0.0, 0.0, 0.0, 0.01696294309711146, 0.0, 0.037315022994103365, 0.0]}