{"labels": [0, 1, 2, 3, 4, 5, 6, 7, 8, 9, 10, 11, 12, 13, 14, 15, 16, 17, 18, 19, 20, 21, 22, 23, 24, 25, 26, 27, 28, 29, 30, 31, 32, 33, 34, 35, 36, 37, 38, 39], "data": [0.00601891191467446, 0.0, 0.0004996939036218898, 0.0, 0.0, 0.0, 0.020849890832082874, 0.0002662933175494373, 0.0022602990005411877, 0.010749517414908332, 0.0, 0.0, 0.0015043376207482424, 0.0010380291695561076, 0.0, 0.0, 0.0, 0.0026398179316210854, 0.0, 0.05992736113726779, 0.0010784756545737127, 0.0010055765818829685, 0.00019740058060930914, 0.022815599922879407, 0.0, 0.0, 0.004871574755131506, 0.0, 0.0, 0.0, 0.0, 0.0024222022571781976, 0.003788269596903779, 0.0, 0.0, 0.000944373671507015, 0.0036784157933097738, 0.0, 0.0, 0.0]}