{"labels": [0, 1, 2, 3, 4, 5, 6, 7, 8, 9, 10, 11, 12, 13, 14, 15, 16, 17, 18, 19, 20, 21, 22, 23, 24, 25, 26, 27, 28, 29, 30, 31, 32, 33, 34, 35, 36, 37, 38, 39], "data": [0.0, 0.0, 0.0026010469456936233, 0.0019520908870829308, 0.004003627236802076, 0.018539933611279116, 0.0, 0.0009249540972850148, 0.0, 0.0, 0.011899577538169602, 0.0, 0.0, 0.037441716358079295, 0.012843358754799585, 0.0, 0.008770133825978084, 0.0, 0.05684470320106057, 0.0, 0.0, 0.0, 0.0019225010287485637, 0.0017903875905417401, 0.0, 0.0, 0.050152935691567514, 0.046145147012416635, 0.004471734719485521, 0.0, 0.0, 0.0, 0.0, 0.0, 0.04904577320875101, 0.0, 0.0, 0.0, 0.0, 0.0432102934556922]}