{"labels": [0, 1, 2, 3, 4, 5, 6, 7, 8, 9, 10, 11, 12, 13, 14, 15, 16, 17, 18, 19, 20, 21, 22, 23, 24, 25, 26, 27, 28, 29, 30, 31, 32, 33, 34, 35, 36, 37, 38, 39], "data": [0.0, 0.0, 0.0168062891532985, 0.0, 0.0, 0.0, 0.0, 0.0, 0.0, 0.0, 0.044090183256697266, 0.0, 0.0, 0.0012572232687179405, 0.0, 0.0, 0.0, 0.0, 0.0, 0.0, 0.0, 0.0, 0.0, 0.0008496522911863796, 0.0, 0.000380463987598167, 0.0, 0.0, 0.0, 0.0, 0.0, 0.0, 0.0, 0.09075969778277222, 0.0, 0.0, 0.0, 0.005609172481415559, 7.494975575977866e-05, 0.0]}