{"labels": [0, 1, 2, 3, 4, 5, 6, 7, 8, 9, 10, 11, 12, 13, 14, 15, 16, 17, 18, 19, 20, 21, 22, 23, 24, 25, 26, 27, 28, 29, 30, 31, 32, 33, 34, 35, 36, 37, 38, 39], "data": [0.003566788171585478, 0.0008879408234204038, 0.0005592400374137773, 0.02874537568009681, 0.02073252279684384, 0.045753501978214615, 0.0, 0.011122419777845777, 0.007912144086511681, 0.0, 0.0012070727794851088, 0.003587367043988872, 0.0, 0.0006612665714332625, 0.0, 0.0, 0.0, 0.047791619343637265, 0.0, 0.021359516455268106, 0.008911491749372825, 0.02018378891415496, 0.036139882152057864, 0.015314751822965393, 0.03126117882610306, 0.0, 0.001356732155776083, 0.016889536461874084, 0.0, 0.010063078504116122, 0.02635932667798003, 0.0, 0.0033398077230965655, 0.014384871952759415, 0.0, 0.0, 0.0, 0.0, 0.007668629615318465, 0.00033487511112620724]}