{"labels": [0, 1, 2, 3, 4, 5, 6, 7, 8, 9, 10, 11, 12, 13, 14, 15, 16, 17, 18, 19, 20, 21, 22, 23, 24, 25, 26, 27, 28, 29, 30, 31, 32, 33, 34, 35, 36, 37, 38, 39], "data": [0.0, 0.0015047277683306304, 0.031680779985458284, 0.009892565343844997, 0.0, 0.0, 0.005878288850075406, 0.0, 0.0, 0.000999456747840725, 0.0, 0.08130315661054881, 0.0, 0.0, 0.0, 0.0, 0.0, 0.0, 0.004129294648024954, 0.001008263377481444, 0.00018986071324346697, 0.0, 0.0, 0.001692566387740841, 0.0, 0.0, 0.0, 0.0, 0.0, 0.08426399589722221, 0.0, 0.0, 0.06541548181945697, 0.0012870197991383394, 0.0, 0.022614230562266833, 0.08638088780664988, 0.004983196596639632, 0.0, 0.0]}