{"labels": [0, 1, 2, 3, 4, 5, 6, 7, 8, 9, 10, 11, 12, 13, 14, 15, 16, 17, 18, 19, 20, 21, 22, 23, 24, 25, 26, 27, 28, 29, 30, 31, 32, 33, 34, 35, 36, 37, 38, 39], "data": [0.0010395745669271527, 0.0, 0.0, 0.0, 0.004558117736835171, 0.0, 0.0, 0.0008522421480722363, 0.0, 0.0, 0.0012570916621171754, 0.0020098942033521766, 0.0, 0.0, 0.0, 0.0, 0.0, 0.0, 0.036979449156790564, 0.0, 0.0, 0.029020594963575813, 0.0, 0.0, 0.0, 0.01227003928835963, 0.03668986254378791, 0.03560870628737832, 0.0, 0.0, 0.0, 0.0, 0.0, 0.001788833984182698, 0.04332994162357983, 0.0018366401941887769, 0.0, 0.02895839859194719, 0.029201197152100542, 0.0]}