{"labels": [0, 1, 2, 3, 4, 5, 6, 7, 8, 9, 10, 11, 12, 13, 14, 15, 16, 17, 18, 19, 20, 21, 22, 23, 24, 25, 26, 27, 28, 29, 30, 31, 32, 33, 34, 35, 36, 37, 38, 39], "data": [0.0, 0.002943118808448265, 0.0, 0.0, 0.0, 0.0, 0.061417052841450194, 0.0, 0.0, 0.0, 0.0, 0.0, 0.0, 0.0, 0.00397839564706358, 0.011113074484831684, 0.0, 0.0, 0.0, 0.0, 0.0, 0.0, 0.0, 0.0, 0.0021790521558607964, 0.0, 0.013605330597801554, 0.0, 0.004248818856399529, 0.0, 0.0, 0.0, 0.0, 0.0, 0.0, 0.05523794205008977, 0.0, 0.008650801849674978, 0.0, 0.07939765532526014]}