{"labels": [0, 1, 2, 3, 4, 5, 6, 7, 8, 9, 10, 11, 12, 13, 14, 15, 16, 17, 18, 19, 20, 21, 22, 23, 24, 25, 26, 27, 28, 29, 30, 31, 32, 33, 34, 35, 36, 37, 38, 39], "data": [0.004366303847952328, 0.005050429824582978, 0.0239041639290534, 0.02065340360452596, 0.004880963767906668, 0.0, 0.00418777179151903, 0.0034763704388703544, 0.0, 0.0, 0.007792609561239155, 0.0, 0.0, 0.0, 0.0, 0.0015649517557248334, 0.010065671817065112, 0.07113859558848755, 0.0, 0.000496540671108383, 0.008347273386222213, 0.0, 0.006427343336325123, 0.0, 0.0004916617969922089, 0.0, 0.0033483939933644908, 0.0, 0.0, 0.0, 0.0, 0.004596898795951178, 0.0, 0.0, 0.0, 0.00018943140796002757, 0.0, 0.019268174774287238, 0.0, 0.0]}