{"labels": [0, 1, 2, 3, 4, 5, 6, 7, 8, 9, 10, 11, 12, 13, 14, 15, 16, 17, 18, 19, 20, 21, 22, 23, 24, 25, 26, 27, 28, 29, 30, 31, 32, 33, 34, 35, 36, 37, 38, 39], "data": [0.0, 0.0, 0.0, 0.041892736917542424, 0.007062116894567548, 0.0, 0.0407771111473386, 0.0, 0.0, 0.0, 0.03641884545286915, 0.0, 0.0, 0.0007526803494124312, 0.0, 9.19968511802278e-06, 0.0, 0.0005034666768387988, 0.0, 0.0, 0.0, 0.0, 0.0, 0.004986925531680287, 0.004630909634279187, 0.0, 0.0002009360995317211, 0.0, 0.0, 0.0, 0.0, 0.0007970812341368532, 0.0, 0.0, 0.0, 0.0, 0.0, 0.013442392901021387, 0.0, 0.0]}