{"labels": [0, 1, 2, 3, 4, 5, 6, 7, 8, 9, 10, 11, 12, 13, 14, 15, 16, 17, 18, 19, 20, 21, 22, 23, 24, 25, 26, 27, 28, 29, 30, 31, 32, 33, 34, 35, 36, 37, 38, 39], "data": [0.0, 0.0, 0.004249688999787376, 0.0, 0.0, 0.026648902833657027, 0.0, 0.022266742944521387, 0.0, 0.0, 0.004461000986378459, 0.0, 0.0, 0.015098251068900854, 0.0, 0.0, 0.0, 0.0, 0.0392951914826296, 0.0012427015365111286, 0.004327526139290451, 0.04024797907482808, 0.0015963067602417615, 0.0, 0.0, 0.0, 0.0, 0.0010134470997540212, 0.000524071195366366, 0.009786222085949054, 0.003921118171233989, 5.320521283899353e-05, 0.0069670212074418435, 0.0026057781768552496, 0.0, 0.0, 0.00228199351140799, 0.0, 0.006847431779191281, 0.06104603825549527]}