{"labels": [0, 1, 2, 3, 4, 5, 6, 7, 8, 9, 10, 11, 12, 13, 14, 15, 16, 17, 18, 19, 20, 21, 22, 23, 24, 25, 26, 27, 28, 29, 30, 31, 32, 33, 34, 35, 36, 37, 38, 39], "data": [0.0, 0.0, 0.0033618776787891617, 0.0, 0.0, 0.0, 0.02000644898261377, 0.025076384776885556, 0.0, 0.0, 0.09479718247445668, 0.0, 0.0, 0.0, 0.0, 0.0, 0.0, 0.0, 0.0, 0.086600534349932, 0.0, 0.0, 0.0, 0.0, 0.002993032144086328, 0.0, 0.0, 0.0, 0.0, 0.0, 0.0, 0.0, 0.0, 0.0017628626575136072, 0.0, 0.0, 0.0, 0.0, 0.0, 0.0]}