{"labels": [0, 1, 2, 3, 4, 5, 6, 7, 8, 9, 10, 11, 12, 13, 14, 15, 16, 17, 18, 19, 20, 21, 22, 23, 24, 25, 26, 27, 28, 29, 30, 31, 32, 33, 34, 35, 36, 37, 38, 39], "data": [0.008761329115433382, 6.412828657413441e-05, 0.028492565920542712, 0.0, 0.013932519790715208, 0.0, 0.0, 0.0332601248920891, 0.0, 0.0, 0.0, 0.0, 0.0, 0.0, 0.0, 0.0, 0.0, 0.0007708305322619352, 0.012096509616529971, 0.0, 0.0, 0.0, 0.0, 0.0, 0.003320406057778812, 0.0, 0.00045329872447170705, 0.014080679623774394, 0.1322313974374173, 0.0, 0.0, 0.0008054636917019713, 0.028734135152161912, 0.05817915998445609, 0.0034701653693554905, 0.025812002877459345, 0.0, 0.0, 0.0, 0.0]}