{"labels": [0, 1, 2, 3, 4, 5, 6, 7, 8, 9, 10, 11, 12, 13, 14, 15, 16, 17, 18, 19, 20, 21, 22, 23, 24, 25, 26, 27, 28, 29, 30, 31, 32, 33, 34, 35, 36, 37, 38, 39], "data": [0.0, 0.0, 0.0, 0.0, 0.0, 0.013381601971529369, 0.026083501777902945, 0.0, 0.005647109905870804, 0.0022626534099938036, 0.004817699541195286, 0.003815047420315343, 0.0, 0.0, 0.0, 0.0, 0.010030654069357733, 0.0, 0.0, 0.0, 0.03248320069207309, 0.0, 0.00675884557366891, 0.12508106574795694, 0.009721163669726302, 0.0014374634136015258, 0.0, 0.0, 0.0028686070302041647, 0.0, 0.0, 0.0012199917880071724, 0.0, 0.0, 0.0, 0.0, 0.0, 0.002954651219274559, 0.03546182829178794, 0.0]}