{"labels": [0, 1, 2, 3, 4, 5, 6, 7, 8, 9, 10, 11, 12, 13, 14, 15, 16, 17, 18, 19, 20, 21, 22, 23, 24, 25, 26, 27, 28, 29, 30, 31, 32, 33, 34, 35, 36, 37, 38, 39], "data": [0.0, 0.0062031543700062025, 0.028034189201907, 0.0, 0.009764311464951455, 0.008947344283618769, 0.03291663612951883, 0.0, 0.001139178978705937, 0.0, 0.00404356888231623, 0.00014837099649209754, 0.0, 0.0, 0.11747817251117655, 0.0, 0.0, 0.0, 0.0, 0.0, 0.0, 0.0, 0.0, 0.0, 0.007263238690848886, 0.0, 0.003086843746520965, 3.383033246955072e-05, 0.0, 0.012806578499551968, 0.0668521955316082, 0.00037916817091992365, 0.0, 0.0005831449475581981, 0.0, 0.0, 0.0, 0.0, 0.002815198652314282, 0.0]}