{"labels": [0, 1, 2, 3, 4, 5, 6, 7, 8, 9, 10, 11, 12, 13, 14, 15, 16, 17, 18, 19, 20, 21, 22, 23, 24, 25, 26, 27, 28, 29, 30, 31, 32, 33, 34, 35, 36, 37, 38, 39], "data": [0.0, 0.0, 0.0, 0.04888678986111526, 0.024580155329117514, 0.0, 0.0, 0.0, 0.0, 0.0, 0.004016629709595013, 0.0, 0.0, 0.006075384033267901, 0.0, 0.0, 0.00483295446448155, 0.0, 0.0, 0.0015359842580188131, 0.0, 0.0029166984621080577, 0.0007943474620992207, 0.02807299820425884, 0.04193507682453647, 0.026413820756298237, 0.0006642499716978492, 0.0, 0.0, 0.0, 0.003639575442933887, 0.0, 0.0, 0.005778423192612272, 0.01186985505851777, 0.0, 0.000735368563100739, 0.013443538500741644, 0.0, 0.00016753826262864738]}