{"labels": [0, 1, 2, 3, 4, 5, 6, 7, 8, 9, 10, 11, 12, 13, 14, 15, 16, 17, 18, 19, 20, 21, 22, 23, 24, 25, 26, 27, 28, 29, 30, 31, 32, 33, 34, 35, 36, 37, 38, 39], "data": [0.503997713387342, 0.0, 0.0, 0.0, 0.0, 0.0027126377862094963, 0.0, 0.0, 0.0, 0.0, 0.0, 0.0, 0.0, 0.0, 0.0, 0.0, 0.0, 0.07372481126046654, 0.025918405706657516, 0.044422195202152764, 0.0, 0.017121110188567233, 0.0, 0.0, 0.0, 0.0009709803093335896, 0.0, 0.0, 0.0, 0.0, 0.0, 0.0, 0.0, 0.0, 0.0, 0.00241141558450442, 0.0, 0.0, 0.0, 0.0030332889156208694]}