{"labels": [0, 1, 2, 3, 4, 5, 6, 7, 8, 9, 10, 11, 12, 13, 14, 15, 16, 17, 18, 19, 20, 21, 22, 23, 24, 25, 26, 27, 28, 29, 30, 31, 32, 33, 34, 35, 36, 37, 38, 39], "data": [0.0, 0.0, 0.0, 0.0, 0.0, 0.0, 0.0, 0.0, 0.0296826723851047, 0.0, 0.010829250970187864, 0.0, 0.0, 0.0, 0.03355897744764361, 0.0, 0.0, 0.0, 0.0, 0.0, 0.0, 0.0, 0.001573982451326264, 0.0, 0.0003879561003847808, 0.0, 0.008742629995509552, 0.037446581655034374, 0.0021486312728217385, 0.0, 0.005202531935226101, 0.01111567199750321, 0.0, 0.0, 0.0, 0.08193364755978216, 0.0, 0.0, 0.0, 0.0]}