{"labels": [0, 1, 2, 3, 4, 5, 6, 7, 8, 9, 10, 11, 12, 13, 14, 15, 16, 17, 18, 19, 20, 21, 22, 23, 24, 25, 26, 27, 28, 29, 30, 31, 32, 33, 34, 35, 36, 37, 38, 39], "data": [0.0023414328179417955, 0.043772708354999336, 0.0, 0.0, 0.0, 0.0, 0.0, 0.0, 0.0004896685777537185, 0.0, 0.0948923672933681, 0.0, 0.0, 0.0, 0.005155266417288341, 0.0, 0.0, 0.0, 0.0, 0.0, 0.0, 0.0, 0.0, 0.0, 1.2425560142701769e-05, 0.0, 0.0, 0.0, 0.0, 0.008565808100789604, 0.0, 0.0, 0.0, 0.0, 0.0, 0.0, 0.0, 0.0, 0.0, 0.00027942706232431385]}