{"labels": [0, 1, 2, 3, 4, 5, 6, 7, 8, 9, 10, 11, 12, 13, 14, 15, 16, 17, 18, 19, 20, 21, 22, 23, 24, 25, 26, 27, 28, 29, 30, 31, 32, 33, 34, 35, 36, 37, 38, 39], "data": [0.0023834911383637898, 0.03617052824083434, 0.0, 0.0020801193185645294, 0.014110421536236671, 0.005672933155796438, 0.0, 0.00484507180267061, 0.0, 0.010902706201949119, 0.0, 0.0, 0.0, 0.008801702281144597, 0.0, 0.0, 0.0, 0.022214992653582486, 0.0, 0.02483235961900588, 0.004004855726055745, 0.0, 0.0001851723959545834, 0.01484267656539408, 0.012500900458211443, 0.00859436637942623, 0.06636539429742269, 0.0, 0.0, 0.0, 0.055362839823096095, 0.04389314369779614, 0.0, 0.0, 0.012245704793778699, 0.0, 0.032533129641671016, 0.0, 0.0032982278968206533, 0.0]}