{"labels": [0, 1, 2, 3, 4, 5, 6, 7, 8, 9, 10, 11, 12, 13, 14, 15, 16, 17, 18, 19, 20, 21, 22, 23, 24, 25, 26, 27, 28, 29, 30, 31, 32, 33, 34, 35, 36, 37, 38, 39], "data": [0.0, 0.0, 0.0, 0.0, 0.0, 0.0, 0.04628728392480702, 0.030046004394416456, 0.0, 0.0, 0.03805218294702826, 0.0, 0.0002144913804451555, 0.0, 4.148856880545115e-05, 0.0, 0.0, 0.0, 0.0, 0.07717416806952625, 0.0, 0.0, 0.0, 1.629965276383413e-05, 0.0, 0.0, 0.0, 0.0, 0.0, 0.014031108619464014, 0.004317623437601092, 0.0, 0.0, 0.005414416364292311, 0.0, 0.0, 0.0, 0.0, 0.051151264336089186, 0.0]}