{"labels": [0, 1, 2, 3, 4, 5, 6, 7, 8, 9, 10, 11, 12, 13, 14, 15, 16, 17, 18, 19, 20, 21, 22, 23, 24, 25, 26, 27, 28, 29, 30, 31, 32, 33, 34, 35, 36, 37, 38, 39], "data": [0.0, 0.005230506074198517, 0.002315607110219106, 0.0011299172809727677, 0.03298732897470195, 0.0, 0.0, 0.0, 0.0, 0.007718096152003813, 0.0, 0.0, 0.0, 0.0, 3.275256824075604e-05, 0.0, 0.0, 0.0, 0.0, 0.0, 0.006161879683383059, 0.004877244871708577, 0.15629845963765981, 0.0, 0.029275390917509823, 0.0, 0.0, 0.0, 0.0, 0.0, 0.0392810167032401, 0.0013221094317994505, 0.01671137762487337, 0.0, 0.0, 0.0, 0.03402039627529354, 0.0, 0.0, 0.0001683735962267425]}