{"labels": [0, 1, 2, 3, 4, 5, 6, 7, 8, 9, 10, 11, 12, 13, 14, 15, 16, 17, 18, 19, 20, 21, 22, 23, 24, 25, 26, 27, 28, 29, 30, 31, 32, 33, 34, 35, 36, 37, 38, 39], "data": [0.002459456978012588, 0.0, 0.036925692889423524, 0.0, 0.005127911209496369, 0.0, 0.0, 0.011668735779184492, 0.0, 0.0040564521199592425, 0.008253766937651133, 0.0, 0.0, 0.007375119378864786, 0.0004907203016442102, 0.0, 0.0, 0.0, 0.0, 0.0, 0.07783269434296203, 0.0003329763174033958, 0.0, 0.0, 0.0, 0.0, 0.0, 0.0, 0.0, 0.0, 0.0, 0.0031572883012679263, 0.0, 0.008785393968029109, 0.0, 0.0, 0.0, 0.0, 0.0, 0.0009545190166843633]}