{"labels": [0, 1, 2, 3, 4, 5, 6, 7, 8, 9, 10, 11, 12, 13, 14, 15, 16, 17, 18, 19, 20, 21, 22, 23, 24, 25, 26, 27, 28, 29, 30, 31, 32, 33, 34, 35, 36, 37, 38, 39], "data": [0.003663432640983866, 0.01912285957629986, 0.0015667297520626745, 0.0, 0.0048538476580882416, 0.040673232009494416, 0.0006067463781925875, 0.0, 0.0, 0.021442777173616846, 0.003298444301418336, 0.0, 0.0, 0.06143776240897402, 0.0, 0.00037980257605849755, 0.01652569747132332, 0.0, 0.0, 0.018422131628397308, 0.0, 0.023372251608387188, 0.0, 0.09741383069624757, 0.0, 0.01489929386131702, 0.0, 0.013384598921302027, 0.0, 0.0, 0.005374987453181297, 0.0, 0.0028748591552606975, 0.007149358199077822, 0.017196690171452388, 0.0, 0.0, 0.0, 0.03141501051422126, 0.023827306876144694]}