{"labels": [0, 1, 2, 3, 4, 5, 6, 7, 8, 9, 10, 11, 12, 13, 14, 15, 16, 17, 18, 19, 20, 21, 22, 23, 24, 25, 26, 27, 28, 29, 30, 31, 32, 33, 34, 35, 36, 37, 38, 39], "data": [0.012318101519163967, 0.0, 0.0015637899300595941, 0.013592796522285469, 0.0, 0.0, 0.0203407097494037, 0.0010000516223633662, 0.00040546629064982143, 0.010008499690008913, 0.00044568876652253985, 0.0, 0.0, 0.005515828418022007, 0.0, 0.0015172559834079988, 0.0, 0.01205376514602494, 0.0, 0.00012756603253583215, 0.0, 0.0011733423300100288, 0.000969522943301528, 0.008753211426728613, 0.0, 0.09662241783826629, 0.0, 0.002521067753854369, 0.0009113561267932911, 0.0, 0.0, 0.0, 0.003416159486441442, 0.0, 0.0011937467080329707, 0.0, 0.0, 0.0, 0.0, 0.0021150660141617907]}