{"labels": [0, 1, 2, 3, 4, 5, 6, 7, 8, 9, 10, 11, 12, 13, 14, 15, 16, 17, 18, 19, 20, 21, 22, 23, 24, 25, 26, 27, 28, 29, 30, 31, 32, 33, 34, 35, 36, 37, 38, 39], "data": [0.0, 0.003687406023510715, 0.0, 0.0, 0.0, 0.0, 0.007198247800122731, 0.0, 0.0, 0.0051066713885581415, 0.0013232073516520728, 0.0, 0.0, 0.0, 0.0, 0.0, 0.0, 0.004994174749241204, 0.0, 0.0, 0.0, 0.0, 0.0, 0.09500281868398434, 0.005085688766020593, 0.0, 0.0, 0.0010844648137656287, 0.0024618541666033816, 0.006103340781244297, 0.0, 0.01856292884480596, 0.0, 0.01683052174922379, 0.0, 0.00375380914954923, 0.0, 0.010217938732460134, 0.0, 0.0]}