{"labels": [0, 1, 2, 3, 4, 5, 6, 7, 8, 9, 10, 11, 12, 13, 14, 15, 16, 17, 18, 19, 20, 21, 22, 23, 24, 25, 26, 27, 28, 29, 30, 31, 32, 33, 34, 35, 36, 37, 38, 39], "data": [0.0, 0.008225016271580994, 0.0, 0.0, 0.07075341295593733, 0.011442209646498561, 0.0, 0.0, 0.0, 0.0, 0.015228586514591823, 0.0, 0.0, 0.0, 0.0, 0.0, 0.03887350589598851, 0.0, 0.0, 0.0, 0.0, 0.0, 0.0, 0.0, 0.0, 0.0, 0.0, 0.0, 0.0, 0.0044047125395505725, 0.0, 0.0, 0.000994975566727918, 0.12367965731418082, 0.019938623016476868, 0.0, 0.0, 0.012379788310105834, 0.0, 0.0]}