{"labels": [0, 1, 2, 3, 4, 5, 6, 7, 8, 9, 10, 11, 12, 13, 14, 15, 16, 17, 18, 19, 20, 21, 22, 23, 24, 25, 26, 27, 28, 29, 30, 31, 32, 33, 34, 35, 36, 37, 38, 39], "data": [0.0, 0.0, 0.0, 0.053361917611886384, 0.0, 0.018272397323627322, 0.01635730975471136, 0.0, 0.0, 0.0006577227401864469, 0.0, 0.0011770622109230566, 0.016544193993375336, 0.0, 0.0, 0.00017497215555883154, 0.01851664345840254, 0.0014888193375877763, 0.03304856043496606, 0.0, 0.004091109784809832, 0.0, 0.005301628405577982, 0.033529635948338576, 0.0, 0.0, 0.03612112536003157, 0.0, 0.0, 0.0, 0.0, 0.071613134286388, 0.0, 0.0019134511319308023, 0.00333115783084396, 0.006778194267869489, 0.0, 0.0, 0.0, 0.00022440183494686487]}