{"labels": [0, 1, 2, 3, 4, 5, 6, 7, 8, 9, 10, 11, 12, 13, 14, 15, 16, 17, 18, 19, 20, 21, 22, 23, 24, 25, 26, 27, 28, 29, 30, 31, 32, 33, 34, 35, 36, 37, 38, 39], "data": [0.0, 0.00019481428648048904, 0.0, 0.0007140530036987781, 0.015950439488303575, 0.0, 0.0, 0.0, 0.0, 0.0, 0.021752528493662823, 0.0, 0.0, 0.0, 0.0, 0.0, 0.03854570827801737, 0.0, 0.010981889239808727, 0.0, 0.0, 0.0, 0.05581496734945295, 0.0, 0.0015918277858311106, 0.0, 0.05872357797266687, 0.0, 0.0, 0.0, 0.01580273708549789, 0.0, 0.0, 0.0, 0.0, 0.0, 0.0, 0.001274506932990503, 0.0, 0.05658008811326821]}