{"labels": [0, 1, 2, 3, 4, 5, 6, 7, 8, 9, 10, 11, 12, 13, 14, 15, 16, 17, 18, 19, 20, 21, 22, 23, 24, 25, 26, 27, 28, 29, 30, 31, 32, 33, 34, 35, 36, 37, 38, 39], "data": [0.0017483847270962582, 0.0017363422713741919, 0.020294337226528684, 0.00628015424366217, 0.014155011284154147, 0.0, 0.004889123775245606, 0.0, 0.0, 0.0, 0.008147833542256391, 0.004032687784283499, 0.01818012203838153, 0.0030689814720625077, 0.0, 4.0409785616732596e-05, 0.0, 0.002513433758825848, 0.0, 0.0, 0.0, 0.004091812260478832, 0.005001984018733132, 0.0, 0.0, 0.01144089850554576, 0.0, 0.021990241017984538, 0.0032360131105871976, 0.0, 0.0, 0.0005742952260302206, 0.052668817649905275, 0.004042220649713046, 0.0029436536079879873, 0.03916058546215171, 0.0008312211025494966, 0.037281894178597855, 0.004376929658413302, 0.0]}