{"labels": [0, 1, 2, 3, 4, 5, 6, 7, 8, 9, 10, 11, 12, 13, 14, 15, 16, 17, 18, 19, 20, 21, 22, 23, 24, 25, 26, 27, 28, 29, 30, 31, 32, 33, 34, 35, 36, 37, 38, 39], "data": [0.0025355794651709873, 0.0, 0.0, 0.0, 0.0, 0.0075586496440004855, 0.012262223973392525, 0.0, 0.0, 0.0, 0.0018472099427907116, 0.08664978684511383, 0.0, 0.004643335741189316, 0.0, 0.0, 0.00046366144718627833, 0.0, 0.04134541026949745, 0.0011364104950227377, 0.0, 0.0, 0.0, 0.031551584268734965, 0.0021126276463417867, 0.0, 9.438830023499244e-05, 0.0, 0.0, 0.0, 0.05013116262890084, 0.0, 0.0, 0.0, 0.011795596554461572, 0.017010793062533204, 0.0, 0.02317561986807308, 0.03261872415858418, 0.0016643606394421814]}