{"labels": [0, 1, 2, 3, 4, 5, 6, 7, 8, 9, 10, 11, 12, 13, 14, 15, 16, 17, 18, 19, 20, 21, 22, 23, 24, 25, 26, 27, 28, 29, 30, 31, 32, 33, 34, 35, 36, 37, 38, 39], "data": [0.0, 0.0, 0.0, 0.0, 0.0, 0.01176094978877248, 0.0501788309373033, 0.0018168654722616553, 0.0, 0.0011967375338844109, 0.0, 0.003264736349573155, 0.02326013750119166, 0.0012844426347577431, 0.026944886266150662, 0.0003870920834595193, 0.0, 0.0, 0.0, 0.0009117624271962241, 0.0019708739771953773, 0.0, 0.0, 0.008718086532476943, 0.0010634311978193053, 0.0, 0.054191526400476135, 0.0, 0.0, 0.010341259569207608, 0.0031416371057047675, 0.0, 0.0, 0.0, 0.0063066567397844706, 0.06145325051012108, 0.0, 0.0, 0.00997106876196786, 0.002701066691684901]}