{"labels": [0, 1, 2, 3, 4, 5, 6, 7, 8, 9, 10, 11, 12, 13, 14, 15, 16, 17, 18, 19, 20, 21, 22, 23, 24, 25, 26, 27, 28, 29, 30, 31, 32, 33, 34, 35, 36, 37, 38, 39], "data": [0.006775624065264481, 0.0, 0.009339036516431044, 0.009789938008381934, 0.029916291340474004, 0.01526940149086523, 0.016217716150415402, 0.004229348533903375, 0.0038104303577668887, 0.0035386405479545676, 0.005159191123799402, 0.10644551654232963, 0.022961293402339242, 0.0, 0.007468351613094071, 0.0, 0.04041323833916976, 0.0009342770144739889, 0.0, 0.02452133188717534, 0.0, 0.0, 0.0, 0.013364752387501963, 0.0, 0.0, 0.006991397083707345, 0.0, 0.002639827685744735, 0.0, 0.0, 0.002890294782285517, 0.019806571976940045, 0.013830084174638034, 0.003590525735790641, 0.0, 0.0009838248962530834, 0.031457726224863605, 0.0031543863207718096, 0.02551892071398071]}