{"labels": [0, 1, 2, 3, 4, 5, 6, 7, 8, 9, 10, 11, 12, 13, 14, 15, 16, 17, 18, 19, 20, 21, 22, 23, 24, 25, 26, 27, 28, 29, 30, 31, 32, 33, 34, 35, 36, 37, 38, 39], "data": [0.00735835403611997, 0.0, 0.06783363215329136, 0.0, 0.02366061955433709, 0.0, 0.0, 0.0, 0.0, 0.0, 0.0, 0.0, 0.0, 0.0, 0.0, 0.0, 0.0, 0.002088470685366177, 0.0, 0.0, 0.0, 0.0, 0.0, 0.0, 0.0, 0.0, 0.0, 0.0, 0.0005869013000359029, 0.0, 0.0, 0.0, 0.003959188356644824, 0.0, 0.0, 0.0, 0.0017007051443123393, 0.014157944682243784, 0.0, 0.0]}