{"labels": [0, 1, 2, 3, 4, 5, 6, 7, 8, 9, 10, 11, 12, 13, 14, 15, 16, 17, 18, 19, 20, 21, 22, 23, 24, 25, 26, 27, 28, 29, 30, 31, 32, 33, 34, 35, 36, 37, 38, 39], "data": [0.0, 0.0, 0.0, 0.0, 0.0, 0.01190452629542489, 0.021264000507167233, 0.021728872318328228, 0.0, 0.06736142932734578, 0.0, 0.0003982625588886514, 0.00028834262824759715, 0.014577129740307861, 0.001558082644948299, 0.0003502580861612389, 0.0010460670637110318, 0.001431724508995761, 0.0, 0.0, 0.037700278732079796, 0.0008862605898404461, 0.0, 0.08426223444927566, 0.0, 0.002011601309169367, 0.0, 0.0, 0.0005941135933487474, 0.0, 0.0030113847614519204, 0.0, 5.933454829659109e-05, 0.0, 0.0, 0.0, 0.002039797826363581, 0.0, 0.010940799261146144, 0.0]}