{"labels": [0, 1, 2, 3, 4, 5, 6, 7, 8, 9, 10, 11, 12, 13, 14, 15, 16, 17, 18, 19, 20, 21, 22, 23, 24, 25, 26, 27, 28, 29, 30, 31, 32, 33, 34, 35, 36, 37, 38, 39], "data": [0.0, 0.014575235143214427, 0.0, 1.591487287362359e-05, 0.023704098998523052, 0.023434034430129605, 0.0, 0.0, 0.0, 0.0, 0.007942565408014173, 0.0, 0.03186970131232194, 0.0, 0.0, 0.014065402817667716, 0.08693710730812446, 0.0024516171253707803, 0.0, 0.0006255771932576806, 0.0, 0.0, 0.0005976643963771952, 0.005546296487442439, 0.021843414578518572, 0.01652388496282311, 0.0, 0.0, 0.0, 0.0, 0.0, 0.0006528275471638463, 0.00032204311646916644, 0.0, 0.022492289246297432, 0.0, 0.0, 0.021709541778388596, 0.04484026391131126, 0.05497152816409418]}