{"labels": [0, 1, 2, 3, 4, 5, 6, 7, 8, 9, 10, 11, 12, 13, 14, 15, 16, 17, 18, 19, 20, 21, 22, 23, 24, 25, 26, 27, 28, 29, 30, 31, 32, 33, 34, 35, 36, 37, 38, 39], "data": [0.0, 0.0, 0.0, 0.0, 0.0, 0.0, 0.0, 0.0006018123601105339, 0.01172736994342444, 0.0, 0.0, 0.005900197574704668, 0.0159416307764153, 0.0, 0.0, 0.0015271180256094437, 0.0, 0.03971732067888063, 0.0, 0.0, 0.00268469573273892, 0.004223381916095595, 0.001155420309094242, 0.0, 0.0, 0.00829669642732268, 0.0, 0.0, 0.0, 0.0, 0.0006105964361419677, 0.0, 0.002708967979388321, 0.032064279235683064, 0.0, 0.013144962554378196, 0.00901284661861513, 0.05675143495457535, 0.002176124786296583, 0.0]}