{"labels": [0, 1, 2, 3, 4, 5, 6, 7, 8, 9, 10, 11, 12, 13, 14, 15, 16, 17, 18, 19, 20, 21, 22, 23, 24, 25, 26, 27, 28, 29, 30, 31, 32, 33, 34, 35, 36, 37, 38, 39], "data": [0.015267925367906911, 0.0010819725402890455, 0.000108890924336173, 0.0, 0.012864205918219069, 0.0026083537064870766, 0.00835240603535883, 0.00036932461201281394, 0.0, 0.004214425290109749, 0.0014120182342441331, 0.0, 0.01659992867213499, 0.000713269762270915, 0.0, 0.006978561845530143, 0.0, 0.0, 0.01004226966640437, 0.0016947330019124382, 0.01002742572652472, 0.0012573124687602394, 0.0016122467030688567, 0.014979340133533303, 0.0012997948794137672, 0.03753487224747009, 0.0, 0.0, 0.001169047392118623, 0.0, 0.0, 0.0, 0.07412892441838552, 0.0, 0.01373347113006081, 0.0019755346501536103, 0.07010163809097546, 0.0, 0.021399434417750766, 0.024776458774831502]}