{"labels": [0, 1, 2, 3, 4, 5, 6, 7, 8, 9, 10, 11, 12, 13, 14, 15, 16, 17, 18, 19, 20, 21, 22, 23, 24, 25, 26, 27, 28, 29, 30, 31, 32, 33, 34, 35, 36, 37, 38, 39], "data": [0.0, 0.00956126133496172, 0.014747729645503268, 0.018004013608434597, 0.0065201950723410744, 0.0, 0.027537721137193202, 0.0, 0.0, 0.02819861194296055, 0.0, 0.0, 0.0, 0.0, 0.0, 0.0011229654386585056, 0.01598031084163191, 0.018558086246595537, 0.005563446361984309, 0.0, 0.0, 0.0, 0.0, 0.021932642430904817, 0.0, 0.0, 0.028126185683386325, 0.017489172475038596, 0.0, 0.0007717930472237933, 0.0, 0.0, 0.0, 0.0, 0.02870156734640003, 0.0, 0.0, 0.008870576542330562, 0.0, 0.0035071214235035536]}