{"labels": [0, 1, 2, 3, 4, 5, 6, 7, 8, 9, 10, 11, 12, 13, 14, 15, 16, 17, 18, 19, 20, 21, 22, 23, 24, 25, 26, 27, 28, 29, 30, 31, 32, 33, 34, 35, 36, 37, 38, 39], "data": [0.0, 0.0, 0.0, 0.0631377361660527, 0.0, 0.019231993585461685, 0.0, 0.0, 0.0, 0.0, 0.0, 0.058857511442403365, 0.0, 0.012225624442741698, 0.0, 0.0, 0.019261413810479272, 0.0, 0.025242799729263243, 0.0, 0.023727523208160146, 0.0, 0.0, 0.0, 0.0, 0.07828430705710128, 0.0, 0.0, 0.0, 0.0, 0.0, 0.0, 0.0, 0.0, 0.01110675423559973, 0.0, 0.0, 0.0, 0.0, 0.022926457966919823]}