{"labels": [0, 1, 2, 3, 4, 5, 6, 7, 8, 9, 10, 11, 12, 13, 14, 15, 16, 17, 18, 19, 20, 21, 22, 23, 24, 25, 26, 27, 28, 29, 30, 31, 32, 33, 34, 35, 36, 37, 38, 39], "data": [0.0, 0.0, 0.003716517646967816, 0.002154082041157142, 0.01875066010520115, 0.0, 0.0, 0.0534663910757004, 0.0, 0.018194824233460326, 0.0, 0.0005539941218030981, 0.051311154221415085, 0.03395397382254258, 0.0, 0.012449398422841665, 0.0, 0.005436888009529362, 0.005636404929689976, 0.003213165423159917, 0.0, 0.0, 0.0, 0.005198798289962691, 0.004156190608847453, 0.00015718142809008866, 3.886124667832646e-05, 0.03259125788145967, 0.0, 0.0, 0.0, 0.0, 0.003964942585499076, 0.0, 0.0, 0.0, 0.0, 0.03534184767711057, 0.0, 0.00045893709526100186]}