{"labels": [0, 1, 2, 3, 4, 5, 6, 7, 8, 9, 10, 11, 12, 13, 14, 15, 16, 17, 18, 19, 20, 21, 22, 23, 24, 25, 26, 27, 28, 29, 30, 31, 32, 33, 34, 35, 36, 37, 38, 39], "data": [0.0, 0.0, 0.0, 0.0, 0.033790618918006075, 0.0, 0.0, 0.010457333383081757, 0.0, 0.0, 0.013456262442393684, 0.0, 0.0, 0.0, 0.0, 0.0, 0.0, 0.0, 0.016728112069681157, 0.0, 0.0021575877452459018, 0.02674500035646025, 6.983428449221227e-05, 0.07696448203256682, 0.0, 0.004399421543237481, 0.0, 0.0, 0.0, 0.0, 0.0, 0.0, 0.0006548250602751848, 0.01413532937567553, 0.00023661807980688112, 0.05958325305287885, 0.0, 0.07335616392277482, 0.0, 0.0]}