{"labels": [0, 1, 2, 3, 4, 5, 6, 7, 8, 9, 10, 11, 12, 13, 14, 15, 16, 17, 18, 19, 20, 21, 22, 23, 24, 25, 26, 27, 28, 29, 30, 31, 32, 33, 34, 35, 36, 37, 38, 39], "data": [0.0, 0.0, 0.0, 0.0, 0.0014239542925745343, 0.0011549724062875522, 0.0007641790496104805, 0.0480634116592186, 0.000271186780358422, 0.008724896258487262, 0.005000413916161832, 0.0, 0.0, 0.0, 0.0, 0.0, 0.005074520540339858, 0.0, 0.0, 0.07786049788125354, 0.0, 0.0, 0.0, 0.0, 0.08682010710413071, 0.0, 0.0, 0.007762145771825377, 0.004939296563047836, 0.0, 0.004536460436978287, 0.0, 0.0, 0.0, 0.0, 0.0, 0.0, 0.0, 0.004826675412793533, 0.002001071509813726]}