{"labels": [0, 1, 2, 3, 4, 5, 6, 7, 8, 9, 10, 11, 12, 13, 14, 15, 16, 17, 18, 19, 20, 21, 22, 23, 24, 25, 26, 27, 28, 29, 30, 31, 32, 33, 34, 35, 36, 37, 38, 39], "data": [0.0, 0.0, 0.0, 0.00044175405170163607, 0.0, 0.0014794248179560256, 0.013835294034554059, 0.0, 0.0, 0.0, 0.07116652013059056, 0.0015481119058086544, 0.0, 0.0, 0.03089975308292249, 0.0, 0.0, 0.007703760839623477, 0.0013830409036757324, 0.047173393048603504, 0.0, 0.0, 0.0005596769649440199, 0.0, 0.0, 0.0033773499176895897, 0.0, 0.0001489288284135865, 0.0018163517131114882, 0.0, 0.0, 0.0, 0.0, 0.0, 0.0, 0.0, 0.0, 0.0, 0.0016079305575085905, 0.00254734971505155]}