{"labels": [0, 1, 2, 3, 4, 5, 6, 7, 8, 9, 10, 11, 12, 13, 14, 15, 16, 17, 18, 19, 20, 21, 22, 23, 24, 25, 26, 27, 28, 29, 30, 31, 32, 33, 34, 35, 36, 37, 38, 39], "data": [0.008333977147235551, 0.008153848743668507, 0.0, 0.0, 0.0, 0.0, 0.016867874070194803, 0.0, 0.09160226958734079, 0.0, 0.0, 0.004466685588005767, 0.0, 0.009744682846382654, 0.01131025291430713, 0.0, 0.0, 0.0, 0.0, 0.0, 0.032186793569647494, 0.0, 0.003890606153144166, 0.026460425666259887, 0.002422069384939206, 0.008927689083068627, 0.0, 0.0, 0.0, 0.0, 0.0, 0.0, 0.0031079964350087083, 0.0, 0.0, 0.006315369103637353, 0.0009565252179662426, 0.001852434078128313, 0.0016014731944105972, 0.0019288844541300448]}