{"labels": [0, 1, 2, 3, 4, 5, 6, 7, 8, 9, 10, 11, 12, 13, 14, 15, 16, 17, 18, 19, 20, 21, 22, 23, 24, 25, 26, 27, 28, 29, 30, 31, 32, 33, 34, 35, 36, 37, 38, 39], "data": [0.0011872633969174599, 0.0023121477415640307, 0.001394106194263151, 0.02090602282994903, 0.0, 0.0, 0.0, 0.0, 0.0, 0.0, 0.006497802605338524, 0.0, 0.0, 0.0, 0.010446693055164956, 0.0, 0.0, 0.037562184766222376, 0.004269218040622408, 0.0009284708779309824, 0.0, 0.0, 0.11116955517904487, 0.0, 0.0357005960687692, 0.0, 0.0017559470491313447, 0.0, 0.0, 0.0, 0.07819400002951611, 0.0, 0.005142848577778285, 0.0, 0.01662209383577393, 0.0, 0.0, 0.003950818200620757, 0.0002882634022839824, 0.0]}