{"labels": [0, 1, 2, 3, 4, 5, 6, 7, 8, 9, 10, 11, 12, 13, 14, 15, 16, 17, 18, 19, 20, 21, 22, 23, 24, 25, 26, 27, 28, 29, 30, 31, 32, 33, 34, 35, 36, 37, 38, 39], "data": [0.0, 0.0, 0.0, 0.0, 0.0, 0.014901883874442341, 0.0, 0.0, 0.0, 0.024151492826044285, 0.0, 0.09277397277906631, 0.0035466160696016485, 0.006299909520438915, 0.0, 0.0, 0.018590872047415642, 0.00871830551151507, 0.012456172639334009, 0.0016480622496618657, 0.00931872037724821, 0.014165134741590564, 0.0, 0.0, 0.0, 0.030051726745733434, 0.006888038631778978, 0.0, 0.0011642819416028479, 0.0, 0.012694233488736294, 0.0011751742884553943, 0.019559671132447977, 0.01905816119869206, 0.026118048267783633, 0.0, 0.0006611474479577321, 0.012260797147311904, 0.0397215448145747, 0.0]}