{"labels": [0, 1, 2, 3, 4, 5, 6, 7, 8, 9, 10, 11, 12, 13, 14, 15, 16, 17, 18, 19, 20, 21, 22, 23, 24, 25, 26, 27, 28, 29, 30, 31, 32, 33, 34, 35, 36, 37, 38, 39], "data": [0.006150706906011236, 0.0, 0.0, 0.03552537279704985, 0.002605784106413815, 0.0, 0.0, 0.0, 0.0, 0.027918315431166817, 0.0, 0.0, 0.0, 0.006936219485909652, 0.0, 0.0, 0.0, 0.0, 0.01490030533373259, 0.0, 0.0, 0.0, 0.0, 0.014913153707239455, 0.002210059688409123, 0.01255375871979144, 0.0, 0.00024485054203009666, 0.0, 0.0, 0.0, 0.0, 0.0027242611872108123, 0.0, 0.0, 0.0, 0.0, 0.0015562142239364993, 0.014883301244430568, 0.0]}