{"labels": [0, 1, 2, 3, 4, 5, 6, 7, 8, 9, 10, 11, 12, 13, 14, 15, 16, 17, 18, 19, 20, 21, 22, 23, 24, 25, 26, 27, 28, 29, 30, 31, 32, 33, 34, 35, 36, 37, 38, 39], "data": [0.011502633954362955, 0.0, 0.002470384358958498, 0.0, 7.279815892581382e-06, 0.015890970654101836, 0.005908750936722917, 0.0010723877042386118, 0.004511781536822235, 0.007002755318958672, 0.0, 0.0, 0.023140723014637873, 0.008843833210982362, 0.0, 0.0, 0.008840371420970463, 0.046627408429227316, 0.0, 0.0, 0.017334421715891345, 0.033066006351634356, 0.0, 0.0, 0.0, 0.0010973654592189173, 0.0, 0.018615867433848087, 0.01034907545464469, 0.0, 0.0, 0.0, 0.0014610445625206745, 0.011953573766638524, 0.03146684589034066, 0.0, 0.0, 0.030463678508575613, 0.003152559827997631, 0.0021607349121641147]}