{"labels": [0, 1, 2, 3, 4, 5, 6, 7, 8, 9, 10, 11, 12, 13, 14, 15, 16, 17, 18, 19, 20, 21, 22, 23, 24, 25, 26, 27, 28, 29, 30, 31, 32, 33, 34, 35, 36, 37, 38, 39], "data": [0.011010012622982498, 0.0, 0.0, 0.004915892162717432, 0.0, 0.0, 0.010996002313768988, 0.0, 0.0, 0.0022483404909909035, 0.0, 0.0, 0.0, 0.010988396470165617, 0.0044055491246146215, 0.0, 0.0, 0.00977839439576155, 0.0, 0.04466994732017767, 0.023469536903848464, 0.0, 0.0, 0.046541331168869035, 0.0, 0.01163909102876311, 0.0, 0.00022331725604874948, 0.05844195808350721, 0.0, 0.0, 0.0, 0.005343878300831652, 0.0, 0.024265502554307594, 0.040166428711766004, 0.004738031910917384, 0.0, 0.028031598455108653, 0.0]}