{"labels": [0, 1, 2, 3, 4, 5, 6, 7, 8, 9, 10, 11, 12, 13, 14, 15, 16, 17, 18, 19, 20, 21, 22, 23, 24, 25, 26, 27, 28, 29, 30, 31, 32, 33, 34, 35, 36, 37, 38, 39], "data": [0.0, 0.0, 0.0, 0.0, 0.000625978928875964, 0.0, 0.0, 0.10145513822119707, 0.0, 0.0, 0.0, 0.0, 0.004597830918599847, 0.0, 0.0, 0.0, 0.0, 0.0, 0.0, 0.0, 0.0, 0.0, 0.0, 0.0, 0.0, 0.005238467519129899, 0.0, 0.043525558986497945, 0.009964774545420106, 0.003057676364420451, 0.046450715729802555, 0.0006044542134733999, 0.0, 0.0, 0.023057444663755824, 0.0, 0.001562541550843954, 0.0269347377059737, 0.0, 0.0]}