{"labels": [0, 1, 2, 3, 4, 5, 6, 7, 8, 9, 10, 11, 12, 13, 14, 15, 16, 17, 18, 19, 20, 21, 22, 23, 24, 25, 26, 27, 28, 29, 30, 31, 32, 33, 34, 35, 36, 37, 38, 39], "data": [0.030442659577154394, 0.003541624173623342, 0.0, 0.0006475839711194921, 0.0003201529397628511, 0.05530553784614748, 2.3785729812336654e-07, 0.0029037017074981723, 0.0, 0.008924591961787527, 0.009655024755232706, 0.0, 0.0, 0.0, 0.0004117993006601598, 0.0, 0.0, 0.00369931205567618, 0.07948982417553026, 0.0005127786304055054, 0.0, 0.0, 0.0, 0.0, 0.0033568428073135633, 0.0, 0.0, 0.022109620198012124, 0.0, 0.0, 0.001347470684218734, 0.0, 0.0, 0.0, 0.0031518495693096268, 0.008120630524743256, 0.0, 0.0005267064084031476, 0.05702315124497134, 0.0034998981269615936]}