{"labels": [0, 1, 2, 3, 4, 5, 6, 7, 8, 9, 10, 11, 12, 13, 14, 15, 16, 17, 18, 19, 20, 21, 22, 23, 24, 25, 26, 27, 28, 29, 30, 31, 32, 33, 34, 35, 36, 37, 38, 39], "data": [0.004590904295972898, 0.0, 0.0, 7.234735562891365e-05, 0.0, 0.08670258174878483, 0.0, 0.0, 0.0, 0.0, 0.0, 0.0, 0.0, 0.0, 0.025465116416952923, 0.0, 0.0, 0.0027326688040216346, 0.0, 0.0, 0.06776980262844338, 0.004072382336160087, 0.0, 0.0007644970190591676, 0.009228919996297994, 0.0, 0.0, 8.644092884701415e-05, 0.001188437886517093, 0.0012856319432701289, 0.0, 0.0, 0.0, 0.0, 0.0, 0.011359250814701629, 0.0009683572265308803, 0.002282632174779718, 0.0, 0.0]}