{"labels": [0, 1, 2, 3, 4, 5, 6, 7, 8, 9, 10, 11, 12, 13, 14, 15, 16, 17, 18, 19, 20, 21, 22, 23, 24, 25, 26, 27, 28, 29, 30, 31, 32, 33, 34, 35, 36, 37, 38, 39], "data": [0.00322234626486286, 0.0, 0.0, 2.59065458032617e-05, 0.0, 0.014722910908250366, 0.0, 0.0, 0.0, 0.02150759906968715, 0.0, 0.0029719322577173796, 0.0, 0.003737530000458097, 0.0, 0.0, 0.0, 0.0028936194029887505, 0.0, 0.07360631562273992, 0.0, 0.06244307757291228, 0.10027478124164067, 0.0, 0.0, 0.01036150922606029, 0.0, 0.0, 0.0, 0.0, 0.0, 0.0, 0.0, 0.0, 0.0, 0.0, 0.0, 0.0, 0.0, 0.04493257665878346]}