{"labels": [0, 1, 2, 3, 4, 5, 6, 7, 8, 9, 10, 11, 12, 13, 14, 15, 16, 17, 18, 19, 20, 21, 22, 23, 24, 25, 26, 27, 28, 29, 30, 31, 32, 33, 34, 35, 36, 37, 38, 39], "data": [0.0025692405062567357, 0.0, 0.003785633744696697, 0.027525252741390713, 0.0023895270376394244, 0.0, 0.013484923925277325, 0.0015585106175278441, 0.003780803467189792, 0.006678573303379895, 0.0, 0.0, 0.0011426801778022823, 0.003668743172690519, 0.0, 0.00501004505072224, 0.011366567988105588, 0.0, 0.0, 0.0, 0.0, 0.0, 0.0, 0.0032449493114130347, 0.0, 0.0, 0.0, 0.0020409875626582396, 0.0, 0.0, 0.0, 0.0003853889430740366, 0.0, 0.0, 0.0029174793319276804, 0.009805178190072974, 0.0046250024753651565, 0.004429475069265826, 0.0, 0.0]}