{"labels": [0, 1, 2, 3, 4, 5, 6, 7, 8, 9, 10, 11, 12, 13, 14, 15, 16, 17, 18, 19, 20, 21, 22, 23, 24, 25, 26, 27, 28, 29, 30, 31, 32, 33, 34, 35, 36, 37, 38, 39], "data": [0.006909386437089516, 0.0, 0.009914315530443588, 0.06269958784636444, 0.020965342281327373, 0.0, 0.0003018037227080404, 0.0, 0.0, 0.0, 0.0, 0.0, 0.0, 0.0, 0.0, 0.0, 0.04270777193549522, 0.006003183726098865, 0.0, 0.0, 0.0, 0.001852320668287463, 0.0, 0.0, 0.0, 0.03461616252304858, 0.0, 0.01952627533234176, 0.0, 0.0, 0.0, 0.0011254915327157918, 0.02719881459261229, 0.052973954875933184, 0.0, 0.0, 0.003367842600678568, 6.479846293146057e-05, 0.0, 0.0]}