{"labels": [0, 1, 2, 3, 4, 5, 6, 7, 8, 9, 10, 11, 12, 13, 14, 15, 16, 17, 18, 19, 20, 21, 22, 23, 24, 25, 26, 27, 28, 29, 30, 31, 32, 33, 34, 35, 36, 37, 38, 39], "data": [0.5869361436041056, 0.0, 0.19958248190098005, 0.0, 0.03024014374560946, 0.004639433217656662, 0.0, 0.0, 0.004103563189766954, 0.24869367597917222, 0.14217616169332545, 0.0, 0.0, 0.0, 0.0, 0.0064398829075403095, 0.0, 0.0, 0.0, 0.0, 0.0, 0.007552832378232966, 0.0, 0.05426415103720942, 0.010771705267354426, 0.0, 0.0, 0.0, 0.054727726090977716, 0.0, 0.010549830319659094, 0.0, 0.0612690249858783, 0.08342432356597726, 0.0, 0.0, 0.014805058016416696, 0.0, 0.0, 0.004729159771487732]}