{"labels": [0, 1, 2, 3, 4, 5, 6, 7, 8, 9, 10, 11, 12, 13, 14, 15, 16, 17, 18, 19, 20, 21, 22, 23, 24, 25, 26, 27, 28, 29, 30, 31, 32, 33, 34, 35, 36, 37, 38, 39], "data": [0.008859007465959573, 0.004593797825993481, 0.012539414912744802, 0.012708940618038763, 0.0, 0.0, 0.020765046743902824, 0.0, 0.0, 0.0461618191762117, 0.0, 0.0, 0.0, 0.0, 0.0, 0.0, 0.0, 0.006718788402799328, 0.014877133303191915, 0.0, 0.0, 0.0, 0.0, 0.0, 0.0, 0.0, 0.0, 0.04401040053359043, 0.0, 0.0, 0.0, 0.0, 0.0, 0.0, 0.02031771703041932, 0.0, 0.016586047591478054, 0.007588280701669978, 0.0, 0.0]}