{"labels": [0, 1, 2, 3, 4, 5, 6, 7, 8, 9, 10, 11, 12, 13, 14, 15, 16, 17, 18, 19, 20, 21, 22, 23, 24, 25, 26, 27, 28, 29, 30, 31, 32, 33, 34, 35, 36, 37, 38, 39], "data": [0.0023898183624245415, 0.003557987829219116, 0.0, 0.0, 0.02324703856051308, 0.01060141330013299, 0.002309555847975474, 0.006375020559727102, 0.0, 0.00132250993652228, 1.7301855413873872e-05, 0.019681908712782352, 0.0, 0.0, 0.0, 0.04985773572691125, 0.0, 0.0007783927538298499, 0.04424639472600828, 0.015520896605920138, 0.0, 0.03307561226565788, 0.0038509506611347755, 0.0, 0.004936859941095088, 0.028706301717196646, 0.0, 0.0007441391948436116, 0.0, 0.0, 0.01011130190434882, 0.0021434414227217953, 0.0, 0.0, 0.0, 0.01247292863573843, 0.005685375609517877, 0.016832286707757303, 0.0011143363403936565, 0.052155962593667414]}