{"labels": [0, 1, 2, 3, 4, 5, 6, 7, 8, 9, 10, 11, 12, 13, 14, 15, 16, 17, 18, 19, 20, 21, 22, 23, 24, 25, 26, 27, 28, 29, 30, 31, 32, 33, 34, 35, 36, 37, 38, 39], "data": [0.0, 0.0, 0.0, 0.009739182472883275, 0.0, 0.05422064866294834, 0.0259441334759981, 0.023142537575592304, 0.0, 0.0, 0.0, 0.0, 0.002807720131776733, 0.004087290532850858, 0.0, 0.0, 0.004784827760730608, 0.0014654749994168778, 0.023245957756788, 0.0, 0.0032365593820020424, 0.0, 0.0, 0.0005096731090868512, 2.665733056129243e-05, 0.0, 0.04214527537731873, 0.006272521607390749, 0.00036979951204223, 0.0, 0.03624004360907995, 0.0, 0.0, 0.0002737867167494584, 0.0, 0.04033049165934813, 0.0, 0.026205988385650154, 0.0, 0.04239711945599222]}