{"labels": [0, 1, 2, 3, 4, 5, 6, 7, 8, 9, 10, 11, 12, 13, 14, 15, 16, 17, 18, 19, 20, 21, 22, 23, 24, 25, 26, 27, 28, 29, 30, 31, 32, 33, 34, 35, 36, 37, 38, 39], "data": [0.0, 0.004021775087483417, 0.0, 0.0, 0.0, 0.0, 0.0, 0.0, 0.0, 0.021127065391403996, 0.0, 0.0002905813240105342, 0.0, 0.0, 0.008204968408558562, 0.0, 0.0, 0.0, 0.0, 0.00627852937174831, 0.04134647059417994, 0.0, 0.0, 0.0057194775194629325, 0.0015118228531562927, 0.0, 0.0, 0.07921774124074776, 0.0, 0.0, 0.0, 0.0, 0.0015378008320183234, 0.0, 0.0, 0.0, 0.0, 0.002309871588389784, 0.0, 0.00010154086591728524]}