{"labels": [0, 1, 2, 3, 4, 5, 6, 7, 8, 9, 10, 11, 12, 13, 14, 15, 16, 17, 18, 19, 20, 21, 22, 23, 24, 25, 26, 27, 28, 29, 30, 31, 32, 33, 34, 35, 36, 37, 38, 39], "data": [0.0, 0.0, 0.0, 0.0, 0.026007024010977146, 0.0, 0.0, 0.0, 0.0, 0.005610984196496937, 0.0, 0.0, 0.0, 0.054876706372012196, 0.0, 0.0, 0.009995303612102187, 0.0017555203339388763, 0.0, 0.03923555220192819, 0.0, 0.0005767246623667658, 0.0, 0.00018073056893057508, 0.026529340375980325, 0.0, 0.0, 0.007804506206145879, 0.15796153085375078, 0.0, 0.0, 0.0, 0.0, 0.0, 0.0, 0.0, 0.0, 0.0, 0.0, 0.0]}