{"labels": [0, 1, 2, 3, 4, 5, 6, 7, 8, 9, 10, 11, 12, 13, 14, 15, 16, 17, 18, 19, 20, 21, 22, 23, 24, 25, 26, 27, 28, 29, 30, 31, 32, 33, 34, 35, 36, 37, 38, 39], "data": [0.0006101949463125515, 0.0, 0.028167573390125572, 0.0, 0.0, 0.0, 0.006615012202054193, 0.0, 0.02826912625331568, 0.005958898841540682, 0.0017252781731026577, 0.007332492820995737, 0.0013099692122034718, 0.009131431526879237, 0.0015951051802425003, 0.0, 0.0, 0.0008225644167478186, 0.007145151052216433, 0.0, 0.013811301634180234, 0.007263461818550944, 0.0005990454543543673, 0.0, 0.0006502733779565169, 0.005176280704433953, 0.00879685515281485, 0.0, 0.0, 0.0, 0.012858958894607577, 0.005897285375235123, 0.0037596710196187997, 0.0, 0.004867400145535673, 0.004812009617459649, 0.00539179377913013, 0.002149764019798597, 0.0, 0.00019863595621023568]}