{"labels": [0, 1, 2, 3, 4, 5, 6, 7, 8, 9, 10, 11, 12, 13, 14, 15, 16, 17, 18, 19, 20, 21, 22, 23, 24, 25, 26, 27, 28, 29, 30, 31, 32, 33, 34, 35, 36, 37, 38, 39], "data": [0.0, 0.0, 0.0, 0.0, 0.0488788402476045, 0.0, 0.0016126026335421338, 0.0, 0.0, 0.0, 0.0013194776565590392, 0.0, 0.0, 0.0, 0.011849005252740737, 0.0, 0.0, 0.0, 0.0, 0.0014320593108328766, 0.0, 3.156597512400079e-05, 0.0, 0.0, 0.0, 0.0, 0.0, 0.08669442106235621, 0.0, 0.0, 0.0, 0.0, 0.0013670542562711125, 0.0, 0.0, 0.001553835317878353, 0.0, 0.0, 0.0, 0.0]}