{"labels": [0, 1, 2, 3, 4, 5, 6, 7, 8, 9, 10, 11, 12, 13, 14, 15, 16, 17, 18, 19, 20, 21, 22, 23, 24, 25, 26, 27, 28, 29, 30, 31, 32, 33, 34, 35, 36, 37, 38, 39], "data": [0.01543362614472078, 0.0, 0.009027216701805504, 0.019721109735927004, 0.010941197165932311, 0.0, 0.00581226805589005, 0.008455457994640531, 0.0, 0.0, 0.0, 0.004228932847552356, 0.014154515348759144, 0.0204492458401778, 0.0014185256888769938, 0.0372522292231051, 0.0, 0.02232159006588438, 0.013473005626021049, 0.0, 0.0, 0.03187482253912736, 0.002196511482914978, 0.025525342899736844, 0.0, 0.008876228708988744, 0.0, 0.002436507054122645, 0.009184510480267801, 0.05095015397580557, 0.0, 0.0008381451971588359, 0.0, 0.013006688552294013, 0.0, 0.027227658766362253, 0.0025625382710723838, 0.03719572302423015, 0.0, 0.0]}