{"labels": [0, 1, 2, 3, 4, 5, 6, 7, 8, 9, 10, 11, 12, 13, 14, 15, 16, 17, 18, 19, 20, 21, 22, 23, 24, 25, 26, 27, 28, 29, 30, 31, 32, 33, 34, 35, 36, 37, 38, 39], "data": [0.0, 0.0, 0.0, 0.015094357511740512, 0.011391916368409971, 0.0, 0.022666705700234616, 0.03401967828611828, 0.0, 0.002766099252106725, 0.0, 0.0, 0.0, 0.0, 0.012928029000132903, 0.0, 0.006894969111332461, 0.0, 0.0, 0.0, 0.007796009512905339, 0.0016686055720107442, 0.00023806902644698977, 0.0, 0.017747531466965717, 0.0, 0.043500582573185176, 0.007500405020556605, 0.003785871046751869, 0.0, 0.0, 0.0, 0.0, 0.004900285671992169, 0.0, 0.0, 0.0, 0.042692729876495174, 0.03470084578741045, 0.0]}