{"labels": [0, 1, 2, 3, 4, 5, 6, 7, 8, 9, 10, 11, 12, 13, 14, 15, 16, 17, 18, 19, 20, 21, 22, 23, 24, 25, 26, 27, 28, 29, 30, 31, 32, 33, 34, 35, 36, 37, 38, 39], "data": [0.003230838565058159, 0.008746468564192688, 0.04941477802486635, 0.0002708136582822128, 0.0, 0.0, 0.0, 0.0, 0.0, 0.0, 0.003925089138412404, 0.0, 6.153210412384132e-05, 0.0, 0.0, 0.0, 0.06553085888345964, 0.0, 0.0023646889749015174, 4.409625913201892e-05, 0.0, 0.001443310114144733, 0.0011596308322695482, 0.002406682625178366, 0.0, 0.0, 0.0, 0.0, 0.003394708419221772, 0.007858242085179391, 0.0026189145417954644, 0.0, 0.0, 0.0, 0.0, 0.0, 0.004203896963874931, 0.0008719649886974183, 0.0, 0.0]}