{"labels": [0, 1, 2, 3, 4, 5, 6, 7, 8, 9, 10, 11, 12, 13, 14, 15, 16, 17, 18, 19, 20, 21, 22, 23, 24, 25, 26, 27, 28, 29, 30, 31, 32, 33, 34, 35, 36, 37, 38, 39], "data": [0.007401884693496348, 0.0026655853211795455, 0.0021111534404697125, 0.0, 0.005756806891967397, 0.021225717544421027, 0.018506712298597492, 0.0, 0.0, 0.005959805099210152, 0.004032740698901603, 0.0025377705368985056, 0.011520188252453777, 0.0, 0.040738308762571014, 0.0, 0.0, 0.02536446941843864, 0.0009569238661728595, 0.0, 0.0, 0.0, 0.0, 0.0, 0.02449343606840885, 0.0, 0.0005669769087087101, 0.018695745524721884, 0.0, 0.0, 0.0, 0.002588346479902133, 0.0, 0.0, 0.02994510850038219, 0.0058048596984982105, 0.03524393329371867, 0.0069886988061323915, 0.03252293665986975, 0.001042590478102354]}