{"labels": [0, 1, 2, 3, 4, 5, 6, 7, 8, 9, 10, 11, 12, 13, 14, 15, 16, 17, 18, 19, 20, 21, 22, 23, 24, 25, 26, 27, 28, 29, 30, 31, 32, 33, 34, 35, 36, 37, 38, 39], "data": [0.0, 0.0, 0.0, 0.01158219389031976, 0.0, 0.0, 0.0, 0.014353476418351854, 0.0, 0.0, 0.0, 0.0, 0.0, 0.024498276201463533, 0.025175181981687597, 0.048135842897834166, 0.0, 0.05933201165337601, 0.0, 0.029700346138094195, 0.0, 0.012163555061646689, 0.003420159157398141, 0.026276000519160524, 0.030503591714033346, 0.0, 0.0, 0.0, 0.0, 0.0, 0.0, 0.00014914261427813175, 0.0, 0.012118130343168916, 0.0, 0.0, 0.005214274491878259, 0.0, 0.05971825812684156, 0.0]}