{"labels": [0, 1, 2, 3, 4, 5, 6, 7, 8, 9, 10, 11, 12, 13, 14, 15, 16, 17, 18, 19, 20, 21, 22, 23, 24, 25, 26, 27, 28, 29, 30, 31, 32, 33, 34, 35, 36, 37, 38, 39], "data": [0.0, 0.005098677462491813, 0.014805026741990636, 0.0, 0.0, 0.0, 0.009595440133894649, 0.024299068046042833, 0.009575684873849142, 0.03264255615064324, 0.0, 0.0, 0.043426236817467705, 0.0, 0.03932115101976558, 0.0, 0.0, 0.0, 0.0, 0.013954896638415109, 0.08576969068334678, 0.007447972115490908, 0.0015000705926291498, 0.0, 0.007742437052561005, 0.0, 0.005206905829577185, 0.0, 0.008236147417934925, 0.0, 0.0, 1.994910262389084e-05, 0.043718198478974075, 0.0008696551419852957, 0.0, 0.0, 0.0045385663782886755, 0.0, 0.0, 0.024151471042391896]}