{"labels": [0, 1, 2, 3, 4, 5, 6, 7, 8, 9, 10, 11, 12, 13, 14, 15, 16, 17, 18, 19, 20, 21, 22, 23, 24, 25, 26, 27, 28, 29, 30, 31, 32, 33, 34, 35, 36, 37, 38, 39], "data": [0.003919642112163262, 0.017043145081085804, 0.002936707466051069, 0.0004993681504097959, 0.0, 0.020153022723763136, 0.017677443266231583, 0.042843612084632235, 0.007155584370493695, 0.014537101941128418, 0.0, 0.011322744157903226, 0.02309393775763681, 0.0, 0.006170701147968746, 0.0, 0.0, 0.0, 0.0, 0.0, 0.0, 0.0, 0.00062330078091404, 0.0, 0.002743836417518805, 0.0, 0.036391683132514764, 0.0, 0.0014069159125482615, 0.0, 0.0, 0.0, 0.0, 0.03490314098744203, 0.0, 0.014030303057675856, 0.0, 0.0, 0.07626251830750881, 0.002863880647541494]}