{"labels": [0, 1, 2, 3, 4, 5, 6, 7, 8, 9, 10, 11, 12, 13, 14, 15, 16, 17, 18, 19, 20, 21, 22, 23, 24, 25, 26, 27, 28, 29, 30, 31, 32, 33, 34, 35, 36, 37, 38, 39], "data": [0.0, 0.0, 0.004467931066722791, 0.0, 0.0, 0.0, 0.0, 0.0, 0.0, 0.008731111500098908, 0.0, 0.0, 0.0, 0.0014292945834337067, 0.008203601545237795, 0.0, 0.0, 0.0428358254260699, 0.0, 0.0003243210276003867, 0.002506416063402039, 0.09168699582355153, 0.000248546564854934, 0.008891033572076648, 0.004065077586843915, 0.0, 0.0010274275469902984, 0.0, 0.0001451603610924808, 0.0023742757195384647, 0.007867644193975514, 0.0, 0.0019832131786225574, 0.0, 0.03976277068652492, 0.0, 0.006716095167186467, 0.0, 0.0, 0.0]}