{"labels": [0, 1, 2, 3, 4, 5, 6, 7, 8, 9, 10, 11, 12, 13, 14, 15, 16, 17, 18, 19, 20, 21, 22, 23, 24, 25, 26, 27, 28, 29, 30, 31, 32, 33, 34, 35, 36, 37, 38, 39], "data": [0.006142383241150077, 0.0, 0.0, 0.0, 0.014110192848211923, 0.0, 0.04774324558625869, 0.0, 0.0, 0.06698777492258243, 0.0, 0.0, 0.0, 0.0005925575164957206, 0.0, 0.0, 0.03605975787172539, 0.0, 0.0, 0.0, 0.0, 0.0, 0.0, 0.0, 0.0, 0.0, 0.0, 0.033043287844884126, 0.0, 0.0, 0.0029234050659106173, 0.0, 0.04636449004733655, 0.0, 0.007229677364155173, 0.0, 0.004061717593642247, 0.0, 0.0, 0.0]}