{"labels": [0, 1, 2, 3, 4, 5, 6, 7, 8, 9, 10, 11, 12, 13, 14, 15, 16, 17, 18, 19, 20, 21, 22, 23, 24, 25, 26, 27, 28, 29, 30, 31, 32, 33, 34, 35, 36, 37, 38, 39], "data": [0.05481640670378332, 0.0, 0.0, 0.01028000610718701, 0.008157019373441826, 0.0, 4.166956795740826e-06, 0.0, 0.0, 0.0, 0.003983103654933308, 0.0, 0.0, 0.0, 0.0, 0.0015151394166318484, 0.011922398351427218, 0.005747404459315483, 0.0, 0.0, 0.007281883373355721, 0.0025064940905511262, 0.0, 0.0010434298085287652, 0.0, 0.04371254948898586, 0.0, 0.017226809097318874, 0.011503801104166404, 0.0, 0.0, 0.0, 0.00634410590341604, 0.0, 0.030461990715941942, 0.0, 0.0, 0.01784341721438128, 0.0, 0.0]}