{"labels": [0, 1, 2, 3, 4, 5, 6, 7, 8, 9, 10, 11, 12, 13, 14, 15, 16, 17, 18, 19, 20, 21, 22, 23, 24, 25, 26, 27, 28, 29, 30, 31, 32, 33, 34, 35, 36, 37, 38, 39], "data": [0.004604742614604736, 0.0, 0.03598257709987789, 0.0, 0.0001268356129546347, 0.058616896392420535, 0.03504803172748439, 0.0, 0.004816592747023883, 0.0, 0.0, 0.0, 0.024473129016089338, 0.0011430874727415229, 0.0, 0.0018780757502520208, 0.0, 0.0027988880693362154, 0.03610140648832071, 0.0, 0.0, 0.030684018715973756, 0.0, 0.0, 0.0, 0.005055092128634759, 0.0, 0.00013421304516024143, 0.0, 0.0, 0.03232122693844346, 0.0, 0.010113666150546843, 0.003316278948195223, 0.0, 0.0023650448210362344, 0.007444498543248199, 0.0, 0.0, 0.0]}