{"labels": [0, 1, 2, 3, 4, 5, 6, 7, 8, 9, 10, 11, 12, 13, 14, 15, 16, 17, 18, 19, 20, 21, 22, 23, 24, 25, 26, 27, 28, 29, 30, 31, 32, 33, 34, 35, 36, 37, 38, 39], "data": [0.0035197068751235327, 0.007247851496611036, 7.473513534238768e-05, 0.0, 0.0, 0.05065268927879562, 0.011492941188241458, 0.08430683993351058, 0.0, 0.011807679143203043, 0.0, 0.0024657471727761613, 0.018053697182869997, 0.014787083617910682, 0.01660551203927977, 0.0, 0.0, 0.0009507049525776862, 0.0, 0.0, 0.0, 0.0, 0.00039576028693323525, 0.0, 0.0, 0.0008089007482928079, 0.0, 0.025526825745062116, 0.0, 0.004382963644614372, 0.0, 0.0013123386303328423, 0.0, 0.0, 0.00026246463793053583, 0.0016534997105751427, 0.001491428742023157, 0.015891080634286646, 0.0136144274920829, 0.004720778679936725]}