{"labels": [0, 1, 2, 3, 4, 5, 6, 7, 8, 9, 10, 11, 12, 13, 14, 15, 16, 17, 18, 19, 20, 21, 22, 23, 24, 25, 26, 27, 28, 29, 30, 31, 32, 33, 34, 35, 36, 37, 38, 39], "data": [0.0, 0.0026987053080945694, 0.01313865425404012, 0.011763504806887223, 0.010435510024120735, 0.0, 0.0, 0.031750007613732395, 0.0004957999369005923, 0.0, 0.0, 0.0, 0.0, 0.0, 0.0, 0.0, 0.0, 0.0, 0.0, 0.0, 0.0, 0.0, 0.0020343013686964844, 0.009156349360095668, 0.030233544505104085, 0.0, 0.0, 0.0, 0.0, 0.0, 0.0, 0.06256691052274531, 0.0389274787499845, 0.07327884617956636, 0.01787233773585897, 0.027971302705659472, 0.0, 0.0, 0.031849794105807766, 0.0]}