{"labels": [0, 1, 2, 3, 4, 5, 6, 7, 8, 9, 10, 11, 12, 13, 14, 15, 16, 17, 18, 19, 20, 21, 22, 23, 24, 25, 26, 27, 28, 29, 30, 31, 32, 33, 34, 35, 36, 37, 38, 39], "data": [0.0, 0.0011523057591881802, 0.0, 0.0, 0.0, 0.034970796349046526, 0.014784545024343242, 0.0, 0.014732238816112974, 0.0, 0.0, 0.01060042470218992, 0.0, 0.0, 0.0, 0.0, 0.0, 0.0, 0.0, 0.0019354152711998102, 0.1355136187513726, 0.0, 0.0, 0.0, 0.0, 0.0, 0.020354570079444755, 0.0, 0.0, 0.0, 0.0, 0.0, 0.0, 0.019435283509862147, 0.0, 0.08789915558135918, 0.0044582029829302264, 0.0, 0.0, 0.0]}