{"labels": [0, 1, 2, 3, 4, 5, 6, 7, 8, 9, 10, 11, 12, 13, 14, 15, 16, 17, 18, 19, 20, 21, 22, 23, 24, 25, 26, 27, 28, 29, 30, 31, 32, 33, 34, 35, 36, 37, 38, 39], "data": [0.0, 0.028409052567868735, 0.02486962352220877, 0.0, 0.0, 0.0, 0.015019786060502268, 0.037072701076443386, 0.0, 0.0, 0.0, 0.0, 0.023248665173735906, 0.002113590109351848, 0.008785639146368679, 0.0, 0.0019431405037694978, 0.02440922666972741, 0.0, 0.0006895796829543987, 0.0, 0.0, 0.00460138577581214, 0.002786705283384907, 0.0041194213502591705, 0.0013980457102032325, 0.0029983010425254563, 0.018686624765198175, 0.0, 0.015698052243023227, 0.0, 0.0034510057459980273, 0.0, 0.02860447552816858, 0.022790606336921967, 0.00195707553300553, 0.024776884684147325, 0.012699885823867083, 0.0009816538636345587, 0.0]}