{"labels": [0, 1, 2, 3, 4, 5, 6, 7, 8, 9, 10, 11, 12, 13, 14, 15, 16, 17, 18, 19, 20, 21, 22, 23, 24, 25, 26, 27, 28, 29, 30, 31, 32, 33, 34, 35, 36, 37, 38, 39], "data": [0.006255564793458852, 0.0, 0.0, 0.03626453271106707, 0.0, 0.0, 0.0006189282497127374, 0.017402343659143702, 0.0, 0.02370263190103964, 0.0, 0.0, 0.0, 0.0, 0.02320400692058799, 0.0, 0.0, 0.0, 0.0, 0.05321317057058526, 0.0, 0.0030758197467701575, 0.0, 0.0, 0.0333888500272666, 0.0, 0.037783859255618786, 0.03552809284720264, 0.0, 0.0, 0.0, 0.0, 0.0011065025856771288, 0.0033122910262953554, 0.0, 0.039639940824352855, 0.0188580808975228, 0.0020928393982722663, 0.0, 0.0013926375236706086]}