{"labels": [0, 1, 2, 3, 4, 5, 6, 7, 8, 9, 10, 11, 12, 13, 14, 15, 16, 17, 18, 19, 20, 21, 22, 23, 24, 25, 26, 27, 28, 29, 30, 31, 32, 33, 34, 35, 36, 37, 38, 39], "data": [0.001758513298889989, 0.0, 0.0024870991208182894, 0.0, 0.039765521802460395, 0.013295581113797071, 0.006445935797792405, 0.0, 0.0, 0.0, 0.0017474996950619997, 0.0040192438449755275, 0.0, 0.0, 0.0, 0.0, 0.03391518913561084, 0.0, 0.008817012715891111, 0.0, 0.0, 0.0, 0.0, 0.0, 0.05699560299574618, 0.0, 0.002995998373942878, 0.0, 0.0, 0.0, 0.0, 0.000823060561772365, 4.259161967732347e-05, 0.004572382211540896, 0.0, 0.0, 0.0, 0.01459128966331744, 0.0, 0.0]}