{"labels": [0, 1, 2, 3, 4, 5, 6, 7, 8, 9, 10, 11, 12, 13, 14, 15, 16, 17, 18, 19, 20, 21, 22, 23, 24, 25, 26, 27, 28, 29, 30, 31, 32, 33, 34, 35, 36, 37, 38, 39], "data": [0.005110422286279218, 0.0, 0.002626104781290921, 0.0041640702005247615, 0.0, 0.0, 0.0, 0.0, 0.010798317494181095, 0.11804603508613593, 0.0, 0.0, 0.0, 0.0, 0.0038817036029706914, 0.0020203459537503137, 0.0, 0.0, 0.0, 0.00015263701430408608, 0.0033478282869246465, 0.0009281420820870473, 0.0, 0.0, 0.0, 0.0, 0.0, 0.0, 0.00512634042883394, 0.0, 0.0, 0.0008480936924626099, 0.0, 0.0, 0.0, 0.0025198685028550555, 0.0, 0.006047877189295222, 0.0019283327497259843, 0.0]}