{"labels": [0, 1, 2, 3, 4, 5, 6, 7, 8, 9, 10, 11, 12, 13, 14, 15, 16, 17, 18, 19, 20, 21, 22, 23, 24, 25, 26, 27, 28, 29, 30, 31, 32, 33, 34, 35, 36, 37, 38, 39], "data": [0.0, 0.0, 0.015582355777478775, 0.007445915913340739, 0.022300598979130018, 0.0, 0.0, 0.0, 0.0, 0.012145838196594616, 0.0, 0.0, 0.03790524234236511, 0.0, 0.0, 0.0, 0.0, 0.053610731613523664, 0.025149929739259037, 0.0, 0.0, 0.0, 0.0538813087450538, 0.0, 0.0, 0.0, 0.0, 0.0, 0.0, 0.0, 0.0, 0.0, 0.0, 0.0, 0.015939737521856144, 0.02969655118193556, 0.0019988358047206872, 0.0, 0.0, 0.0]}