{"labels": [0, 1, 2, 3, 4, 5, 6, 7, 8, 9, 10, 11, 12, 13, 14, 15, 16, 17, 18, 19, 20, 21, 22, 23, 24, 25, 26, 27, 28, 29, 30, 31, 32, 33, 34, 35, 36, 37, 38, 39], "data": [0.0, 0.0, 0.0, 0.0, 0.00420587886081732, 0.00013799568317278142, 0.013019571766747251, 0.02299884243419307, 0.0, 0.0, 0.0, 0.0, 0.005783556463900505, 0.0, 0.0, 0.0, 0.013888810675858076, 0.0, 0.0, 0.044701403867098775, 0.0, 0.010588569023335362, 0.0, 0.0, 0.0, 0.0009205758552116344, 0.0, 0.005667843730789674, 0.13137385135506874, 0.0, 0.003479379626701392, 0.0, 0.0, 0.0, 0.0, 0.04906104592937734, 0.0, 0.02202934036649626, 0.0, 0.0]}