{"labels": [0, 1, 2, 3, 4, 5, 6, 7, 8, 9, 10, 11, 12, 13, 14, 15, 16, 17, 18, 19, 20, 21, 22, 23, 24, 25, 26, 27, 28, 29, 30, 31, 32, 33, 34, 35, 36, 37, 38, 39], "data": [0.0, 0.0016738271817273041, 0.0009073469877940681, 0.0, 0.02360790104538553, 0.011893072266422377, 0.015387319440619005, 0.0, 0.0, 0.0, 0.0, 0.09844790175972999, 0.03142884266293525, 0.0, 0.0, 0.0, 0.0, 0.0, 0.03521958196088509, 0.0, 0.0, 0.0019105798946484058, 0.0, 0.0, 0.0, 0.018880020436128332, 0.0007307477964085964, 0.010039732644040669, 0.0, 0.0037273237624473998, 0.04205305962728916, 0.0, 0.0, 0.028692691145332672, 0.023920566596559455, 0.0, 0.010963619970755676, 0.0019458432203168189, 0.027048212768515687, 0.004058990609902722]}