{"labels": [0, 1, 2, 3, 4, 5, 6, 7, 8, 9, 10, 11, 12, 13, 14, 15, 16, 17, 18, 19, 20, 21, 22, 23, 24, 25, 26, 27, 28, 29, 30, 31, 32, 33, 34, 35, 36, 37, 38, 39], "data": [0.015492970589121823, 0.0, 0.016164851753650303, 0.0, 0.0, 0.0, 0.0070775666317243755, 0.0, 0.0041164532058558315, 0.0, 0.0, 0.003977378509948173, 0.012718976885274399, 0.0, 0.0, 0.0, 0.0, 0.00308148328502873, 0.0, 0.0, 0.005392059287861276, 0.0, 0.0, 0.0013832213561936753, 0.00011107018382474107, 0.027645027252991197, 0.0, 0.0, 0.005871887688718168, 0.003968293784445486, 0.048039514015816076, 0.003842852335356604, 0.0, 0.00662376703028351, 0.014014417180379825, 0.0013738073750137031, 0.0, 0.0, 0.0, 0.0]}