{"labels": [0, 1, 2, 3, 4, 5, 6, 7, 8, 9, 10, 11, 12, 13, 14, 15, 16, 17, 18, 19, 20, 21, 22, 23, 24, 25, 26, 27, 28, 29, 30, 31, 32, 33, 34, 35, 36, 37, 38, 39], "data": [0.0, 0.0, 0.0023544846358842697, 0.0, 0.0, 0.0, 0.02045546107671562, 0.021160259662116293, 0.0, 0.0, 0.009579599146939375, 0.0, 0.01620569613901589, 0.0, 0.0, 0.015590754710236644, 0.0020773219573942863, 0.004614596782980818, 0.002556577910956749, 0.0259706914718378, 0.0, 0.007530774881276927, 0.0, 0.008539968691897873, 0.0, 0.04250970810171762, 0.0, 0.001563035014277998, 0.003421102398172355, 0.0, 0.0, 0.0, 0.0, 0.0, 0.009257740614965097, 0.0, 0.04493663566804246, 0.03130891040310591, 0.03744235435562924, 0.0]}