{"labels": [0, 1, 2, 3, 4, 5, 6, 7, 8, 9, 10, 11, 12, 13, 14, 15, 16, 17, 18, 19, 20, 21, 22, 23, 24, 25, 26, 27, 28, 29, 30, 31, 32, 33, 34, 35, 36, 37, 38, 39], "data": [0.004900061303240155, 0.01459833758593727, 0.00030608009022392834, 0.0, 0.0, 0.0, 0.04578515910447092, 0.0013593943938473127, 0.0, 0.008299934772443979, 0.0, 0.0, 0.0, 0.0, 0.0, 0.0, 0.00017471155426916358, 0.0033534006242236093, 0.004091272819196312, 0.0, 0.04038243343993026, 0.0, 0.0, 0.007442104627164255, 0.0, 0.0616833018431126, 0.0, 0.0, 0.0, 0.0, 0.0, 0.0, 0.0, 0.0, 0.0054448001577014436, 0.001908957804064416, 0.0, 0.0, 0.0, 0.0]}