{"labels": [0, 1, 2, 3, 4, 5, 6, 7, 8, 9, 10, 11, 12, 13, 14, 15, 16, 17, 18, 19, 20, 21, 22, 23, 24, 25, 26, 27, 28, 29, 30, 31, 32, 33, 34, 35, 36, 37, 38, 39], "data": [0.006211187774870656, 0.0, 0.003809692180120715, 0.025384765670188283, 0.01941173056733415, 0.0009785823855197335, 0.008561317534872936, 0.03892757423103081, 0.0026281574614472206, 0.0, 0.007819649663906997, 0.0, 0.0, 0.0, 0.0, 0.0, 0.004507169162001953, 0.0, 0.02785976091247506, 0.0, 0.011667669797893836, 0.0, 0.0, 0.0, 0.0, 0.0, 0.0, 0.03154031340206184, 0.0, 0.0, 0.027240253355060907, 0.04604542887331755, 0.0, 0.0, 0.0, 0.0, 0.0, 0.051046806868295845, 0.014653969314771845, 0.0009392903421386353]}