{"labels": [0, 1, 2, 3, 4, 5, 6, 7, 8, 9, 10, 11, 12, 13, 14, 15, 16, 17, 18, 19, 20, 21, 22, 23, 24, 25, 26, 27, 28, 29, 30, 31, 32, 33, 34, 35, 36, 37, 38, 39], "data": [0.0098016539365679, 0.0, 0.0, 0.025238726955775417, 0.0, 0.0, 0.021094579952407887, 0.00858472348712279, 0.0, 0.0, 0.0, 0.0, 0.05006480361623178, 0.0, 0.001087544128587793, 0.0, 0.0, 0.0, 0.0, 0.0, 0.0, 0.0, 0.0, 0.0, 0.0, 0.0, 0.0, 0.0, 0.0, 0.0, 0.00011956281922625349, 0.0, 0.0005105175616229446, 0.0, 0.03443615860011249, 0.0031110381470197037, 0.0, 0.024407293256326516, 0.0, 0.0015043048517358417]}