{"labels": [0, 1, 2, 3, 4, 5, 6, 7, 8, 9, 10, 11, 12, 13, 14, 15, 16, 17, 18, 19, 20, 21, 22, 23, 24, 25, 26, 27, 28, 29, 30, 31, 32, 33, 34, 35, 36, 37, 38, 39], "data": [0.004802816934004942, 0.0010894538629547495, 0.0012659024786788498, 0.0, 0.0, 0.0, 0.006358309750454302, 0.06630208875699345, 0.0, 0.0, 0.02061969846523335, 0.0, 0.0, 0.00021418981085021628, 0.005879248201512516, 0.0, 0.0, 0.0, 0.0, 0.004509801151470501, 0.0, 0.00023045246776249784, 0.0, 0.0, 0.0004945773976801546, 0.0, 0.0, 0.030085874212907628, 0.0032558659236592478, 0.0019221376485539948, 0.005112737719217631, 0.0, 0.0013256424756506683, 0.0, 0.0, 0.00015687572422754643, 0.0, 0.02797984658619055, 0.0, 0.0]}