{"labels": [0, 1, 2, 3, 4, 5, 6, 7, 8, 9, 10, 11, 12, 13, 14, 15, 16, 17, 18, 19, 20, 21, 22, 23, 24, 25, 26, 27, 28, 29, 30, 31, 32, 33, 34, 35, 36, 37, 38, 39], "data": [0.0, 0.0, 0.018364485766572992, 0.0050423335085919485, 0.0, 0.09299907365514466, 0.0, 0.0, 0.0, 0.0, 0.0, 0.0, 0.022424341010394033, 0.0, 0.0, 0.0, 0.0018691401268602652, 0.01891791139772608, 0.01174231882416399, 0.0006550815731418559, 0.0, 0.0, 0.03449449034719489, 0.0, 0.0, 0.00986716549685612, 0.0, 0.02020365039995751, 0.0, 0.11113960442803994, 0.002935448330199874, 0.0, 0.0, 0.0, 0.004944992317764951, 0.033442711174744434, 0.01461539975538703, 0.00927544132451372, 0.0, 0.0]}