{"labels": [0, 1, 2, 3, 4, 5, 6, 7, 8, 9, 10, 11, 12, 13, 14, 15, 16, 17, 18, 19, 20, 21, 22, 23, 24, 25, 26, 27, 28, 29, 30, 31, 32, 33, 34, 35, 36, 37, 38, 39], "data": [0.0, 0.0, 0.0004908007314649191, 0.0, 0.0, 0.0, 0.0, 0.008537997237703722, 0.0, 0.009263493719782311, 0.00016537116417855046, 0.08583322665576111, 0.005447176963957267, 0.0, 0.0, 0.0, 0.01264777799703032, 0.004084822067934688, 0.0, 0.0018888596377059994, 0.0, 0.00511783640188665, 0.0, 0.0031585372287267683, 0.0, 0.016222378619702823, 0.0, 0.0, 0.0, 0.0, 0.0, 0.008089441708850903, 0.0, 0.0, 0.016496641664303528, 0.0, 0.0, 0.0, 0.0, 0.0]}