{"labels": [0, 1, 2, 3, 4, 5, 6, 7, 8, 9, 10, 11, 12, 13, 14, 15, 16, 17, 18, 19, 20, 21, 22, 23, 24, 25, 26, 27, 28, 29, 30, 31, 32, 33, 34, 35, 36, 37, 38, 39], "data": [0.0010206679549350601, 0.0005979049429417139, 0.0001100365170542815, 0.0013601676545344017, 0.0, 0.0, 0.03721389989814514, 0.0, 0.0031264468485694237, 0.0019259915094908971, 0.002030010167922948, 0.0002348704756671864, 0.0, 0.00990926441028693, 0.0012254079239072035, 0.0031846455769021912, 0.0, 0.0, 0.0, 0.03514780837753455, 0.0034641149817428393, 0.016082380135405912, 0.0, 0.02832208272195115, 0.0, 0.014932005876334016, 0.0, 0.0, 3.9433738700267385e-05, 0.010590321682008257, 0.0, 0.0, 0.0035544054661524127, 0.0, 0.0, 0.0, 0.001557886122973341, 0.0, 0.0, 0.0009440272214955112]}