{"labels": [0, 1, 2, 3, 4, 5, 6, 7, 8, 9, 10, 11, 12, 13, 14, 15, 16, 17, 18, 19, 20, 21, 22, 23, 24, 25, 26, 27, 28, 29, 30, 31, 32, 33, 34, 35, 36, 37, 38, 39], "data": [0.0, 0.0007450205036689378, 0.0014846379804576506, 0.0013728839127958858, 0.01552721514550216, 0.0, 0.0, 0.0, 0.004025070747348556, 0.013068104581999728, 0.00786956512792639, 0.0033277858491239116, 0.0, 0.0, 0.0008251958235059929, 0.0, 0.004064660980530085, 0.0, 0.00666501443381232, 0.0042688682664789954, 0.0, 0.005340198678032092, 0.04523058263084793, 0.0, 0.0, 0.006840019080721114, 0.0, 0.0032192633465415047, 0.0014694170076316223, 0.0, 0.00887275858395645, 0.00040547764266383513, 0.0, 0.0, 0.0184972727017215, 0.002744519430151593, 0.0, 0.04258820826267084, 0.0, 0.0012414031858046044]}