{"labels": [0, 1, 2, 3, 4, 5, 6, 7, 8, 9, 10, 11, 12, 13, 14, 15, 16, 17, 18, 19, 20, 21, 22, 23, 24, 25, 26, 27, 28, 29, 30, 31, 32, 33, 34, 35, 36, 37, 38, 39], "data": [0.00018314913171413048, 0.004708835144633844, 0.0, 0.0022791667937197627, 0.04343450375046517, 0.03211118981807888, 0.0034859188690076295, 0.0, 0.0, 0.00013391855454031616, 0.0, 0.002206680762972835, 0.0, 0.0, 0.0, 0.0, 0.05010758080934826, 0.0, 0.028760065050857354, 0.0, 0.0, 0.0, 0.0, 0.0, 0.0, 0.0, 0.00040831071453372104, 0.0, 0.0, 0.018841928630137447, 0.0, 0.0, 0.0, 0.0, 0.0, 0.0, 0.001122048762083908, 0.05027178756714473, 0.0, 0.0005148747483771892]}