{"labels": [0, 1, 2, 3, 4, 5, 6, 7, 8, 9, 10, 11, 12, 13, 14, 15, 16, 17, 18, 19, 20, 21, 22, 23, 24, 25, 26, 27, 28, 29, 30, 31, 32, 33, 34, 35, 36, 37, 38, 39], "data": [0.0033743490088380982, 0.003764000360205109, 0.0, 0.0, 0.04899068947969995, 0.008181665467437389, 0.016559400961840512, 0.0032543211667729346, 0.0, 0.0, 0.0047363622986093005, 0.0016172445220376333, 0.03141034094520077, 0.0, 0.025242665034997724, 0.0, 0.015848449090472363, 0.0, 0.017109957111326107, 0.003139254132319244, 0.006568568921917985, 0.02360221457831264, 0.00011635238954407947, 0.0011108770247690372, 0.0, 0.003126810032120345, 0.007347604317669885, 0.0, 0.004986292829201135, 0.0, 0.0050052158434709774, 0.0, 0.0022530215039828546, 0.0011483614454225052, 0.02289217574209898, 0.005606922532081758, 0.009230742004813967, 0.06374844320268164, 0.00876359979561289, 0.0026288670694715527]}