{"labels": [0, 1, 2, 3, 4, 5, 6, 7, 8, 9, 10, 11, 12, 13, 14, 15, 16, 17, 18, 19, 20, 21, 22, 23, 24, 25, 26, 27, 28, 29, 30, 31, 32, 33, 34, 35, 36, 37, 38, 39], "data": [0.0, 0.01496694266952026, 0.012794914652472759, 0.020274816825753158, 0.008192853300133694, 0.00337449370433692, 0.005369906714192488, 0.0, 0.0, 0.006469846439492715, 0.0, 0.0021434180993370354, 0.005380930551728997, 0.00815701130330428, 0.04124711341226583, 0.008626228113109929, 0.0025978439288339428, 0.006376978864890969, 0.02291409941591367, 0.0, 0.03142135840252498, 0.030126703799694683, 0.030980923785971337, 0.0, 0.028845778323816147, 0.015900378009948226, 0.014370289694691639, 0.0, 0.0, 0.0, 0.048539730238529935, 0.05213714709776743, 0.0, 0.008657150515535493, 0.0064831898832379544, 0.020024206151792998, 0.03545251118461192, 0.010806185882953663, 0.02773220444168945, 0.0013902048080200707]}