{"labels": [0, 1, 2, 3, 4, 5, 6, 7, 8, 9, 10, 11, 12, 13, 14, 15, 16, 17, 18, 19, 20, 21, 22, 23, 24, 25, 26, 27, 28, 29, 30, 31, 32, 33, 34, 35, 36, 37, 38, 39], "data": [0.0004252727786267907, 0.0, 0.0, 0.03453060973622074, 0.0, 0.0, 0.0, 0.0, 0.0, 0.01357226335612323, 0.0006811056404126803, 0.003410641690980054, 0.0, 0.007526726845711676, 0.0, 0.0, 0.0, 0.0, 0.007081497014312888, 0.0, 0.0, 0.0034895998210465145, 0.0, 0.0017507225839400687, 0.0, 0.03948904477481616, 0.05120909877206487, 0.027745866792700892, 0.0, 0.0, 0.002828349842414044, 0.0, 0.005940940306993964, 0.0, 0.0027271277074961144, 0.0, 0.0, 0.03344972347220477, 0.0, 0.0]}