{"labels": [0, 1, 2, 3, 4, 5, 6, 7, 8, 9, 10, 11, 12, 13, 14, 15, 16, 17, 18, 19, 20, 21, 22, 23, 24, 25, 26, 27, 28, 29, 30, 31, 32, 33, 34, 35, 36, 37, 38, 39], "data": [0.0, 0.0, 0.0010952534572977943, 0.0, 0.06245903879509802, 0.011105242600777462, 0.0, 0.0, 0.0, 0.010930356757723603, 0.0, 0.0, 0.0003472968554108967, 0.0009511707132875432, 0.002038172881472985, 0.0, 0.0, 0.0, 0.022050298611795704, 0.0, 0.0025021766815946254, 0.0, 0.003973129467139346, 0.0, 0.0, 0.0, 0.0, 0.0, 0.0, 0.0, 0.008974343247140268, 0.055546402989176416, 0.0, 0.027155680094456756, 0.01578102349874242, 0.0, 0.0, 0.0, 0.0365077766107553, 0.0]}