{"labels": [0, 1, 2, 3, 4, 5, 6, 7, 8, 9, 10, 11, 12, 13, 14, 15, 16, 17, 18, 19, 20, 21, 22, 23, 24, 25, 26, 27, 28, 29, 30, 31, 32, 33, 34, 35, 36, 37, 38, 39], "data": [0.00039474748394577504, 0.0, 0.0025363539491031865, 0.0, 0.0012767050597232892, 0.0, 0.0017034141310020264, 0.0, 0.0, 0.0, 0.0, 0.0, 0.0, 0.0, 0.0, 0.0, 0.0, 0.0, 0.0, 0.0010573447334047315, 0.003422361940688519, 0.0, 0.0, 0.0017512478344127223, 0.003527776872999506, 0.0, 0.004626700717245687, 0.0, 0.0, 0.00014130828461823706, 0.0, 0.004960505424683963, 0.001315607220353399, 0.0, 0.007326404453881134, 0.0004282973004078155, 0.0, 0.07796229922375136, 0.0, 0.0]}