{"labels": [0, 1, 2, 3, 4, 5, 6, 7, 8, 9, 10, 11, 12, 13, 14, 15, 16, 17, 18, 19, 20, 21, 22, 23, 24, 25, 26, 27, 28, 29, 30, 31, 32, 33, 34, 35, 36, 37, 38, 39], "data": [0.04012626336395074, 0.0012905896448602192, 0.0, 0.001891223010874623, 0.022330569114726095, 0.0, 0.009445746881797593, 0.0, 0.0, 0.0011672147359737836, 0.0, 0.0, 0.0, 0.023474195879155176, 0.0, 0.0, 0.053444375324520586, 0.014850310080057555, 0.0012716987353595605, 0.0006155079637691595, 0.0, 0.011976154037598953, 7.163957647396386e-05, 0.0233691490047924, 0.0, 0.0486608494810616, 0.00031905383574701323, 0.014588638443580122, 0.0, 0.002162199952909091, 0.0010859461232180657, 0.0014233178979873805, 0.01833238932683458, 0.0, 0.032459963527615134, 0.0, 0.0, 0.0, 0.005780663701624849, 0.01927295989304831]}