{"labels": [0, 1, 2, 3, 4, 5, 6, 7, 8, 9, 10, 11, 12, 13, 14, 15, 16, 17, 18, 19, 20, 21, 22, 23, 24, 25, 26, 27, 28, 29, 30, 31, 32, 33, 34, 35, 36, 37, 38, 39], "data": [0.0, 0.0, 0.0, 0.017645673234920417, 0.024586662375311364, 0.0, 0.00401684430433476, 0.01528312912246654, 0.00605005550451708, 0.0, 0.0009178930661740337, 0.004313478209551466, 0.0, 0.0008332850932231364, 0.0009933795783860036, 0.0, 0.0004106843540086993, 0.0, 0.028621074837780633, 0.0014594547704969588, 0.0007585773454697359, 0.031502089264363466, 0.0, 0.0, 0.0, 0.0015462729178377047, 0.006278103977256274, 0.0, 0.0009902365537991726, 0.0, 0.0017673387173653937, 0.0034175142434404787, 0.0, 0.0, 0.0013186642647638595, 0.0, 0.040395875464135214, 0.002174231657007023, 0.0, 0.0005865092602654955]}