{"labels": [0, 1, 2, 3, 4, 5, 6, 7, 8, 9, 10, 11, 12, 13, 14, 15, 16, 17, 18, 19, 20, 21, 22, 23, 24, 25, 26, 27, 28, 29, 30, 31, 32, 33, 34, 35, 36, 37, 38, 39], "data": [0.003693513390413396, 0.0, 0.0019472668134304782, 0.0, 0.0, 0.10890790559282329, 0.022219772954348047, 0.0, 0.0, 0.0, 0.0, 0.0, 0.033120400998072674, 0.0013720674983010127, 0.0, 0.0, 0.0, 0.0, 0.02476354382409389, 0.0, 0.0014539192872252333, 0.0, 0.0, 0.0, 0.0, 0.0, 0.0, 0.0, 0.0, 0.0, 0.00218375454480268, 0.0, 0.0, 0.0, 0.007039681080654098, 0.006407886331836708, 0.0, 0.0037040352916982927, 0.0, 0.08408204150263995]}