{"labels": [0, 1, 2, 3, 4, 5, 6, 7, 8, 9, 10, 11, 12, 13, 14, 15, 16, 17, 18, 19, 20, 21, 22, 23, 24, 25, 26, 27, 28, 29, 30, 31, 32, 33, 34, 35, 36, 37, 38, 39], "data": [0.0, 0.0, 0.0, 0.0, 0.0, 0.0, 0.04071365087400215, 0.0, 0.008258649823036172, 0.0, 0.00809108981215443, 0.0014755776169104995, 0.06050804866888396, 0.0020043616865571654, 0.0, 0.0, 0.0, 0.0, 0.0, 0.0, 0.0, 0.0, 0.0, 0.0, 0.07119922816599293, 0.0, 0.0, 0.0, 0.0, 0.0, 0.007082731818626997, 0.0006666872720079757, 0.0, 0.0018265262688031594, 0.0, 0.0, 0.0, 0.004054702303479443, 0.0, 0.0]}