{"labels": [0, 1, 2, 3, 4, 5, 6, 7, 8, 9, 10, 11, 12, 13, 14, 15, 16, 17, 18, 19, 20, 21, 22, 23, 24, 25, 26, 27, 28, 29, 30, 31, 32, 33, 34, 35, 36, 37, 38, 39], "data": [0.0, 0.0, 0.0, 0.0038939214747653263, 0.012483411154765579, 0.0, 0.0, 0.0, 0.0, 0.01427191139906197, 0.026504139052351, 0.0005817673230155221, 0.011481172106027084, 0.0, 0.0, 0.009517261123821473, 0.012500732132325934, 0.0, 0.007593155510563463, 0.0, 0.0, 0.0, 0.0, 0.0, 0.0, 0.014560254060798705, 0.012475102274758221, 0.020870454954924077, 0.0024128018318019975, 0.0, 0.0, 0.0, 0.0, 0.02901841292400976, 0.02341734533974522, 0.0, 0.0, 0.007375282297386214, 0.0032587332425495566, 0.0]}