{"labels": [0, 1, 2, 3, 4, 5, 6, 7, 8, 9, 10, 11, 12, 13, 14, 15, 16, 17, 18, 19, 20, 21, 22, 23, 24, 25, 26, 27, 28, 29, 30, 31, 32, 33, 34, 35, 36, 37, 38, 39], "data": [0.0, 0.004971194900554464, 0.020676581949368108, 0.0, 0.0, 0.0, 0.005409777234152517, 0.039500140294528995, 0.03735082346355141, 0.0, 0.01820715909875131, 0.0038998033469891265, 0.0, 0.0, 0.04429343145985138, 0.0, 0.0, 0.0, 0.0, 0.0, 0.0, 0.0, 0.0, 0.0, 0.08596746522999173, 0.0, 0.0001406623304978594, 0.0, 0.0, 0.02236611731620377, 0.0, 0.0, 0.0, 0.0, 0.0, 0.0, 0.0, 0.0, 0.03670191859791114, 0.0]}