{"labels": [0, 1, 2, 3, 4, 5, 6, 7, 8, 9, 10, 11, 12, 13, 14, 15, 16, 17, 18, 19, 20, 21, 22, 23, 24, 25, 26, 27, 28, 29, 30, 31, 32, 33, 34, 35, 36, 37, 38, 39], "data": [0.0, 0.0, 0.025766343632480055, 0.0, 0.0, 0.0, 0.005640846938060498, 0.0, 0.0, 0.004482434728776294, 0.0, 0.0, 0.0, 0.0, 0.0, 0.0, 0.0008563200038571012, 0.026667416525711373, 0.0, 0.0, 0.0, 0.0, 0.0, 0.0, 0.038070068112667686, 0.0, 0.0, 0.065861757210024, 0.0, 0.0, 0.0, 0.0003199116944090935, 0.0, 0.0, 0.0, 0.0, 0.024432627847783592, 0.04523285929395193, 0.0, 0.0]}