{"labels": [0, 1, 2, 3, 4, 5, 6, 7, 8, 9, 10, 11, 12, 13, 14, 15, 16, 17, 18, 19, 20, 21, 22, 23, 24, 25, 26, 27, 28, 29, 30, 31, 32, 33, 34, 35, 36, 37, 38, 39], "data": [0.0, 0.034501047496305004, 0.004216380995022529, 0.03830047417299484, 0.006547673978361042, 0.015574377878036325, 0.014842225192422207, 0.0, 0.0, 0.01049317725795612, 0.0, 0.0013094674553095738, 0.0, 0.0011306073816384663, 0.0, 0.0, 0.01841437602564114, 0.004988263787631691, 0.0049562727711245785, 0.003564931737991283, 0.0, 0.0005964455389806766, 0.00242903451582286, 0.0, 0.0, 0.002575349904820466, 0.00018079251079039076, 0.0013238948390437463, 0.0, 0.0, 0.0, 0.0018765420055482974, 0.0, 0.02100068685421569, 0.0, 0.0, 0.0, 0.0, 0.000786194180260336, 0.060744342168510594]}