{"labels": [0, 1, 2, 3, 4, 5, 6, 7, 8, 9, 10, 11, 12, 13, 14, 15, 16, 17, 18, 19, 20, 21, 22, 23, 24, 25, 26, 27, 28, 29, 30, 31, 32, 33, 34, 35, 36, 37, 38, 39], "data": [0.033703018092025576, 0.0, 0.0, 0.0, 0.0037100605764062706, 0.0, 0.01623521249785397, 0.0, 0.00483647718032063, 0.0, 0.0, 0.0, 0.0006804642301819104, 0.0, 0.0, 0.0, 0.037682271597498186, 0.0, 0.0, 0.02156273085138988, 0.0, 0.0, 0.0, 0.0, 0.0, 0.04744857269909446, 0.0, 0.019037769713274578, 0.0018107035730212783, 0.0, 0.0, 0.0, 0.0, 0.0, 0.0040371399998223555, 0.0, 0.0, 0.0078013543355629125, 0.042491966573780085, 0.0]}