{"labels": [0, 1, 2, 3, 4, 5, 6, 7, 8, 9, 10, 11, 12, 13, 14, 15, 16, 17, 18, 19, 20, 21, 22, 23, 24, 25, 26, 27, 28, 29, 30, 31, 32, 33, 34, 35, 36, 37, 38, 39], "data": [0.0, 0.0, 0.012557402654290076, 0.007057626342007292, 0.006526210138145355, 0.005401619642618372, 0.01577454136715743, 0.024302483365088872, 0.0023243554577610836, 0.007272103791727282, 0.005149228564222497, 0.0, 0.020930570927622332, 0.0013491172844630915, 0.0, 0.0028544708112081263, 0.0, 0.0, 0.02921424186024031, 0.0015772283421018774, 0.0, 0.027454134378113292, 0.0, 0.0, 0.0014940156691749071, 0.0, 0.012657938951842019, 0.0, 0.0, 0.0, 0.0, 0.05416103453566295, 0.0, 0.0, 0.002263745084752445, 0.0, 0.033418458477864434, 0.0, 0.03871102520582595, 0.0]}