{"labels": [0, 1, 2, 3, 4, 5, 6, 7, 8, 9, 10, 11, 12, 13, 14, 15, 16, 17, 18, 19, 20, 21, 22, 23, 24, 25, 26, 27, 28, 29, 30, 31, 32, 33, 34, 35, 36, 37, 38, 39], "data": [0.01361095324574552, 0.0, 0.0, 0.009120898623099526, 0.0, 0.0, 0.025475404024791475, 0.0, 0.0, 0.0017447348867708733, 0.0, 0.0, 0.0, 0.01030408757842596, 0.005503249327755641, 0.01942021308698269, 0.06011986257038102, 0.0, 0.0, 0.0, 0.0, 0.0, 0.0, 0.0015777835935573132, 0.0, 0.030718082776301833, 0.03311006739042321, 0.0, 0.0, 0.006704264380088214, 0.0, 0.03018566342820279, 0.001459654209886081, 0.00866680606372357, 0.01657418529302518, 0.0, 0.0, 0.0, 0.0, 0.0]}