{"labels": [0, 1, 2, 3, 4, 5, 6, 7, 8, 9, 10, 11, 12, 13, 14, 15, 16, 17, 18, 19, 20, 21, 22, 23, 24, 25, 26, 27, 28, 29, 30, 31, 32, 33, 34, 35, 36, 37, 38, 39], "data": [0.0, 0.0, 0.0, 0.0, 0.010909043776176349, 0.0, 0.02687503621013592, 0.0, 0.0021834062302459344, 0.0, 0.006095988727114883, 0.0, 0.035030515315490784, 0.0, 0.0, 0.0, 0.0, 0.003742757166321619, 0.00349056411247871, 0.0, 0.07824766724410907, 0.0, 0.003666214706971438, 0.0, 0.0023102154530621802, 0.0, 0.0006189956451157509, 0.0, 0.0, 0.0004678112230896089, 0.04562929519542111, 0.03842151512685351, 0.0, 0.0, 0.0, 0.06885031152323333, 0.016397796726730522, 0.0, 0.0, 0.0]}