{"labels": [0, 1, 2, 3, 4, 5, 6, 7, 8, 9, 10, 11, 12, 13, 14, 15, 16, 17, 18, 19, 20, 21, 22, 23, 24, 25, 26, 27, 28, 29, 30, 31, 32, 33, 34, 35, 36, 37, 38, 39], "data": [0.0, 0.007054169541561534, 0.024675602604646255, 0.0, 0.0, 0.08068722119421094, 0.023223839549219288, 0.0, 0.0, 0.017970579815296515, 0.028039892693118393, 0.032907476900491214, 0.0, 0.0, 0.0, 0.0, 0.0, 0.0, 0.0, 0.0, 0.0, 0.0, 0.0019845110190319865, 0.0, 0.0, 0.0, 0.0, 0.0, 0.00979726780987907, 0.018490166231442, 0.0010202992100580904, 0.0, 0.0008242508803524292, 0.012012025678754597, 0.0022098311619871227, 0.0, 0.001963217926520322, 0.0019508252172140113, 0.035915438089703496, 0.0]}