{"labels": [0, 1, 2, 3, 4, 5, 6, 7, 8, 9, 10, 11, 12, 13, 14, 15, 16, 17, 18, 19, 20, 21, 22, 23, 24, 25, 26, 27, 28, 29, 30, 31, 32, 33, 34, 35, 36, 37, 38, 39], "data": [0.0, 0.0, 0.0, 0.0, 0.0, 0.0, 0.01782727853378106, 0.0, 0.0, 0.0, 0.0, 0.0, 0.0, 0.007447261256223031, 0.0, 0.0, 0.0, 0.008200183015973394, 0.0, 0.03502947116670044, 0.0, 0.0, 0.0, 0.015274356002364195, 0.0, 0.0, 0.0, 0.00018756780965254182, 0.21207331174526775, 3.36565931698411e-05, 0.004897856660514822, 0.0, 0.0, 0.011008229775804082, 0.016155287618250833, 0.0, 0.0, 0.0, 0.0, 0.0]}