{"labels": [0, 1, 2, 3, 4, 5, 6, 7, 8, 9, 10, 11, 12, 13, 14, 15, 16, 17, 18, 19, 20, 21, 22, 23, 24, 25, 26, 27, 28, 29, 30, 31, 32, 33, 34, 35, 36, 37, 38, 39], "data": [0.0, 0.0, 0.0, 0.0, 0.0, 0.0, 0.029121522010842865, 0.0, 0.0, 0.0, 0.05983985902265274, 0.0, 0.0, 0.0, 0.0, 0.0, 0.0, 0.0, 0.0, 0.08720093171423708, 0.0, 0.0, 0.0024033181650180762, 0.0, 0.07545321767692705, 0.0, 0.00042556455212968097, 0.0, 0.0, 0.009958164361914249, 0.0, 0.004389118063976785, 4.772211402421571e-06, 0.0, 0.0, 0.02187023645487436, 0.0, 0.0, 0.0, 0.0]}