{"labels": [0, 1, 2, 3, 4, 5, 6, 7, 8, 9, 10, 11, 12, 13, 14, 15, 16, 17, 18, 19, 20, 21, 22, 23, 24, 25, 26, 27, 28, 29, 30, 31, 32, 33, 34, 35, 36, 37, 38, 39], "data": [0.0, 0.0014339408912143283, 0.0, 0.0, 0.0536962477700865, 0.0, 0.0468356317361663, 0.0026037037883329954, 0.0, 0.0, 0.007672889174858106, 0.0, 0.0, 0.0032324495284042614, 0.0, 0.0, 0.0006067129825856456, 0.0, 0.0, 0.0, 0.0006046629745168976, 0.03122119177815569, 0.0, 0.00399110999576929, 0.052491104364898115, 0.01570771309357049, 0.0, 0.0, 0.0, 0.0, 0.0, 0.0, 0.0, 0.0, 0.0, 0.0, 0.0, 0.0, 0.0, 0.0]}