{"labels": [0, 1, 2, 3, 4, 5, 6, 7, 8, 9, 10, 11, 12, 13, 14, 15, 16, 17, 18, 19, 20, 21, 22, 23, 24, 25, 26, 27, 28, 29, 30, 31, 32, 33, 34, 35, 36, 37, 38, 39], "data": [0.0, 0.0, 0.0, 0.0, 0.0532242838260161, 0.0, 0.038212402695474997, 0.0, 0.0, 0.0031292007218623333, 0.005164402562549076, 0.0, 0.0, 0.0025971810433631404, 0.0, 0.0, 0.0035883851000763287, 0.0019878457450432556, 0.0, 0.0, 0.0, 0.0006314843740417275, 0.0, 0.0, 0.0, 0.004826043711128006, 0.0, 0.0, 0.0, 0.0, 0.0, 0.0, 0.0025699677466548116, 0.0, 0.0016793978049189102, 0.0, 0.0, 0.01659787813389453, 0.0, 0.0]}