{"labels": [0, 1, 2, 3, 4, 5, 6, 7, 8, 9, 10, 11, 12, 13, 14, 15, 16, 17, 18, 19, 20, 21, 22, 23, 24, 25, 26, 27, 28, 29, 30, 31, 32, 33, 34, 35, 36, 37, 38, 39], "data": [0.00773018364322173, 0.0033033137759626496, 0.0029558319951132617, 0.0017599430660606872, 0.0019893160422624666, 0.0, 0.0029188696931183207, 0.0, 0.0, 0.00032926923695979535, 0.0, 0.06365101105630086, 0.0, 0.006531900870162457, 0.0, 0.0, 0.00019244625873373009, 0.019951458457411593, 0.0, 0.027726433148896692, 0.0, 0.0, 0.0, 0.011565105987408085, 0.00434445083070444, 0.010165374806790122, 0.0, 0.0, 0.0015684658763442615, 0.0, 0.0, 0.0007565307282115937, 0.001496849852573148, 0.005998116006666384, 0.010641638423152171, 0.0, 0.0036829662582647865, 0.0, 0.0, 0.0]}