{"labels": [0, 1, 2, 3, 4, 5, 6, 7, 8, 9, 10, 11, 12, 13, 14, 15, 16, 17, 18, 19, 20, 21, 22, 23, 24, 25, 26, 27, 28, 29, 30, 31, 32, 33, 34, 35, 36, 37, 38, 39], "data": [0.0, 0.0, 0.0003013613945925709, 0.0, 0.0, 0.0, 0.0, 0.0, 0.0, 0.023740141589967886, 0.0020922379320099317, 0.0, 0.020001236953343687, 0.04660588234705017, 0.01625394506582706, 0.0, 0.0, 0.017438745048901947, 0.007408300365382635, 0.04618161208042247, 0.0, 0.0, 0.0, 0.024989136353441906, 0.046435591953364684, 0.020852568287417918, 0.0, 0.0, 0.001108977942174064, 0.0022962329447548816, 0.02522063310799603, 0.0, 0.0008544386078359227, 0.0, 0.0009299781409061343, 0.0, 0.0, 0.019714051442149584, 0.0, 0.02740633732022102]}