{"labels": [0, 1, 2, 3, 4, 5, 6, 7, 8, 9, 10, 11, 12, 13, 14, 15, 16, 17, 18, 19, 20, 21, 22, 23, 24, 25, 26, 27, 28, 29, 30, 31, 32, 33, 34, 35, 36, 37, 38, 39], "data": [0.0, 0.12032978233963888, 0.0, 0.0, 0.0, 0.05073496729928576, 0.0, 0.0, 0.008263270461495744, 0.08142849036729956, 0.07181974176550596, 0.06911088958176059, 0.0, 0.0, 0.0, 0.0, 0.0, 0.0, 0.0, 0.0, 0.0, 0.0, 0.0, 0.016484834662687138, 0.0, 0.0, 0.0, 0.0, 0.020860269361828367, 0.018417599208731233, 0.008384302892357443, 0.0, 0.016028636808008014, 0.0258471733000225, 0.0, 0.0, 0.0, 0.0, 0.0, 0.0]}