{"labels": [0, 1, 2, 3, 4, 5, 6, 7, 8, 9, 10, 11, 12, 13, 14, 15, 16, 17, 18, 19, 20, 21, 22, 23, 24, 25, 26, 27, 28, 29, 30, 31, 32, 33, 34, 35, 36, 37, 38, 39], "data": [0.0, 0.0008504098221678701, 0.0036141518620873628, 0.0, 0.0, 0.0, 0.0, 0.0, 0.002637956524069647, 0.0, 0.0, 0.0, 0.0, 0.0, 0.0, 0.08105515410021438, 0.003804337023645962, 0.0, 0.02960054408745386, 0.0, 0.0, 0.0, 0.0, 0.0, 0.0, 0.00044919250323353514, 0.08847186378786999, 0.0, 0.0, 0.0, 0.0, 0.03935931604470352, 0.0, 0.0, 0.0, 0.0, 0.017916459645645623, 0.0, 0.0, 0.0]}