{"labels": [0, 1, 2, 3, 4, 5, 6, 7, 8, 9, 10, 11, 12, 13, 14, 15, 16, 17, 18, 19, 20, 21, 22, 23, 24, 25, 26, 27, 28, 29, 30, 31, 32, 33, 34, 35, 36, 37, 38, 39], "data": [0.008254899745794075, 0.0, 0.045676959186915084, 5.7098574073650624e-05, 0.0011702738818184536, 0.0, 0.0, 0.00021444622103736183, 0.0004844675533009029, 0.0, 0.0, 0.0, 0.01444379391313992, 0.0, 0.0, 0.0, 0.005329284617413937, 0.0016629163083118485, 0.012368185427625224, 0.0, 0.0, 0.0, 0.0, 0.0, 0.0, 0.0, 0.004669709058203038, 0.030475933132832787, 0.00542108999424929, 0.0, 0.03897264240504686, 0.0, 0.0003285525160600482, 0.011892619015151186, 0.0, 0.0024270860711246324, 0.0, 0.0, 0.0, 0.050402555529373866]}