{"labels": [0, 1, 2, 3, 4, 5, 6, 7, 8, 9, 10, 11, 12, 13, 14, 15, 16, 17, 18, 19, 20, 21, 22, 23, 24, 25, 26, 27, 28, 29, 30, 31, 32, 33, 34, 35, 36, 37, 38, 39], "data": [0.0, 0.0, 0.0, 0.0, 0.0025058856771603844, 0.0, 0.037783015207883776, 0.0020877158070366454, 0.0, 0.01537315590162874, 0.0, 0.0, 0.007128512319107718, 0.0, 0.0, 0.0, 0.0, 0.0, 0.0, 0.0377392812168501, 0.0, 0.0, 0.0, 0.019061752484581612, 0.0, 0.0, 0.0, 0.04277234539869448, 0.0, 0.0, 0.00012860275796511798, 0.0, 0.0, 0.0, 0.0, 0.0026600499093530263, 0.0072530937584185, 0.0, 0.0, 0.0031265013136879574]}