{"labels": [0, 1, 2, 3, 4, 5, 6, 7, 8, 9, 10, 11, 12, 13, 14, 15, 16, 17, 18, 19, 20, 21, 22, 23, 24, 25, 26, 27, 28, 29, 30, 31, 32, 33, 34, 35, 36, 37, 38, 39], "data": [0.001420323909924602, 0.0, 0.0, 0.015063188486302455, 0.021050232223697826, 0.0, 0.009698697743820338, 0.0, 0.0, 0.011409774074080895, 0.010706054116901034, 0.0, 0.018105162265370393, 0.024301212622841944, 0.0, 0.0, 0.0, 0.016648640100029293, 0.0, 0.0010533055962185657, 0.0, 0.0, 0.0, 0.0, 0.001677893706295132, 0.024187213053587016, 0.0, 0.0, 0.0, 0.0, 0.0, 0.0010805142539218123, 0.0, 0.0, 0.014131935581979239, 0.03889286903199817, 0.0, 0.0, 0.0, 0.00505098395046485]}