{"labels": [0, 1, 2, 3, 4, 5, 6, 7, 8, 9, 10, 11, 12, 13, 14, 15, 16, 17, 18, 19, 20, 21, 22, 23, 24, 25, 26, 27, 28, 29, 30, 31, 32, 33, 34, 35, 36, 37, 38, 39], "data": [0.0030966926516863757, 0.0, 0.0006121072614390933, 0.0, 0.0035453116601885455, 0.0, 0.0, 0.0, 0.0, 0.0, 0.0006970867008885698, 0.0, 0.0, 0.00018965494863737247, 0.0, 0.0005659553063434688, 0.0, 0.0, 0.002243406900655317, 0.0, 0.08642524727073904, 0.0, 0.0, 0.04982876122205817, 0.0002897659344363751, 0.0, 0.0, 0.0, 0.0, 0.0, 0.0, 0.0, 0.00026873494008891017, 0.0, 0.0013125485390410312, 0.0, 0.0, 0.0, 0.00843105301534269, 0.0]}