{"labels": [0, 1, 2, 3, 4, 5, 6, 7, 8, 9, 10, 11, 12, 13, 14, 15, 16, 17, 18, 19, 20, 21, 22, 23, 24, 25, 26, 27, 28, 29, 30, 31, 32, 33, 34, 35, 36, 37, 38, 39], "data": [0.0046790888450179416, 0.014767776088332518, 0.024202078093624763, 0.017634917297238976, 0.02133474626714716, 0.005925399991454262, 0.016845112724281214, 0.0, 0.0, 0.012792343249455912, 0.0, 0.0003252590565647124, 0.0, 0.0011164829249591518, 0.08203809415530355, 0.00039337301103927765, 0.0, 0.0010000831925558306, 0.0, 0.0, 0.0, 0.0, 0.0, 0.0, 0.029067473479568118, 0.0, 0.02562421452932007, 0.012389542857502444, 0.0, 0.0008240579750630276, 0.01449171294058563, 0.00036273177322055506, 0.06034293275319487, 0.0015382425032489473, 0.0, 0.010773959230786381, 0.039244978848337206, 0.0, 0.0, 0.0033152542891190097]}