{"labels": [0, 1, 2, 3, 4, 5, 6, 7, 8, 9, 10, 11, 12, 13, 14, 15, 16, 17, 18, 19, 20, 21, 22, 23, 24, 25, 26, 27, 28, 29, 30, 31, 32, 33, 34, 35, 36, 37, 38, 39], "data": [0.0059372831323486735, 0.0, 0.032032807792705564, 0.0, 0.0, 0.009829964982313808, 0.02479795434498814, 0.01071584171702661, 0.0, 0.04461907558162235, 0.0, 0.0, 0.0, 0.04596218597450517, 0.0, 0.0, 0.0, 0.0, 0.0, 0.001395084340456903, 0.0005468330020382306, 0.0, 0.03698371167101733, 0.005198680569055397, 0.0, 0.0, 0.0, 0.0, 0.12766005473518854, 0.0, 0.0, 0.0, 0.0, 0.0, 0.015096556919670191, 0.0, 0.0, 0.0, 0.003766318197394775, 0.0]}