{"labels": [0, 1, 2, 3, 4, 5, 6, 7, 8, 9, 10, 11, 12, 13, 14, 15, 16, 17, 18, 19, 20, 21, 22, 23, 24, 25, 26, 27, 28, 29, 30, 31, 32, 33, 34, 35, 36, 37, 38, 39], "data": [0.0, 0.0, 0.007388250672492722, 0.0, 0.0, 0.0009593932041224785, 0.0, 0.06732741246815892, 0.0, 0.00148072724756219, 0.0013458601760285953, 0.0, 0.0, 0.0, 0.0033583987580650195, 0.0, 0.0, 0.0, 0.0, 0.0002651205959113345, 0.0, 0.0, 0.0, 0.0, 0.007864416865040892, 0.0, 0.0, 0.049891633761299035, 0.0029793077769476443, 0.0, 0.010658571842350577, 0.0, 0.0, 0.0, 0.0, 0.0, 0.0, 0.0, 0.0, 0.0]}