{"labels": [0, 1, 2, 3, 4, 5, 6, 7, 8, 9, 10, 11, 12, 13, 14, 15, 16, 17, 18, 19, 20, 21, 22, 23, 24, 25, 26, 27, 28, 29, 30, 31, 32, 33, 34, 35, 36, 37, 38, 39], "data": [0.06335484459832852, 0.16342325923309317, 0.08956809638249219, 0.0, 0.03589070531238415, 0.024312628561254643, 0.13176646606341466, 0.0, 0.0, 0.2079832668379169, 0.02250461897421993, 0.008678003043678639, 0.008633328326694426, 0.0, 0.0, 0.0, 0.019912075126138837, 0.0, 0.0, 0.0, 0.0, 0.0, 0.006757079959156858, 0.0, 0.0, 0.0, 0.022360739135748476, 0.024501266858545364, 0.0, 0.0, 0.0, 0.0, 0.0, 0.00971833939787162, 0.05295720392121183, 0.0, 0.0, 0.029548160576727326, 0.0, 0.003018602323897681]}