{"labels": [0, 1, 2, 3, 4, 5, 6, 7, 8, 9, 10, 11, 12, 13, 14, 15, 16, 17, 18, 19, 20, 21, 22, 23, 24, 25, 26, 27, 28, 29, 30, 31, 32, 33, 34, 35, 36, 37, 38, 39], "data": [0.0012432095297581398, 0.0, 0.018294395582400626, 0.0, 0.01358959076479374, 0.0, 0.00819643760521837, 0.0, 0.0, 0.04432319120765267, 0.019134360611989948, 0.0, 0.0, 0.00016357625027312484, 0.0, 0.0, 0.0983536152823036, 0.0054620018410326664, 0.0053233381044218075, 0.01119365355830757, 0.0, 0.0, 0.0, 0.0, 0.0014604068519012323, 0.0, 0.0, 0.009350166797385281, 0.0, 0.0, 0.0, 0.017651594644212253, 0.0, 0.0, 0.03341214742777414, 0.0, 0.0, 0.01378216392598485, 0.0, 0.04107739206748467]}