{"labels": [0, 1, 2, 3, 4, 5, 6, 7, 8, 9, 10, 11, 12, 13, 14, 15, 16, 17, 18, 19, 20, 21, 22, 23, 24, 25, 26, 27, 28, 29, 30, 31, 32, 33, 34, 35, 36, 37, 38, 39], "data": [0.0, 0.0, 0.0, 0.0, 0.0, 0.08629642560829899, 0.027036768513331616, 0.031727494330263846, 0.0, 0.0, 0.0, 0.0, 0.012589245439609563, 0.07454427166906112, 0.0, 0.029081221795349187, 0.007286184826837456, 0.0, 0.0, 0.0, 0.0003313530431092471, 0.0, 0.0, 0.0, 0.0, 0.0, 0.0, 0.0017450386314971711, 0.0, 0.0, 0.0, 0.0, 0.0, 0.0, 0.016059483824961657, 0.0, 0.0019720411483891516, 0.0, 0.0, 0.0]}