{"labels": [0, 1, 2, 3, 4, 5, 6, 7, 8, 9, 10, 11, 12, 13, 14, 15, 16, 17, 18, 19, 20, 21, 22, 23, 24, 25, 26, 27, 28, 29, 30, 31, 32, 33, 34, 35, 36, 37, 38, 39], "data": [0.0, 0.0, 0.0, 0.0, 0.0, 0.0, 0.03226354038841826, 0.0, 0.0, 0.0, 0.058266864890653906, 0.0, 0.0, 0.0, 0.0, 0.0, 0.0, 0.0, 0.0, 0.09184880721294453, 0.006694685541504579, 0.0, 0.0, 0.0032154129941153182, 0.003898941627654588, 0.0, 0.0, 0.0, 0.0007117457362101149, 0.0, 0.0, 0.0, 0.0, 0.0, 0.0, 0.062004591296994864, 0.0, 0.0, 0.0, 0.0]}