{"labels": [0, 1, 2, 3, 4, 5, 6, 7, 8, 9, 10, 11, 12, 13, 14, 15, 16, 17, 18, 19, 20, 21, 22, 23, 24, 25, 26, 27, 28, 29, 30, 31, 32, 33, 34, 35, 36, 37, 38, 39], "data": [0.02429570852062915, 0.0, 0.0, 0.0, 0.0, 0.0, 0.0023477282025844187, 0.0018643778593816994, 0.00238788291293303, 0.0, 0.00509386743610013, 0.0, 0.010607071639847386, 0.0, 0.0, 0.0, 0.0, 0.003630466369778228, 0.003732737839284264, 0.0014507632802524492, 0.0, 0.0011293835729885191, 0.0, 0.0, 0.0, 0.0, 0.0, 0.0, 0.0, 0.0, 0.0, 0.0, 0.0, 0.07397505124982515, 0.02911983936610239, 0.011682497950639832, 0.0, 0.05142670358284484, 0.0, 0.0]}