{"labels": [0, 1, 2, 3, 4, 5, 6, 7, 8, 9, 10, 11, 12, 13, 14, 15, 16, 17, 18, 19, 20, 21, 22, 23, 24, 25, 26, 27, 28, 29, 30, 31, 32, 33, 34, 35, 36, 37, 38, 39], "data": [0.0071043517096280925, 0.0, 0.0, 0.0, 0.0, 0.0, 0.0, 0.005401804590142305, 0.0, 0.0, 0.0, 0.0006454977012316096, 0.0, 0.007399217283951545, 0.0, 0.0, 0.016580527500512095, 0.0006353374388032257, 0.0, 0.000984849540446382, 0.0414829567056242, 0.0, 0.0, 0.0, 0.004037683249207453, 0.0, 0.0, 0.0, 0.0, 0.0, 0.0, 0.0, 0.002772965588300005, 0.0, 0.0, 0.0, 0.0, 0.023021998206982162, 0.0, 0.0]}