{"labels": [0, 1, 2, 3, 4, 5, 6, 7, 8, 9, 10, 11, 12, 13, 14, 15, 16, 17, 18, 19, 20, 21, 22, 23, 24, 25, 26, 27, 28, 29, 30, 31, 32, 33, 34, 35, 36, 37, 38, 39], "data": [0.005229138785569524, 0.017867346409603725, 0.0, 0.003418366843356019, 0.0, 0.0, 0.0, 0.054797592011210226, 0.0010802147773877342, 0.011594517932415775, 0.0, 0.0011679404746704862, 0.030710044540896278, 0.0, 0.0, 0.0, 0.0, 0.009499975484933398, 0.0, 0.0, 0.0, 0.024682388639139574, 0.042469237699652114, 0.0, 0.02188073086774104, 0.010848566871429908, 0.0, 0.0011060407868930446, 0.011899210256357007, 0.0, 0.030426788243648896, 0.0, 0.0, 0.0, 0.0, 0.0, 0.011304221983448192, 0.04009278128540869, 0.009736122816473828, 0.0021166648942855357]}