{"labels": [0, 1, 2, 3, 4, 5, 6, 7, 8, 9, 10, 11, 12, 13, 14, 15, 16, 17, 18, 19, 20, 21, 22, 23, 24, 25, 26, 27, 28, 29, 30, 31, 32, 33, 34, 35, 36, 37, 38, 39], "data": [0.0005158154346913584, 0.0, 0.0022308186761320313, 0.0, 0.002705111593123998, 0.0, 0.0, 0.0, 0.0, 0.020705361137461596, 0.005587001905802538, 0.0, 0.02214553197076817, 0.0, 0.0008170606615405234, 0.021626101606165533, 0.0, 0.0038212702123154724, 0.0, 0.027627061063804678, 0.002914065439843743, 0.029502466700130674, 0.0012806278619466496, 0.06625609886905771, 0.0011386198927069834, 0.0, 0.0, 0.0019348350564116251, 0.00604659609724683, 0.0023236045836907714, 0.0, 0.0037189361222408957, 0.002711244518071862, 0.007243136111715894, 0.0, 0.003509732835297379, 0.0, 0.0019772380476449232, 0.0, 0.0]}