{"labels": [0, 1, 2, 3, 4, 5, 6, 7, 8, 9, 10, 11, 12, 13, 14, 15, 16, 17, 18, 19, 20, 21, 22, 23, 24, 25, 26, 27, 28, 29, 30, 31, 32, 33, 34, 35, 36, 37, 38, 39], "data": [0.009130711485693693, 0.00017739527663662643, 0.0008192104491161304, 0.002167963646631305, 0.0, 0.0, 0.0, 0.0, 0.0, 0.004975176251020115, 0.003199386274610369, 0.0005714943987848774, 0.0025950794354099877, 0.0, 0.0, 0.04639586901965734, 0.0016557828214783562, 0.00811287037451085, 0.00498147102939308, 0.0, 0.005219662285590377, 0.0, 0.0, 0.0005091668317076724, 0.0, 0.0, 0.0, 0.0057265582490461445, 0.0010787862630043828, 0.0, 0.0, 0.0, 0.0, 0.005211403146487173, 0.009386229955213729, 0.007180059838614111, 0.0, 0.0, 0.0018153125408059332, 0.004484013237677364]}