{"labels": [0, 1, 2, 3, 4, 5, 6, 7, 8, 9, 10, 11, 12, 13, 14, 15, 16, 17, 18, 19, 20, 21, 22, 23, 24, 25, 26, 27, 28, 29, 30, 31, 32, 33, 34, 35, 36, 37, 38, 39], "data": [0.009764727767019104, 0.0, 0.0, 0.0, 0.0, 0.0, 0.0, 0.0, 0.0, 0.0, 0.0, 0.0, 0.0, 0.0, 0.0, 0.0, 0.0, 0.0, 0.02459518398496284, 0.0, 0.0060599714998087395, 0.026513023960096423, 0.0, 0.0, 0.0, 0.03640068281651664, 0.0, 0.007358117628396773, 0.0, 0.0, 0.0, 0.29664437991071635, 0.03304509244820493, 0.0, 0.10940995480936608, 0.012265092873320513, 0.0, 0.003849997603647683, 0.004312309346377713, 0.0]}