{"labels": [0, 1, 2, 3, 4, 5, 6, 7, 8, 9, 10, 11, 12, 13, 14, 15, 16, 17, 18, 19, 20, 21, 22, 23, 24, 25, 26, 27, 28, 29, 30, 31, 32, 33, 34, 35, 36, 37, 38, 39], "data": [0.0, 0.0, 0.0, 0.007286741887491879, 0.0, 0.0, 0.0074141712716405935, 0.02569018346228163, 0.0, 0.0, 0.0022301360521711252, 0.0, 0.008650060410509867, 0.042939173726734434, 0.0, 0.0, 0.003750473679637022, 0.005727587643509664, 0.0, 0.0022444628921072605, 0.0014841911041886366, 0.0, 0.0060615935150543495, 0.09558333569613311, 0.0, 0.0, 0.0007189889546947617, 0.0020365424046041233, 0.0, 0.0, 0.0, 0.005507877260388694, 0.0, 0.011190841170778355, 0.0, 0.008046708798281005, 0.0061338172994047134, 0.01324300928314718, 0.0, 0.0]}