{"labels": [0, 1, 2, 3, 4, 5, 6, 7, 8, 9, 10, 11, 12, 13, 14, 15, 16, 17, 18, 19, 20, 21, 22, 23, 24, 25, 26, 27, 28, 29, 30, 31, 32, 33, 34, 35, 36, 37, 38, 39], "data": [0.0, 0.006422577197061013, 0.02653251560531178, 0.006033023019445853, 0.0, 0.00803230303537665, 0.021443034243702343, 0.014466462375606276, 0.0, 0.0, 0.0, 0.0, 0.0, 0.0009553499863143023, 0.0, 0.0, 0.007436617072533065, 0.005062762423807235, 0.04989256205340386, 0.003918161626256681, 0.019690445336321503, 0.0, 0.0, 0.0024014845641402546, 0.00554980418706861, 0.0, 0.007995974399281194, 0.0, 0.09827601060857616, 0.010226639344118438, 0.0, 0.0004707840008613245, 0.0004202085589892143, 0.0, 0.003624531928291421, 0.0, 0.0, 0.0, 0.0, 0.002857825294973799]}