{"labels": [0, 1, 2, 3, 4, 5, 6, 7, 8, 9, 10, 11, 12, 13, 14, 15, 16, 17, 18, 19, 20, 21, 22, 23, 24, 25, 26, 27, 28, 29, 30, 31, 32, 33, 34, 35, 36, 37, 38, 39], "data": [0.0, 0.0, 0.0, 0.0, 0.0, 0.0, 0.0, 0.0, 0.0, 0.0, 0.0, 0.0, 0.0, 0.0, 0.0, 0.0, 0.07835357632248541, 0.03952114084220317, 0.0, 0.0, 0.0, 0.0, 0.0, 0.0, 0.0, 0.015403232929207648, 0.0, 0.0081543257865963, 0.0013423196391104764, 0.0, 0.0, 0.0, 0.0, 0.0, 0.021808612297406892, 0.0, 0.0, 0.0, 0.0, 0.0]}