{"labels": [0, 1, 2, 3, 4, 5, 6, 7, 8, 9, 10, 11, 12, 13, 14, 15, 16, 17, 18, 19, 20, 21, 22, 23, 24, 25, 26, 27, 28, 29, 30, 31, 32, 33, 34, 35, 36, 37, 38, 39], "data": [0.0, 0.027383399273399653, 0.002593072487855202, 0.0009190022377535474, 0.0, 0.0023706279838405283, 0.0, 0.0, 0.0, 0.0, 0.544917269565072, 0.010698400673445388, 0.0, 0.0, 0.10217413975140982, 0.0, 0.0, 0.0, 0.0, 0.0, 0.0, 0.0, 0.0, 0.04146632849465401, 0.0, 0.0, 0.0, 0.0, 0.0, 0.0, 0.1813429664804, 0.0, 0.0, 0.0, 0.0, 0.0, 0.0571273471130923, 0.0, 0.0, 0.0]}