{"labels": [0, 1, 2, 3, 4, 5, 6, 7, 8, 9, 10, 11, 12, 13, 14, 15, 16, 17, 18, 19, 20, 21, 22, 23, 24, 25, 26, 27, 28, 29, 30, 31, 32, 33, 34, 35, 36, 37, 38, 39], "data": [0.0, 0.0, 0.0, 0.0, 0.0, 0.0, 0.0, 0.0, 0.0, 0.0, 0.0, 0.0, 0.0, 0.0, 0.0, 0.0, 0.0, 0.0, 0.0, 0.0, 0.14903739248667203, 0.0, 0.0, 0.06351344525737924, 0.0, 0.0072999905170719115, 0.0, 0.0, 0.0, 0.0, 0.0, 0.0669922253189283, 0.0, 0.0, 0.028074414424973125, 0.0, 0.0, 0.0, 0.0, 0.0]}