{"labels": [0, 1, 2, 3, 4, 5, 6, 7, 8, 9, 10, 11, 12, 13, 14, 15, 16, 17, 18, 19, 20, 21, 22, 23, 24, 25, 26, 27, 28, 29, 30, 31, 32, 33, 34, 35, 36, 37, 38, 39], "data": [0.0, 0.0, 0.030499993076148223, 0.0, 0.0, 0.0012579659323894116, 0.0, 0.0, 0.0, 0.0, 0.025633210457882912, 0.0, 0.0, 0.0, 0.0, 0.0, 0.0, 0.0, 0.010972095130806495, 0.0, 0.0, 0.0, 0.0009376748841541247, 0.0, 0.0, 0.0, 0.0, 0.037299816081920775, 0.0, 0.0, 0.0, 0.0, 0.0, 0.0, 0.0, 0.070266039222327, 0.0, 0.0, 0.00118150325693846, 0.0]}