{"labels": [0, 1, 2, 3, 4, 5, 6, 7, 8, 9, 10, 11, 12, 13, 14, 15, 16, 17, 18, 19, 20, 21, 22, 23, 24, 25, 26, 27, 28, 29, 30, 31, 32, 33, 34, 35, 36, 37, 38, 39], "data": [0.0, 0.0, 0.0024536045671088827, 0.0, 0.0, 0.021244047950189, 0.0014079078972580666, 0.0, 0.0, 0.0014308510018978334, 0.0028906851408917644, 0.0024046415750270974, 0.0, 0.005542356933150694, 0.0023764237954730398, 0.0, 0.0030115479484859996, 0.04053461642679489, 0.0, 0.025535912539593832, 0.0003610768407408539, 0.0449404478442011, 0.0018832076615166522, 0.007866021869531255, 0.00044408443614781835, 0.0036575651645725815, 0.0019128572679045501, 0.0026320652955290407, 0.0, 0.0017930046010572829, 0.0, 0.0, 0.0, 0.0, 0.02689952575480036, 0.0, 0.0, 0.0, 0.05930199471657045, 0.0]}