{"labels": [0, 1, 2, 3, 4, 5, 6, 7, 8, 9, 10, 11, 12, 13, 14, 15, 16, 17, 18, 19, 20, 21, 22, 23, 24, 25, 26, 27, 28, 29, 30, 31, 32, 33, 34, 35, 36, 37, 38, 39], "data": [0.004288630639627275, 0.0, 0.0, 0.0, 0.02857983914864382, 0.0, 0.006677167155688539, 0.006521245986223958, 0.0, 0.0, 0.016606402064977367, 0.04310199345122737, 0.0, 0.028110685167567293, 0.0, 0.015529728216269578, 0.0, 0.0, 0.0, 9.613142228021665e-05, 0.024332792913609978, 0.0, 0.0, 0.0, 0.0026842823985500394, 0.03151347577014961, 0.0, 0.0, 0.0, 0.0, 0.011392505622363618, 0.0, 0.000824295748906178, 0.0, 0.005295349415925064, 0.0, 0.0, 0.0, 0.008497661886564065, 0.011997862113531104]}