{"labels": [0, 1, 2, 3, 4, 5, 6, 7, 8, 9, 10, 11, 12, 13, 14, 15, 16, 17, 18, 19, 20, 21, 22, 23, 24, 25, 26, 27, 28, 29, 30, 31, 32, 33, 34, 35, 36, 37, 38, 39], "data": [0.0, 0.0, 0.0, 0.0, 0.03894988116636042, 0.03269029570331325, 0.024099357949652386, 0.0, 0.0, 0.0, 0.03893616717441272, 0.0, 0.0, 0.0008089260133544613, 0.0026603218853680625, 0.0, 0.0, 0.0, 0.0, 0.002001343701142542, 0.003264008676026183, 0.0, 0.003871338676177932, 0.0, 0.0, 0.0, 0.006138791763795925, 0.0, 0.0, 0.03145614822755315, 0.006305045724137887, 0.0, 0.0010605792362924163, 0.0, 0.0, 0.08225443225398923, 0.0, 0.0, 0.0, 0.0]}