{"labels": [0, 1, 2, 3, 4, 5, 6, 7, 8, 9, 10, 11, 12, 13, 14, 15, 16, 17, 18, 19, 20, 21, 22, 23, 24, 25, 26, 27, 28, 29, 30, 31, 32, 33, 34, 35, 36, 37, 38, 39], "data": [0.0, 0.0502781285359343, 0.027581262764048365, 0.00028231147939564524, 0.002890162151294285, 0.04051494985003511, 0.0038365074789684667, 0.024102752733638284, 0.0, 0.0034878005909794456, 0.0, 0.0, 0.0, 0.0005908318616827663, 0.0013326245392704967, 0.0, 0.0, 0.012963697971213243, 0.0, 0.0, 0.0, 0.045608498094160906, 0.0, 0.0004961297286632625, 0.022573320491612182, 0.0, 0.050174299038798206, 0.0, 0.0, 0.0, 0.0, 0.03930727938834021, 0.0, 0.0, 0.00855708652911624, 0.037802562686712234, 0.0, 0.011925229963726917, 0.04099713654367956, 0.0]}