{"labels": [0, 1, 2, 3, 4, 5, 6, 7, 8, 9, 10, 11, 12, 13, 14, 15, 16, 17, 18, 19, 20, 21, 22, 23, 24, 25, 26, 27, 28, 29, 30, 31, 32, 33, 34, 35, 36, 37, 38, 39], "data": [0.0, 0.005828919866956047, 0.02543184705975558, 0.0, 0.013282924760655285, 0.0, 0.01113030316745955, 0.0, 0.0076036508822194555, 0.021624736753497832, 0.015641981837172747, 0.0028859333141645965, 0.0, 0.0, 0.0, 0.0, 0.006781366633517767, 0.0018057016649824747, 0.0, 0.0, 0.0, 0.0, 0.04924532763474163, 0.0, 0.0, 0.0, 0.0, 0.0, 0.0, 0.0, 0.01446028782513639, 0.0026169384322758974, 0.0, 0.015209121482527224, 0.012033069145621314, 0.0, 0.023875767454588588, 0.0, 0.0, 0.0]}