{"labels": [0, 1, 2, 3, 4, 5, 6, 7, 8, 9, 10, 11, 12, 13, 14, 15, 16, 17, 18, 19, 20, 21, 22, 23, 24, 25, 26, 27, 28, 29, 30, 31, 32, 33, 34, 35, 36, 37, 38, 39], "data": [0.003932339437859886, 0.004223721917445225, 0.0213683199545603, 0.020434425575177637, 0.027515867451734802, 0.0, 0.00856748333487293, 0.013084800451021911, 0.0, 0.00753513983091931, 0.0, 0.00035561025338820166, 0.0, 0.0048347752553954655, 0.0, 0.02973795403022236, 0.0, 0.010801176796700363, 0.00019316531427833976, 0.0, 0.005490283846379024, 0.03830764671842222, 0.006327276826698689, 0.007442426005901275, 0.0040701841124376375, 0.0, 0.00137708699723446, 0.0, 0.0, 0.00422684890439159, 0.0011697858672846376, 0.0013551539991574317, 0.0, 0.0, 0.0, 0.06224828660623561, 0.018761966545948056, 0.015802483758056776, 0.0016488635307422795, 0.0016801657174347945]}