{"labels": [0, 1, 2, 3, 4, 5, 6, 7, 8, 9, 10, 11, 12, 13, 14, 15, 16, 17, 18, 19, 20, 21, 22, 23, 24, 25, 26, 27, 28, 29, 30, 31, 32, 33, 34, 35, 36, 37, 38, 39], "data": [0.015238171751082677, 0.0011327425958692218, 0.0, 0.0, 0.0, 0.0, 0.007138283629104941, 0.01649761998164628, 0.024239328654524054, 0.00572932213597931, 0.012247084724900064, 0.0, 0.0, 0.0010921474970819359, 0.1154342371463174, 0.0, 0.0, 0.0, 0.0, 0.000574041124292053, 0.0, 0.0, 0.0004650217803882971, 0.01015648544866463, 0.0, 0.0051087545183959625, 0.0, 0.0, 0.0, 0.0, 0.0, 0.0, 0.023971933763892197, 0.0, 0.0, 0.04393080983759016, 0.0, 0.0, 0.0018942179048892878, 0.0]}