{"labels": [0, 1, 2, 3, 4, 5, 6, 7, 8, 9, 10, 11, 12, 13, 14, 15, 16, 17, 18, 19, 20, 21, 22, 23, 24, 25, 26, 27, 28, 29, 30, 31, 32, 33, 34, 35, 36, 37, 38, 39], "data": [0.0, 0.0, 0.0, 0.0021517082234551585, 0.054416132757318575, 0.0, 0.02852621528736041, 0.04650496583570815, 0.0, 0.0, 0.0, 0.0, 0.0, 0.000200352113465867, 0.0, 0.0, 0.0008340839688061666, 0.0, 0.0, 0.0, 0.003754930019054861, 0.0, 0.0, 0.0, 0.0, 0.0, 0.0, 0.01354610186285877, 0.14557975255250313, 0.0, 0.006419671642035389, 0.0, 0.0, 0.015931487334759374, 0.0, 0.002957181909313587, 0.0, 0.03751560786805148, 0.0, 0.0]}