{"labels": [0, 1, 2, 3, 4, 5, 6, 7, 8, 9, 10, 11, 12, 13, 14, 15, 16, 17, 18, 19, 20, 21, 22, 23, 24, 25, 26, 27, 28, 29, 30, 31, 32, 33, 34, 35, 36, 37, 38, 39], "data": [0.0, 0.0, 0.0, 0.0, 0.0, 0.0, 0.0, 0.0, 0.022270238081348533, 0.0, 0.017869839667415413, 0.0, 0.0, 0.0, 0.0, 0.0, 0.0014314048619663488, 0.0, 0.0, 0.0, 0.0, 0.0, 0.07614694994636048, 0.008461837976556086, 0.0, 0.0, 0.0, 0.0005227311295365733, 0.0, 0.0, 0.0, 0.0, 0.0, 0.0032521988655495075, 0.02641632541418418, 0.06484042708458915, 0.0, 0.0, 0.004108166994788302, 0.0011158120470058598]}