{"labels": [0, 1, 2, 3, 4, 5, 6, 7, 8, 9, 10, 11, 12, 13, 14, 15, 16, 17, 18, 19, 20, 21, 22, 23, 24, 25, 26, 27, 28, 29, 30, 31, 32, 33, 34, 35, 36, 37, 38, 39], "data": [0.013896831743988456, 0.0, 0.0, 0.006738693281464554, 0.009427543362979046, 0.0, 0.021869436961151435, 0.033306228996105025, 0.0, 0.0, 0.0, 0.0, 0.004919940983095299, 0.0, 0.020639568506350153, 0.015694124544010164, 0.0, 0.003979734322575767, 0.004448238066583138, 0.0, 0.0005213340128883021, 0.004987222904585649, 0.002182430638805028, 4.5905020332066605e-05, 0.0, 0.012865854608738257, 0.0, 0.03453279384480899, 0.0, 0.024331935061824184, 0.0001323944481515956, 0.0004601308543323454, 0.05144887104187963, 0.007456928645316375, 0.012810418352993933, 0.007386508331666943, 0.014508206534140224, 0.004379169636670607, 0.029195091287710032, 0.0]}