{"labels": [0, 1, 2, 3, 4, 5, 6, 7, 8, 9, 10, 11, 12, 13, 14, 15, 16, 17, 18, 19, 20, 21, 22, 23, 24, 25, 26, 27, 28, 29, 30, 31, 32, 33, 34, 35, 36, 37, 38, 39], "data": [0.006907732471111549, 0.0, 0.001461160132649542, 0.0, 0.0032337488559673, 0.0, 0.03203299531638144, 0.0, 0.0, 0.022845412003450465, 0.0, 0.0, 0.0, 0.007420727493385698, 0.0, 0.0, 0.0, 0.024925943784132144, 0.0, 0.046885031272306296, 0.0, 0.00035416244824774474, 0.0, 0.0, 0.0, 0.019033463290401932, 0.0, 0.0, 0.0, 0.0, 0.0, 0.0, 0.0, 0.0, 0.008537397537883299, 0.0, 0.0, 0.0, 0.0, 0.0]}