{"labels": [0, 1, 2, 3, 4, 5, 6, 7, 8, 9, 10, 11, 12, 13, 14, 15, 16, 17, 18, 19, 20, 21, 22, 23, 24, 25, 26, 27, 28, 29, 30, 31, 32, 33, 34, 35, 36, 37, 38, 39], "data": [0.0, 0.0, 0.00203267092367634, 0.021487469884644915, 0.0026448552174388063, 0.0, 0.0, 0.05638319525887428, 0.0, 0.0, 0.020559031308860748, 0.04705636383135342, 0.0, 0.0, 0.0, 0.00700076657828004, 0.022146360967265036, 0.0, 0.0, 0.0027452264822468726, 0.0, 0.0, 0.004817788789335366, 0.0, 0.0, 0.03152371097437343, 0.013917085707627702, 0.0, 0.0, 0.0, 0.02260951582915234, 0.061565867491258155, 0.0, 0.01106573824123608, 0.005351874220070293, 0.03414270653585032, 0.0, 0.017398445099151828, 0.0, 0.0]}