{"labels": [0, 1, 2, 3, 4, 5, 6, 7, 8, 9, 10, 11, 12, 13, 14, 15, 16, 17, 18, 19, 20, 21, 22, 23, 24, 25, 26, 27, 28, 29, 30, 31, 32, 33, 34, 35, 36, 37, 38, 39], "data": [0.01328466172117555, 0.0, 0.0, 0.0, 0.0, 0.05411513960066879, 0.009832381343566128, 0.0, 0.0, 0.0, 0.0, 0.0, 0.0, 0.03668615332762109, 0.003664374219318375, 0.0, 0.011951354176582179, 0.0, 0.017247426868218937, 0.0, 0.0, 0.0, 0.0, 0.0, 0.0, 0.022103380309286706, 0.0, 0.0, 0.0, 0.0, 0.01696442475689982, 0.001519448502640313, 0.0, 0.0, 0.005152704671357875, 0.0, 0.0, 0.08829588702747977, 0.03149369771712198, 0.0]}