{"labels": [0, 1, 2, 3, 4, 5, 6, 7, 8, 9, 10, 11, 12, 13, 14, 15, 16, 17, 18, 19, 20, 21, 22, 23, 24, 25, 26, 27, 28, 29, 30, 31, 32, 33, 34, 35, 36, 37, 38, 39], "data": [0.0, 0.0, 0.013567200610000078, 0.05825904840269385, 0.020517362011318985, 0.0, 0.0, 0.008102440553760736, 0.0, 0.016466332903520817, 0.0026047217406894806, 0.0, 0.0, 0.018360907807829237, 0.0005023353202309327, 0.0, 0.0, 0.012926819966995727, 0.0, 0.0, 0.0, 0.003234920009127696, 0.0, 0.00043593358422613725, 0.01658131336124537, 0.0, 0.0, 0.00016058876319607933, 0.03820821215971654, 0.0, 0.0, 0.0, 0.0, 0.03976687265584751, 0.016919284324876473, 0.04713181735446298, 0.00013061611088614452, 0.0, 0.0, 0.0007414070892382685]}