{"labels": [0, 1, 2, 3, 4, 5, 6, 7, 8, 9, 10, 11, 12, 13, 14, 15, 16, 17, 18, 19, 20, 21, 22, 23, 24, 25, 26, 27, 28, 29, 30, 31, 32, 33, 34, 35, 36, 37, 38, 39], "data": [0.0, 0.0, 0.0, 0.0009329904695159828, 0.03672351920834563, 0.0, 0.03348932231385345, 0.0, 0.005515668661396346, 0.0, 0.0, 0.0, 0.00020199903734418527, 0.0, 0.0, 0.041274517601072806, 0.0, 0.010860945058232643, 0.0035366288522510293, 0.0, 0.0, 0.002683758464080389, 0.002303996362217201, 0.0, 0.011170352669665073, 0.0, 0.0, 0.0, 0.0, 0.0, 0.0, 0.0006981915457614756, 0.0, 0.0, 0.00849494896713343, 0.007975963767744081, 0.0, 0.03731965905642984, 0.0, 0.0]}