{"labels": [0, 1, 2, 3, 4, 5, 6, 7, 8, 9, 10, 11, 12, 13, 14, 15, 16, 17, 18, 19, 20, 21, 22, 23, 24, 25, 26, 27, 28, 29, 30, 31, 32, 33, 34, 35, 36, 37, 38, 39], "data": [0.0, 0.0, 0.0, 0.0, 0.01686243843275534, 0.0, 0.001592146054582811, 0.0034585908263856545, 0.0, 0.0, 0.0, 0.0, 0.0016323067272325383, 0.0, 0.0, 0.0, 0.0, 0.02792103896671461, 0.024735833026781333, 0.0, 0.0, 0.0, 0.004074860610371387, 0.0, 0.0, 0.0008974386790644329, 0.0, 0.0, 0.0, 0.1330159303800131, 0.0, 0.0005135060908739639, 0.0, 0.0, 0.0023630242272815252, 0.0, 0.00021395074059049366, 0.028645952581637647, 0.0, 0.0]}