{"labels": [0, 1, 2, 3, 4, 5, 6, 7, 8, 9, 10, 11, 12, 13, 14, 15, 16, 17, 18, 19, 20, 21, 22, 23, 24, 25, 26, 27, 28, 29, 30, 31, 32, 33, 34, 35, 36, 37, 38, 39], "data": [0.008365770658709614, 0.0, 0.0, 0.0, 0.0016097310089534756, 0.005505915975170784, 0.015358340717862259, 0.009194566014449306, 0.0, 0.0, 0.0, 0.0014454898236011377, 0.012207859663257917, 0.045891685335950276, 0.056080055765005674, 0.05654126688095027, 0.0, 0.04153840377743505, 0.0010163472746016803, 0.0, 0.0, 0.0, 0.0, 0.019073740480328217, 0.0010019046475203991, 0.013724139650535502, 0.0, 0.0, 0.0, 0.0, 0.02380219201729557, 0.0, 0.0, 0.013586328470749186, 0.0, 0.06268893957054024, 0.0, 0.0, 0.0, 0.0]}