{"labels": [0, 1, 2, 3, 4, 5, 6, 7, 8, 9, 10, 11, 12, 13, 14, 15, 16, 17, 18, 19, 20, 21, 22, 23, 24, 25, 26, 27, 28, 29, 30, 31, 32, 33, 34, 35, 36, 37, 38, 39], "data": [0.0, 0.0, 0.0, 0.020486180028687465, 0.0424706577470585, 0.0, 0.0, 0.0, 0.0, 0.0, 0.0, 0.0, 0.0075240084407609134, 0.0, 0.0, 0.0, 0.014508816231965965, 0.0007637420650687804, 0.0, 0.0, 0.0, 0.026037406472827568, 0.06106341837843249, 0.0, 0.0, 0.02945877207411806, 0.0, 0.0034135597765557395, 0.06514803148996712, 0.0, 0.0, 0.0, 0.002197508786219389, 0.004449430432124724, 0.03580569331691505, 0.0, 7.897435165308232e-05, 0.005429828936657911, 0.0, 0.0]}