{"labels": [0, 1, 2, 3, 4, 5, 6, 7, 8, 9, 10, 11, 12, 13, 14, 15, 16, 17, 18, 19, 20, 21, 22, 23, 24, 25, 26, 27, 28, 29, 30, 31, 32, 33, 34, 35, 36, 37, 38, 39], "data": [0.0, 0.0, 0.02058831207897986, 0.0, 0.014551365552104222, 0.0, 0.033475214970463824, 0.0, 0.014259660527271581, 0.0, 0.0, 0.0, 0.0, 0.0, 0.10284224369396744, 0.0, 0.0, 0.0, 0.0, 0.0, 0.0, 0.0, 0.0, 0.0, 0.0, 0.0, 0.0018862425519153142, 0.03758771722169688, 0.0, 0.0, 0.0, 0.0, 0.0, 0.0, 0.0, 0.10187106550913533, 0.0, 0.0, 0.0, 0.0774863263741716]}