{"labels": [0, 1, 2, 3, 4, 5, 6, 7, 8, 9, 10, 11, 12, 13, 14, 15, 16, 17, 18, 19, 20, 21, 22, 23, 24, 25, 26, 27, 28, 29, 30, 31, 32, 33, 34, 35, 36, 37, 38, 39], "data": [0.00827751218434922, 0.0, 0.011797659971035407, 0.07696603523069241, 0.0, 0.0, 0.00035151495569332746, 0.0, 0.001793883814546354, 0.029229618010502757, 0.011820910208562381, 0.0, 0.0, 0.019738223513616544, 0.0, 0.01744552478871616, 0.0, 0.0, 0.0, 0.034777872899305264, 0.0005565764501866275, 0.00010569719521034519, 0.0, 0.0, 0.00036816201688965076, 0.03397273332307282, 0.0744274464001868, 0.024544836507435764, 0.0, 0.0, 0.0, 0.0010531846669532307, 0.003206663047484057, 0.0010056694636286965, 0.0, 0.0, 0.008645980961133825, 0.0, 0.0, 0.0]}