{"labels": [0, 1, 2, 3, 4, 5, 6, 7, 8, 9, 10, 11, 12, 13, 14, 15, 16, 17, 18, 19, 20, 21, 22, 23, 24, 25, 26, 27, 28, 29, 30, 31, 32, 33, 34, 35, 36, 37, 38, 39], "data": [2.1548396631556897e-05, 0.0, 0.0, 0.0, 0.01666052381414609, 0.0, 0.01281727411637748, 0.002811111944434041, 0.0, 0.0, 0.0, 0.0, 0.0, 0.0, 0.0, 0.0, 0.10434781281991369, 0.0, 0.0, 0.04822518556262454, 0.0, 0.0, 0.07064947886720448, 0.0, 0.0, 0.008137748478631624, 0.03878560668443415, 0.0, 0.0, 0.0, 0.0, 0.0, 0.0010555852711114048, 0.032869394932199036, 0.017477125164591895, 0.0, 0.0, 0.014127276356322906, 0.0, 0.0]}