{"labels": [0, 1, 2, 3, 4, 5, 6, 7, 8, 9, 10, 11, 12, 13, 14, 15, 16, 17, 18, 19, 20, 21, 22, 23, 24, 25, 26, 27, 28, 29, 30, 31, 32, 33, 34, 35, 36, 37, 38, 39], "data": [0.0, 0.0, 0.0012632585900096, 0.03430627058922364, 0.006088883047096273, 0.0, 0.008153144195148074, 0.0004038538342979437, 0.000945500575787378, 0.01398992999445316, 0.0, 0.0, 0.0, 0.0, 0.0, 0.0017534202435998917, 0.0002333197666127603, 0.007364878042824537, 0.011683179032543057, 0.00024387424213023032, 0.003387999047402609, 0.0, 0.0022562818008527914, 0.0, 0.0, 0.03787666745492994, 0.0, 0.0033458168202970123, 0.005125206366494285, 0.0, 0.0, 0.0010566116711386818, 0.003805768375979784, 0.0016231412411533827, 0.01050617010875893, 0.0, 0.036498484175679434, 0.014289600364016471, 0.010374676088764192, 0.0]}