{"labels": [0, 1, 2, 3, 4, 5, 6, 7, 8, 9, 10, 11, 12, 13, 14, 15, 16, 17, 18, 19, 20, 21, 22, 23, 24, 25, 26, 27, 28, 29, 30, 31, 32, 33, 34, 35, 36, 37, 38, 39], "data": [0.0, 0.0, 0.00941797939736882, 0.0, 0.017485550550007705, 0.0, 0.0, 0.03533363242004937, 0.0, 0.01151873073249956, 0.003929650812493544, 0.0, 0.0, 0.0, 0.0003851998604882688, 0.010570970705113545, 0.009335867889794744, 0.03393486271316749, 0.0, 0.004262755570546311, 0.04573984688921289, 0.0, 0.02673131905771646, 0.0, 0.0, 0.017512166068601485, 0.029797419333676002, 0.0, 0.0, 0.0, 0.01696992238855537, 0.06170678509293411, 0.0, 0.015109263536136053, 0.019946526114008056, 0.0, 0.013510905140907671, 0.011216610666082087, 0.0, 0.0009135854544910739]}