{"labels": [0, 1, 2, 3, 4, 5, 6, 7, 8, 9, 10, 11, 12, 13, 14, 15, 16, 17, 18, 19, 20, 21, 22, 23, 24, 25, 26, 27, 28, 29, 30, 31, 32, 33, 34, 35, 36, 37, 38, 39], "data": [0.0002369908008931015, 0.0, 0.0, 0.0, 0.03952399591916502, 0.0, 0.03446774746788839, 0.0, 0.0, 0.0014006902568753407, 0.0031644410852690263, 0.0, 0.0182752757127898, 0.05731059718314101, 0.012758146102973102, 0.0, 0.0, 0.0, 0.0, 0.0289256040281805, 0.0, 0.0, 0.03708329726220735, 0.07728459284508978, 0.02884724518878678, 0.0, 0.0, 0.0, 0.0, 0.00041301541037384355, 0.0, 0.0, 0.0, 0.007907350176177023, 0.0, 0.0, 0.0, 0.0, 0.0, 0.0]}