{"labels": [0, 1, 2, 3, 4, 5, 6, 7, 8, 9, 10, 11, 12, 13, 14, 15, 16, 17, 18, 19, 20, 21, 22, 23, 24, 25, 26, 27, 28, 29, 30, 31, 32, 33, 34, 35, 36, 37, 38, 39], "data": [0.0030596422527594306, 0.0, 0.0, 0.0, 0.028630349075546218, 0.0, 0.029435044354393987, 0.0, 0.0, 0.0, 0.0, 0.0, 0.0, 0.0, 0.0, 0.0, 0.0, 0.00060191913897787, 0.0, 0.000804991267613322, 0.0, 0.0, 0.0012260608011669333, 0.0, 0.0, 0.02514182920293772, 0.0, 0.0, 0.0, 0.0, 0.0, 0.0, 0.0, 0.0, 0.049153049198507645, 0.029943061023932335, 0.0, 0.0, 0.0, 0.0]}