{"labels": [0, 1, 2, 3, 4, 5, 6, 7, 8, 9, 10, 11, 12, 13, 14, 15, 16, 17, 18, 19, 20, 21, 22, 23, 24, 25, 26, 27, 28, 29, 30, 31, 32, 33, 34, 35, 36, 37, 38, 39], "data": [0.009193172111360426, 0.0, 0.0015090095757770217, 0.021660571862781666, 0.0202582942279037, 0.0, 0.004525903685407018, 0.0, 0.004036447373111509, 0.003762728402844422, 0.0, 0.0008954994989483779, 0.0, 0.01344247285402454, 0.0, 0.0, 0.027588839040519023, 0.0081925094664311, 0.0, 0.04672693305957872, 0.0023143469100296013, 0.009846981284886733, 0.003149399447012737, 0.0, 0.038858963229578464, 0.030851900233658937, 0.0, 0.001563830336881489, 0.0, 0.0, 0.0, 0.006625086601357574, 0.024719070891619892, 0.01668158688299529, 0.009063457964217663, 0.0006788087177086212, 0.0015761927735950837, 0.001113487330167222, 0.04372653801568972, 0.0006354711456139753]}