{"labels": [0, 1, 2, 3, 4, 5, 6, 7, 8, 9, 10, 11, 12, 13, 14, 15, 16, 17, 18, 19, 20, 21, 22, 23, 24, 25, 26, 27, 28, 29, 30, 31, 32, 33, 34, 35, 36, 37, 38, 39], "data": [0.0029633154735978396, 0.0, 0.0017443569256353885, 0.029921495924298602, 0.0, 0.0, 0.010102042073827096, 0.0, 0.0, 0.005692666912527932, 0.0, 0.0, 0.0, 0.007856065887315444, 0.0, 0.0, 0.14229927359136457, 0.0, 0.0, 0.02885942397553248, 0.0, 0.0, 0.0, 0.0, 0.00021806684585939676, 0.018202515210674182, 0.0008435672104393694, 0.00209724065460502, 0.0, 0.0, 0.0027229366421537954, 0.004191886744538767, 0.0, 0.0, 0.016624924579209117, 0.0, 0.0, 0.0, 0.003666392422435053, 0.0]}