{"labels": [0, 1, 2, 3, 4, 5, 6, 7, 8, 9, 10, 11, 12, 13, 14, 15, 16, 17, 18, 19, 20, 21, 22, 23, 24, 25, 26, 27, 28, 29, 30, 31, 32, 33, 34, 35, 36, 37, 38, 39], "data": [0.004865582717361672, 0.0099549990487746, 0.0, 0.006964538371422976, 0.016394923734533905, 0.005310154511422707, 0.01606421120907978, 0.015317953966308926, 0.007172964550555106, 0.011493709405565693, 0.0050932892937160905, 0.0, 0.013456106772782004, 0.028284633598532918, 0.005662845626936189, 0.008002678837517629, 0.0, 0.012201283427218462, 0.05209915245601144, 0.014908732391442442, 6.261786590838297e-05, 0.006814520786189546, 0.01877910263301214, 0.0, 0.002714201387809212, 0.0, 0.018048636040837496, 0.000872404508746358, 0.0, 0.0023280290642112888, 0.037841482416893196, 0.000643679495056264, 0.0019833137241706262, 0.04171897546672884, 0.0, 0.006827152259080437, 0.02075868255155404, 0.0053425428596963, 0.003985416859864771, 0.0]}