{"labels": [0, 1, 2, 3, 4, 5, 6, 7, 8, 9, 10, 11, 12, 13, 14, 15, 16, 17, 18, 19, 20, 21, 22, 23, 24, 25, 26, 27, 28, 29, 30, 31, 32, 33, 34, 35, 36, 37, 38, 39], "data": [0.0, 0.0, 0.0, 0.0, 0.00670430757203666, 0.0, 0.04526247568223547, 0.0, 0.011042560987649743, 0.0, 0.0, 0.11249837666300716, 0.031054856145472817, 0.0, 0.0, 0.0, 0.0, 0.0, 0.0, 0.0, 0.0, 0.0, 0.0, 0.0, 0.0, 0.0, 0.06681523600564368, 0.0, 0.0, 0.0, 0.0, 0.0, 0.0, 0.0, 0.01079058491650758, 0.0, 0.0, 0.040511661439906366, 0.0, 0.00114679006486995]}