{"labels": [0, 1, 2, 3, 4, 5, 6, 7, 8, 9, 10, 11, 12, 13, 14, 15, 16, 17, 18, 19, 20, 21, 22, 23, 24, 25, 26, 27, 28, 29, 30, 31, 32, 33, 34, 35, 36, 37, 38, 39], "data": [0.02406619692637451, 0.036407586660638404, 0.016380783895554012, 0.0, 0.0010881706795421316, 0.0, 0.00403430778723775, 0.0, 0.0, 0.02422010575082967, 0.0, 0.0, 0.0, 0.0, 0.0, 0.00797003047550985, 0.0, 0.0, 0.0, 0.015535973667405749, 0.012941648842602927, 0.0, 0.0, 0.004435230493484923, 0.0025372867253347594, 0.0, 0.004404345316874016, 0.005066435639608631, 0.0, 0.017779618126370404, 0.0, 0.0, 0.002115606675693952, 0.009517810754172993, 0.0, 0.02440405736060883, 0.0, 0.006548891819127692, 0.02096435466442701, 0.0]}