{"labels": [0, 1, 2, 3, 4, 5, 6, 7, 8, 9, 10, 11, 12, 13, 14, 15, 16, 17, 18, 19, 20, 21, 22, 23, 24, 25, 26, 27, 28, 29, 30, 31, 32, 33, 34, 35, 36, 37, 38, 39], "data": [0.009229198776992445, 0.022903052049854142, 0.0003692987358261699, 0.0, 0.013601381718699512, 0.0, 0.004013351736103943, 0.0006976246328599015, 0.0038551146961557387, 0.0, 0.009426218333623658, 0.0004147870053106349, 0.014460591456497404, 0.0054252009334674915, 0.0068724863394789785, 0.004617606638082505, 0.0, 0.004391814144841366, 0.0, 4.887794368368868e-05, 0.00040481275020309783, 0.018441978612768226, 0.0, 0.037812972060897794, 0.0, 0.010507547768853575, 0.00298964216680157, 0.0, 0.0, 0.0, 0.0, 0.0, 0.00565480679144567, 0.03333012328042625, 0.0, 0.004727737399343868, 0.015624544370294785, 0.0028471645143362573, 0.0018675954445172658, 0.0014731784723916446]}