{"labels": [0, 1, 2, 3, 4, 5, 6, 7, 8, 9, 10, 11, 12, 13, 14, 15, 16, 17, 18, 19, 20, 21, 22, 23, 24, 25, 26, 27, 28, 29, 30, 31, 32, 33, 34, 35, 36, 37, 38, 39], "data": [0.012292054089557396, 0.0, 0.00967160549558382, 0.06156848902338471, 0.0, 0.0, 0.00021099035187369526, 0.0, 0.0, 0.028263997411904853, 0.0, 0.0, 0.004471558354940503, 0.031191196902426478, 0.0, 0.0, 0.0, 0.0, 0.0, 0.0014294871317131032, 0.015587749329583874, 0.0001318095498900151, 0.001025111799924691, 0.015270908349518586, 0.0, 0.02270418480196594, 0.022484061770793057, 0.013837645485099885, 0.0, 0.0, 0.0, 0.038578963308238144, 0.0019699779313391954, 0.0, 0.006837918600362432, 0.0, 0.0, 0.003884010798760023, 0.00049782190563459, 0.0]}