{"labels": [0, 1, 2, 3, 4, 5, 6, 7, 8, 9, 10, 11, 12, 13, 14, 15, 16, 17, 18, 19, 20, 21, 22, 23, 24, 25, 26, 27, 28, 29, 30, 31, 32, 33, 34, 35, 36, 37, 38, 39], "data": [0.00025488118289200703, 0.005918495750052523, 0.0, 0.0, 0.0009521381759727355, 0.013654394812026611, 0.012272990487676235, 0.011141112632217398, 0.0, 0.01268238420625315, 0.0, 0.003116170453352709, 0.01727013981116674, 0.019279322202483372, 0.0, 0.02595050770067664, 0.0, 0.0, 0.004677778908956376, 0.03868551186849304, 0.0, 0.0043840525238846035, 0.0003862335907284359, 0.07036655980217128, 0.0, 0.0, 0.030590230814957906, 0.0, 0.0, 0.05476345264997414, 0.0, 0.0, 0.031911737883928905, 0.0, 0.0, 0.0, 0.0, 0.0, 0.030683505576403505, 0.0]}