{"labels": [0, 1, 2, 3, 4, 5, 6, 7, 8, 9, 10, 11, 12, 13, 14, 15, 16, 17, 18, 19, 20, 21, 22, 23, 24, 25, 26, 27, 28, 29, 30, 31, 32, 33, 34, 35, 36, 37, 38, 39], "data": [0.0, 0.003165138289222581, 0.0, 0.0010455810691563313, 0.0, 0.0, 0.02277739928528883, 0.0, 0.04346382258152844, 0.0, 0.10633068434328902, 0.0, 0.0, 0.0, 0.0, 0.0, 0.0, 0.0, 0.0, 0.0, 0.0, 0.0, 0.0, 0.0, 0.0006501860014980456, 0.0, 0.001093380957767055, 0.0, 0.0, 0.0002323239971793367, 0.0, 0.0, 0.0, 0.0, 0.0, 0.0, 0.0, 0.00043966769728914415, 0.0, 0.0]}