{"labels": [0, 1, 2, 3, 4, 5, 6, 7, 8, 9, 10, 11, 12, 13, 14, 15, 16, 17, 18, 19, 20, 21, 22, 23, 24, 25, 26, 27, 28, 29, 30, 31, 32, 33, 34, 35, 36, 37, 38, 39], "data": [0.008538727253992821, 0.007987943022140924, 0.046185945447283626, 0.010099690659541413, 0.004049981039975813, 0.0, 0.02053933765024141, 0.0, 0.0044949275660530075, 0.00045282348255533145, 0.041244042220758864, 0.0016109989751303987, 0.06197231789876292, 0.0, 0.0, 0.0, 0.0, 0.0, 0.0, 0.00574791896681484, 0.0, 0.0, 0.00013502687025344757, 0.002865362661700179, 0.0, 0.0, 0.0, 0.0009016411162666326, 0.0, 0.01696254577033773, 0.0, 0.0, 0.00380521123697018, 0.007730580497763087, 0.0, 0.004331346484896567, 0.012196468168027766, 0.0, 0.0, 0.0]}