{"labels": [0, 1, 2, 3, 4, 5, 6, 7, 8, 9, 10, 11, 12, 13, 14, 15, 16, 17, 18, 19, 20, 21, 22, 23, 24, 25, 26, 27, 28, 29, 30, 31, 32, 33, 34, 35, 36, 37, 38, 39], "data": [0.009639067692715133, 0.0, 0.0, 0.0, 0.0, 0.0276274759726677, 0.0, 0.0005293096124435518, 0.0, 0.0, 0.0, 0.004663986883706596, 0.0, 0.001970434473090058, 0.0, 0.0, 0.0, 0.0, 0.0, 0.0, 0.0014304415600719048, 0.013146409292589763, 0.0, 0.0, 0.010908900949572257, 0.017017488764919354, 0.0, 0.0002003808467563274, 0.0, 0.0, 0.002448632831535018, 0.0, 0.0, 0.0, 0.0046598172926812734, 0.0, 0.0013153481753012007, 0.02598711483346535, 3.240681967466938e-05, 0.0]}