{"labels": [0, 1, 2, 3, 4, 5, 6, 7, 8, 9, 10, 11, 12, 13, 14, 15, 16, 17, 18, 19, 20, 21, 22, 23, 24, 25, 26, 27, 28, 29, 30, 31, 32, 33, 34, 35, 36, 37, 38, 39], "data": [0.011719344954078054, 0.0013772859884535905, 0.027319694338830015, 0.0, 0.010273136610588431, 0.0, 0.04732234945090603, 0.023935917816946695, 0.005427945140911918, 0.0066527234142922925, 0.0, 0.0015425703547835884, 0.027732368891060327, 0.001166506728310626, 0.0038545449515439427, 0.0, 0.0, 0.0, 0.0, 0.0, 0.0, 0.0, 0.0, 0.0, 0.002033419972109626, 0.0, 0.0, 0.00025194976648069744, 0.0, 0.0, 0.004855446400932004, 0.0, 0.05131491899256379, 0.0, 0.0, 0.0, 0.04420045783896949, 0.0, 0.0, 0.0]}