{"labels": [0, 1, 2, 3, 4, 5, 6, 7, 8, 9, 10, 11, 12, 13, 14, 15, 16, 17, 18, 19, 20, 21, 22, 23, 24, 25, 26, 27, 28, 29, 30, 31, 32, 33, 34, 35, 36, 37, 38, 39], "data": [0.0030015140021543906, 0.0, 0.019278256174814944, 0.0, 0.0, 0.0, 0.020737675804241396, 0.0, 0.0, 0.020082889423406417, 0.0, 0.0, 0.0, 0.0, 0.0, 0.0, 0.0, 0.03625476815654768, 0.007066740066672652, 0.0, 0.04082106028600386, 0.0, 0.0, 0.0, 0.0, 0.0, 0.0, 0.00355262278636696, 0.0007261718915120304, 6.465491835685682e-05, 0.0, 0.0, 0.0, 0.0, 0.02302166508062985, 0.002938580609129793, 0.000556408349267892, 0.01035836931155821, 0.0, 0.0]}