{"labels": [0, 1, 2, 3, 4, 5, 6, 7, 8, 9, 10, 11, 12, 13, 14, 15, 16, 17, 18, 19, 20, 21, 22, 23, 24, 25, 26, 27, 28, 29, 30, 31, 32, 33, 34, 35, 36, 37, 38, 39], "data": [0.0, 0.0029628710722954203, 0.0, 0.021062167385652225, 0.0, 0.009522255242891228, 0.0, 0.013731916175439838, 0.0, 0.008111466073325678, 0.015063371493684434, 0.002448067488352639, 0.011897550201646422, 0.03855785601450437, 0.01970975150466035, 0.001702018357387102, 0.0, 0.0, 0.0, 0.0036615998482124427, 0.0, 0.0, 0.0011471040886262625, 0.12817836403983443, 0.05181433417305963, 0.0001387422513271726, 0.0, 0.0, 0.0, 0.005445608074033167, 0.0049733858080607905, 0.0, 0.0, 0.0, 0.005413869357268971, 0.0, 0.0, 0.0, 0.005110147268841997, 0.0009280974850284627]}