{"labels": [0, 1, 2, 3, 4, 5, 6, 7, 8, 9, 10, 11, 12, 13, 14, 15, 16, 17, 18, 19, 20, 21, 22, 23, 24, 25, 26, 27, 28, 29, 30, 31, 32, 33, 34, 35, 36, 37, 38, 39], "data": [0.007307883060503213, 0.0015953719276914867, 0.002581809309327799, 0.0020253756421771125, 0.002826335612980925, 0.0, 0.0, 0.006709282097035073, 0.0, 0.000647137392886474, 0.01139550290789893, 0.0, 0.00750332629639849, 0.0, 0.0015890318642496131, 0.0, 0.013303620406013105, 0.0, 0.0, 0.002689877221542707, 0.0, 0.0077913021447359124, 0.012744101250939091, 0.0, 0.010312822900245596, 0.00014651091012144487, 0.0032402961316723173, 0.004440690803626458, 0.0, 0.0035833409775536526, 0.006011639595916163, 0.0004932675228564038, 0.0, 0.011184346804732377, 0.0, 0.004420817642905127, 0.009205427955572318, 0.0, 0.0, 0.003143176586100691]}