{"labels": [0, 1, 2, 3, 4, 5, 6, 7, 8, 9, 10, 11, 12, 13, 14, 15, 16, 17, 18, 19, 20, 21, 22, 23, 24, 25, 26, 27, 28, 29, 30, 31, 32, 33, 34, 35, 36, 37, 38, 39], "data": [0.0, 0.0, 0.03500734573246613, 0.0, 0.0, 0.01982903908855577, 0.029123627433249442, 0.030791177284432987, 0.0, 0.0, 0.0, 0.0, 0.0, 0.0, 0.010438650429144047, 0.0, 0.0, 0.0, 0.000773573412983513, 0.0004461027849257766, 0.00531247254041534, 0.0037422558029309083, 0.0, 0.0, 0.0, 0.0, 0.007275938642187799, 0.0, 0.0, 0.0, 0.011608011900218169, 0.0, 0.0, 0.0, 0.0, 0.07894711446844421, 0.0025919132096250863, 0.0, 0.0, 0.0]}