{"labels": [0, 1, 2, 3, 4, 5, 6, 7, 8, 9, 10, 11, 12, 13, 14, 15, 16, 17, 18, 19, 20, 21, 22, 23, 24, 25, 26, 27, 28, 29, 30, 31, 32, 33, 34, 35, 36, 37, 38, 39], "data": [0.003479832647809158, 0.0008513339568294044, 0.0010249845145913277, 0.0, 0.003837221474942495, 0.0, 0.0, 0.00474963704309476, 0.0, 0.024267282900428313, 0.004178871623279995, 0.0, 0.0, 0.007290247514951007, 0.0, 0.0, 0.0005737428228662539, 0.02983314074420746, 0.0, 0.002262151260859136, 0.02752431186676473, 0.0, 0.0, 0.0239087546536808, 0.006069713796475192, 0.0, 0.002349162224577646, 0.005153343453154133, 0.0, 0.0, 0.0, 0.0015679060224895196, 0.00541169880199272, 0.0, 0.013081808420306915, 0.0, 0.0, 0.0, 0.0, 0.0]}