{"labels": [0, 1, 2, 3, 4, 5, 6, 7, 8, 9, 10, 11, 12, 13, 14, 15, 16, 17, 18, 19, 20, 21, 22, 23, 24, 25, 26, 27, 28, 29, 30, 31, 32, 33, 34, 35, 36, 37, 38, 39], "data": [0.0, 0.0, 0.0, 0.0066157080352515244, 0.013820960321524193, 0.006053775236173829, 0.00903292077237433, 0.0, 0.0, 0.0, 0.0, 0.0, 0.0, 0.0, 0.0, 0.0011950171534282862, 0.0, 0.0, 0.0, 0.0, 0.0007587869045363743, 0.071384725929121, 0.038093856293810124, 0.0, 0.01602726293190627, 0.05707487241314317, 0.0, 0.0, 0.0, 0.0, 0.0, 0.006668326372063697, 0.0, 0.042441341270956945, 0.0, 0.0, 0.0, 0.0, 0.0011899717708210636, 0.0]}