{"labels": [0, 1, 2, 3, 4, 5, 6, 7, 8, 9, 10, 11, 12, 13, 14, 15, 16, 17, 18, 19, 20, 21, 22, 23, 24, 25, 26, 27, 28, 29, 30, 31, 32, 33, 34, 35, 36, 37, 38, 39], "data": [0.0, 0.0, 0.0, 0.0, 0.05117391717243488, 0.026488325863640545, 0.006513184186775246, 0.004065534856740428, 0.0, 0.003518450493522957, 0.0012495957185776059, 0.004709447503281374, 0.0, 0.014047918923460037, 0.0, 0.0011641490779428542, 0.0, 0.0, 0.019187428486934395, 0.0012042346560639443, 0.0, 0.004965296969915914, 0.0, 0.003286466902767452, 0.0, 0.004090137053857564, 0.005869999387273305, 0.0, 0.0, 0.0, 0.004014662540823819, 0.0, 0.0, 0.004357551797391322, 0.0, 0.005178739477276686, 0.007488317971121392, 0.005753881469039739, 0.006752515781553643, 0.0007190903679841683]}