{"labels": [0, 1, 2, 3, 4, 5, 6, 7, 8, 9, 10, 11, 12, 13, 14, 15, 16, 17, 18, 19, 20, 21, 22, 23, 24, 25, 26, 27, 28, 29, 30, 31, 32, 33, 34, 35, 36, 37, 38, 39], "data": [0.0, 0.0, 0.0, 0.002068624570033629, 0.0, 0.0, 0.0, 0.004313076015345934, 0.0, 0.0, 0.0, 0.003190733206944119, 0.003268414358637075, 0.000379572557931123, 0.0, 0.0004122679165005374, 0.0, 0.0, 0.0036897860720442764, 0.0, 0.0, 0.0011726302128176275, 0.0, 0.0, 0.003596570184335812, 0.027413023527353125, 0.0, 0.041125610935562475, 0.0, 0.0, 0.0, 0.004971866028464271, 0.0023699968735106385, 0.0, 0.01566540846979357, 0.048141495616219804, 0.0, 0.0031592621546828394, 0.0, 0.0]}