{"labels": [0, 1, 2, 3, 4, 5, 6, 7, 8, 9, 10, 11, 12, 13, 14, 15, 16, 17, 18, 19, 20, 21, 22, 23, 24, 25, 26, 27, 28, 29, 30, 31, 32, 33, 34, 35, 36, 37, 38, 39], "data": [0.004509969643751929, 0.0, 0.0, 0.027185642966312804, 0.028033294646609464, 0.0, 0.0009755166059957674, 0.0, 0.0, 0.02851005082328634, 0.0, 0.0, 0.0, 0.0008697309754969926, 0.014956603604369305, 0.0, 0.0, 0.005089501887433473, 0.0029657597259707827, 0.0, 0.0, 0.0033366019058151336, 0.0, 0.0, 0.0, 0.0, 0.0, 0.026970483877005992, 0.0, 0.0, 0.0022765046714820006, 0.0, 0.03981673169920193, 0.0, 0.004503328301386377, 0.0, 0.05311382035284464, 0.0060184492685110965, 0.0, 0.0019488154264172327]}