{"labels": [0, 1, 2, 3, 4, 5, 6, 7, 8, 9, 10, 11, 12, 13, 14, 15, 16, 17, 18, 19, 20, 21, 22, 23, 24, 25, 26, 27, 28, 29, 30, 31, 32, 33, 34, 35, 36, 37, 38, 39], "data": [0.0, 0.03304273231108422, 0.0, 0.0, 0.0, 0.0161817707645071, 0.0010625579748971376, 0.0, 0.0, 0.016267596904152665, 0.0, 0.0023790657490887807, 0.009087918882130756, 0.003875443010776626, 0.0, 0.0, 0.0050740845787465615, 0.0045843754576558975, 0.012641888170590152, 0.004383294983066586, 0.016401383703636273, 0.009743207330216358, 0.0020474738914384514, 0.0, 0.00017582639878448159, 0.008194455833045598, 0.0, 0.0007646488534304988, 0.0, 0.0, 0.0, 0.0008791599750854069, 0.0030187506466004786, 0.022435139573447845, 0.003403837646979722, 0.06268479511992184, 0.0, 0.0016631875067942854, 0.028787820017827804, 0.0]}