{"labels": [0, 1, 2, 3, 4, 5, 6, 7, 8, 9, 10, 11, 12, 13, 14, 15, 16, 17, 18, 19, 20, 21, 22, 23, 24, 25, 26, 27, 28, 29, 30, 31, 32, 33, 34, 35, 36, 37, 38, 39], "data": [0.010718865853220134, 0.0010968028440876878, 0.041722890425973755, 0.0, 0.017664337071943724, 0.0, 0.0, 0.0, 0.0, 0.01047581273146167, 0.05921803132315218, 0.0010333853735335523, 0.0, 0.0, 0.0, 0.0, 0.0, 0.006839850505233658, 0.0, 0.026190199557823805, 0.0, 0.0, 0.07532778375708674, 0.0, 0.000668132856918764, 0.0, 0.0, 3.425047032381835e-05, 0.0, 0.005883424440885395, 0.0031798988700771115, 0.003203788993827364, 0.0, 0.0, 0.0, 0.0, 0.0, 0.008933615729031685, 0.0, 0.001886347496948887]}