{"labels": [0, 1, 2, 3, 4, 5, 6, 7, 8, 9, 10, 11, 12, 13, 14, 15, 16, 17, 18, 19, 20, 21, 22, 23, 24, 25, 26, 27, 28, 29, 30, 31, 32, 33, 34, 35, 36, 37, 38, 39], "data": [0.0, 0.002448946435188349, 0.002443127196064188, 0.0, 0.0, 0.0008522070229753947, 0.0, 0.0, 0.00041840751303545075, 0.0, 0.0, 0.0, 0.001846885760699396, 0.0, 0.0, 0.010800344557922266, 0.0037046930802584477, 0.0, 0.022247959228800678, 0.0016306304591586162, 0.0, 0.0, 0.0012762919559456993, 0.0, 0.0, 0.001733575203692693, 0.0019826155568289437, 0.0, 0.0055134270871753654, 0.0, 0.004286600285881726, 0.0, 0.0006261416403601495, 0.008827071630772353, 0.0010329403772850114, 0.04743904796885113, 0.0006346815949602307, 0.0, 0.008838358267357599, 0.0035501333391470707]}