{"labels": [0, 1, 2, 3, 4, 5, 6, 7, 8, 9, 10, 11, 12, 13, 14, 15, 16, 17, 18, 19, 20, 21, 22, 23, 24, 25, 26, 27, 28, 29, 30, 31, 32, 33, 34, 35, 36, 37, 38, 39], "data": [0.0, 0.0, 0.0434189564105036, 0.0, 0.0, 0.008724811202984172, 0.013928171609538808, 0.0013268628720449393, 0.023090102585153538, 0.0, 0.031911059298344036, 0.002686368154033724, 0.01949742508057068, 0.002200919949883699, 0.014846443680622639, 0.0, 0.0, 0.0, 0.006236387662871378, 0.0381757258321306, 0.0, 0.006479787092789351, 0.002209530343173114, 0.0, 0.0016553125035528454, 0.0001921517170729884, 0.009055628400528228, 0.0, 0.0, 0.00899243392050492, 0.0, 0.00198555905490672, 0.07375782686821418, 0.006508810717245246, 0.0010891535443223346, 0.0037660282216243676, 0.02095525597550113, 0.031936574301506516, 0.008615307185570823, 0.03824216795451827]}