{"labels": [0, 1, 2, 3, 4, 5, 6, 7, 8, 9, 10, 11, 12, 13, 14, 15, 16, 17, 18, 19, 20, 21, 22, 23, 24, 25, 26, 27, 28, 29, 30, 31, 32, 33, 34, 35, 36, 37, 38, 39], "data": [0.0, 0.0, 0.0, 0.0018116482278192577, 0.0033764131594086104, 0.0, 0.0, 0.018186497109534235, 0.0, 0.012418435427193028, 0.0014841704585482265, 0.0, 0.0, 0.045692630156098556, 0.010071028027025808, 0.0021643686926257114, 0.014995332765011795, 0.0, 0.014077909390253638, 0.006985502395888896, 0.0021432450135128855, 0.02380471289034961, 0.002139618888510256, 0.014445332168044613, 0.03555745051316438, 0.03890902164438395, 0.005219869419075653, 0.0, 0.015077185802765734, 0.0, 0.03481437852805021, 0.0, 0.0, 0.0005996341854045469, 0.0, 0.0022433034887721177, 0.017613902560302583, 0.01326473982484298, 0.011423930822834253, 0.0]}