{"labels": [0, 1, 2, 3, 4, 5, 6, 7, 8, 9, 10, 11, 12, 13, 14, 15, 16, 17, 18, 19, 20, 21, 22, 23, 24, 25, 26, 27, 28, 29, 30, 31, 32, 33, 34, 35, 36, 37, 38, 39], "data": [0.0, 0.0, 0.0, 0.0, 0.0026174293643504345, 0.0, 0.009107471407626355, 0.0, 0.0, 0.037177762769192206, 0.0, 0.0003287142149378976, 0.0, 0.0, 0.0, 0.0, 0.0, 0.0, 0.0, 0.0, 0.011803372149907475, 0.003272377630753651, 0.0, 0.016315433292218275, 0.0, 0.0, 0.0024136852673344827, 0.0, 0.0006772289914913398, 0.0, 0.0, 0.0016269854494502913, 0.0, 0.0, 0.005647667423439212, 0.0007986962056504798, 0.0, 0.0, 0.0, 0.0]}