{"labels": [0, 1, 2, 3, 4, 5, 6, 7, 8, 9, 10, 11, 12, 13, 14, 15, 16, 17, 18, 19, 20, 21, 22, 23, 24, 25, 26, 27, 28, 29, 30, 31, 32, 33, 34, 35, 36, 37, 38, 39], "data": [0.0, 0.08141665376564326, 0.0, 0.0, 0.0, 0.0, 0.0, 0.019599352350814007, 0.013983657746162389, 0.04032792868438302, 0.0, 0.0, 0.0, 0.0, 0.0, 0.0, 0.0, 0.02167549882507471, 0.0, 0.0, 0.0, 0.026059213720912494, 0.0, 0.0, 0.0, 0.029433959803247547, 0.0, 0.0015832515104813201, 0.0, 0.0, 0.01881129726892184, 0.0, 0.0, 0.0, 0.059647767549201695, 0.0074225617116117654, 0.0, 0.018540302721433297, 0.021743111839784675, 0.0]}