{"labels": [0, 1, 2, 3, 4, 5, 6, 7, 8, 9, 10, 11, 12, 13, 14, 15, 16, 17, 18, 19, 20, 21, 22, 23, 24, 25, 26, 27, 28, 29, 30, 31, 32, 33, 34, 35, 36, 37, 38, 39], "data": [0.0015155884976042798, 0.0, 0.0036952443683345975, 0.0, 0.0, 0.008822662584233188, 0.01201968125414972, 0.0660538233709897, 0.0, 0.0, 0.007045296492483781, 0.0, 0.0, 0.019806861349759664, 0.0038933455938756113, 0.020599700552252347, 0.004077205023984405, 0.0, 0.01854418639060356, 0.019260954852082745, 0.005173564603417195, 0.0, 0.0, 0.028810974164280995, 0.0, 0.003963195737296028, 0.0, 0.01900277040703104, 0.014639269127084902, 0.002655246129628345, 0.0, 0.0021599537384535466, 0.002184063732580941, 0.0, 0.012577497569045804, 0.0, 0.0031400315556801774, 0.02799718584599473, 0.009730611631559161, 0.0]}