{"labels": [0, 1, 2, 3, 4, 5, 6, 7, 8, 9, 10, 11, 12, 13, 14, 15, 16, 17, 18, 19, 20, 21, 22, 23, 24, 25, 26, 27, 28, 29, 30, 31, 32, 33, 34, 35, 36, 37, 38, 39], "data": [0.0, 0.0, 0.037373590590156325, 0.0, 0.0005946173156065295, 0.0, 0.019341741080997326, 0.0, 0.028748338356413963, 0.0, 0.01577595106554976, 0.003577132257196705, 0.039118024448954264, 0.0, 0.0, 0.0, 0.0011652795696502412, 0.0, 0.0, 0.0, 0.0, 0.0, 0.0, 0.0, 0.007430451060829366, 0.0, 0.0, 0.0, 0.0, 0.0, 0.03205472819606016, 0.0, 0.0, 0.0, 0.0, 0.03361213687706984, 0.007991956735014218, 0.0, 0.0, 0.0]}