{"labels": [0, 1, 2, 3, 4, 5, 6, 7, 8, 9, 10, 11, 12, 13, 14, 15, 16, 17, 18, 19, 20, 21, 22, 23, 24, 25, 26, 27, 28, 29, 30, 31, 32, 33, 34, 35, 36, 37, 38, 39], "data": [0.008901415063548307, 0.0, 0.0, 0.0, 0.0, 0.003926261152944635, 0.0, 0.39811066913951426, 0.02322185124566655, 0.0, 0.0, 0.07672213554446247, 0.0, 0.0, 0.0, 0.0, 0.0, 0.0, 0.06242589540536134, 0.0, 0.0, 0.03831463644392294, 0.0, 0.0, 0.0, 0.09178339371412123, 0.0, 0.0, 0.0, 0.0, 0.0, 0.0, 0.0, 0.0, 0.0, 0.0012438287532404951, 0.0, 0.025671800503794327, 0.0, 0.0]}