{"labels": [0, 1, 2, 3, 4, 5, 6, 7, 8, 9, 10, 11, 12, 13, 14, 15, 16, 17, 18, 19, 20, 21, 22, 23, 24, 25, 26, 27, 28, 29, 30, 31, 32, 33, 34, 35, 36, 37, 38, 39], "data": [0.0, 0.0, 0.0, 0.0, 0.015490085619513908, 0.049148462745861606, 0.0, 0.02114903412692143, 0.11385705844489273, 0.0, 0.0, 0.0, 0.009016193932277344, 0.0, 0.0, 0.0, 0.0, 0.0, 0.027896425321919455, 0.0, 0.0, 0.0, 0.035247138519327405, 0.0, 0.0, 0.0, 0.0, 0.0, 0.0, 0.0, 0.0, 0.0, 0.0, 0.0, 0.02169512162016008, 0.0, 0.0, 0.005860530022687806, 0.0, 0.033255124897137785]}