{"labels": [0, 1, 2, 3, 4, 5, 6, 7, 8, 9, 10, 11, 12, 13, 14, 15, 16, 17, 18, 19, 20, 21, 22, 23, 24, 25, 26, 27, 28, 29, 30, 31, 32, 33, 34, 35, 36, 37, 38, 39], "data": [0.0, 0.0, 0.0, 0.0, 0.023047973002139305, 0.021176569696026097, 0.01785405416117054, 0.0, 0.0, 0.0, 0.0, 0.002288806697501968, 0.024780006492967858, 0.0, 0.0, 0.0, 0.06345379131693173, 0.010559216718619488, 0.04158963759288137, 0.0, 0.0, 0.031019546372753608, 0.04069486163614386, 0.0017901312057988282, 0.0, 0.0, 0.005382453310999515, 0.025584328908233915, 0.0, 0.0, 0.0, 0.0, 0.0, 0.0, 0.004155779225406067, 0.0034304455702236624, 0.012830242160279875, 0.015865540161810875, 0.0035376600961446827, 0.03672079593151698]}