{"labels": [0, 1, 2, 3, 4, 5, 6, 7, 8, 9, 10, 11, 12, 13, 14, 15, 16, 17, 18, 19, 20, 21, 22, 23, 24, 25, 26, 27, 28, 29, 30, 31, 32, 33, 34, 35, 36, 37, 38, 39], "data": [0.011436435447062175, 0.0, 0.00022068566407650183, 0.00021650175213281436, 0.049994773421396695, 0.01631699685372054, 0.007821396815517178, 0.0, 0.0, 0.004748439695923194, 0.0, 0.0, 0.01324225836809115, 0.000600033291881901, 0.0, 0.0, 0.009343707215046109, 0.0016172724732316538, 0.029830072152535907, 0.014554378227105409, 0.0, 0.04168088701102121, 0.0022532074711809767, 0.006575342442488833, 0.03179905470139245, 0.025473233622372925, 0.0297195930695447, 0.01805985979798748, 0.004191120637409592, 0.0007307600460871657, 0.012860573744549422, 0.00010112392907566627, 0.0, 0.01230220713564293, 0.024201821163400288, 0.0, 0.0, 0.005394486722489218, 0.015059506329754117, 0.04197483647060163]}