{"labels": [0, 1, 2, 3, 4, 5, 6, 7, 8, 9, 10, 11, 12, 13, 14, 15, 16, 17, 18, 19, 20, 21, 22, 23, 24, 25, 26, 27, 28, 29, 30, 31, 32, 33, 34, 35, 36, 37, 38, 39], "data": [0.00015231958585692495, 0.0, 0.0004119920410938084, 0.0, 0.010435489370677965, 0.0, 0.005748040770950881, 0.0, 0.0, 0.006480316680939882, 0.024500717905160785, 0.0, 0.0, 0.0020890719091874303, 0.0, 0.0, 0.0, 0.02825735254283099, 0.0, 0.04428894812056182, 0.08986753584527436, 0.0, 0.0745646904864493, 0.019084432134505905, 0.011016840140975646, 0.0, 0.0, 0.022319732643822934, 0.0, 0.0, 0.0, 0.0, 0.0, 0.0, 0.0, 0.03115481111972147, 0.018993581108891197, 0.0034989373485620964, 0.0, 0.0]}