{"labels": [0, 1, 2, 3, 4, 5, 6, 7, 8, 9, 10, 11, 12, 13, 14, 15, 16, 17, 18, 19, 20, 21, 22, 23, 24, 25, 26, 27, 28, 29, 30, 31, 32, 33, 34, 35, 36, 37, 38, 39], "data": [0.003984327167529653, 0.0, 0.0, 0.002048088278450111, 0.0, 0.0, 0.0034709403380427818, 0.040055760090888445, 0.0866534110709517, 0.0, 0.0, 9.011336970446779e-05, 0.0, 0.00700952147597156, 0.0, 0.0, 0.0, 0.004820969631931461, 0.02900626425603807, 0.0303838293492161, 0.0, 0.0, 0.003369073630578405, 0.02502885990033546, 0.02955482936551716, 0.0, 0.0, 0.0, 0.0, 0.0, 0.02715790091054673, 0.0015427169749789545, 0.0008057793057248763, 0.009456576585210846, 0.005055563909616074, 0.0054735973027507, 0.0, 0.009790352423009015, 0.0, 0.0]}