{"labels": [0, 1, 2, 3, 4, 5, 6, 7, 8, 9, 10, 11, 12, 13, 14, 15, 16, 17, 18, 19, 20, 21, 22, 23, 24, 25, 26, 27, 28, 29, 30, 31, 32, 33, 34, 35, 36, 37, 38, 39], "data": [0.0009576262909245005, 0.0003456875035985451, 0.00042904828743327636, 0.0008024666995357709, 0.03742665901507802, 0.0, 0.03495414825519486, 0.0, 0.0, 0.000939057730206188, 0.0, 0.0, 0.0, 0.0, 0.0, 0.0, 0.0, 0.0, 0.0, 0.001465100002504547, 8.22948086353689e-06, 0.0, 0.0024994288337986397, 0.0, 0.0, 0.0, 0.0, 0.0, 0.0, 0.0, 0.0, 0.0, 0.0, 0.011729803234460165, 0.03225533827600138, 0.0, 0.0, 0.034688638986573817, 0.0, 0.001304697125267471]}