{"labels": [0, 1, 2, 3, 4, 5, 6, 7, 8, 9, 10, 11, 12, 13, 14, 15, 16, 17, 18, 19, 20, 21, 22, 23, 24, 25, 26, 27, 28, 29, 30, 31, 32, 33, 34, 35, 36, 37, 38, 39], "data": [0.0, 0.01755468176498177, 0.0186159740367235, 0.0, 0.0, 0.020787038903625845, 0.0, 0.02941556371560579, 0.0007631496766045831, 0.003637659439863338, 0.059576895560033774, 0.005500427302150397, 0.0, 0.0, 0.0, 0.0, 0.0, 0.0, 0.0035970441212527533, 0.0, 0.0, 0.0, 0.0, 0.0015669559215961961, 0.0, 0.0, 0.04024326904945358, 0.0, 0.0, 0.0, 0.0073723697773599006, 0.0, 0.0006118095290030323, 0.007607516806475898, 0.0, 0.0008526374568215114, 0.0, 0.0, 0.0072502469143068205, 0.0]}