{"labels": [0, 1, 2, 3, 4, 5, 6, 7, 8, 9, 10, 11, 12, 13, 14, 15, 16, 17, 18, 19, 20, 21, 22, 23, 24, 25, 26, 27, 28, 29, 30, 31, 32, 33, 34, 35, 36, 37, 38, 39], "data": [0.0, 0.0, 0.0, 0.046092868587387495, 0.0, 0.0, 0.02074138818735433, 0.0, 0.0, 0.0402167738587258, 0.0, 0.0, 0.0, 0.03234938423452254, 0.0, 0.0, 0.007843773328591243, 0.0, 0.0, 0.0026084647719651416, 0.011041813630420876, 0.0, 0.004291442584293845, 0.0017870180948769824, 0.00046904121412490423, 0.019496706522369532, 0.0, 0.0055685756101783515, 0.0, 0.026625804018488415, 0.0017262296907346515, 0.0, 0.0, 0.0, 0.0, 0.0007584082952424476, 0.0014107621227104391, 0.031208679049704396, 0.0, 0.0]}