{"labels": [0, 1, 2, 3, 4, 5, 6, 7, 8, 9, 10, 11, 12, 13, 14, 15, 16, 17, 18, 19, 20, 21, 22, 23, 24, 25, 26, 27, 28, 29, 30, 31, 32, 33, 34, 35, 36, 37, 38, 39], "data": [0.0, 0.0, 0.0006441257251855516, 0.08071667959918907, 0.006798230494547233, 0.0, 0.02242448277948492, 0.0, 0.000553653083307395, 0.0, 0.0, 0.0, 0.0, 0.0, 0.0, 0.0, 0.0, 0.0, 0.0, 0.0, 0.0, 0.0, 0.0, 0.0, 0.08051512219223611, 0.0, 0.0, 0.0, 0.0, 0.0, 0.0, 0.0, 0.0007380581271851351, 0.0, 0.0, 0.0, 0.0, 0.0, 0.0, 0.0]}