{"labels": [0, 1, 2, 3, 4, 5, 6, 7, 8, 9, 10, 11, 12, 13, 14, 15, 16, 17, 18, 19, 20, 21, 22, 23, 24, 25, 26, 27, 28, 29, 30, 31, 32, 33, 34, 35, 36, 37, 38, 39], "data": [0.0033834650700231552, 0.0038560812179170892, 0.0013670285894397374, 0.0, 0.06741977578343854, 0.027427864104236206, 0.0, 0.0, 0.0011192667241505976, 0.011489954291297816, 0.0, 0.0, 0.0, 0.0, 0.0007433803898738776, 0.0, 0.033877742053068656, 0.0, 0.0, 0.0, 0.0, 0.008555053549405424, 0.0, 0.0, 0.033085607376301715, 0.0, 0.0, 0.013276505872989378, 0.0, 0.011242148841087365, 0.0031309103472061746, 0.0, 0.0, 0.05542489283855626, 0.0, 0.0, 0.0, 0.01969591787749701, 0.013308559155283086, 0.002635579045366076]}