{"labels": [0, 1, 2, 3, 4, 5, 6, 7, 8, 9, 10, 11, 12, 13, 14, 15, 16, 17, 18, 19, 20, 21, 22, 23, 24, 25, 26, 27, 28, 29, 30, 31, 32, 33, 34, 35, 36, 37, 38, 39], "data": [0.0, 0.0, 0.0, 0.0, 0.0, 0.0, 0.0, 0.0, 0.0, 0.0, 0.0, 0.0, 0.0, 0.0377501821356936, 0.0, 0.0, 0.0, 0.0, 0.0, 0.0, 0.0, 0.054199358962447534, 0.0, 0.08132321063530076, 0.0, 0.0, 0.0, 0.0, 0.0, 0.005714039654343718, 0.0, 0.0, 0.0, 0.0, 0.0, 0.0, 0.0, 0.0, 0.04381257230691005, 0.0]}