{"labels": [0, 1, 2, 3, 4, 5, 6, 7, 8, 9, 10, 11, 12, 13, 14, 15, 16, 17, 18, 19, 20, 21, 22, 23, 24, 25, 26, 27, 28, 29, 30, 31, 32, 33, 34, 35, 36, 37, 38, 39], "data": [0.004097851061414333, 0.0004777884084251094, 0.0013526420145022861, 0.0, 0.018996480116457257, 0.015560190473615315, 0.03222051481591005, 0.0, 0.0, 0.0015022819725308185, 0.0, 0.00017456405013025007, 0.0, 0.013619412384049213, 0.0, 0.0, 0.00750091425688334, 0.003636013220419117, 0.0, 0.0016494423233219845, 0.0, 0.00801572132454951, 0.0, 0.0, 0.0, 0.02348951772801457, 0.0, 0.0, 0.0, 0.0, 0.0, 0.0, 0.0, 0.006866528373297684, 0.0, 0.0, 0.0, 0.011840670308754846, 0.005174887726291654, 0.0]}