{"labels": [0, 1, 2, 3, 4, 5, 6, 7, 8, 9, 10, 11, 12, 13, 14, 15, 16, 17, 18, 19, 20, 21, 22, 23, 24, 25, 26, 27, 28, 29, 30, 31, 32, 33, 34, 35, 36, 37, 38, 39], "data": [0.005053968943836177, 0.0064218971198584, 0.0016228595005791566, 0.03885718128281788, 0.002033387261812988, 0.006411811473927605, 0.0, 0.0, 0.0, 0.004313235721732608, 0.0, 0.0, 0.0, 0.0014547747112329849, 0.004644435898353679, 0.0, 0.004858171853443071, 0.03256882132569273, 0.0, 0.02083978694034217, 0.0, 0.014789174601520828, 0.0, 0.0, 0.0, 0.03204132649963624, 0.0008392651969343319, 0.005026070531136474, 0.04398148346304022, 0.0037589509698114543, 0.0010249978218401538, 0.00045198913462575133, 0.0, 0.009972860630531129, 0.012188857740732282, 0.0, 0.0016146843330810921, 0.006872911766471127, 0.004335116919677977, 0.0]}