{"labels": [0, 1, 2, 3, 4, 5, 6, 7, 8, 9, 10, 11, 12, 13, 14, 15, 16, 17, 18, 19, 20, 21, 22, 23, 24, 25, 26, 27, 28, 29, 30, 31, 32, 33, 34, 35, 36, 37, 38, 39], "data": [0.00208040717812497, 0.00353595143160321, 0.0, 0.0, 0.05621735308844313, 0.0, 0.010118312082355488, 0.0, 0.000520138091004639, 0.0, 0.0, 0.0, 0.0, 0.0, 0.0013407565332849577, 0.0, 0.0202471384563877, 0.0, 0.0, 0.0, 0.0005959085282358194, 0.0, 0.0, 0.0, 0.0, 0.0, 0.0, 0.005275429620309159, 0.0035794162160880513, 0.0052917147347465, 0.0, 0.0, 0.0, 0.008778628548576209, 0.01386217686097974, 0.0, 0.0, 0.009863212262613313, 0.0, 0.003535198531641864]}