{"labels": [0, 1, 2, 3, 4, 5, 6, 7, 8, 9, 10, 11, 12, 13, 14, 15, 16, 17, 18, 19, 20, 21, 22, 23, 24, 25, 26, 27, 28, 29, 30, 31, 32, 33, 34, 35, 36, 37, 38, 39], "data": [0.0, 0.0, 0.031024380659649714, 0.0, 0.07147112112208014, 0.0028464387930173043, 0.0, 0.03519475873158369, 0.0003728382534339502, 0.0, 0.0, 0.0, 0.0, 0.0016329289527830149, 0.0, 0.0, 0.0006988983611929864, 0.0, 0.008290302582308777, 0.0, 0.0, 0.0020281998565912867, 0.0, 0.0, 0.0, 0.0, 0.002261329012255871, 0.0, 0.0010570068246183255, 0.0, 0.0, 0.0023201048135477334, 0.0, 0.0, 0.0, 0.0, 0.0, 0.025484899374130916, 0.0, 0.0]}