{"labels": [0, 1, 2, 3, 4, 5, 6, 7, 8, 9, 10, 11, 12, 13, 14, 15, 16, 17, 18, 19, 20, 21, 22, 23, 24, 25, 26, 27, 28, 29, 30, 31, 32, 33, 34, 35, 36, 37, 38, 39], "data": [0.015523482811855322, 0.03905898743444793, 0.00865991532223382, 5.527559401360906e-05, 0.011951105859411068, 0.022752084510701535, 0.017858631307542745, 0.01224282957613532, 0.0, 0.03648969508596918, 0.0027790526764786675, 0.0, 0.017691006771729762, 0.0, 0.02879955734101754, 0.0, 0.0, 0.0, 0.0, 0.020925420937159347, 0.0, 0.04133658290331482, 0.013194461712809254, 0.0, 0.0, 0.0, 0.004538379884575402, 0.0009648333180859663, 0.0, 0.0042161570535603505, 0.0, 0.026553270110969893, 0.01711057072597408, 0.02046308563904333, 0.016671691360102048, 0.009344684723659758, 0.006473570742537759, 0.022226664710002737, 0.0058017468766425285, 0.01637694142712736]}