{"labels": [0, 1, 2, 3, 4, 5, 6, 7, 8, 9, 10, 11, 12, 13, 14, 15, 16, 17, 18, 19, 20, 21, 22, 23, 24, 25, 26, 27, 28, 29, 30, 31, 32, 33, 34, 35, 36, 37, 38, 39], "data": [0.009407840947111052, 0.008599507679918341, 0.0020245926693474147, 0.0, 0.03736605397726641, 0.0, 0.028883301264618126, 0.0, 0.0, 0.038054068402868346, 0.00416775150812166, 0.0, 0.028389289256260806, 0.0, 0.0, 0.0, 0.0, 0.0, 0.029925438310950975, 0.0, 0.0, 0.0, 0.0, 0.06113839455154035, 0.002539400306124356, 0.0, 0.0, 0.005996420577776065, 0.0, 0.0, 0.0, 0.0, 0.005544315320331522, 0.0, 0.01325215452900771, 0.0, 0.0, 0.0, 0.0, 0.0]}