{"labels": [0, 1, 2, 3, 4, 5, 6, 7, 8, 9, 10, 11, 12, 13, 14, 15, 16, 17, 18, 19, 20, 21, 22, 23, 24, 25, 26, 27, 28, 29, 30, 31, 32, 33, 34, 35, 36, 37, 38, 39], "data": [0.023902420211299857, 0.00038147891663026863, 0.005260306440209585, 0.0, 0.021469916441273412, 0.0, 0.02766791888210211, 0.0004810456973719771, 0.0, 0.0, 0.0, 0.0, 0.0, 0.0, 0.0, 0.0, 0.0, 0.02173965548430115, 0.0, 0.04866091672267795, 0.0, 0.026137055762053954, 0.0, 0.03279803709354374, 0.0001845282322946565, 0.002155589523623317, 0.0, 0.0, 0.0, 0.0, 0.0025704719818719904, 0.0, 0.0, 0.0, 0.0, 0.0, 0.006678585567173907, 0.0, 0.0015104432705386652, 0.0]}