{"labels": [0, 1, 2, 3, 4, 5, 6, 7, 8, 9, 10, 11, 12, 13, 14, 15, 16, 17, 18, 19, 20, 21, 22, 23, 24, 25, 26, 27, 28, 29, 30, 31, 32, 33, 34, 35, 36, 37, 38, 39], "data": [0.0, 0.0026073847637891946, 0.015162451276399199, 0.024018021356358586, 0.0, 0.04547096795811353, 0.013208821484269726, 0.0275611075725871, 0.019349430599141116, 0.0, 0.0, 0.006371010709712471, 0.0, 0.030314382841347923, 0.0, 0.020494607521177054, 0.0, 0.0, 0.013995316887009125, 0.025485223684483315, 0.014217203431005536, 0.0, 0.0, 0.0, 0.026287689509912615, 0.0, 0.002744402508325265, 0.0, 0.0, 0.007923779037547663, 0.0, 0.0020550379519748696, 0.003924314334549944, 0.0, 0.0, 0.0, 0.0, 0.026604859739275313, 0.02659333170611227, 0.0]}