{"labels": [0, 1, 2, 3, 4, 5, 6, 7, 8, 9, 10, 11, 12, 13, 14, 15, 16, 17, 18, 19, 20, 21, 22, 23, 24, 25, 26, 27, 28, 29, 30, 31, 32, 33, 34, 35, 36, 37, 38, 39], "data": [0.0, 0.0, 0.01945300288591925, 0.0, 0.02459145712545471, 0.01605239344815929, 0.007090223477300748, 0.0, 0.0, 0.010257282899972107, 0.0, 0.0021660076854688594, 0.0, 0.0, 0.01230114882501363, 0.003123494099278584, 0.026257630093106082, 0.0, 0.038742755630743045, 0.0, 0.0, 0.0011388027894420583, 0.0013120215163821187, 0.0, 0.0, 0.0, 0.009325925385911765, 0.001295841461983188, 0.0, 0.0, 0.0, 0.0, 0.03309279267335282, 0.06463337924080831, 0.0, 0.0, 0.0, 0.026741577223502174, 0.007495733608150441, 0.00590012098455318]}