{"labels": [0, 1, 2, 3, 4, 5, 6, 7, 8, 9, 10, 11, 12, 13, 14, 15, 16, 17, 18, 19, 20, 21, 22, 23, 24, 25, 26, 27, 28, 29, 30, 31, 32, 33, 34, 35, 36, 37, 38, 39], "data": [0.0, 0.0, 0.0, 0.018997496438344783, 0.011939038409986367, 0.0, 0.0, 0.0, 0.0, 0.0, 0.006864794701145533, 0.0, 0.02238345371529892, 0.020988332793000986, 0.014225161990786338, 0.012143140651456209, 0.0, 0.011860372271673872, 0.012182322523857952, 0.0, 0.11416132059755914, 0.010350207913773167, 0.0003369709567985707, 0.03689066033508401, 0.0, 0.014386777802640178, 0.02640753998762091, 0.015128393402170879, 0.0, 0.005548332653747117, 0.0, 0.0049990196948586476, 0.0, 0.0, 0.003061133205644841, 0.0, 0.04358388891947185, 0.00847559688051251, 0.0075728149353030665, 0.0]}