{"labels": [0, 1, 2, 3, 4, 5, 6, 7, 8, 9, 10, 11, 12, 13, 14, 15, 16, 17, 18, 19, 20, 21, 22, 23, 24, 25, 26, 27, 28, 29, 30, 31, 32, 33, 34, 35, 36, 37, 38, 39], "data": [0.007193488599374732, 0.0, 0.014731975042437655, 0.0, 0.009496709504874051, 0.0, 0.020453722719207278, 0.0, 0.0, 0.019587643225798753, 0.0008610005959496458, 0.0, 0.0, 0.004496320281746677, 0.019610013443420577, 0.0046507413770381055, 0.0, 0.027397220255079856, 0.0, 0.0034718399175908683, 0.005310561900848914, 0.0, 0.0, 0.0, 0.0, 0.016028031486725512, 0.0, 0.0, 0.0, 0.0, 0.0, 0.0, 0.0, 0.0, 0.016543310545238814, 0.04898249169422232, 0.018989258149953135, 0.0, 0.013805363288642765, 0.006517258668787413]}