{"labels": [0, 1, 2, 3, 4, 5, 6, 7, 8, 9, 10, 11, 12, 13, 14, 15, 16, 17, 18, 19, 20, 21, 22, 23, 24, 25, 26, 27, 28, 29, 30, 31, 32, 33, 34, 35, 36, 37, 38, 39], "data": [0.0, 0.025652638524595626, 0.0, 0.005847151864204062, 0.0, 0.0, 0.026904825946340732, 0.0, 0.019817889935578103, 0.0, 0.12990968994730903, 0.005492700582465426, 0.0, 0.0, 0.0, 0.0, 0.0, 0.0, 0.0, 0.015431030389566506, 0.0, 0.0, 0.0, 0.0, 0.0, 0.0, 0.019214597355092435, 0.0, 0.0, 0.0031872169788677036, 0.0, 0.0013385828250415547, 0.0, 0.0, 0.0, 0.0, 0.0, 0.0, 0.048197458458700285, 0.0]}