{"labels": [0, 1, 2, 3, 4, 5, 6, 7, 8, 9, 10, 11, 12, 13, 14, 15, 16, 17, 18, 19, 20, 21, 22, 23, 24, 25, 26, 27, 28, 29, 30, 31, 32, 33, 34, 35, 36, 37, 38, 39], "data": [0.0, 0.08290361924672544, 0.018310915146675676, 0.012375806965346023, 0.00017511542468350586, 0.013666301727180709, 0.03861660524702002, 0.007383896165565501, 0.0, 0.009496084499045127, 0.014665548461853818, 0.0, 0.0, 0.0, 0.00943231713423221, 0.0, 0.0, 0.0, 0.0, 0.0, 0.0031182327328132036, 0.0006540371366978667, 0.0, 0.0, 0.0, 0.0, 0.06894210765110466, 0.0, 0.0, 0.0, 0.01121375259244567, 0.0, 0.0405483097285595, 0.0, 0.0, 0.0, 0.028778195148483104, 0.0, 0.030018285386799407, 0.0]}