{"labels": [0, 1, 2, 3, 4, 5, 6, 7, 8, 9, 10, 11, 12, 13, 14, 15, 16, 17, 18, 19, 20, 21, 22, 23, 24, 25, 26, 27, 28, 29, 30, 31, 32, 33, 34, 35, 36, 37, 38, 39], "data": [0.0, 0.07876726001044679, 0.00015580792571881505, 0.0, 0.003343433862168164, 0.05514654672337319, 0.0, 0.0, 0.0, 0.0, 0.0, 0.007485678109706746, 0.0, 0.0024086259514745356, 0.0, 0.0, 0.0, 0.0, 0.0, 0.003843296867216227, 2.069149953711723e-05, 0.0, 0.0, 0.0, 0.0, 0.0, 0.0004233483805747241, 0.0609833131840096, 0.0, 0.0, 0.0070140152452870695, 0.0, 0.0, 0.0, 0.0, 0.0, 0.01492655062851666, 0.0, 0.0, 0.0]}