{"labels": [0, 1, 2, 3, 4, 5, 6, 7, 8, 9, 10, 11, 12, 13, 14, 15, 16, 17, 18, 19, 20, 21, 22, 23, 24, 25, 26, 27, 28, 29, 30, 31, 32, 33, 34, 35, 36, 37, 38, 39], "data": [0.0, 0.0016976035571020644, 0.0, 0.0, 0.0007136564095608434, 0.0, 0.03546804069132828, 0.0, 0.0, 0.0, 0.010580113859742201, 0.0, 0.00034616940669105373, 0.0, 0.0, 0.0, 0.0, 0.0, 0.024975319298112596, 0.001029357720326538, 0.0, 0.007729676357078992, 0.001039646426535434, 0.0, 0.001797989290966301, 0.0, 0.004028268790117602, 0.0, 0.02470678250570255, 0.015029625243228054, 0.00230838067936674, 0.0, 0.0, 0.04127286123636148, 0.0, 0.06903981337565765, 0.004487145252265141, 0.0, 0.0, 0.0]}