{"labels": [0, 1, 2, 3, 4, 5, 6, 7, 8, 9, 10, 11, 12, 13, 14, 15, 16, 17, 18, 19, 20, 21, 22, 23, 24, 25, 26, 27, 28, 29, 30, 31, 32, 33, 34, 35, 36, 37, 38, 39], "data": [0.0, 0.0, 0.0, 0.010317268570908847, 0.05495539291826524, 0.0, 0.021659330636425406, 0.026515329649366988, 0.0, 0.0009217398924147777, 0.002061209143208258, 0.0, 0.013924411756715665, 0.0, 0.0, 0.0, 0.0, 0.0, 0.0024139960886294014, 0.0, 0.011844276813601487, 0.0, 0.0018049845362988102, 0.0, 0.00010679884360864619, 0.025265618613797034, 0.054996361715180984, 0.0031250215510020985, 0.003775427525830516, 0.0, 0.00037264086578494296, 0.0, 0.0014061831891558662, 0.0, 0.008179410643090123, 0.0, 0.0014793708412954413, 0.020815938294649755, 0.0016985290624914656, 0.0015970737145285924]}