{"labels": [0, 1, 2, 3, 4, 5, 6, 7, 8, 9, 10, 11, 12, 13, 14, 15, 16, 17, 18, 19, 20, 21, 22, 23, 24, 25, 26, 27, 28, 29, 30, 31, 32, 33, 34, 35, 36, 37, 38, 39], "data": [0.00790099590736546, 0.0, 0.014765183971093634, 0.0, 0.022083274911957846, 0.0, 0.0, 0.0, 0.010645767271562422, 0.07732545998617602, 0.06053783256270296, 0.005141676228248784, 0.0, 0.0, 0.0, 0.0, 0.06180453945910162, 0.0, 0.0, 0.0, 0.0, 0.0, 0.0, 0.022624757042952894, 0.03236518048911639, 0.0, 0.0, 0.0, 0.01282507494439109, 0.0, 0.003680604368254248, 0.0, 0.00036939076199427517, 0.0, 0.010700613788636602, 0.0, 0.0, 0.0, 0.0, 0.0]}