{"labels": [0, 1, 2, 3, 4, 5, 6, 7, 8, 9, 10, 11, 12, 13, 14, 15, 16, 17, 18, 19, 20, 21, 22, 23, 24, 25, 26, 27, 28, 29, 30, 31, 32, 33, 34, 35, 36, 37, 38, 39], "data": [0.0, 0.007585985706321813, 0.0017447250677951117, 0.0016607916816833977, 0.0, 0.006725801960617481, 0.027341385532053022, 0.024758972158597813, 0.0018867159818813735, 0.0039999516142738, 0.008426212931667556, 0.0030472186414393816, 0.004302006771582344, 0.0, 0.00917890973695334, 0.0, 0.0, 0.006715290248096539, 0.0, 0.0, 0.0, 0.01084709140942761, 0.003879761724955507, 0.0, 0.0, 0.0, 0.007856119280850553, 0.0, 0.003264057349197778, 0.0074437983427347275, 8.238675419240297e-05, 0.0010806470737801614, 0.0, 0.014139340583240066, 0.010079122108530012, 0.011788946056200846, 0.006380626915657569, 0.0, 0.03151632599519709, 0.0]}