{"labels": [0, 1, 2, 3, 4, 5, 6, 7, 8, 9, 10, 11, 12, 13, 14, 15, 16, 17, 18, 19, 20, 21, 22, 23, 24, 25, 26, 27, 28, 29, 30, 31, 32, 33, 34, 35, 36, 37, 38, 39], "data": [0.0, 0.0, 4.525973564786627e-05, 0.0, 0.013692680420566717, 0.01606105301719615, 0.005370758019781187, 0.0, 0.0, 0.024469162056696067, 0.0, 0.0023385583434965052, 0.0, 0.0043205735477699425, 0.0014037743644696031, 0.0, 0.0, 0.0, 0.0, 0.004148558255449504, 0.0, 0.0, 0.0, 0.0030517946324195933, 0.005232539194299098, 0.008757028233343662, 0.0, 0.0, 0.0, 0.0, 0.0004039220365721147, 0.0, 0.00035445896892518085, 0.07876726719398577, 0.0, 0.0, 0.0, 0.0, 0.0, 0.0]}