{"labels": [0, 1, 2, 3, 4, 5, 6, 7, 8, 9, 10, 11, 12, 13, 14, 15, 16, 17, 18, 19, 20, 21, 22, 23, 24, 25, 26, 27, 28, 29, 30, 31, 32, 33, 34, 35, 36, 37, 38, 39], "data": [0.0, 0.0, 0.0010829124279354008, 0.0, 0.0, 0.0, 0.01881754293904514, 0.07698490560726974, 0.0, 0.0, 0.004609844324270005, 0.0, 0.012643731080059312, 0.00033270287200869175, 0.01741705987335181, 0.0, 0.0, 0.0, 0.0, 0.0022191503741756536, 0.0, 0.0, 0.058221161577011175, 0.0, 0.035752224675531866, 0.000778096557997126, 0.001758155506133281, 0.0015488183636374502, 0.0, 0.0, 0.00518122260013183, 0.0006651074491226819, 0.0, 0.0, 0.008037510795406958, 0.0, 0.014991816613264857, 0.003689642383126657, 0.0, 0.0]}