{"labels": [0, 1, 2, 3, 4, 5, 6, 7, 8, 9, 10, 11, 12, 13, 14, 15, 16, 17, 18, 19, 20, 21, 22, 23, 24, 25, 26, 27, 28, 29, 30, 31, 32, 33, 34, 35, 36, 37, 38, 39], "data": [0.0, 0.31852425926359024, 0.0, 0.0, 0.0, 0.0, 0.0, 0.19924656353259082, 0.0, 0.0, 0.0, 0.0, 0.0, 0.0, 0.0, 0.0, 0.0, 0.4446857476651964, 0.0, 0.0, 0.0, 0.0, 0.1702024661036147, 0.008316416267872018, 0.04664260681463997, 0.0, 0.005552207851068777, 0.0, 0.0, 0.0, 0.0, 0.06983150059744904, 0.0, 0.0, 0.0, 0.0, 0.0, 0.0, 0.0, 0.0]}