{"labels": [0, 1, 2, 3, 4, 5, 6, 7, 8, 9, 10, 11, 12, 13, 14, 15, 16, 17, 18, 19, 20, 21, 22, 23, 24, 25, 26, 27, 28, 29, 30, 31, 32, 33, 34, 35, 36, 37, 38, 39], "data": [0.004400403746793576, 0.0004653696055052084, 0.0, 0.0, 0.0014367981101394488, 0.0, 0.0, 0.0, 0.1033976999252061, 0.0, 0.061336156456432624, 0.0, 0.013745520424477515, 0.0, 0.0, 0.0, 0.0, 0.0, 0.0035274086493613625, 0.0, 0.0, 0.0, 0.0, 0.0, 0.0, 0.0, 0.0, 0.0, 0.0, 0.0, 0.0, 0.0, 0.0, 0.0, 0.0, 0.0, 0.0, 0.0, 0.0, 0.04186709581951953]}