{"labels": [0, 1, 2, 3, 4, 5, 6, 7, 8, 9, 10, 11, 12, 13, 14, 15, 16, 17, 18, 19, 20, 21, 22, 23, 24, 25, 26, 27, 28, 29, 30, 31, 32, 33, 34, 35, 36, 37, 38, 39], "data": [0.0, 0.0, 0.0, 0.0, 0.0, 0.0, 0.0, 0.0, 0.0, 0.0, 0.0, 0.0022831024323313022, 0.0, 0.0, 0.0019970110340331833, 0.0, 0.007214777328935566, 0.010296662234539143, 0.0, 0.0, 0.08300395387607643, 0.0, 0.0, 0.0, 0.0, 0.0, 0.0, 4.0558363288956155e-05, 0.0, 0.0, 0.0, 0.0, 0.004233450442770503, 0.0, 0.0, 0.0, 0.0, 0.0, 0.0, 0.005470254213359448]}