{"labels": [0, 1, 2, 3, 4, 5, 6, 7, 8, 9, 10, 11, 12, 13, 14, 15, 16, 17, 18, 19, 20, 21, 22, 23, 24, 25, 26, 27, 28, 29, 30, 31, 32, 33, 34, 35, 36, 37, 38, 39], "data": [0.0015955421650705752, 0.03754811666017716, 0.01008089124719752, 0.0, 0.0, 0.0, 0.0, 0.0817267826855011, 0.0, 0.0, 0.0, 0.0, 0.005864512779790524, 0.0, 0.008978698785918972, 0.0, 0.0026021222410486542, 0.020296968773089313, 0.0, 0.0, 0.0, 0.0, 0.0005319152336744774, 0.014474253671897626, 0.029447892137075337, 0.0, 0.0, 0.02544372296255259, 0.0, 0.0, 0.0, 0.0, 0.03380412871370826, 0.0, 0.0, 0.0, 0.0, 0.07256990125354483, 0.0, 0.0]}