{"labels": [0, 1, 2, 3, 4, 5, 6, 7, 8, 9, 10, 11, 12, 13, 14, 15, 16, 17, 18, 19, 20, 21, 22, 23, 24, 25, 26, 27, 28, 29, 30, 31, 32, 33, 34, 35, 36, 37, 38, 39], "data": [0.0, 0.0, 0.0, 0.0, 0.005038622635741307, 0.00018214420470865833, 0.0, 0.0, 0.0054564045420623, 0.005256643430691234, 0.0, 0.0003921548326643446, 0.0, 0.0, 0.0, 0.0014518404862491517, 0.024645852304001785, 0.004937278457847069, 0.006713481275310082, 0.0, 2.0956614738705507e-05, 0.0, 0.0, 0.0, 0.0, 0.0, 0.0025990490055704525, 0.0, 0.0, 0.0, 0.0, 0.0, 0.0, 0.0002489611965299907, 0.01634527061166623, 0.0, 0.0, 0.010136624659123985, 0.011171896663003894, 0.011138410672459485]}