{"labels": [0, 1, 2, 3, 4, 5, 6, 7, 8, 9, 10, 11, 12, 13, 14, 15, 16, 17, 18, 19, 20, 21, 22, 23, 24, 25, 26, 27, 28, 29, 30, 31, 32, 33, 34, 35, 36, 37, 38, 39], "data": [0.0, 0.0006935288600058195, 0.0, 0.0024040906720037203, 0.0070032804501718015, 0.021367913606049366, 0.005385871089112692, 0.005604685392040796, 0.0006615278372071448, 0.005495483003433813, 0.010982219122504933, 0.0036975466024157678, 0.027645382540440678, 0.0, 0.0002446390500487088, 0.002768855202087792, 0.00033890985223000773, 0.006492423360539202, 0.0011184454041212927, 0.0013592032899930758, 0.010207163959583867, 0.0, 0.0, 0.0, 0.0, 0.03573471313216539, 0.0061620377691562955, 0.0003737812594659059, 0.004610941763547936, 0.0, 0.004542583711219245, 0.002541834249467077, 0.0, 0.03935432618902451, 0.001134657969057017, 0.05473516067541424, 0.021919925236360806, 0.018509109270658783, 0.012151920139405716, 0.0004849060183216729]}