{"labels": [0, 1, 2, 3, 4, 5, 6, 7, 8, 9, 10, 11, 12, 13, 14, 15, 16, 17, 18, 19, 20, 21, 22, 23, 24, 25, 26, 27, 28, 29, 30, 31, 32, 33, 34, 35, 36, 37, 38, 39], "data": [0.0, 0.0, 0.0, 0.0015009744177046872, 0.005197559257143163, 0.0, 0.0, 0.0, 0.0, 0.0033792355294050475, 0.008672557584245528, 0.0033910467222422495, 0.0, 0.0, 0.0, 0.006833151629649054, 0.0, 0.0, 0.00667692425768249, 0.0, 0.0039677524164809415, 0.0, 0.0, 0.0, 0.0, 0.039236009140040086, 0.0, 0.000298043231759429, 0.0, 0.0, 0.0, 0.0, 0.003319771644621019, 0.028515816878351096, 0.0, 0.0, 0.0055304098205480245, 0.011360180830443902, 0.004526375698671969, 0.004220888888227137]}