{"labels": [0, 1, 2, 3, 4, 5, 6, 7, 8, 9, 10, 11, 12, 13, 14, 15, 16, 17, 18, 19, 20, 21, 22, 23, 24, 25, 26, 27, 28, 29, 30, 31, 32, 33, 34, 35, 36, 37, 38, 39], "data": [0.0, 0.0, 0.0, 0.0, 0.0, 0.0, 0.0002813445441308997, 0.019707470205142248, 0.0, 0.0, 0.0, 0.00019361536350853548, 0.0, 0.0, 0.0186766605026233, 0.0, 0.022958883018615685, 0.0, 0.002730449826101588, 0.03152078556713498, 0.0, 0.00819921156054576, 0.0, 0.004118465012238272, 0.0011666688864208615, 0.004924899726757585, 0.0, 0.0, 0.0, 0.0, 0.0, 0.047349992904571786, 0.0, 0.0, 0.012846474439137135, 0.01238225203393097, 0.0, 0.048063749354165, 0.0, 0.0]}