{"labels": [0, 1, 2, 3, 4, 5, 6, 7, 8, 9, 10, 11, 12, 13, 14, 15, 16, 17, 18, 19, 20, 21, 22, 23, 24, 25, 26, 27, 28, 29, 30, 31, 32, 33, 34, 35, 36, 37, 38, 39], "data": [0.005746553414241793, 0.01374983470402768, 0.0035574858776006822, 0.0, 0.0018223281358259002, 0.007862317449122717, 0.030771257911469032, 0.013099298986073982, 0.01903976975668234, 0.028605554827750294, 0.0031166972472295978, 0.0, 0.01923912039754386, 0.002756813322324311, 0.0165777804976179, 0.0, 0.0, 0.0, 0.0, 0.0, 0.0017731842875746363, 0.011630384771590122, 0.0, 0.0035922579697851894, 0.0026069958112723574, 0.0, 0.002747355416876699, 0.0, 0.006704011331839723, 0.007635509335451253, 0.01006717644496066, 0.028560925231196486, 0.005104777876540578, 0.0, 0.022087743149580345, 0.0, 0.012096468263224733, 0.0, 0.002473565607447296, 0.006958179225323468]}