{"labels": [0, 1, 2, 3, 4, 5, 6, 7, 8, 9, 10, 11, 12, 13, 14, 15, 16, 17, 18, 19, 20, 21, 22, 23, 24, 25, 26, 27, 28, 29, 30, 31, 32, 33, 34, 35, 36, 37, 38, 39], "data": [0.017154326365373368, 0.0026629478461181293, 0.0019415126901735395, 0.0, 0.005158281150995833, 0.0, 0.0, 0.034624023842657455, 0.0, 0.0, 0.01883344170237881, 0.0, 0.0, 0.0, 0.03294602889047497, 0.0, 0.002946035381694236, 0.0, 0.0, 0.0, 0.0, 0.0, 0.0, 0.0022695682485931326, 0.002093635481739605, 0.0, 0.0, 0.0005593729441918441, 0.0, 0.0, 0.0, 0.0, 0.0, 0.0, 0.019626490432276652, 0.0, 0.0, 0.0023200397789331344, 0.0015704584075393992, 0.0]}