{"labels": [0, 1, 2, 3, 4, 5, 6, 7, 8, 9, 10, 11, 12, 13, 14, 15, 16, 17, 18, 19, 20, 21, 22, 23, 24, 25, 26, 27, 28, 29, 30, 31, 32, 33, 34, 35, 36, 37, 38, 39], "data": [0.012306064368796778, 0.005723891607778998, 0.0, 0.0020133979507549683, 0.01927671544864937, 0.0, 0.01414972151624125, 0.03363699024966629, 0.02022975197280266, 0.017725502695285677, 0.013763181444256107, 0.0027489897035413253, 0.0011467974351876613, 0.0, 0.0005039880225010195, 0.0, 0.0, 0.009004514788352852, 0.0, 0.0, 0.0, 0.0, 0.0, 0.0003480597663832046, 0.0018762991486235513, 0.0032968371490944264, 0.0, 0.018780475105706046, 0.0, 0.0, 0.0, 0.0038541621903783532, 0.002692475292376495, 0.004832600142560186, 0.0010418742282108367, 0.0, 0.0062789787692107, 0.0, 0.0, 0.003918246721574463]}