{"labels": [0, 1, 2, 3, 4, 5, 6, 7, 8, 9, 10, 11, 12, 13, 14, 15, 16, 17, 18, 19, 20, 21, 22, 23, 24, 25, 26, 27, 28, 29, 30, 31, 32, 33, 34, 35, 36, 37, 38, 39], "data": [0.0, 0.0, 0.0007439510819254295, 0.0, 0.01287472392474094, 0.00219088426956341, 0.0, 0.004411678007913484, 0.0, 0.028987621299508458, 0.0005429985036343479, 0.0, 0.014710959367891173, 0.001036563890579206, 0.0, 0.0, 0.05658308726365058, 0.020674651538891642, 0.002810669630932525, 0.023183574018954923, 0.0, 0.0006198683578552739, 0.0019065370924857942, 0.0, 0.0, 0.016409460670043206, 0.0, 0.0021845268477678624, 0.0, 0.0, 0.0, 0.0020157405488532656, 0.0007066596344151503, 0.0, 0.0074421107474604295, 0.0, 0.0, 0.017936090825815466, 0.0, 0.0]}