{"labels": [0, 1, 2, 3, 4, 5, 6, 7, 8, 9, 10, 11, 12, 13, 14, 15, 16, 17, 18, 19, 20, 21, 22, 23, 24, 25, 26, 27, 28, 29, 30, 31, 32, 33, 34, 35, 36, 37, 38, 39], "data": [0.0, 0.0, 0.0, 0.02741782948314704, 0.0, 0.0, 0.0, 0.0, 0.0, 0.016276382777708914, 0.0, 0.0, 0.003310172234940739, 0.0, 0.0, 0.0, 0.0, 0.10113853911733799, 0.026114211343318042, 0.024420023275716737, 0.0, 0.0, 0.0, 0.0015880748618825426, 0.0, 0.008123348522282935, 0.0, 0.0009619199188403709, 0.005080282159152299, 0.0, 0.0, 0.0, 0.0, 0.02333352457831877, 0.004485454835683655, 0.0, 0.004757553368798326, 0.0036060649515891126, 0.0, 0.0]}