{"labels": [0, 1, 2, 3, 4, 5, 6, 7, 8, 9, 10, 11, 12, 13, 14, 15, 16, 17, 18, 19, 20, 21, 22, 23, 24, 25, 26, 27, 28, 29, 30, 31, 32, 33, 34, 35, 36, 37, 38, 39], "data": [0.0, 0.0, 0.0, 0.0, 0.0, 0.0, 0.01046930775901456, 0.002608550624455732, 0.01253723858981711, 0.0, 0.0, 0.0, 0.0012196384634109074, 0.056287612109814936, 0.0, 0.0030819271624672744, 0.009215337096554423, 0.0, 0.0, 0.0562943579947162, 0.0, 0.00988020150993599, 0.001841133024904336, 0.0, 1.6411679774494889e-06, 0.0, 0.0, 0.001728703140265015, 0.0, 0.0, 0.0031209099540147156, 0.0, 0.0, 0.0, 0.0, 0.011620915518097404, 0.0, 0.0, 0.0, 0.0]}