{"labels": [0, 1, 2, 3, 4, 5, 6, 7, 8, 9, 10, 11, 12, 13, 14, 15, 16, 17, 18, 19, 20, 21, 22, 23, 24, 25, 26, 27, 28, 29, 30, 31, 32, 33, 34, 35, 36, 37, 38, 39], "data": [0.0, 0.0, 0.0, 0.0, 0.0, 0.0, 0.0152985776497501, 0.004091440239661792, 0.0, 0.0, 0.0, 0.0, 0.00018518909997421214, 0.0, 5.713217806910209e-06, 0.0, 0.0, 0.03621437945842919, 0.026255527982020962, 0.0, 0.0, 0.005425041604878375, 0.0002103152450611593, 0.0, 0.0, 0.0, 0.04137581153105304, 0.0, 0.0, 0.0025518215062611603, 0.0, 5.984905084404422e-05, 0.0, 0.006250798735119198, 0.0, 0.035704756173102065, 0.0, 0.022479969717630888, 0.03353116888154464, 0.0]}