{"labels": [0, 1, 2, 3, 4, 5, 6, 7, 8, 9, 10, 11, 12, 13, 14, 15, 16, 17, 18, 19, 20, 21, 22, 23, 24, 25, 26, 27, 28, 29, 30, 31, 32, 33, 34, 35, 36, 37, 38, 39], "data": [0.0050028176223491025, 0.0, 0.0, 0.0, 0.014550935421595164, 0.0, 0.0, 0.0016982327787894986, 0.0, 0.0, 0.006479719161492114, 0.0, 0.0, 0.0004862043306716669, 0.0, 0.0, 0.10362228859639913, 0.0034261086281060604, 0.010085283678021136, 0.0, 0.05123357343679412, 0.0, 0.0, 0.0, 0.0, 0.04051574248439196, 0.0, 0.004442317315848473, 0.003894390774217071, 0.011994188791169634, 0.0, 0.0, 0.0, 0.0, 0.013943817325799558, 0.0, 0.014630870864028983, 0.014616464732760445, 0.02316528970551157, 0.0]}