{"labels": [0, 1, 2, 3, 4, 5, 6, 7, 8, 9, 10, 11, 12, 13, 14, 15, 16, 17, 18, 19, 20, 21, 22, 23, 24, 25, 26, 27, 28, 29, 30, 31, 32, 33, 34, 35, 36, 37, 38, 39], "data": [0.0014320643784314759, 0.0, 0.0, 0.0, 0.0, 0.009207694595903844, 0.018994684531500376, 0.024815260101638842, 0.0, 0.0, 0.0, 0.0016496333006176683, 0.0, 0.0, 0.0, 0.014584690368722102, 0.00472954204047805, 0.012072937849092694, 0.008184912845362389, 0.0, 0.0, 0.026394873804239036, 0.039576165879661666, 0.0, 0.0, 0.015089098713115884, 0.0015846138253086289, 0.0, 0.0017025249100015892, 0.0, 0.008362511400905695, 0.0001770238626839033, 0.0, 0.0006857105799870135, 0.01599730146736422, 0.0, 0.0, 0.035949870689771284, 0.032487127781739386, 0.0015563416014357967]}