{"labels": [0, 1, 2, 3, 4, 5, 6, 7, 8, 9, 10, 11, 12, 13, 14, 15, 16, 17, 18, 19, 20, 21, 22, 23, 24, 25, 26, 27, 28, 29, 30, 31, 32, 33, 34, 35, 36, 37, 38, 39], "data": [0.00391445484662881, 0.0, 0.0, 0.0, 0.005646122663651264, 0.010572962531404866, 0.0, 0.0, 0.002096264450792909, 0.003021507716626061, 0.00042131787289356157, 0.10029439868322848, 0.0016955951221777697, 0.0, 0.002709899185594457, 0.0, 0.0, 0.0, 0.017639040771055527, 0.0, 0.0018749587437998595, 0.0020970981152987765, 0.0006989686461289358, 0.0, 0.0, 0.0, 0.004332893755290527, 0.0, 0.0, 0.006286495355740004, 0.03779073948614786, 0.0015502415753286972, 0.0, 0.02443301985371223, 0.019182976929525, 0.004336828248170805, 0.0055984844822631625, 0.006312944166551588, 0.0, 0.0]}