{"labels": [0, 1, 2, 3, 4, 5, 6, 7, 8, 9, 10, 11, 12, 13, 14, 15, 16, 17, 18, 19, 20, 21, 22, 23, 24, 25, 26, 27, 28, 29, 30, 31, 32, 33, 34, 35, 36, 37, 38, 39], "data": [0.0, 0.0, 0.03248009982089502, 0.0, 0.01824956052012757, 0.0, 0.005041975602576771, 0.0031099877689264067, 0.005435809488652197, 0.0, 0.00023794221446960827, 0.000900947458848589, 0.0, 0.0012230354522511399, 0.043213015374877206, 0.003586275630247667, 0.0, 0.0, 0.0, 0.0013150829760039103, 0.0, 0.0, 0.0, 0.0006538902995157549, 0.004695709566054224, 0.0, 0.0, 0.025501796880269843, 0.0, 0.015568571538751186, 0.015119247389652072, 0.00032108113879769244, 0.0007341670637059051, 0.009144846547020226, 0.001073558284527229, 0.0, 0.049032511896135667, 0.0, 0.0, 0.0]}