{"labels": [0, 1, 2, 3, 4, 5, 6, 7, 8, 9, 10, 11, 12, 13, 14, 15, 16, 17, 18, 19, 20, 21, 22, 23, 24, 25, 26, 27, 28, 29, 30, 31, 32, 33, 34, 35, 36, 37, 38, 39], "data": [0.0, 0.0, 0.0014615976516058186, 0.0, 0.012293571256864476, 0.000741987326843652, 0.0, 0.0, 0.0, 0.0, 0.0, 0.00041592860051668296, 0.0, 0.0005841949251217979, 0.0, 0.0, 0.0, 0.06218972421177102, 0.02025616561549068, 0.0, 0.0, 0.013235804215760049, 0.0, 0.0, 0.002057675649616719, 0.0, 0.0, 0.0, 0.0, 0.0, 0.0, 0.00072846530245049, 0.0, 0.026344504791684847, 0.007598674618736472, 0.006924780237816566, 0.006905901943407312, 0.0212179768150241, 0.0, 0.002455281879488966]}