{"labels": [0, 1, 2, 3, 4, 5, 6, 7, 8, 9, 10, 11, 12, 13, 14, 15, 16, 17, 18, 19, 20, 21, 22, 23, 24, 25, 26, 27, 28, 29, 30, 31, 32, 33, 34, 35, 36, 37, 38, 39], "data": [0.0, 0.0, 0.0, 0.002098967426793413, 0.0022953095237707786, 0.0, 0.032642483570368135, 0.0011406795242536313, 0.014418690514682834, 0.0, 0.0, 0.0006481624369949364, 0.029162619493105904, 0.0, 0.0, 0.0024576347185418356, 0.0, 0.0, 0.0, 0.0, 0.011042955888235425, 0.0067460310966904625, 0.0, 0.0, 0.0, 0.018638131959857196, 0.0055973685135235875, 0.0, 0.02052935353292132, 0.0, 0.00014431795388860342, 0.0005579440742552027, 0.0, 0.0, 0.03477690453508117, 0.0032628548318135576, 0.0, 0.03705206210796938, 0.004520788973951604, 0.007299282274698284]}