{"labels": [0, 1, 2, 3, 4, 5, 6, 7, 8, 9, 10, 11, 12, 13, 14, 15, 16, 17, 18, 19, 20, 21, 22, 23, 24, 25, 26, 27, 28, 29, 30, 31, 32, 33, 34, 35, 36, 37, 38, 39], "data": [0.009055105920624421, 0.002959863636481945, 0.011078590724502811, 0.0, 0.02662529542571948, 0.005452273442958615, 0.0033077654710106114, 0.042929680133969604, 0.0, 0.0, 0.0013206701109249744, 0.0, 0.014938900265725821, 0.004753378706962224, 0.0, 0.0, 0.0, 0.05790744073637415, 0.01434439548164137, 0.04080401018387377, 0.03308315250410682, 0.0002819512341382322, 0.0, 0.0, 0.01187337644676211, 0.0, 0.0, 0.0, 0.0003372595737004571, 0.006753276978136301, 0.007348448210764709, 0.0011379440272442519, 0.0, 0.00125122129168411, 0.025966388227961292, 0.0, 0.0, 0.0, 0.0, 0.002927934479758525]}