{"labels": [0, 1, 2, 3, 4, 5, 6, 7, 8, 9, 10, 11, 12, 13, 14, 15, 16, 17, 18, 19, 20, 21, 22, 23, 24, 25, 26, 27, 28, 29, 30, 31, 32, 33, 34, 35, 36, 37, 38, 39], "data": [0.003184766972075449, 0.0, 0.0, 0.0, 0.08629934050213585, 0.0, 0.005725590695792191, 0.0, 0.0, 0.01480421805948978, 0.0, 0.0, 0.0003579711387400769, 0.0, 0.0, 0.0, 8.741912827095077e-05, 0.017015358868022665, 0.0, 0.0, 0.0, 0.0, 0.0, 0.0032024516851085092, 0.0, 0.02527698827576242, 0.0, 0.0, 0.0, 0.0, 0.0007350469126769637, 0.0, 0.007107362443585947, 0.0, 0.022139928345798105, 0.0, 0.0033992645989802364, 0.0, 0.0, 0.0]}