{"labels": [0, 1, 2, 3, 4, 5, 6, 7, 8, 9, 10, 11, 12, 13, 14, 15, 16, 17, 18, 19, 20, 21, 22, 23, 24, 25, 26, 27, 28, 29, 30, 31, 32, 33, 34, 35, 36, 37, 38, 39], "data": [0.0, 0.0, 0.021808297559994114, 0.014230816458296037, 0.0022697165393831555, 0.0, 0.0, 0.0, 0.00043974234304208055, 0.0, 0.010551263497298279, 0.0, 0.0, 0.06548774052650712, 0.0, 0.0, 0.002983176119360836, 0.0, 0.0, 0.041179530339473684, 0.02622794456742958, 0.0, 0.0, 0.022626446697875557, 0.0, 0.0, 0.0, 3.3271285557317315e-05, 0.0, 0.012980687059035921, 0.0, 0.0, 0.0, 0.0, 0.0, 0.0, 0.017347326729226908, 0.0, 0.0, 0.0]}