{"labels": [0, 1, 2, 3, 4, 5, 6, 7, 8, 9, 10, 11, 12, 13, 14, 15, 16, 17, 18, 19, 20, 21, 22, 23, 24, 25, 26, 27, 28, 29, 30, 31, 32, 33, 34, 35, 36, 37, 38, 39], "data": [0.0, 0.0, 0.02121317397934962, 0.0, 0.0, 0.0, 0.004598865522297746, 0.0, 0.0, 0.009348196768169744, 0.034152532205032615, 0.0, 0.002387088829247525, 0.0, 0.0069444881942207, 0.0, 0.043360222755402494, 0.0, 0.0, 0.007061637427636435, 0.0028779383000396524, 0.0009254965971476497, 0.009431909281001466, 0.0, 0.01788798280939224, 0.0, 0.0, 0.0, 0.004673828289229524, 0.0033732449883028793, 0.08588373776166876, 0.0024280128310306447, 0.0, 0.0008243151961951128, 0.0024914979201115855, 0.0, 0.0, 0.0, 0.0, 0.0]}