{"labels": [0, 1, 2, 3, 4, 5, 6, 7, 8, 9, 10, 11, 12, 13, 14, 15, 16, 17, 18, 19, 20, 21, 22, 23, 24, 25, 26, 27, 28, 29, 30, 31, 32, 33, 34, 35, 36, 37, 38, 39], "data": [0.0010019080803515324, 0.0, 0.0026018340468961527, 0.005526274847052036, 0.014869704072815024, 0.10204813498198706, 0.005607644655383834, 0.01119309118106958, 0.006128500072065269, 0.007612455433527752, 0.004562191330513491, 0.0, 0.01165696701740831, 0.005931444889243586, 0.0, 0.0, 0.008072790688480744, 0.0, 0.010054577650002734, 0.0077138967103232425, 0.0, 9.586244223457619e-05, 0.041196785438899354, 0.0, 0.0, 0.002984299441276893, 0.003026979948457096, 0.03454324844683685, 0.0, 0.0, 0.005031612294081256, 0.055771168375554875, 0.0, 0.00677477226946417, 0.0, 0.017340243397174455, 0.0, 0.0, 0.0, 0.0]}