{"labels": [0, 1, 2, 3, 4, 5, 6, 7, 8, 9, 10, 11, 12, 13, 14, 15, 16, 17, 18, 19, 20, 21, 22, 23, 24, 25, 26, 27, 28, 29, 30, 31, 32, 33, 34, 35, 36, 37, 38, 39], "data": [5.749880760497628e-06, 0.0, 0.003055128094206914, 0.0, 0.0, 0.0, 0.0, 0.0007832639211562257, 0.0, 0.0023312210379553035, 0.002334733546471478, 0.0, 0.0, 0.010411102156132987, 0.0, 0.0010848587276800132, 0.003652746154720357, 0.0049152376537164345, 0.002999195147545205, 0.0025123166730878295, 0.0, 0.0, 0.0, 0.024089871028471467, 0.0, 0.0, 0.0012433713210043774, 0.0, 0.0008405275867049796, 0.0, 0.0, 0.0, 0.08436319438199014, 0.0048389349057946255, 0.007063468888558828, 0.0, 0.0, 0.0, 0.002866222862099979, 0.0005518951752111598]}