{"labels": [0, 1, 2, 3, 4, 5, 6, 7, 8, 9, 10, 11, 12, 13, 14, 15, 16, 17, 18, 19, 20, 21, 22, 23, 24, 25, 26, 27, 28, 29, 30, 31, 32, 33, 34, 35, 36, 37, 38, 39], "data": [0.13615791057028362, 0.0, 0.10216143744412529, 0.10664800926214071, 0.0, 0.0, 0.0, 0.0, 0.0, 0.03225045111889087, 0.026252137798878746, 0.0, 0.049387085506230534, 0.04830227047971263, 0.06438797080953206, 0.0, 0.010212570803258372, 0.2018658646921621, 0.19958200505647078, 0.0, 0.0, 0.06552706546418571, 0.022149349829542024, 0.0, 0.0, 0.008449935922592673, 0.019212739758851786, 0.0, 0.0, 0.0, 0.0, 0.03666096291685879, 0.0, 0.09356522203492379, 0.08843812494274039, 0.0, 0.006201854708994479, 0.0, 0.0, 0.0]}