{"labels": [0, 1, 2, 3, 4, 5, 6, 7, 8, 9, 10, 11, 12, 13, 14, 15, 16, 17, 18, 19, 20, 21, 22, 23, 24, 25, 26, 27, 28, 29, 30, 31, 32, 33, 34, 35, 36, 37, 38, 39], "data": [0.0, 0.0, 0.0008921117818466327, 0.006203399764612688, 0.0, 0.0, 0.0, 0.0, 0.022423923885544803, 0.02293540818779872, 0.04825041074522802, 0.005061754325713147, 0.0, 0.0019163911819785396, 0.0, 0.0012430252454237187, 0.0034900864288979505, 0.0, 0.0, 0.0, 0.0027031482470948947, 0.0027373944383972558, 0.003101083918542821, 0.002087515866703012, 0.0, 0.0, 0.0, 0.0, 0.0, 0.0, 0.02177168010934344, 0.0029917637546876116, 0.0, 0.023119033079103672, 0.013653197457206551, 0.0, 0.009920840297125729, 0.0, 0.00011502025966234556, 0.00443734396283928]}