{"labels": [0, 1, 2, 3, 4, 5, 6, 7, 8, 9, 10, 11, 12, 13, 14, 15, 16, 17, 18, 19, 20, 21, 22, 23, 24, 25, 26, 27, 28, 29, 30, 31, 32, 33, 34, 35, 36, 37, 38, 39], "data": [0.0, 0.0, 0.0, 0.0, 0.003613853922701266, 0.0, 0.0, 0.015878132559954187, 0.0, 0.003821328276232938, 0.0, 0.0346704622567695, 0.0, 0.0, 0.0, 0.0, 0.0, 0.052416238882482105, 0.0, 0.03025415676167767, 0.0, 0.047151768902459576, 0.0, 0.0016561334140052831, 0.0, 0.0, 0.0, 0.021260708911554214, 0.0, 0.0, 0.012737265608253404, 0.0, 0.0, 0.021696280844748155, 0.0, 0.0, 0.015272045900722073, 0.007086233490337353, 0.0, 0.0]}