{"labels": [0, 1, 2, 3, 4, 5, 6, 7, 8, 9, 10, 11, 12, 13, 14, 15, 16, 17, 18, 19, 20, 21, 22, 23, 24, 25, 26, 27, 28, 29, 30, 31, 32, 33, 34, 35, 36, 37, 38, 39], "data": [0.0, 0.0038952398789972027, 0.0, 0.0, 0.0, 0.0, 0.014101908919210433, 0.0, 0.057445964018944334, 0.004840332417181853, 0.0, 0.0, 0.0, 0.0, 0.004418026267167832, 0.0, 0.0, 0.0, 0.0, 0.0, 0.0, 0.0, 0.0, 0.0, 0.0003038598891334972, 0.0, 0.0019198849891317825, 0.0, 0.0, 0.0, 0.0, 0.0, 0.0, 0.0, 0.04277143087819908, 0.009076252104662244, 0.0, 0.0, 0.009142166245867722, 0.0]}