{"labels": [0, 1, 2, 3, 4, 5, 6, 7, 8, 9, 10, 11, 12, 13, 14, 15, 16, 17, 18, 19, 20, 21, 22, 23, 24, 25, 26, 27, 28, 29, 30, 31, 32, 33, 34, 35, 36, 37, 38, 39], "data": [0.006567561243060499, 0.038404383636361124, 0.013394877529742989, 0.02007238314338909, 0.014425026191310586, 0.0, 0.009634287761217638, 0.0, 0.0, 0.0, 0.003602121201269502, 0.0, 0.0297092822023071, 0.0049982181005184005, 0.0, 0.0, 0.024254661888661353, 0.0, 0.0, 0.0, 0.0, 0.0, 0.0, 0.0005237883182752956, 0.0, 0.005396159733318661, 0.0, 0.0, 0.010301078068814092, 0.012977817599129927, 0.0, 0.0021890200420724964, 0.0009545983347579675, 0.038270502237443216, 0.014274458426973365, 0.0, 0.0, 0.0317890741548453, 0.0, 0.0]}