{"labels": [0, 1, 2, 3, 4, 5, 6, 7, 8, 9, 10, 11, 12, 13, 14, 15, 16, 17, 18, 19, 20, 21, 22, 23, 24, 25, 26, 27, 28, 29, 30, 31, 32, 33, 34, 35, 36, 37, 38, 39], "data": [0.011157477049928205, 0.0006744132201692871, 0.0004386771416977925, 0.0, 0.0, 0.0, 0.0, 0.0678449753180959, 0.0, 0.0, 4.81477685670325e-05, 0.0, 0.0, 0.0, 0.0, 0.0, 0.0, 0.022232513871151407, 0.0, 0.0, 0.0, 0.0, 0.0, 0.0, 0.0, 0.0, 0.0, 0.03227553552596661, 0.008952158823379568, 0.000769837655425268, 0.0003541672415784862, 0.0, 0.0004869785440210992, 0.0, 0.013936157296484048, 0.0, 0.0, 0.05597805386615789, 0.0, 0.0002251222755858132]}