{"labels": [0, 1, 2, 3, 4, 5, 6, 7, 8, 9, 10, 11, 12, 13, 14, 15, 16, 17, 18, 19, 20, 21, 22, 23, 24, 25, 26, 27, 28, 29, 30, 31, 32, 33, 34, 35, 36, 37, 38, 39], "data": [0.0002997598300003758, 0.0, 0.0, 0.0, 0.0, 0.0, 0.006524288285673125, 0.0003976878362230714, 0.0, 0.0, 0.016520399743946725, 0.009012531044946037, 0.0, 0.0, 0.022122687975752304, 0.006728020087994188, 0.0, 0.013452842818645613, 0.0137865649369612, 0.0, 0.0, 0.007097641523066381, 0.0030133510595810515, 0.043924587816417025, 0.04237426902238039, 0.0, 0.0, 0.0, 0.0, 0.0, 0.0, 0.003666112100473288, 0.0, 0.0009434691421609916, 0.0, 0.0016476831560505569, 0.0, 0.004981123106089376, 0.011514980114372438, 0.0016019446244738948]}