{"labels": [0, 1, 2, 3, 4, 5, 6, 7, 8, 9, 10, 11, 12, 13, 14, 15, 16, 17, 18, 19, 20, 21, 22, 23, 24, 25, 26, 27, 28, 29, 30, 31, 32, 33, 34, 35, 36, 37, 38, 39], "data": [0.0, 0.0004826687166997571, 0.0, 0.0007091465422980712, 0.0, 0.0018453655466695914, 0.020169324813846746, 0.0, 0.005272891797688667, 0.0, 0.0, 0.0, 0.0, 0.0, 0.0, 0.0019116592418350728, 0.0, 0.0, 0.0, 0.002116689646554837, 0.0011730601049858215, 0.0, 0.00028107910126035096, 0.0, 0.05625705866423526, 0.0, 0.0027605191545751104, 3.4647218299318355e-05, 0.0038924747146563583, 0.01948536783560496, 0.0, 0.005273306182962527, 0.00313813808418808, 0.006201620049296523, 0.0, 0.0, 0.0, 0.03524148793086124, 0.0, 0.0]}