{"labels": [0, 1, 2, 3, 4, 5, 6, 7, 8, 9, 10, 11, 12, 13, 14, 15, 16, 17, 18, 19, 20, 21, 22, 23, 24, 25, 26, 27, 28, 29, 30, 31, 32, 33, 34, 35, 36, 37, 38, 39], "data": [0.0052336872678257484, 0.0, 0.0, 0.012634440856073294, 0.05481145145798214, 0.0, 0.010686001840825972, 0.010679356907449717, 0.0, 0.0, 0.0016028646841428837, 0.026571416897940115, 0.0, 0.0, 0.01711765639100553, 0.0, 0.0, 0.010032229921427802, 0.0019538855249077477, 0.0, 0.0, 0.0, 0.0, 0.0004600810780461963, 0.0, 0.014669139572500791, 0.0, 0.012795651855046492, 0.0, 0.0, 0.00016880993338034056, 0.0025846196588694167, 0.0, 0.03150750938789961, 0.029507829639396643, 0.0020985755105473723, 0.0, 0.033810497937014794, 0.036608230423882164, 0.00031692381248282856]}