{"labels": [0, 1, 2, 3, 4, 5, 6, 7, 8, 9, 10, 11, 12, 13, 14, 15, 16, 17, 18, 19, 20, 21, 22, 23, 24, 25, 26, 27, 28, 29, 30, 31, 32, 33, 34, 35, 36, 37, 38, 39], "data": [0.0, 0.0, 0.002284706950014707, 0.0, 0.015377000941574908, 0.0, 0.010386788598910297, 0.0, 0.0, 0.0, 0.0, 0.0014038042229018886, 0.010737623254891597, 0.020279065287589017, 0.0, 0.01579146747890699, 0.007272723274533223, 0.0, 0.0007761152716089626, 0.0, 0.006550341277088339, 0.06990979802225568, 0.005110650349080853, 0.0, 0.0, 0.008809531114656998, 0.0, 0.0, 0.019385207456530423, 0.005660177956510254, 0.035790988014627385, 0.0, 0.0, 0.01006546428830881, 0.011081453160292812, 0.010824479005032105, 0.0, 0.03233021542632636, 0.00323455666168362, 0.0]}