{"labels": [0, 1, 2, 3, 4, 5, 6, 7, 8, 9, 10, 11, 12, 13, 14, 15, 16, 17, 18, 19, 20, 21, 22, 23, 24, 25, 26, 27, 28, 29, 30, 31, 32, 33, 34, 35, 36, 37, 38, 39], "data": [0.0, 0.0008191615768508228, 0.0006432633259263146, 0.012739982888875748, 0.0, 0.03303370033314673, 0.0, 0.0027871465014932526, 0.0, 0.0, 0.001553157269039977, 0.03131800498640844, 0.03834569934485158, 0.0008315878536411311, 0.004735374266397263, 0.0, 0.0031994186561871106, 0.01671484990214264, 0.0, 0.0002587023189064386, 0.0, 0.028383425671741135, 0.0, 0.0015924123271404478, 0.0040577700437693055, 0.0068954660459079695, 0.0, 7.822290250917138e-05, 0.0006456225866109192, 0.0, 0.0, 0.0, 0.00124585453816849, 0.025700854894234414, 0.01946660523318114, 0.02521143603895844, 0.0, 0.04115544412373476, 0.03464026469456564, 0.0015812254047097665]}