{"labels": [0, 1, 2, 3, 4, 5, 6, 7, 8, 9, 10, 11, 12, 13, 14, 15, 16, 17, 18, 19, 20, 21, 22, 23, 24, 25, 26, 27, 28, 29, 30, 31, 32, 33, 34, 35, 36, 37, 38, 39], "data": [0.0, 0.0, 0.017211453225763576, 0.0, 0.002912882527573419, 0.0, 0.0, 0.04123041708430213, 0.0, 0.03397742045244727, 0.0, 0.027150048464624037, 0.0, 0.0, 0.0, 0.0, 0.02627080264924535, 0.0, 0.0, 0.0005365781745943745, 0.02933482001003922, 0.019524801352921273, 0.001373743634557496, 0.003069845359531362, 0.023917118911867458, 0.0, 0.0, 0.02830617345624811, 0.0010644250037757047, 0.0, 0.007457852179100239, 0.0, 0.058857556326597796, 0.012524880682701096, 0.01661057165403853, 0.06514434679682947, 0.006956930935694115, 0.0, 0.005969891811441734, 0.0018306419203037456]}