{"labels": [0, 1, 2, 3, 4, 5, 6, 7, 8, 9, 10, 11, 12, 13, 14, 15, 16, 17, 18, 19, 20, 21, 22, 23, 24, 25, 26, 27, 28, 29, 30, 31, 32, 33, 34, 35, 36, 37, 38, 39], "data": [0.022674607869615716, 4.564421111639543e-06, 0.0, 0.033952393564903656, 0.020987376651928933, 0.0, 0.0, 0.0, 0.0, 0.0, 0.0, 0.0, 0.0, 0.0, 0.0017464056637004012, 0.04381997488333932, 0.0, 0.004614401820586752, 0.03709021730352472, 0.022976441683353256, 0.012488008956489901, 0.0, 0.0, 0.0, 0.0, 0.003856289934056963, 0.0, 0.0, 0.0, 0.046302624055874785, 0.0, 0.0, 0.02682380617214141, 0.0, 0.0, 0.029112698896363365, 0.0, 0.0, 0.0, 0.0]}