{"labels": [0, 1, 2, 3, 4, 5, 6, 7, 8, 9, 10, 11, 12, 13, 14, 15, 16, 17, 18, 19, 20, 21, 22, 23, 24, 25, 26, 27, 28, 29, 30, 31, 32, 33, 34, 35, 36, 37, 38, 39], "data": [0.0009859488288736268, 0.019128326788570366, 0.0, 0.0018388575201070078, 0.0, 0.0, 0.0044639652685522155, 0.001086144312066913, 0.0, 0.021886938896683462, 0.008757374339634064, 0.0, 0.0, 0.010314588728496126, 0.014884937552892398, 0.028831526322893992, 0.012055494388688585, 0.06580549411085304, 0.002880164680816649, 0.019429843076496967, 0.0, 0.007371900584612049, 0.052316068773382456, 0.008639267738411492, 0.0, 0.0034466128813628698, 0.0, 0.015822155417937033, 0.0, 0.013312791529551825, 0.0, 0.0, 0.0, 0.008520152543483234, 0.0, 0.0007077027178617855, 0.015218805911317303, 0.009655930764869678, 0.0, 0.0015060933224348063]}