{"labels": [0, 1, 2, 3, 4, 5, 6, 7, 8, 9, 10, 11, 12, 13, 14, 15, 16, 17, 18, 19, 20, 21, 22, 23, 24, 25, 26, 27, 28, 29, 30, 31, 32, 33, 34, 35, 36, 37, 38, 39], "data": [0.0002851004679537846, 0.0, 0.0006952776123771355, 0.0, 0.0, 0.0, 0.0, 0.012789232552393863, 0.0, 0.0, 0.011068627378042442, 0.005013153500824702, 0.015863366368489104, 0.03416260151570648, 0.02780287668482872, 0.0, 0.00014405579783364857, 0.018372654306321946, 0.020166028745317543, 0.02603140103227007, 0.0, 0.0014758290989129864, 0.07098631439406486, 0.002404054029225089, 0.0, 0.0006026341420701032, 0.0, 0.01991884840016888, 0.0, 0.0, 0.05702185369507286, 0.0003691591340672583, 0.0, 0.009763574144108866, 0.0, 0.0, 0.0, 0.009823059137545333, 0.0033355386911856984, 0.0]}