{"labels": [0, 1, 2, 3, 4, 5, 6, 7, 8, 9, 10, 11, 12, 13, 14, 15, 16, 17, 18, 19, 20, 21, 22, 23, 24, 25, 26, 27, 28, 29, 30, 31, 32, 33, 34, 35, 36, 37, 38, 39], "data": [0.0, 0.0026855921967986244, 0.0, 0.03447815612517282, 0.0, 0.0, 0.0, 0.0, 0.001080032308031711, 0.0, 0.0, 0.0, 0.0, 0.0, 0.0, 0.0, 0.0, 0.0022720977492625763, 0.0, 8.183553963808207e-05, 0.05862070201731619, 0.0018840203193325404, 0.046249775661397576, 0.0, 0.0011137518583772333, 0.0, 0.0017820708087289891, 0.0, 0.0, 0.0, 0.02769439088529442, 0.10538587370636905, 0.0007643566236045849, 0.005943479725051538, 0.012680373089108715, 0.0, 0.004003326977283527, 0.0, 0.0, 0.0]}