{"labels": [0, 1, 2, 3, 4, 5, 6, 7, 8, 9, 10, 11, 12, 13, 14, 15, 16, 17, 18, 19, 20, 21, 22, 23, 24, 25, 26, 27, 28, 29, 30, 31, 32, 33, 34, 35, 36, 37, 38, 39], "data": [0.0, 0.0, 0.0, 0.0, 0.0, 0.04849322581227452, 0.011981964043193596, 0.0018830229280315696, 0.0, 0.0, 0.005213412058745048, 0.08028602846254937, 0.0020009302205415075, 0.001062497076775043, 0.0, 0.0, 0.0019793071983471608, 0.0, 0.0, 0.0010697488881492195, 0.0, 0.0, 0.0, 0.009317765477065455, 0.0, 0.0, 0.0, 0.0, 0.03125045212950088, 0.0, 5.885466731781857e-05, 0.0016132406199266414, 0.0, 0.02156295715480288, 0.0, 0.0, 0.0, 0.047796703671334616, 0.0, 0.0]}