{"labels": [0, 1, 2, 3, 4, 5, 6, 7, 8, 9, 10, 11, 12, 13, 14, 15, 16, 17, 18, 19, 20, 21, 22, 23, 24, 25, 26, 27, 28, 29, 30, 31, 32, 33, 34, 35, 36, 37, 38, 39], "data": [0.008644376086727083, 0.04331449829750732, 0.021941518757004497, 0.0, 0.005797810765909292, 0.05790345614753124, 0.010862516420557463, 1.3837003673925225e-05, 0.0, 0.005215516797896209, 0.0, 0.02942168293576901, 0.0, 0.0, 0.013196773765379312, 0.01594075373284655, 0.0, 0.00465044212202932, 0.0, 0.04055341935211621, 0.0, 0.02095265945536042, 0.00116495133494248, 0.07027554540902281, 0.0001286645289077262, 0.0, 0.0, 0.0009240246552920888, 0.0, 0.0005793762641359395, 0.0011990437994497108, 0.0, 0.0, 0.0, 0.004701960912616684, 0.0, 0.0004339716950641073, 0.012258471836280555, 0.009780341388410852, 0.08234964944908121]}