{"labels": [0, 1, 2, 3, 4, 5, 6, 7, 8, 9, 10, 11, 12, 13, 14, 15, 16, 17, 18, 19, 20, 21, 22, 23, 24, 25, 26, 27, 28, 29, 30, 31, 32, 33, 34, 35, 36, 37, 38, 39], "data": [0.00910545868724203, 0.0, 0.0, 0.0, 0.0, 0.0, 0.0, 0.0, 0.0, 0.013472886494240416, 0.0, 0.0, 0.008370719712271543, 0.005692869387428685, 0.0, 0.0022445084123016317, 0.0, 0.0, 0.011136263374674405, 0.0, 0.0, 0.0034305738561921035, 0.0, 0.0014883429716806965, 0.0, 0.0, 0.0, 0.0, 0.004034558534156765, 0.0, 0.0, 0.0023695050696419355, 0.007030109003692224, 0.01432670540419966, 0.0, 0.0, 0.0021609139180156466, 0.0045016540924542915, 0.05284760056209968, 0.0022797981125769772]}