{"labels": [0, 1, 2, 3, 4, 5, 6, 7, 8, 9, 10, 11, 12, 13, 14, 15, 16, 17, 18, 19, 20, 21, 22, 23, 24, 25, 26, 27, 28, 29, 30, 31, 32, 33, 34, 35, 36, 37, 38, 39], "data": [0.0004979910681959344, 0.0038823763817575447, 0.004056771570908988, 0.0, 0.017741194885163965, 0.0040168654197943725, 0.0, 0.0, 0.0, 0.0219457774873524, 0.0, 0.0, 0.0, 0.0005109935536980136, 0.007550544966437382, 0.0, 0.0012313892164253775, 0.03640581889431232, 0.0, 0.0010037427481298109, 0.0, 0.028952990112108997, 0.008158885577384511, 0.00932045986162659, 0.0, 0.0181179545752382, 0.005013198575811935, 0.004061969469630676, 0.0, 0.0, 0.0, 0.0, 0.033722630250546136, 0.0028735681965656006, 0.005925237461599485, 0.0057714806024506135, 0.0, 0.0, 0.0, 0.0]}