{"labels": [0, 1, 2, 3, 4, 5, 6, 7, 8, 9, 10, 11, 12, 13, 14, 15, 16, 17, 18, 19, 20, 21, 22, 23, 24, 25, 26, 27, 28, 29, 30, 31, 32, 33, 34, 35, 36, 37, 38, 39], "data": [0.0, 0.0, 0.000350542115349119, 0.0, 0.0361139042979181, 0.0, 0.0034942765456273815, 0.013972909663165787, 0.0019191255972674207, 0.004612230851198142, 0.005965113598039075, 0.0, 0.0, 0.0, 0.0, 0.0, 0.0, 0.02357204283163022, 0.0009297025398489708, 0.0006361137199500613, 0.0, 0.005277904857557122, 0.008082647231263078, 0.024480047715092212, 0.008576596217214853, 0.0, 0.03684393564305732, 0.0, 0.0, 0.0, 0.0006120262552535702, 0.05343414624120041, 0.039138523624359774, 0.0, 0.003462162550742509, 0.0, 0.0, 0.0, 0.0, 0.0]}