{"labels": [0, 1, 2, 3, 4, 5, 6, 7, 8, 9, 10, 11, 12, 13, 14, 15, 16, 17, 18, 19, 20, 21, 22, 23, 24, 25, 26, 27, 28, 29, 30, 31, 32, 33, 34, 35, 36, 37, 38, 39], "data": [0.0, 0.009164229646431916, 0.0011420674091054996, 0.04709319355838668, 0.013308876488560844, 0.014999708273837955, 0.054975747995800274, 0.0, 0.0, 0.0, 0.0027729186821989975, 0.002611031350254276, 0.0, 0.0003297792145147846, 6.331871329751289e-05, 0.000999920462644411, 0.0, 0.0010683346836958911, 0.0, 0.0, 0.0, 0.0, 0.0, 0.030460843450831197, 0.0, 0.0012249198816849283, 0.004307930832064309, 0.0, 0.0, 0.01108422330401803, 0.0, 0.0017469727384782769, 0.0, 0.0016048761210554967, 0.0, 0.0, 0.0, 0.002572546728499785, 0.015238218728039458, 0.002460815469085341]}