{"labels": [0, 1, 2, 3, 4, 5, 6, 7, 8, 9, 10, 11, 12, 13, 14, 15, 16, 17, 18, 19, 20, 21, 22, 23, 24, 25, 26, 27, 28, 29, 30, 31, 32, 33, 34, 35, 36, 37, 38, 39], "data": [0.007641506053240285, 0.0031220837446263145, 0.0010669412780877972, 0.0, 0.0, 0.0, 0.00608638949262353, 0.010424415358034999, 0.002131500747030182, 0.0, 0.0, 0.0, 0.0006621919458479047, 0.0, 0.001258989575313778, 0.0, 0.0, 0.0, 0.0011379704216602806, 0.0006457131744434883, 0.0, 0.005026756857934213, 0.0, 0.0, 0.0004232344365477422, 0.015558028358481092, 0.0021198515569109057, 6.504220416869339e-05, 0.0, 0.0, 0.0, 0.0, 0.0, 0.0, 0.024439709949680807, 0.006215450229169747, 0.004944212304648918, 0.025931722473822225, 0.0, 0.0]}