{"labels": [0, 1, 2, 3, 4, 5, 6, 7, 8, 9, 10, 11, 12, 13, 14, 15, 16, 17, 18, 19, 20, 21, 22, 23, 24, 25, 26, 27, 28, 29, 30, 31, 32, 33, 34, 35, 36, 37, 38, 39], "data": [0.009323485373110273, 0.0, 0.0, 0.0, 0.027936842354626346, 0.0, 0.006774116485220225, 0.022006729012762433, 0.005948282567452079, 0.0055950073724916815, 0.0, 0.0, 0.022665850740557953, 0.0024114759300529927, 0.0, 0.0, 0.0, 0.0, 0.029045820626211263, 0.0, 0.0026023770529734463, 0.0, 0.0, 0.0029222196023744964, 0.0, 0.008421127928148746, 0.028502266217982884, 0.00024036870827316532, 0.003769274386789521, 0.0, 0.00879977580395272, 0.0, 0.0016656783854394556, 0.0, 0.060397061006713576, 0.0, 0.0, 0.016215593709672804, 0.0016517470301636058, 0.0]}