{"labels": [0, 1, 2, 3, 4, 5, 6, 7, 8, 9, 10, 11, 12, 13, 14, 15, 16, 17, 18, 19, 20, 21, 22, 23, 24, 25, 26, 27, 28, 29, 30, 31, 32, 33, 34, 35, 36, 37, 38, 39], "data": [0.0028612908318760774, 0.0007947918631823724, 0.0, 0.0016162857839857835, 0.006143206417104387, 0.0006752985849232516, 0.02343257556737092, 0.0, 0.0012729392884211067, 0.0, 0.0, 0.0, 0.0, 0.0, 0.0, 0.0, 0.0, 0.0, 0.002971444160526197, 0.0005301071493922076, 0.0012479944790868202, 0.0, 0.0, 0.0, 0.0, 0.0, 0.0, 0.0, 0.0, 0.0, 0.0, 0.009448730476307305, 6.326646613610221e-05, 0.009743164686683202, 0.03259371670198185, 0.0042115307535648865, 0.0, 0.02393417905880713, 0.0, 0.0016074180536504946]}