{"labels": [0, 1, 2, 3, 4, 5, 6, 7, 8, 9, 10, 11, 12, 13, 14, 15, 16, 17, 18, 19, 20, 21, 22, 23, 24, 25, 26, 27, 28, 29, 30, 31, 32, 33, 34, 35, 36, 37, 38, 39], "data": [0.015898739265722966, 0.0, 0.002817977050772011, 0.0, 0.03500857305777717, 0.0, 0.003932321523304113, 0.008468049651916153, 0.00027055118934442654, 0.0, 0.0, 0.00046394423530057567, 0.0269559098027357, 0.0, 0.0020632761971319325, 0.0, 0.0, 0.014350198246357245, 0.006864176586154144, 0.0004886627705539071, 0.0367872135853197, 0.0007909442581714978, 0.0, 0.0, 0.001733050867968228, 3.3827405970171935e-06, 0.0019439457583658286, 0.025448262036627048, 0.0, 0.0, 0.0, 0.0, 0.0, 0.0, 0.00471575484533333, 0.0, 0.0, 0.08093333546497317, 0.013780317069376933, 0.004927137611490288]}