{"labels": [0, 1, 2, 3, 4, 5, 6, 7, 8, 9, 10, 11, 12, 13, 14, 15, 16, 17, 18, 19, 20, 21, 22, 23, 24, 25, 26, 27, 28, 29, 30, 31, 32, 33, 34, 35, 36, 37, 38, 39], "data": [0.0, 0.0, 0.029860569909473972, 0.0003833482875331799, 0.0, 0.0, 0.023140746752344902, 0.0, 0.0022110788809842877, 0.0, 0.08642620138914572, 0.0, 0.021743840261384473, 0.0, 0.0, 0.00566675568623007, 0.0, 0.0, 0.0, 0.0, 0.0, 0.0, 0.0, 0.0, 0.0, 0.0, 0.059745972574102295, 0.0, 0.10116590182958773, 0.008962743347374265, 0.0, 0.0, 0.0, 0.0, 0.0, 0.0, 0.0, 0.0, 0.0, 0.06872968742015056]}