{"labels": [0, 1, 2, 3, 4, 5, 6, 7, 8, 9, 10, 11, 12, 13, 14, 15, 16, 17, 18, 19, 20, 21, 22, 23, 24, 25, 26, 27, 28, 29, 30, 31, 32, 33, 34, 35, 36, 37, 38, 39], "data": [0.0, 0.0, 0.0, 0.008925581094868075, 0.0, 0.007714577252099193, 0.006110494896401775, 0.006629472547738909, 0.0, 0.008054538242410559, 0.0, 0.0, 0.01150021868731613, 0.0024753924583176433, 0.0, 0.0, 0.0, 0.0, 0.0, 0.03170209786464996, 0.013660925706092454, 0.0, 0.004004128445330104, 0.05783922634504899, 0.07220271419982391, 0.0, 0.0608476755122542, 0.0, 0.0, 0.0, 0.0, 0.058718823045868625, 0.0037357150144917152, 0.0, 0.0, 0.0, 0.019628267666419796, 0.005616416091029548, 0.006418479695546509, 0.030163696108126394]}