{"labels": [0, 1, 2, 3, 4, 5, 6, 7, 8, 9, 10, 11, 12, 13, 14, 15, 16, 17, 18, 19, 20, 21, 22, 23, 24, 25, 26, 27, 28, 29, 30, 31, 32, 33, 34, 35, 36, 37, 38, 39], "data": [0.0, 0.0, 0.0, 0.0, 0.026790576052278196, 0.0, 0.04157384804467399, 0.07278346156584112, 0.018035835635328727, 0.0, 0.0, 0.002486117167848198, 0.06009273655379811, 0.0, 0.007933176951886743, 0.000168481147630868, 0.0, 0.0, 0.0, 0.0, 0.0, 0.0260205177238742, 0.0, 0.0, 0.0, 0.017464188192557486, 0.0, 0.0, 0.0, 0.0, 0.0, 0.0, 0.0, 0.0, 0.006969562720779342, 0.0, 0.0, 0.02743110554440099, 0.0, 0.0]}