{"labels": [0, 1, 2, 3, 4, 5, 6, 7, 8, 9, 10, 11, 12, 13, 14, 15, 16, 17, 18, 19, 20, 21, 22, 23, 24, 25, 26, 27, 28, 29, 30, 31, 32, 33, 34, 35, 36, 37, 38, 39], "data": [0.009803477538814748, 0.0, 0.014005303893531542, 0.0, 0.00345852233144198, 0.0, 0.0, 0.0035012396971437054, 0.0, 0.008190301771617428, 0.02724808327365676, 0.0, 0.003991907014574086, 0.0013258711242817862, 0.008697968178288848, 0.0, 0.0, 0.0, 0.00034121241768369316, 0.04806818856498141, 0.0, 0.00020535742680911326, 0.0, 0.009365408957640963, 0.0062125386014638346, 0.0, 0.028205823032949537, 0.0018954566228681013, 0.016778762620255294, 0.006305929925444488, 0.014188256056600129, 0.0, 0.0, 0.003010373337679728, 0.004851574816426164, 0.002741421490861453, 0.0, 0.05748415667645192, 0.0014216263538644896, 0.00011464581496243118]}