{"labels": [0, 1, 2, 3, 4, 5, 6, 7, 8, 9, 10, 11, 12, 13, 14, 15, 16, 17, 18, 19, 20, 21, 22, 23, 24, 25, 26, 27, 28, 29, 30, 31, 32, 33, 34, 35, 36, 37, 38, 39], "data": [0.005169283681798238, 0.006192517309552103, 0.003071213112238432, 0.002915434853535511, 0.002325471465996625, 0.0, 0.0064315221172870085, 0.0, 0.006602565654555638, 0.0008056068150563962, 0.0019661235667317537, 0.0017714753103078326, 0.0, 0.0, 0.027788157067133955, 0.00017656035032325237, 0.0, 0.0, 0.0, 0.0, 0.006645226204096247, 0.0, 0.0, 0.0011383289035323913, 0.0, 0.0016641772552570791, 0.0, 0.00029067339673961173, 0.0, 0.0, 0.0, 0.0, 0.0, 0.0, 0.0, 0.004677913616879345, 0.022716271491364005, 0.0, 0.0, 0.003277005792857186]}