{"labels": [0, 1, 2, 3, 4, 5, 6, 7, 8, 9, 10, 11, 12, 13, 14, 15, 16, 17, 18, 19, 20, 21, 22, 23, 24, 25, 26, 27, 28, 29, 30, 31, 32, 33, 34, 35, 36, 37, 38, 39], "data": [0.0, 0.0, 0.0011505749956381675, 0.04000343778248188, 0.0, 0.0, 0.0, 0.0, 0.0, 0.0, 0.004551630909789708, 0.0, 0.0, 0.0, 0.0, 0.0, 0.005654088584341327, 0.0, 0.0, 0.0029496573143506597, 0.0, 0.001346552498621703, 0.0, 0.0017493674054194052, 0.03942078041021104, 0.009503419670432393, 0.0, 0.0, 0.00035561440421575074, 0.0005065487861800422, 0.0, 0.0, 0.001661484168937579, 0.007193218787986036, 0.0068836123317611506, 0.0, 0.024663491296990536, 0.0, 0.0, 0.0]}