{"labels": [0, 1, 2, 3, 4, 5, 6, 7, 8, 9, 10, 11, 12, 13, 14, 15, 16, 17, 18, 19, 20, 21, 22, 23, 24, 25, 26, 27, 28, 29, 30, 31, 32, 33, 34, 35, 36, 37, 38, 39], "data": [0.0, 0.0013960817754185644, 0.0, 0.0, 0.011567208738128373, 0.0, 0.028502536969520185, 0.006821770780429296, 0.0033884070346355344, 0.014781702110746581, 0.0, 0.0, 0.0, 0.06313543455548791, 0.0, 0.0, 0.0, 0.0, 0.04821432310465762, 0.0, 0.0, 0.0, 0.0, 0.0, 0.0, 0.0, 0.0, 0.0, 0.0, 0.0, 0.04934747232276102, 0.0, 0.0, 0.0, 0.0, 0.0, 0.0, 0.034468653157243796, 0.0, 0.0]}