{"labels": [0, 1, 2, 3, 4, 5, 6, 7, 8, 9, 10, 11, 12, 13, 14, 15, 16, 17, 18, 19, 20, 21, 22, 23, 24, 25, 26, 27, 28, 29, 30, 31, 32, 33, 34, 35, 36, 37, 38, 39], "data": [0.0006280222375445559, 0.0030234756693117734, 0.012721799281506137, 0.01875163182555147, 0.0, 0.007082665406878916, 0.004590855813461784, 0.0, 0.005164130365672706, 0.0, 0.0023415704338891874, 0.0005700067410378377, 0.009533551529047222, 0.0, 0.003117584745461007, 0.0, 0.0, 0.02323467891844737, 0.015915141448647037, 0.0, 0.004691966408562074, 0.0, 0.02972038789130316, 0.0, 0.0, 0.04064840714151341, 0.0013091499837499217, 0.0, 0.0, 0.006945649752665548, 0.0, 0.023588349062277875, 0.0, 0.0, 0.04128456140380165, 0.00221465890022599, 0.0, 0.02663732715814939, 0.0, 0.0]}