{"labels": [0, 1, 2, 3, 4, 5, 6, 7, 8, 9, 10, 11, 12, 13, 14, 15, 16, 17, 18, 19, 20, 21, 22, 23, 24, 25, 26, 27, 28, 29, 30, 31, 32, 33, 34, 35, 36, 37, 38, 39], "data": [0.002786136454303672, 0.008230520472416545, 0.0041281033994223105, 0.0, 0.0, 0.0, 0.02763356614417054, 0.0, 0.0, 0.0, 0.07407599010867084, 0.0, 0.0, 0.0, 0.0, 0.0001745855664146929, 0.0, 0.0, 0.0, 0.03320961462833507, 0.0072079455783012475, 0.0, 0.0, 0.0009104524848797926, 0.0, 0.0, 0.0, 0.0008740665518572685, 0.0, 0.0, 0.0, 0.0, 0.0, 0.0, 0.0, 0.016929230535099343, 0.0, 0.0, 0.0, 0.0004921060872867474]}