{"labels": [0, 1, 2, 3, 4, 5, 6, 7, 8, 9, 10, 11, 12, 13, 14, 15, 16, 17, 18, 19, 20, 21, 22, 23, 24, 25, 26, 27, 28, 29, 30, 31, 32, 33, 34, 35, 36, 37, 38, 39], "data": [0.0, 0.004055609297881963, 0.0028670670219310764, 0.0416697797052429, 0.0, 0.0, 0.03149456005400748, 0.00025328925194810487, 0.00497839671245357, 0.020558690234091563, 0.010758649671415208, 0.0014504188324742566, 0.002464139770949418, 0.0, 0.0, 0.0020117499828687237, 0.0, 0.0, 0.0, 0.0030395794269848266, 0.008978158616262272, 0.004422132605242178, 0.003187349194336658, 0.0, 0.00022249979946939422, 0.012028934094338608, 0.0007783585315477733, 0.0, 0.004434369430694095, 0.0, 0.0, 0.0073886262009037655, 0.0027395046093962308, 0.005315625854407507, 0.0, 0.010370904734257258, 0.0, 0.0, 0.0, 0.0]}