{"labels": [0, 1, 2, 3, 4, 5, 6, 7, 8, 9, 10, 11, 12, 13, 14, 15, 16, 17, 18, 19, 20, 21, 22, 23, 24, 25, 26, 27, 28, 29, 30, 31, 32, 33, 34, 35, 36, 37, 38, 39], "data": [0.0, 0.0, 0.0, 0.0, 0.01837605647794102, 0.07592197601702427, 0.0, 0.0021513462234744726, 0.0007867548951965696, 0.0, 0.0, 0.03771310646678965, 0.0, 0.0, 0.003020405697478996, 0.01077189953531309, 0.04056459664522868, 0.0, 0.001782776411437997, 0.0, 0.009481435680815479, 0.02192374696308841, 0.0, 0.0, 0.0, 0.03888945071722176, 0.0, 0.0, 0.0, 0.0, 0.023737562136368948, 0.004853174152365595, 0.0, 0.0, 0.003174102550345014, 0.0, 0.0, 0.0, 0.02482350711250557, 0.03520841816228718]}