{"labels": [0, 1, 2, 3, 4, 5, 6, 7, 8, 9, 10, 11, 12, 13, 14, 15, 16, 17, 18, 19, 20, 21, 22, 23, 24, 25, 26, 27, 28, 29, 30, 31, 32, 33, 34, 35, 36, 37, 38, 39], "data": [0.0008724242213596043, 0.0, 0.0, 0.0, 0.0, 0.0, 0.015514633534376765, 0.018730410696530937, 0.005455530613211085, 0.0, 0.0, 0.00042092888579695157, 0.0, 0.00021136690033133506, 0.0, 0.0, 0.0, 0.0049608697191197045, 0.0, 0.0006646395718935505, 0.0, 0.0, 0.0, 0.0, 0.0, 0.00021235330421632317, 0.00019415806811792145, 0.019114078428275963, 0.0, 0.0, 0.0, 0.0, 0.0, 0.037095094921583256, 0.0001335820723831871, 0.0104402323824228, 0.0, 0.05451360674603761, 0.0, 0.039194109868590274]}