{"labels": [0, 1, 2, 3, 4, 5, 6, 7, 8, 9, 10, 11, 12, 13, 14, 15, 16, 17, 18, 19, 20, 21, 22, 23, 24, 25, 26, 27, 28, 29, 30, 31, 32, 33, 34, 35, 36, 37, 38, 39], "data": [0.004071377929221514, 0.0, 0.0, 0.0, 0.025345752555441043, 0.0, 0.02232094768028942, 0.0001467332535164316, 0.0, 0.0, 0.02868900015899133, 0.0, 0.01402262023619469, 0.003297758765931859, 0.0, 0.0, 0.0, 0.0, 0.0, 0.0, 0.0, 0.0, 0.0, 0.0, 0.0, 0.0, 0.0, 0.0, 0.0, 0.0, 0.0, 0.0, 0.0017515117232969394, 0.005958663944979624, 0.022084896079919623, 0.0, 0.0, 0.003712421181539209, 0.0, 0.0]}