{"labels": [0, 1, 2, 3, 4, 5, 6, 7, 8, 9, 10, 11, 12, 13, 14, 15, 16, 17, 18, 19, 20, 21, 22, 23, 24, 25, 26, 27, 28, 29, 30, 31, 32, 33, 34, 35, 36, 37, 38, 39], "data": [0.0031322027805371962, 0.0032442583181033924, 0.004045349745488491, 0.0, 0.0, 0.0, 0.046598075245204165, 0.0, 0.0, 0.03154178443622721, 0.0, 0.0, 0.0, 0.0, 0.0, 0.0, 0.0, 0.0, 0.0, 0.0, 0.0, 0.0, 0.00024820871885025393, 0.0, 0.0, 0.0061584976376970165, 0.0, 0.0, 0.002388149169179016, 0.0, 0.0, 0.0, 0.0, 0.0, 0.015548635267650717, 0.0, 0.0, 0.016507509794999597, 0.06259630734723969, 0.0]}