{"labels": [0, 1, 2, 3, 4, 5, 6, 7, 8, 9, 10, 11, 12, 13, 14, 15, 16, 17, 18, 19, 20, 21, 22, 23, 24, 25, 26, 27, 28, 29, 30, 31, 32, 33, 34, 35, 36, 37, 38, 39], "data": [0.0, 0.0018849460249180424, 0.0, 0.0, 0.005769703161599057, 0.0, 0.0016958678649975068, 0.013941146659920333, 0.005275504161269911, 0.0, 0.0, 0.0014219438131182214, 0.05192069710182804, 0.0, 0.016423700215478683, 0.0, 0.0032083373534563817, 0.04036872426105485, 0.0, 0.00011635618394217242, 0.009624668860266574, 0.0, 0.008887773210936232, 0.007681415620258485, 0.0, 0.012819870608891813, 0.00048687828481020965, 0.030892778894554798, 0.0, 0.019914247881137215, 0.0, 0.0, 0.00017153384187580683, 0.01583715353996034, 0.012530775441523633, 0.04593185502066329, 0.0037914321659708737, 0.0, 0.0, 0.0]}