{"labels": [0, 1, 2, 3, 4, 5, 6, 7, 8, 9, 10, 11, 12, 13, 14, 15, 16, 17, 18, 19, 20, 21, 22, 23, 24, 25, 26, 27, 28, 29, 30, 31, 32, 33, 34, 35, 36, 37, 38, 39], "data": [0.022234514056601658, 0.0, 1.8783171937388063e-05, 0.004948668693879226, 0.040174181577349366, 0.00010346008338882227, 0.012414164329328991, 0.0, 0.0, 0.0, 0.0, 0.0, 0.0071752471009311905, 0.0, 0.0, 0.0, 0.0, 0.006210992936340493, 0.0308579865841226, 0.0205511051730302, 0.0, 0.0008756518441088002, 0.0, 0.0, 0.0, 0.01515847823877423, 0.030539815368640977, 0.0, 0.0, 0.0, 0.0, 0.00892862830163025, 0.0, 0.0, 0.0, 0.006457554829588491, 0.0, 0.035097737634373266, 0.0, 0.0]}