{"labels": [0, 1, 2, 3, 4, 5, 6, 7, 8, 9, 10, 11, 12, 13, 14, 15, 16, 17, 18, 19, 20, 21, 22, 23, 24, 25, 26, 27, 28, 29, 30, 31, 32, 33, 34, 35, 36, 37, 38, 39], "data": [0.04341515743119809, 0.0, 0.0, 0.0674702695642524, 0.024470324600889496, 0.0, 0.0, 0.0, 0.0069830749157066005, 0.0, 0.0, 0.0, 0.0, 0.019896807906079887, 0.0, 0.0, 0.0, 0.0, 0.0, 0.023385695293501367, 0.002839895449335315, 0.0, 0.0, 0.0, 0.0, 0.04178784925248983, 0.0, 0.0, 0.0, 0.0, 0.00924473131333555, 0.0, 0.0, 0.0, 0.0, 0.001967385314024056, 0.0, 0.12386509439997889, 0.0, 0.0]}