{"labels": [0, 1, 2, 3, 4, 5, 6, 7, 8, 9, 10, 11, 12, 13, 14, 15, 16, 17, 18, 19, 20, 21, 22, 23, 24, 25, 26, 27, 28, 29, 30, 31, 32, 33, 34, 35, 36, 37, 38, 39], "data": [0.0, 0.0036181339334923697, 0.0, 0.014174921106080518, 0.0, 0.0, 0.0, 0.04278384401273746, 0.0, 0.0, 0.0, 0.0, 0.008761078764388374, 0.0, 0.0, 0.0, 0.007753466545347981, 0.010567638490917693, 0.0, 0.0, 0.00226756519219391, 0.00872241856517675, 0.0012824662343129498, 0.0, 6.990197306535872e-05, 0.01237139954714442, 0.0007540435579776921, 0.04601549813510944, 0.0, 0.0, 0.03236505307020214, 0.0, 0.0003227953328071951, 0.008829759018736175, 0.016038512400220653, 0.004700517656333386, 0.007449813092765934, 0.0038370489441135, 0.0015496508473773925, 0.0019899550278929317]}