{"labels": [0, 1, 2, 3, 4, 5, 6, 7, 8, 9, 10, 11, 12, 13, 14, 15, 16, 17, 18, 19, 20, 21, 22, 23, 24, 25, 26, 27, 28, 29, 30, 31, 32, 33, 34, 35, 36, 37, 38, 39], "data": [0.0, 0.0, 0.0, 0.0, 0.015163591080943424, 0.023866154891914897, 0.0, 0.006682799650471608, 0.0, 0.0, 0.005995212989225648, 0.007769750530525878, 0.007191535286839261, 0.00017228430357356104, 0.0, 0.0, 0.0, 0.0028673320569376007, 0.0, 0.0, 0.0, 0.004231751251745661, 0.002766808768602198, 0.0, 0.0209662534064414, 0.008482428941374156, 0.0007483390784308161, 0.0, 0.004472197366389972, 0.0, 0.005583339120676184, 0.00325457800895775, 0.0, 0.0, 0.004017696382474877, 0.0002596510165529358, 0.003104977253484169, 0.12069034237693227, 0.0019215256696150746, 0.0016563970685855797]}