{"labels": [0, 1, 2, 3, 4, 5, 6, 7, 8, 9, 10, 11, 12, 13, 14, 15, 16, 17, 18, 19, 20, 21, 22, 23, 24, 25, 26, 27, 28, 29, 30, 31, 32, 33, 34, 35, 36, 37, 38, 39], "data": [0.0, 0.0, 0.0, 0.0, 0.002388625525499816, 0.0, 0.0, 0.0, 0.03660239481883723, 0.0, 0.0, 0.0, 7.298075853559247e-05, 0.0, 0.0, 0.0, 0.003339462229673297, 0.0019288925452019335, 0.0, 0.0, 0.008647150127245476, 0.06658590152320448, 0.0, 0.0, 0.0, 0.010243389422673246, 0.010777173236833883, 0.0, 0.0, 0.0, 0.0, 0.0, 0.0, 0.0, 0.0, 0.06870109219970308, 0.0, 0.0032547716553546486, 0.01404085347460153, 0.0010615924056647673]}