{"labels": [0, 1, 2, 3, 4, 5, 6, 7, 8, 9, 10, 11, 12, 13, 14, 15, 16, 17, 18, 19, 20, 21, 22, 23, 24, 25, 26, 27, 28, 29, 30, 31, 32, 33, 34, 35, 36, 37, 38, 39], "data": [0.11166529337255447, 0.0, 0.0, 0.0, 0.012458918598272167, 0.0038685999564256495, 0.2143833533521584, 0.0, 0.0, 0.0, 0.2661303231528297, 0.0, 0.0, 0.0, 0.16161226721498378, 0.0, 0.130616840445802, 0.0, 0.0, 0.001140765068962177, 0.029272361012223472, 0.0, 0.0, 0.05015606584417688, 0.0, 0.08471215360477531, 0.0, 0.07672985563432201, 0.004996277523155578, 0.0, 0.019817697344253513, 0.0, 0.0, 0.0, 0.042509738187626094, 0.10907033046121109, 0.0, 0.0, 0.0, 0.0]}