{"labels": [0, 1, 2, 3, 4, 5, 6, 7, 8, 9, 10, 11, 12, 13, 14, 15, 16, 17, 18, 19, 20, 21, 22, 23, 24, 25, 26, 27, 28, 29, 30, 31, 32, 33, 34, 35, 36, 37, 38, 39], "data": [0.0, 0.002275166759594604, 0.0, 0.0, 0.014401363284724618, 0.0, 0.025491698673016216, 0.0, 0.009926771417042622, 0.0, 0.0, 0.009523652921838252, 0.0, 0.0, 0.0, 0.013365012868674512, 0.0, 0.0019994369419344587, 0.022911758744382883, 0.0, 0.0360074396124449, 0.02748192156649387, 0.0, 0.0, 0.001210945419878836, 0.0, 0.011881807964467977, 0.016356097163846974, 0.0, 0.0, 0.006946701342003069, 0.0, 0.001088921929208786, 0.0, 0.010999167590135828, 0.03384625655050868, 0.002196878345809171, 0.05677546603885599, 0.042135895453929505, 0.0]}