{"labels": [0, 1, 2, 3, 4, 5, 6, 7, 8, 9, 10, 11, 12, 13, 14, 15, 16, 17, 18, 19, 20, 21, 22, 23, 24, 25, 26, 27, 28, 29, 30, 31, 32, 33, 34, 35, 36, 37, 38, 39], "data": [0.014655316061826313, 0.0024649304194225576, 0.001364996741694062, 0.0, 0.0005653629099586938, 0.0, 0.0, 0.0, 0.0, 0.0, 0.004222421934850891, 0.03235401777181737, 0.003802158315857821, 0.0, 0.001632925028664996, 0.0, 0.0, 0.055378412093249896, 0.0, 0.0, 0.01888979189637594, 0.0012961587098615573, 0.02782961016970755, 0.0, 0.0, 0.009186265007134117, 0.0, 0.01618364590412984, 0.0, 0.0, 0.0, 0.0, 0.00022721356522126775, 0.010092727631077287, 0.0, 0.0, 0.03309116395882644, 0.0, 0.0, 0.0030159712639198084]}