{"labels": [0, 1, 2, 3, 4, 5, 6, 7, 8, 9, 10, 11, 12, 13, 14, 15, 16, 17, 18, 19, 20, 21, 22, 23, 24, 25, 26, 27, 28, 29, 30, 31, 32, 33, 34, 35, 36, 37, 38, 39], "data": [0.009684178378659428, 0.001392915343968676, 0.011942322464632492, 0.0, 0.011357777800864667, 0.017418399250981875, 0.004628085719561548, 0.020752051081294527, 0.0, 0.027480357571691677, 0.0054371485533309515, 0.0, 0.0, 0.03710123524724647, 0.0, 0.0, 0.0, 0.05479324650865991, 0.012059649486164338, 0.00013684421697808172, 0.0, 0.027347962473863, 0.0, 0.0, 0.00471787880602955, 0.0, 0.0030650727465783415, 0.0, 0.0, 0.0, 0.0, 3.160314251996879e-05, 0.0, 0.008101233096118295, 0.006630580201027921, 0.0, 0.012503398399499406, 0.0, 0.024400608263493873, 0.02440649975452757]}