{"labels": [0, 1, 2, 3, 4, 5, 6, 7, 8, 9, 10, 11, 12, 13, 14, 15, 16, 17, 18, 19, 20, 21, 22, 23, 24, 25, 26, 27, 28, 29, 30, 31, 32, 33, 34, 35, 36, 37, 38, 39], "data": [0.0, 0.041387174912849274, 0.0, 0.0, 0.0, 0.0, 0.0186285058472134, 0.0, 0.0, 0.003284734634745762, 0.011456420787498658, 0.0, 0.0, 0.0013171784145655611, 0.007959204433419567, 0.0, 0.0, 0.0, 0.0, 0.0010115907142643284, 0.0, 0.0013465274506556503, 0.0005831542013831355, 0.002891411868932597, 0.0, 0.0, 0.0, 0.0006770085910171048, 0.0, 0.0, 0.01744166957068693, 0.0011422623442499725, 0.0, 0.004123391822171156, 0.0, 0.12352692766455499, 0.007387498285959806, 0.0, 0.0, 0.0]}