{"labels": [0, 1, 2, 3, 4, 5, 6, 7, 8, 9, 10, 11, 12, 13, 14, 15, 16, 17, 18, 19, 20, 21, 22, 23, 24, 25, 26, 27, 28, 29, 30, 31, 32, 33, 34, 35, 36, 37, 38, 39], "data": [0.003941108714344565, 0.0038949258138072287, 0.034675893346611926, 0.0, 0.0, 0.0, 0.03362273325807713, 0.03773647443095589, 0.0, 0.01150524071300097, 0.0, 0.0, 0.0, 0.004030238181494627, 0.0, 0.002352351404813283, 0.0, 0.0, 0.0, 0.0006179126976130345, 0.0062562710824595495, 0.0036046493765054823, 0.0005209056643362155, 0.016042966580973338, 0.0, 0.0032577473346440695, 0.0, 0.0, 0.0, 0.0, 0.0, 0.0, 0.0, 0.0, 0.001862319577630116, 0.0, 0.0, 0.0, 0.0, 0.0]}