{"labels": [0, 1, 2, 3, 4, 5, 6, 7, 8, 9, 10, 11, 12, 13, 14, 15, 16, 17, 18, 19, 20, 21, 22, 23, 24, 25, 26, 27, 28, 29, 30, 31, 32, 33, 34, 35, 36, 37, 38, 39], "data": [0.0, 0.010234421175796515, 0.004963970231414702, 0.0, 0.0, 0.0, 0.011983575895532445, 0.0, 0.0, 0.0008904023821502604, 0.0015795474538841706, 0.0, 0.0, 0.04557868891906362, 0.0, 0.0, 0.0, 0.0, 0.0, 0.0008390896810004087, 0.0, 0.0, 0.0, 0.05115086555791427, 0.0, 0.0, 0.0, 0.002967365566284833, 0.015113098649431016, 0.0001966073741457521, 0.0, 0.0, 0.0, 0.0, 0.0, 0.0, 0.0, 0.05853513758409398, 0.0, 0.0008037179866837117]}