{"labels": [0, 1, 2, 3, 4, 5, 6, 7, 8, 9, 10, 11, 12, 13, 14, 15, 16, 17, 18, 19, 20, 21, 22, 23, 24, 25, 26, 27, 28, 29, 30, 31, 32, 33, 34, 35, 36, 37, 38, 39], "data": [0.0032531894793922534, 0.0, 0.0, 0.01939540263690271, 0.0, 0.0008844617331363614, 0.0, 0.0, 0.0036423639239209424, 0.0, 0.0, 0.0009842541502300087, 0.0, 0.03548537289438506, 0.0, 0.0, 0.0017396570968197518, 0.008952481162737108, 0.0, 0.0, 0.0, 0.002642086256585179, 0.0, 0.025787329671955544, 0.0, 0.02464443010700542, 0.046512628376076746, 0.01449123646382675, 0.011881396534336121, 0.0, 0.005119331874784694, 0.04900797510141895, 0.0507213827171591, 0.05806315943701527, 0.0, 0.0, 0.0, 0.04208798113052507, 0.009229548971366427, 0.0]}