{"labels": [0, 1, 2, 3, 4, 5, 6, 7, 8, 9, 10, 11, 12, 13, 14, 15, 16, 17, 18, 19, 20, 21, 22, 23, 24, 25, 26, 27, 28, 29, 30, 31, 32, 33, 34, 35, 36, 37, 38, 39], "data": [0.04641015286468288, 0.0, 0.0, 0.010008920989117532, 0.02728563700769792, 0.0030993410573859222, 0.003035967292161024, 0.00628215554168881, 0.0, 0.0, 0.0017638276745465173, 0.0003660389931280639, 0.0, 0.0, 0.010590698992583535, 0.0016863423048095103, 0.01434715324389577, 0.014603494958879873, 0.022140932568152426, 0.0, 0.0019185250784166195, 0.0249266745172897, 0.0, 0.0, 0.0, 0.018464883231839452, 0.0, 0.013178234743919253, 0.0, 0.0026124347044579554, 0.0, 0.0, 0.0, 0.0, 0.05076840995372308, 0.0, 0.0, 0.008124524856924952, 0.0015235097107318993, 0.01861135059124469]}