{"labels": [0, 1, 2, 3, 4, 5, 6, 7, 8, 9, 10, 11, 12, 13, 14, 15, 16, 17, 18, 19, 20, 21, 22, 23, 24, 25, 26, 27, 28, 29, 30, 31, 32, 33, 34, 35, 36, 37, 38, 39], "data": [0.0, 0.03466058276548327, 0.025647054958623156, 0.013316247134232203, 0.0, 0.0052245588315439516, 0.02102648316949261, 0.0, 0.0, 0.0, 0.031241739862746996, 0.0, 0.0, 0.0, 0.06191757174405534, 0.0, 0.0, 0.0, 0.0, 0.0, 0.0, 0.0, 0.0, 0.0, 0.0, 0.0, 0.0, 0.0, 0.0, 0.0, 0.024314506625749608, 0.0, 0.0, 0.0, 0.0, 0.0, 0.05180230035547767, 0.0, 0.0, 0.0]}