{"labels": [0, 1, 2, 3, 4, 5, 6, 7, 8, 9, 10, 11, 12, 13, 14, 15, 16, 17, 18, 19, 20, 21, 22, 23, 24, 25, 26, 27, 28, 29, 30, 31, 32, 33, 34, 35, 36, 37, 38, 39], "data": [0.0, 0.001000011963178214, 0.016562949466054605, 0.0, 0.0, 0.009978597267188341, 0.0, 0.04136944556665785, 0.0, 0.0004265709387089446, 0.0, 0.0, 0.015162143120849422, 0.0, 0.002375159146156444, 0.0, 0.0, 0.008486915548018354, 0.0, 0.030770028969701307, 0.0, 0.06178160103240958, 0.09872146294585635, 0.02864040245281454, 0.07511930855597866, 0.0, 0.0, 0.0013922722450909273, 0.0, 0.0, 0.0, 0.0, 0.0, 0.0, 0.0, 0.0, 0.0, 0.0, 0.0, 0.0]}