{"labels": [0, 1, 2, 3, 4, 5, 6, 7, 8, 9, 10, 11, 12, 13, 14, 15, 16, 17, 18, 19, 20, 21, 22, 23, 24, 25, 26, 27, 28, 29, 30, 31, 32, 33, 34, 35, 36, 37, 38, 39], "data": [0.0052055061128708875, 0.05750036553404075, 0.0025909631201392756, 0.0015722422308429456, 0.0, 0.0, 0.0, 0.0, 0.0, 0.012195800143995031, 0.0, 0.0, 0.011027412367850842, 0.0, 0.06970269515901016, 0.0, 0.0, 0.0, 0.0, 0.0, 0.0, 0.0, 0.0, 0.0, 0.0, 0.0, 0.032604611304524245, 0.0, 0.025711172262529686, 0.0, 0.0, 0.0, 0.0, 0.03839579853379648, 0.0, 0.0, 0.0039983862908655795, 0.0, 0.0, 0.0]}