{"labels": [0, 1, 2, 3, 4, 5, 6, 7, 8, 9, 10, 11, 12, 13, 14, 15, 16, 17, 18, 19, 20, 21, 22, 23, 24, 25, 26, 27, 28, 29, 30, 31, 32, 33, 34, 35, 36, 37, 38, 39], "data": [0.0, 0.0, 0.01942260571000889, 0.0, 0.0, 0.0, 0.05014420801999412, 0.0, 0.0, 0.0, 0.0, 0.0, 0.0, 0.03458225147667761, 0.0, 0.0, 0.0, 0.0, 0.0, 0.0, 0.0, 0.0, 0.0, 0.0, 0.0, 0.015890519289695572, 0.0, 0.0, 0.0, 0.0, 0.0, 0.0, 0.0, 0.0, 0.018861435750478203, 0.05995886377499832, 0.06236274512436934, 0.007137031048023159, 0.0, 0.0]}