{"labels": [0, 1, 2, 3, 4, 5, 6, 7, 8, 9, 10, 11, 12, 13, 14, 15, 16, 17, 18, 19, 20, 21, 22, 23, 24, 25, 26, 27, 28, 29, 30, 31, 32, 33, 34, 35, 36, 37, 38, 39], "data": [0.04048425158889337, 0.0, 0.0, 0.0, 0.0, 0.0, 0.0, 0.0, 0.003124714527725803, 0.0, 0.01716514965457179, 0.0064215025685375095, 0.0, 0.024529056025118883, 0.0, 0.0, 0.01082848966458934, 0.0, 0.01055157038777643, 0.0, 0.0, 0.032788392171499536, 0.0, 0.0, 0.0, 0.05757985024616599, 0.0, 0.0, 0.003946092718806768, 0.0, 0.0, 0.0, 0.0, 0.02447425837238728, 0.03617456593109647, 0.0, 0.0, 0.0, 0.0, 0.030265424278352653]}