{"labels": [0, 1, 2, 3, 4, 5, 6, 7, 8, 9, 10, 11, 12, 13, 14, 15, 16, 17, 18, 19, 20, 21, 22, 23, 24, 25, 26, 27, 28, 29, 30, 31, 32, 33, 34, 35, 36, 37, 38, 39], "data": [0.008285279843655452, 0.0, 0.0, 0.00028031437780040125, 0.0, 0.0, 0.03188452467776659, 0.0, 0.0, 0.0, 0.005157711149814252, 0.0, 0.0013287347670817996, 0.0, 0.14531159772686317, 0.0007518213342213102, 0.0, 0.0, 0.0021778952160905612, 0.0, 0.0, 0.0, 0.0, 0.0, 0.0, 0.0, 0.0, 0.00034299789107906383, 0.0, 0.0, 0.026965098606774242, 0.0, 0.0, 0.0, 0.0, 0.0, 0.0, 0.0, 0.0, 0.0]}