{"labels": [0, 1, 2, 3, 4, 5, 6, 7, 8, 9, 10, 11, 12, 13, 14, 15, 16, 17, 18, 19, 20, 21, 22, 23, 24, 25, 26, 27, 28, 29, 30, 31, 32, 33, 34, 35, 36, 37, 38, 39], "data": [0.0, 0.0, 0.0, 0.0, 0.0, 0.014661731289782466, 0.0, 0.0, 0.0, 0.01127564153987046, 0.0008724933098576673, 0.001669792142397997, 0.0, 0.0, 0.031503591765842436, 0.0, 0.0, 0.0, 0.0, 0.0, 0.025848917175011053, 0.0006075225768410368, 0.0015675820040673225, 0.017746814916867398, 0.003972135057574339, 0.0, 0.00016810832331221702, 0.030238138001873933, 0.003163686004330043, 0.0, 0.0, 0.0, 0.002424590766103025, 0.007475841047526513, 0.0, 0.0, 0.005050965053199201, 0.0, 0.0, 0.06316430943533467]}