{"labels": [0, 1, 2, 3, 4, 5, 6, 7, 8, 9, 10, 11, 12, 13, 14, 15, 16, 17, 18, 19, 20, 21, 22, 23, 24, 25, 26, 27, 28, 29, 30, 31, 32, 33, 34, 35, 36, 37, 38, 39], "data": [0.0, 0.0, 0.0001909499933694866, 0.0, 0.011997575712092857, 0.0, 0.005300857707122172, 0.0, 0.0, 0.0, 0.0, 0.0, 0.004846872395836185, 0.0, 0.0, 0.0, 0.015061069793839383, 0.0, 0.005590070905518604, 0.0, 0.0, 0.0, 0.0, 0.08295638601039915, 0.0, 0.0, 0.0, 0.006575604038642943, 0.0, 0.007832482492884351, 0.0, 0.0, 0.0, 0.0, 0.0, 0.0, 0.0, 0.0, 0.0027531446073058657, 0.0010516769499486352]}