{"labels": [0, 1, 2, 3, 4, 5, 6, 7, 8, 9, 10, 11, 12, 13, 14, 15, 16, 17, 18, 19, 20, 21, 22, 23, 24, 25, 26, 27, 28, 29, 30, 31, 32, 33, 34, 35, 36, 37, 38, 39], "data": [0.0, 0.012319549051657228, 0.0, 0.0, 0.05464932345564181, 0.0, 0.004269153066543257, 0.0, 0.0, 0.0, 0.0, 0.0, 0.0004646739827340552, 0.0, 0.0, 0.0, 0.015896654408220072, 0.004223407859090044, 0.0, 0.0, 0.002680782855848976, 0.00511473810497186, 0.0, 0.0016472262907603094, 0.0, 0.002088140534619168, 0.0, 0.025924924314440424, 0.004507670186297921, 0.0, 0.0015782818203498071, 0.0, 0.002237820348250255, 0.0059749597421386675, 0.02407092103281578, 0.0, 0.0, 0.05998255193244197, 0.0, 0.0]}