{"labels": [0, 1, 2, 3, 4, 5, 6, 7, 8, 9, 10, 11, 12, 13, 14, 15, 16, 17, 18, 19, 20, 21, 22, 23, 24, 25, 26, 27, 28, 29, 30, 31, 32, 33, 34, 35, 36, 37, 38, 39], "data": [0.0, 0.0, 0.0, 0.0, 0.029234546843704586, 0.02942285791426746, 0.0, 0.0, 0.00031824142269483647, 0.0, 0.0, 0.0, 0.03285846089437363, 0.002815004143200956, 0.009685069411101383, 0.0, 0.09794520037766269, 0.0, 0.006349001606118042, 0.0013275276074273142, 0.0, 0.017875238749816943, 0.027555547325047343, 0.0, 0.005664632636857632, 0.006803766272877555, 0.020863241266067128, 0.016457516877446114, 0.0, 0.010162621482992427, 0.0, 0.0, 0.0, 0.0, 5.211108107330044e-05, 0.0012766166925435303, 0.0, 0.00013006881035635022, 0.0, 0.07205213567777038]}