{"labels": [0, 1, 2, 3, 4, 5, 6, 7, 8, 9, 10, 11, 12, 13, 14, 15, 16, 17, 18, 19, 20, 21, 22, 23, 24, 25, 26, 27, 28, 29, 30, 31, 32, 33, 34, 35, 36, 37, 38, 39], "data": [0.0, 0.0, 0.0, 0.006569720034167631, 0.01476016857744498, 0.012291475759954037, 0.0, 0.0, 0.0, 0.0, 0.01749998939089233, 0.0, 0.0, 0.0, 0.004427056629809071, 0.0, 0.0, 0.0, 0.0, 0.0012896979342779163, 0.0, 0.0, 0.0011191026170912926, 0.0, 0.0030486494218295666, 0.0, 0.00673298777287251, 0.0, 0.0, 0.0, 0.0, 0.0, 0.0, 0.03242592699025439, 0.01281286394383334, 0.026310154041663668, 0.029992018605934933, 0.03146396907574616, 0.0, 0.00161693395021964]}