{"labels": [0, 1, 2, 3, 4, 5, 6, 7, 8, 9, 10, 11, 12, 13, 14, 15, 16, 17, 18, 19, 20, 21, 22, 23, 24, 25, 26, 27, 28, 29, 30, 31, 32, 33, 34, 35, 36, 37, 38, 39], "data": [0.0, 0.0, 0.0, 0.0, 0.0, 0.0, 0.004774647471496449, 0.0, 0.0, 0.020088748847806714, 0.0, 0.0006149452294879189, 0.03475217812430953, 0.0, 0.0, 0.03322267290335554, 0.0, 0.018246997588081425, 0.001843843085847966, 0.0, 0.0, 0.03487822584142666, 0.0, 0.009302469555526478, 0.0, 0.0162558990605613, 0.0, 0.029954809130475827, 0.0, 0.0, 0.0, 0.0, 5.258339476769136e-05, 0.0, 0.0, 0.0, 0.0, 0.0, 0.0, 0.001911327141319133]}