{"labels": [0, 1, 2, 3, 4, 5, 6, 7, 8, 9, 10, 11, 12, 13, 14, 15, 16, 17, 18, 19, 20, 21, 22, 23, 24, 25, 26, 27, 28, 29, 30, 31, 32, 33, 34, 35, 36, 37, 38, 39], "data": [0.0007173178458638605, 0.0023287770100711928, 0.0031091795988180144, 0.0, 0.06040092035806483, 0.021715049744582497, 0.0, 0.0005315641248108023, 0.0, 0.0, 0.0, 0.004506395813717825, 0.0, 0.0, 0.0, 0.0, 0.0005459571436582043, 0.00010333068211320452, 0.0, 0.05385184569254872, 0.0, 0.013828887202230569, 0.0033935035670397363, 0.0023110476770990098, 0.00034288696842601054, 0.0, 0.0, 0.00021573235909835094, 0.0, 0.0, 0.0, 0.0, 0.0, 0.0, 0.019852096271607368, 0.0, 0.0, 0.0, 0.01438122060952661, 0.0013615296837060668]}