{"labels": [0, 1, 2, 3, 4, 5, 6, 7, 8, 9, 10, 11, 12, 13, 14, 15, 16, 17, 18, 19, 20, 21, 22, 23, 24, 25, 26, 27, 28, 29, 30, 31, 32, 33, 34, 35, 36, 37, 38, 39], "data": [0.0, 0.0, 0.0, 0.0, 0.023360071856579345, 0.014071028246149215, 0.001408744123055608, 0.0018390704709215385, 0.0, 0.0, 0.002248690239050931, 0.0, 0.0, 0.002833818076433853, 0.0, 0.027156264220810383, 0.0, 0.0025053790006051664, 0.018749799980428018, 0.0, 0.003753527885501179, 0.056665063536851835, 0.06311807355002591, 0.0, 0.0, 0.0, 0.00012575613479570073, 0.04797624912393379, 0.010589323718708193, 0.0, 0.0, 0.0018476716955804638, 0.0, 0.0008346344957488471, 0.023857184592443546, 0.0, 0.0027793470415276747, 0.0, 0.0, 0.0]}