{"labels": [0, 1, 2, 3, 4, 5, 6, 7, 8, 9, 10, 11, 12, 13, 14, 15, 16, 17, 18, 19, 20, 21, 22, 23, 24, 25, 26, 27, 28, 29, 30, 31, 32, 33, 34, 35, 36, 37, 38, 39], "data": [0.0, 0.01176359957874884, 0.0, 0.022576017559911333, 0.0, 0.0, 0.008264647468498044, 0.0, 0.0, 0.0, 0.0, 0.0, 0.000423468137019743, 0.0, 0.0, 0.0, 0.0, 0.04645097441007084, 0.0, 0.0, 0.013071426560910177, 0.0441941633349307, 0.0031961514654177143, 0.0, 0.0021249573245857053, 0.0, 0.0050382903453874625, 0.0, 0.003752152940912234, 0.0, 0.010888700621439927, 0.007108346520764055, 0.0, 0.0, 0.0, 0.0, 0.0, 0.0, 0.039598155964723734, 0.0]}