{"labels": [0, 1, 2, 3, 4, 5, 6, 7, 8, 9, 10, 11, 12, 13, 14, 15, 16, 17, 18, 19, 20, 21, 22, 23, 24, 25, 26, 27, 28, 29, 30, 31, 32, 33, 34, 35, 36, 37, 38, 39], "data": [0.0, 0.0, 0.022805604609678527, 7.026577685076008e-05, 4.8392572858937783e-05, 0.0, 0.002793392923271652, 0.0, 0.004651470229017061, 0.026385150887892873, 0.0, 0.004879392040278956, 0.0, 0.0, 0.007094384233624108, 0.0, 0.0, 0.0019500041313848704, 0.004940693417762228, 0.0, 0.0, 0.016354060863578903, 0.00031445845980912317, 0.0, 0.011959486976802144, 0.0, 0.006371971108726585, 0.01891344588017633, 0.0, 0.0, 0.0003466585867201759, 0.014677300101957013, 0.0, 0.007847500525386682, 0.0057355752432336335, 0.07234222795137363, 0.01000308267363824, 0.0024803911697513846, 0.0, 0.0]}