{"labels": [0, 1, 2, 3, 4, 5, 6, 7, 8, 9, 10, 11, 12, 13, 14, 15, 16, 17, 18, 19, 20, 21, 22, 23, 24, 25, 26, 27, 28, 29, 30, 31, 32, 33, 34, 35, 36, 37, 38, 39], "data": [0.0, 0.0, 0.03213104573730751, 0.0, 0.032885796376020814, 0.0, 0.0, 0.022805506927951018, 0.0, 0.0, 0.0, 0.0, 0.0, 0.0015529967663687808, 0.013477675175372166, 0.0, 0.0, 0.0, 0.0, 0.0, 0.0, 0.0, 0.0, 0.0, 0.0, 0.0, 0.0, 0.0023735184154880045, 0.01473728654637617, 0.0, 0.0733404151532236, 0.001996385811410972, 0.1084068302240929, 0.0, 0.0, 0.0, 0.0, 0.0, 0.0, 0.0]}