{"labels": [0, 1, 2, 3, 4, 5, 6, 7, 8, 9, 10, 11, 12, 13, 14, 15, 16, 17, 18, 19, 20, 21, 22, 23, 24, 25, 26, 27, 28, 29, 30, 31, 32, 33, 34, 35, 36, 37, 38, 39], "data": [0.0, 0.0, 0.0, 0.0, 0.0, 0.0, 0.0, 0.011530103812056443, 0.007259444669580707, 0.017170357272931938, 0.012089200762500918, 0.0, 0.0, 0.0, 0.002985217678900337, 0.0005272101724312321, 0.004651093358272303, 0.0, 0.001253369549577485, 0.0, 0.004606120597959959, 0.04163273273731553, 0.0014190076080627214, 0.0, 0.0, 0.0, 0.0, 0.0, 0.00582028468134063, 0.015762612430195604, 0.0, 0.001213813300979941, 0.0018192887927968064, 0.04471532964679388, 0.0, 0.00039628559734242543, 0.0, 0.0004964111884296178, 0.0, 0.0]}