{"labels": [0, 1, 2, 3, 4, 5, 6, 7, 8, 9, 10, 11, 12, 13, 14, 15, 16, 17, 18, 19, 20, 21, 22, 23, 24, 25, 26, 27, 28, 29, 30, 31, 32, 33, 34, 35, 36, 37, 38, 39], "data": [0.0, 0.0, 0.0, 0.07019777938727716, 0.011857295239063642, 0.0, 0.022705829538202806, 0.02031923200332104, 0.0, 0.0, 0.0, 0.0, 0.0, 0.0, 0.0, 0.0, 0.0, 0.0, 0.0, 0.0005215657372008824, 0.0, 0.0014215495165717446, 0.0, 0.000455511898515803, 0.0, 0.007233280221866154, 0.037419874942605486, 0.06133329158541326, 2.2791453200818035e-05, 0.0, 0.0, 0.0, 0.0, 0.0, 0.005276901000235131, 0.0, 0.0, 0.0, 0.02842639645394029, 0.0007352317232803349]}