{"labels": [0, 1, 2, 3, 4, 5, 6, 7, 8, 9, 10, 11, 12, 13, 14, 15, 16, 17, 18, 19, 20, 21, 22, 23, 24, 25, 26, 27, 28, 29, 30, 31, 32, 33, 34, 35, 36, 37, 38, 39], "data": [0.0, 0.0, 0.0, 0.00901507613540503, 0.0, 0.0, 0.020274266264346568, 0.0, 0.0, 0.0, 0.0, 0.0, 0.0, 0.0, 0.0, 0.0, 0.0, 0.0, 0.0, 0.0, 0.0, 0.0, 0.0, 0.0, 0.0, 0.0, 0.10102766334991224, 0.0, 0.0006671238027128794, 0.0, 0.0, 0.0, 0.0, 0.0, 0.0, 0.15012343021440858, 0.0, 0.008790152266503261, 0.0, 0.0]}