{"labels": [0, 1, 2, 3, 4, 5, 6, 7, 8, 9, 10, 11, 12, 13, 14, 15, 16, 17, 18, 19, 20, 21, 22, 23, 24, 25, 26, 27, 28, 29, 30, 31, 32, 33, 34, 35, 36, 37, 38, 39], "data": [0.0, 0.0, 0.0, 0.0, 0.0, 0.0, 0.028116225873863546, 0.001253667402117279, 0.06973502547207157, 0.0, 0.05711827834174504, 0.0, 0.0, 0.006413562222318124, 0.013032475709744896, 0.0, 0.0, 0.0, 0.0, 0.0, 0.0, 0.0, 0.0, 0.0, 0.0, 0.0009824451088969997, 0.04511771442714847, 0.0, 0.002510990126789261, 0.0026245786472314323, 0.0, 0.0, 0.0, 0.0, 0.009665682879400292, 0.030847351692051134, 0.0, 0.007123221294820742, 0.0, 0.0]}