{"labels": [0, 1, 2, 3, 4, 5, 6, 7, 8, 9, 10, 11, 12, 13, 14, 15, 16, 17, 18, 19, 20, 21, 22, 23, 24, 25, 26, 27, 28, 29, 30, 31, 32, 33, 34, 35, 36, 37, 38, 39], "data": [0.0, 0.001333637253680009, 0.0, 0.07087192022359794, 0.0, 0.020753207482393676, 0.0, 0.0, 0.03377908811076865, 0.0, 0.0, 0.0, 0.0, 0.0023276908907273915, 7.761500877359086e-05, 0.0, 0.0, 0.0, 0.01040551184733331, 0.00019348737204124772, 0.0060251998152418395, 0.001604758608507785, 0.005424678472406462, 0.017311761044505533, 0.0013297049002779684, 0.0, 0.018557952424470316, 0.0, 0.0034293991622009984, 0.0, 0.0, 0.0, 0.0, 0.008197324558582056, 0.0, 0.0, 0.0, 0.0, 0.005875081656514758, 0.0]}