{"labels": [0, 1, 2, 3, 4, 5, 6, 7, 8, 9, 10, 11, 12, 13, 14, 15, 16, 17, 18, 19, 20, 21, 22, 23, 24, 25, 26, 27, 28, 29, 30, 31, 32, 33, 34, 35, 36, 37, 38, 39], "data": [0.0, 0.0, 0.0, 0.0, 0.0, 0.0, 0.0011452084439776775, 0.00089687766440196, 0.010943845647575546, 0.0, 0.0, 0.09873012195228745, 0.0, 0.0002230929792078086, 0.0, 0.00024855773379046047, 0.0, 0.005821460150170167, 0.06918469999623798, 0.0, 0.01475406297550271, 0.0, 0.0, 0.0, 0.0, 0.004672265975249487, 0.0029881335396465185, 0.001760614951098352, 0.0, 0.0, 0.038480839270833435, 0.0, 0.0011166017663485407, 0.001460397486110437, 0.015538615939195507, 0.009789503899831594, 0.0, 0.0021730673113979147, 0.0, 0.0005326370707712668]}