{"labels": [0, 1, 2, 3, 4, 5, 6, 7, 8, 9, 10, 11, 12, 13, 14, 15, 16, 17, 18, 19, 20, 21, 22, 23, 24, 25, 26, 27, 28, 29, 30, 31, 32, 33, 34, 35, 36, 37, 38, 39], "data": [0.0010160175726255487, 0.0015519407328173946, 0.0, 0.0, 0.06691497796048636, 0.017401960559183863, 0.03640550596184145, 0.026243028199878983, 0.0, 0.007449472960562096, 0.016856187179026955, 0.0, 0.0, 0.0, 0.029715417713726842, 0.0, 0.0, 0.0, 0.0, 0.0, 0.0, 0.0, 0.0, 0.007570540132164312, 0.0, 0.0, 0.0, 0.0, 0.0, 0.0, 0.0, 0.0, 0.0, 0.0, 0.0, 0.04715163807408183, 0.0, 0.0, 0.0022375985762371664, 0.002925873444384963]}