{"labels": [0, 1, 2, 3, 4, 5, 6, 7, 8, 9, 10, 11, 12, 13, 14, 15, 16, 17, 18, 19, 20, 21, 22, 23, 24, 25, 26, 27, 28, 29, 30, 31, 32, 33, 34, 35, 36, 37, 38, 39], "data": [0.013769645684982552, 0.0, 0.0012213702724535585, 0.0, 0.0, 0.0008638272882435647, 0.0, 0.0009274037475818053, 0.0, 0.002200158622905292, 0.0, 0.0013360011545635402, 0.002647436466063015, 0.0, 0.0, 0.0, 0.0, 0.0, 0.0, 0.0, 0.0, 0.0, 0.0, 0.0, 0.0005794818867400109, 0.0, 0.0, 0.0005726458673615379, 0.0056503463890735075, 0.0, 0.0, 0.0006660345423483146, 0.0012450066284586676, 0.0, 0.018074020093409263, 0.0, 0.0, 0.023439056851943866, 0.0, 0.0009735615077353822]}