{"labels": [0, 1, 2, 3, 4, 5, 6, 7, 8, 9, 10, 11, 12, 13, 14, 15, 16, 17, 18, 19, 20, 21, 22, 23, 24, 25, 26, 27, 28, 29, 30, 31, 32, 33, 34, 35, 36, 37, 38, 39], "data": [0.0, 0.04254566318201284, 0.006489785332002016, 0.022371140411354507, 0.0, 0.060859713310884744, 0.005622694334380182, 0.0, 0.0, 0.0, 0.0, 0.006364250469032222, 0.0008304653500900962, 0.0, 0.0, 0.047850975693135935, 0.0, 0.0027994126868003764, 0.023551235249243838, 0.0, 0.0, 0.007312543357963764, 0.0, 0.0, 0.0003886445039105003, 0.01863904832173354, 0.0018264833455931486, 0.0013615506549385266, 0.0, 0.006657740190111796, 0.011760695719227549, 0.0, 0.003290063858826147, 0.0, 0.019300091570973097, 0.0, 0.0, 0.036973950758562746, 0.0, 0.0]}