{"labels": [0, 1, 2, 3, 4, 5, 6, 7, 8, 9, 10, 11, 12, 13, 14, 15, 16, 17, 18, 19, 20, 21, 22, 23, 24, 25, 26, 27, 28, 29, 30, 31, 32, 33, 34, 35, 36, 37, 38, 39], "data": [0.0, 0.0, 0.009542387479731526, 0.0, 0.006455926369648921, 0.0023890040378931267, 0.006441677038896613, 0.0, 0.0, 0.030433555980042895, 0.0, 0.0, 0.0, 0.0, 0.0, 0.0, 0.0, 0.04468892987604548, 0.0, 0.017957368660183853, 0.06093922684251199, 0.0202183970480628, 0.05903098525878559, 0.0, 0.0, 0.0074487009911183896, 0.0, 0.03799322011391981, 0.0, 0.0, 0.014754762054099486, 0.015573184825713243, 0.0017764151881183082, 0.0006917963334222526, 0.025129877294814043, 0.0, 0.0003554335782323015, 0.007273256452424831, 0.04178947407325919, 0.0012442505929211908]}