{"labels": [0, 1, 2, 3, 4, 5, 6, 7, 8, 9, 10, 11, 12, 13, 14, 15, 16, 17, 18, 19, 20, 21, 22, 23, 24, 25, 26, 27, 28, 29, 30, 31, 32, 33, 34, 35, 36, 37, 38, 39], "data": [0.008024543205650556, 0.009415498719425304, 0.0027904858155064836, 0.0, 0.05300758761791807, 0.01306268147640844, 0.01975143462855636, 0.0, 0.0012148549101157792, 0.015416287347001937, 0.026235200375365017, 0.004069468420815773, 8.740498418884043e-05, 0.0, 0.0, 0.0004053935509447936, 0.0, 0.0, 0.0, 0.0, 0.0, 0.035576724398822965, 0.0, 0.0005260705177231548, 0.0, 0.0, 0.0014258365612688966, 0.0006290561879318314, 0.0, 0.020261484991484804, 0.0, 0.0, 0.0018858836991003803, 0.0, 0.0, 0.0, 0.0, 0.0, 0.047788735757130996, 0.00935238489799838]}