{"labels": [0, 1, 2, 3, 4, 5, 6, 7, 8, 9, 10, 11, 12, 13, 14, 15, 16, 17, 18, 19, 20, 21, 22, 23, 24, 25, 26, 27, 28, 29, 30, 31, 32, 33, 34, 35, 36, 37, 38, 39], "data": [0.0, 0.06825736467671065, 0.0, 0.0032180343304265883, 0.0003003838005687398, 0.0, 0.0, 0.02608489850469397, 0.0, 0.009101851116849519, 2.5914251584164854e-05, 0.0, 0.0014135389562333713, 0.0, 0.0, 0.0, 0.003386986124013745, 0.05707551727569142, 0.0, 0.0, 0.0, 0.010874818000701796, 0.0, 0.0, 0.03218226471012572, 0.0, 0.0, 0.0027856081630688026, 0.0, 0.0, 0.006273382973145074, 0.0011023932837995363, 0.0, 0.0, 0.0, 0.0, 0.0, 0.0, 0.0, 0.0]}