{"labels": [0, 1, 2, 3, 4, 5, 6, 7, 8, 9, 10, 11, 12, 13, 14, 15, 16, 17, 18, 19, 20, 21, 22, 23, 24, 25, 26, 27, 28, 29, 30, 31, 32, 33, 34, 35, 36, 37, 38, 39], "data": [0.0020615878139781853, 0.0, 0.022376638074177422, 0.0, 0.02118100933231033, 0.0, 0.0033340725303305156, 0.0008777096236305865, 0.0013175520715525467, 0.0, 0.0, 0.008033813481434112, 0.0, 0.0, 0.0, 0.022242006122780995, 0.0031633215956333462, 0.0, 6.773514807948172e-05, 0.0, 0.0, 0.0030737725042995208, 0.0, 0.0005226639951982834, 0.0, 0.027100442657648112, 0.0, 0.0039764857976605505, 0.012576106065344166, 0.0025125686984081904, 0.0008215210767908446, 0.0, 0.0, 0.011177818497540555, 0.0003911668915752808, 0.0040405178648206, 0.036482284938575825, 0.02077125333663667, 0.048676580500805915, 0.007300759070768031]}