{"labels": [0, 1, 2, 3, 4, 5, 6, 7, 8, 9, 10, 11, 12, 13, 14, 15, 16, 17, 18, 19, 20, 21, 22, 23, 24, 25, 26, 27, 28, 29, 30, 31, 32, 33, 34, 35, 36, 37, 38, 39], "data": [0.0, 0.03293137366358137, 0.0, 0.0071692425255403995, 0.0, 0.0, 0.0, 0.0, 0.00696966292234489, 0.0, 0.0, 0.001342459419218654, 0.0, 0.0, 0.052836542830078985, 0.0, 0.0, 0.0, 0.0, 0.0005416264738358467, 0.002405020779243315, 0.0, 0.0, 0.0, 0.0, 0.0025975127709214636, 0.0, 0.0, 0.0, 0.0, 0.021057635226221998, 0.002409064306380696, 0.0, 0.003790401465733424, 0.0299431019717246, 0.11769532786075729, 0.0, 0.042577249478985175, 0.0, 0.0]}