{"labels": [0, 1, 2, 3, 4, 5, 6, 7, 8, 9, 10, 11, 12, 13, 14, 15, 16, 17, 18, 19, 20, 21, 22, 23, 24, 25, 26, 27, 28, 29, 30, 31, 32, 33, 34, 35, 36, 37, 38, 39], "data": [0.001135502692110012, 3.751146410087788e-05, 0.0019920381990155803, 0.03088477296882806, 0.014015164321187941, 0.0013797634490461705, 0.0037963390061264515, 0.0, 0.001767826533001158, 0.0, 0.0036106956996383613, 0.0031197608488604087, 0.0, 0.0, 0.0, 0.005582444295674168, 0.0012548360474449684, 0.010009758407812666, 0.007597915810273544, 0.0, 0.0, 0.0, 0.0, 0.0, 0.0, 0.06851204303705491, 0.0017154169478962515, 0.033072977732927576, 0.0023459310678359663, 0.0, 0.0005292059093960469, 0.005078620581665016, 3.699640078916656e-05, 0.016397124683471945, 0.007598815113319667, 0.0014974701523442402, 0.0014523004636056557, 0.0, 0.0, 0.0]}