{"labels": [0, 1, 2, 3, 4, 5, 6, 7, 8, 9, 10, 11, 12, 13, 14, 15, 16, 17, 18, 19, 20, 21, 22, 23, 24, 25, 26, 27, 28, 29, 30, 31, 32, 33, 34, 35, 36, 37, 38, 39], "data": [0.0, 0.028993712346255834, 0.015141382426721597, 0.0, 0.0, 0.008058541203204208, 0.00039929754855702555, 0.016184767210401, 0.00118558273902756, 0.0, 0.0, 0.005111887972541691, 0.0, 0.0, 0.0, 0.0, 0.0, 0.007695058843761092, 0.00031704963837278754, 0.0, 0.026563474822632466, 0.027509958717126866, 0.0, 0.0, 0.0, 0.030980671819562825, 0.0, 0.02345153170334941, 0.0, 0.0, 0.0, 0.0, 0.006695460532565203, 0.0, 0.0, 0.08612133786979918, 0.015462764715120094, 0.0, 0.0, 0.0005495596891088182]}