{"labels": [0, 1, 2, 3, 4, 5, 6, 7, 8, 9, 10, 11, 12, 13, 14, 15, 16, 17, 18, 19, 20, 21, 22, 23, 24, 25, 26, 27, 28, 29, 30, 31, 32, 33, 34, 35, 36, 37, 38, 39], "data": [0.0, 0.0, 5.978356086389296e-05, 0.0, 0.0, 0.0, 0.030337718408357084, 0.01836233520735001, 0.017202222308272175, 0.0, 0.002986701557428409, 0.0, 0.010330223786497702, 0.0007319590948515957, 0.12870994228214802, 0.0, 0.0, 0.0, 0.0, 0.0, 0.0, 0.0, 0.0, 0.0, 0.0030840416491963226, 0.0, 0.00034090446021822773, 0.0, 0.0, 0.018449633873974847, 0.01952055176379445, 0.0, 0.0025336085399456708, 0.016815970681305463, 0.0, 0.08129672047744088, 0.0, 0.0057808360590669095, 0.04006102977158976, 0.0]}