{"labels": [0, 1, 2, 3, 4, 5, 6, 7, 8, 9, 10, 11, 12, 13, 14, 15, 16, 17, 18, 19, 20, 21, 22, 23, 24, 25, 26, 27, 28, 29, 30, 31, 32, 33, 34, 35, 36, 37, 38, 39], "data": [0.0, 0.02489750773654608, 0.0, 0.043191628606634336, 0.009348866343501655, 0.0, 0.005675316520705604, 0.0, 0.0, 0.0024570497808948408, 0.0011460391695801864, 0.0006111169686328284, 0.0, 0.0, 0.0, 0.0008013511891970367, 0.0, 0.02255032700415947, 0.0, 0.0, 0.0, 0.0, 0.0, 0.0, 0.0, 0.03943131705913478, 0.0, 5.628707022624423e-05, 0.0, 0.0, 0.0, 0.0, 0.0018946220115500774, 0.058091056986279525, 0.01090129997958586, 0.0, 0.0, 0.01597697744278561, 0.0, 0.0]}