{"labels": [0, 1, 2, 3, 4, 5, 6, 7, 8, 9, 10, 11, 12, 13, 14, 15, 16, 17, 18, 19, 20, 21, 22, 23, 24, 25, 26, 27, 28, 29, 30, 31, 32, 33, 34, 35, 36, 37, 38, 39], "data": [0.0, 0.005913068814755818, 0.0, 0.0, 0.03838242047926007, 0.0, 0.009003343417981537, 0.0, 0.0, 0.0, 0.0, 0.0, 0.0, 0.0004951609066470988, 0.006063044948192088, 0.0, 0.005822764483539582, 7.99050092036585e-05, 0.0, 0.0, 0.0, 0.0, 0.00014913798054191758, 0.0, 0.027001272924705954, 0.0, 0.0, 0.006207044717623473, 0.0, 0.0, 0.0, 0.10269461979372799, 0.002510811064932416, 0.0, 0.0, 0.0, 0.0023827716961223036, 0.02670240910871175, 0.0, 0.0]}