{"labels": [0, 1, 2, 3, 4, 5, 6, 7, 8, 9, 10, 11, 12, 13, 14, 15, 16, 17, 18, 19, 20, 21, 22, 23, 24, 25, 26, 27, 28, 29, 30, 31, 32, 33, 34, 35, 36, 37, 38, 39], "data": [0.0, 0.0, 0.0, 0.002332172689005483, 0.0, 0.0, 0.0, 0.0, 0.0, 0.0, 0.0, 0.0, 0.0, 0.0, 0.0, 0.0, 0.0, 0.03977594547346149, 0.006481120473889928, 0.0, 0.008260366034300482, 0.0, 0.004903781531894267, 0.021982657398735148, 0.005588441954149574, 0.0, 0.0007763112244990651, 0.0, 0.0, 0.0, 0.0, 0.0, 0.0011190421639876657, 0.05256289110509442, 0.0, 0.055791607537430524, 0.0, 0.0, 0.0, 0.0]}