{"labels": [0, 1, 2, 3, 4, 5, 6, 7, 8, 9, 10, 11, 12, 13, 14, 15, 16, 17, 18, 19, 20, 21, 22, 23, 24, 25, 26, 27, 28, 29, 30, 31, 32, 33, 34, 35, 36, 37, 38, 39], "data": [0.014422405557314106, 0.0, 0.0007176059923177007, 0.0, 0.0, 0.00971195522291527, 0.0172372197960736, 0.029164502046641033, 0.0, 0.0, 0.0, 0.0, 0.01806281795044136, 0.003298823772745138, 0.008805107847176254, 0.0, 0.002552236537290604, 0.023144498613514735, 0.023249502601371194, 0.04258264376926428, 0.0, 0.009908064710020233, 0.0, 0.004562648107894817, 0.0001723872361917351, 0.01276558242067469, 0.0, 0.015956729846688285, 0.0, 0.0, 0.00020943293592603327, 0.0, 0.0, 0.014641020090048293, 0.0, 0.08200328731213255, 0.0, 0.0, 0.0, 0.030395703727610746]}