{"labels": [0, 1, 2, 3, 4, 5, 6, 7, 8, 9, 10, 11, 12, 13, 14, 15, 16, 17, 18, 19, 20, 21, 22, 23, 24, 25, 26, 27, 28, 29, 30, 31, 32, 33, 34, 35, 36, 37, 38, 39], "data": [0.0, 0.0, 0.0342097044794593, 0.006620642341022955, 0.0, 0.0, 0.00022009935154673052, 0.0, 0.0, 0.001186955567538102, 0.005659889925626943, 0.0, 0.0, 0.0, 0.0, 0.0, 0.0, 0.0, 0.0, 0.0, 0.0, 0.006196101356298315, 0.0, 0.0, 0.0, 0.0, 0.040341644612982085, 0.03570959305241277, 0.0, 0.0, 0.05398815611141795, 0.0, 0.04268482358429713, 0.07569986647041943, 0.0, 0.0, 0.058045107935409665, 0.0, 0.0, 0.0]}