{"labels": [0, 1, 2, 3, 4, 5, 6, 7, 8, 9, 10, 11, 12, 13, 14, 15, 16, 17, 18, 19, 20, 21, 22, 23, 24, 25, 26, 27, 28, 29, 30, 31, 32, 33, 34, 35, 36, 37, 38, 39], "data": [0.003478447055430839, 0.0012047720020315123, 0.0022229855139317954, 0.0018655976511147015, 0.008573562491653527, 0.0025011821251009377, 0.01103058824683591, 0.0021382864421354334, 0.032404553251400896, 0.0, 0.0, 0.0, 0.0, 0.00144547459410046, 0.002227073391857949, 0.004579686669963698, 0.004566092406549293, 0.00747520820562801, 0.0, 0.0007675463075465981, 0.0, 0.0033843266130404045, 0.00011500953754001239, 0.0, 0.0020975061832290477, 0.0, 0.011652886135635398, 0.0020693306934022075, 0.0003263928289079887, 0.0, 0.004142214469338001, 0.004710094024265868, 0.00045571726927998835, 0.022356939316620646, 0.0017277588524607771, 0.017327107725112905, 0.0017717585775488898, 0.003703180653483122, 0.01141634406274984, 0.007555735583074955]}