{"labels": [0, 1, 2, 3, 4, 5, 6, 7, 8, 9, 10, 11, 12, 13, 14, 15, 16, 17, 18, 19, 20, 21, 22, 23, 24, 25, 26, 27, 28, 29, 30, 31, 32, 33, 34, 35, 36, 37, 38, 39], "data": [0.0, 0.005181093299885431, 0.002973828499435827, 0.0, 0.0, 0.0, 0.0, 0.017331523142573874, 0.03059893925756068, 0.0, 0.0, 0.13010749142379485, 0.029782972460736284, 0.0, 0.0007715880022665094, 0.0, 0.0, 0.002532452358064198, 0.0, 0.03166671257730467, 0.0, 0.0, 0.0, 0.0, 0.0, 0.008925446723050297, 0.0, 0.0, 0.003633877114785359, 0.0, 0.0, 0.0, 0.0006823631950428405, 0.0, 0.0029362230638162105, 0.0, 0.0, 0.0017628742037941712, 6.92737276060994e-05, 0.0]}