{"labels": [0, 1, 2, 3, 4, 5, 6, 7, 8, 9, 10, 11, 12, 13, 14, 15, 16, 17, 18, 19, 20, 21, 22, 23, 24, 25, 26, 27, 28, 29, 30, 31, 32, 33, 34, 35, 36, 37, 38, 39], "data": [0.01616207594062337, 0.0, 0.002753625163591728, 0.0, 0.007636216753109639, 0.0017360272051339916, 0.0, 0.023047376184287018, 0.00608687009235951, 0.0, 0.022566287106787816, 0.0022230739814935747, 0.0, 0.0, 0.0, 0.0, 0.010811626147596154, 0.004286752692460896, 0.0, 0.0012436605379214124, 0.0, 0.002190882785146677, 0.00450395710683947, 0.0, 0.006085040435182479, 0.0, 0.0, 0.020810717657366033, 0.0, 0.0, 0.0, 0.0004242015936581621, 0.0, 0.018412587986890393, 0.004059156206209931, 0.0, 0.0, 0.011049220558600968, 0.004672889946864908, 0.0]}