{"labels": [0, 1, 2, 3, 4, 5, 6, 7, 8, 9, 10, 11, 12, 13, 14, 15, 16, 17, 18, 19, 20, 21, 22, 23, 24, 25, 26, 27, 28, 29, 30, 31, 32, 33, 34, 35, 36, 37, 38, 39], "data": [0.005048062073997768, 0.0, 0.009883064590842407, 0.014006221633615772, 0.000666356958659779, 0.0, 0.007090888909149621, 0.0, 0.0, 0.01157111371643929, 0.005712596605175754, 0.0, 0.00017119980991894755, 0.02585110339161057, 0.007238806861521583, 0.0, 0.04481376390177578, 0.0, 0.0, 0.046147863245367855, 0.0204332830414541, 0.0, 0.0034383395509723874, 0.08319380153561397, 0.00048090791365148556, 0.0, 0.0, 0.0003480139424579047, 0.004357730906646276, 0.0, 0.0, 0.00032559971477444014, 0.04383087414005457, 0.004897856492505715, 0.001602792437863599, 0.0, 0.0, 0.0, 0.017144720167999977, 0.0]}