{"labels": [0, 1, 2, 3, 4, 5, 6, 7, 8, 9, 10, 11, 12, 13, 14, 15, 16, 17, 18, 19, 20, 21, 22, 23, 24, 25, 26, 27, 28, 29, 30, 31, 32, 33, 34, 35, 36, 37, 38, 39], "data": [0.007262369328086647, 0.0, 0.006555133496812612, 0.00030114349571079785, 0.0, 0.0, 0.0, 0.041110557116971785, 0.0, 0.0, 0.0, 0.0014105000850236312, 0.011640338554704699, 0.0024290614014743613, 0.0, 0.0, 0.0, 0.014227113667326034, 0.0, 0.0009899464675562795, 0.000494735541918618, 0.0, 0.0, 0.0, 0.0, 0.0, 0.0022066296581994883, 0.04269769300933392, 0.0028915106453157717, 0.0, 0.0, 0.009296133273991255, 0.0, 0.015679160719194833, 0.0, 0.0, 0.0, 0.011254080038791234, 0.0, 0.0]}