{"labels": [0, 1, 2, 3, 4, 5, 6, 7, 8, 9, 10, 11, 12, 13, 14, 15, 16, 17, 18, 19, 20, 21, 22, 23, 24, 25, 26, 27, 28, 29, 30, 31, 32, 33, 34, 35, 36, 37, 38, 39], "data": [0.02893988876633532, 0.0012069285578561952, 0.0012989762625879883, 0.0, 0.0, 0.0, 0.0, 0.008682081077599412, 0.0, 0.0, 0.005732007816104909, 0.0004723330564100205, 0.017919456807528905, 0.00014163371717191414, 0.0, 0.0035406338719276118, 0.0, 0.011874503848243925, 0.0005662601370857147, 0.030384106400651197, 0.013990552229816188, 0.0011752575418812585, 0.0, 0.007319385163589106, 0.0018168884454190944, 0.015009657858491376, 0.0, 0.0006401942653605413, 0.0, 0.0, 0.05582684580698687, 0.00189522888519738, 0.0037127563040381746, 0.0204952326884998, 0.0, 0.0007403979524430763, 0.0, 0.018900074173027973, 0.004484267065847878, 0.0021181639471707907]}