{"labels": [0, 1, 2, 3, 4, 5, 6, 7, 8, 9, 10, 11, 12, 13, 14, 15, 16, 17, 18, 19, 20, 21, 22, 23, 24, 25, 26, 27, 28, 29, 30, 31, 32, 33, 34, 35, 36, 37, 38, 39], "data": [0.008996682935060996, 0.0, 0.0, 0.0, 0.0, 0.0, 0.002130275200388683, 0.0, 0.0, 0.0, 0.0, 0.0, 0.0, 0.0, 0.0, 0.0, 0.004555094793030311, 0.0, 0.0, 0.0, 0.0, 0.0, 0.0, 0.0, 0.0, 0.035376674837960156, 0.0, 0.004690593229451879, 0.0, 0.006278514564051266, 0.0, 0.0, 0.0, 0.03589746656405689, 0.04271736276837531, 0.0, 0.0, 0.0, 0.0, 0.0]}