{"labels": [0, 1, 2, 3, 4, 5, 6, 7, 8, 9, 10, 11, 12, 13, 14, 15, 16, 17, 18, 19, 20, 21, 22, 23, 24, 25, 26, 27, 28, 29, 30, 31, 32, 33, 34, 35, 36, 37, 38, 39], "data": [0.0035202014070088773, 0.0, 0.0023230990334588484, 0.0, 0.0013725942309009253, 0.0, 0.0253930550142465, 0.0, 0.0, 0.002932163663926141, 0.006132384489142092, 0.0, 0.0, 0.003942735476653316, 0.051882212784722784, 0.0, 0.0008008154326090279, 0.0, 0.018725699830478493, 0.0026133780571218857, 0.02224127286486836, 0.0059621353433697705, 0.0, 5.028152923423626e-06, 0.0, 0.0, 0.0011060680252936745, 0.0, 0.0, 0.0, 0.0033324417064647697, 0.0022692799983509786, 0.00223765259260342, 0.0002541391501044324, 0.00977789872343783, 0.017057223699705734, 0.0, 0.017053303516572603, 0.0, 0.006231545458987165]}