{"labels": [0, 1, 2, 3, 4, 5, 6, 7, 8, 9, 10, 11, 12, 13, 14, 15, 16, 17, 18, 19, 20, 21, 22, 23, 24, 25, 26, 27, 28, 29, 30, 31, 32, 33, 34, 35, 36, 37, 38, 39], "data": [0.0, 0.0, 0.002284325371949264, 0.0074230916729986106, 0.036317486032985596, 0.0091047650815668, 0.0, 0.0, 0.0, 0.0035692032774580235, 0.0, 0.0, 0.0, 0.0017575199022593195, 0.007174979799080198, 0.0021856289663075923, 0.013739092860546455, 0.014831895392428018, 0.0, 0.0, 0.025775510625719252, 0.002035582030438302, 0.0, 7.642475841306342e-05, 0.0, 0.0251722666496344, 0.03414017946819836, 0.020934168447279255, 0.0027910051223782573, 0.014249881682970878, 0.0, 0.0021575843426096934, 0.0, 0.031995079545845, 0.0025237405821933946, 0.0, 0.0, 0.060948093274314684, 0.012874797468959653, 0.0008087694043055147]}