{"labels": [0, 1, 2, 3, 4, 5, 6, 7, 8, 9, 10, 11, 12, 13, 14, 15, 16, 17, 18, 19, 20, 21, 22, 23, 24, 25, 26, 27, 28, 29, 30, 31, 32, 33, 34, 35, 36, 37, 38, 39], "data": [0.0028016478001136567, 0.008709686736249889, 0.03833166387984716, 0.00013345509557914469, 0.015910014146043604, 0.0, 0.006089486752344193, 0.0, 0.003521235303384314, 0.00172730486697719, 0.003599024276855834, 0.00039376587295274326, 0.007227369606659754, 0.0035034144003644086, 0.014653855462663045, 0.002479541018498536, 0.0, 0.00822707795852521, 0.0, 0.022320384263920915, 0.0, 0.001724774696504759, 0.0, 0.0020487084336366676, 0.0, 0.0, 0.0, 0.0, 0.0, 0.07140171494847616, 0.0, 0.0017075777932377993, 0.0018088953507883973, 0.013220041260259826, 0.005382847700298546, 0.00375378694666057, 0.0, 0.09655618950247553, 0.0011425909047932416, 0.0001130298683395765]}