{"labels": [0, 1, 2, 3, 4, 5, 6, 7, 8, 9, 10, 11, 12, 13, 14, 15, 16, 17, 18, 19, 20, 21, 22, 23, 24, 25, 26, 27, 28, 29, 30, 31, 32, 33, 34, 35, 36, 37, 38, 39], "data": [0.0, 0.0, 0.03197464558729432, 0.0, 0.0, 0.006979318808474974, 0.0008741031393529213, 0.0, 0.0, 0.0, 0.01053114830527151, 0.0, 0.007310945803604077, 0.005475630433190951, 0.0, 0.0, 0.0038779849196797582, 0.0, 0.0, 0.038159087026515645, 0.0011999089080918228, 0.0, 0.042172008231885015, 0.024419630910216792, 0.02316613634472334, 0.0, 0.0, 0.002695301367841671, 0.0, 0.0, 0.03697121158651823, 0.0, 0.0, 0.03970684556119807, 0.0, 0.0, 0.0, 0.019858677164925304, 0.0, 0.0662397357147046]}