{"labels": [0, 1, 2, 3, 4, 5, 6, 7, 8, 9, 10, 11, 12, 13, 14, 15, 16, 17, 18, 19, 20, 21, 22, 23, 24, 25, 26, 27, 28, 29, 30, 31, 32, 33, 34, 35, 36, 37, 38, 39], "data": [0.0005578760129354475, 0.0008736606266385459, 0.0, 0.0, 0.014977862593413278, 0.0, 0.011639208904319007, 0.0, 0.0, 0.010045616650911735, 0.006979032269209434, 0.0, 0.028155645892679642, 0.048000615370477694, 0.0, 0.03132871977282725, 0.0, 0.00812331034578829, 0.0, 0.006509115186091716, 0.0024684144633435354, 0.009829627815374536, 0.0, 0.0, 0.0, 0.01144295737127977, 9.240596819127586e-05, 0.0, 0.0, 0.0, 0.01876119808354001, 0.002575934447910874, 0.0, 0.0, 0.001098189119634141, 0.0, 0.022297859854916738, 0.0, 0.003548590832672144, 0.0]}