{"labels": [0, 1, 2, 3, 4, 5, 6, 7, 8, 9, 10, 11, 12, 13, 14, 15, 16, 17, 18, 19, 20, 21, 22, 23, 24, 25, 26, 27, 28, 29, 30, 31, 32, 33, 34, 35, 36, 37, 38, 39], "data": [0.0, 0.0, 0.0, 0.0, 0.0, 0.024367359430973894, 0.0, 0.0, 0.0011007757447833951, 0.02301498846274479, 0.009288759842011296, 0.0, 0.004396437348058512, 0.013101342798250714, 0.0, 0.026089746239948527, 0.04857610819601041, 0.0, 0.0008918817773133405, 0.0, 0.0, 0.06411341713830171, 0.0, 0.0, 0.008068691198345418, 0.0, 0.0, 0.016746776575297998, 0.003005943357166891, 0.0, 0.0, 0.0, 0.0, 0.0, 0.018824196971487066, 0.0, 0.0, 0.010189712705117501, 0.023703697319367542, 0.053807324006249824]}