{"labels": [0, 1, 2, 3, 4, 5, 6, 7, 8, 9, 10, 11, 12, 13, 14, 15, 16, 17, 18, 19, 20, 21, 22, 23, 24, 25, 26, 27, 28, 29, 30, 31, 32, 33, 34, 35, 36, 37, 38, 39], "data": [0.0, 0.0, 0.0014844093196722927, 0.03041275536064485, 0.0, 0.02158361703511845, 0.0, 0.0, 0.0, 0.02030021776864601, 0.0010191387323684534, 0.003569365296795985, 0.0, 0.00182706854743097, 0.002196305283214146, 0.0, 0.00034701332339350183, 0.0053155712352551685, 0.0, 0.008525455448939309, 0.030242747104045575, 0.0, 0.08741588367917702, 0.0025040255384348206, 0.0, 0.0031743198584815494, 0.0036860950961369373, 0.0, 0.0, 0.0, 0.005878134958525065, 0.0, 0.0, 0.03506950411623285, 0.0006134758877805915, 0.0002302617383237525, 0.0, 0.000579506421621643, 0.0, 0.0]}