{"labels": [0, 1, 2, 3, 4, 5, 6, 7, 8, 9, 10, 11, 12, 13, 14, 15, 16, 17, 18, 19, 20, 21, 22, 23, 24, 25, 26, 27, 28, 29, 30, 31, 32, 33, 34, 35, 36, 37, 38, 39], "data": [0.0028070276400847765, 0.003874245665155099, 0.0, 0.0, 0.0, 0.0, 0.0, 0.0, 0.0, 0.009301089104291695, 0.0, 0.0, 0.0, 0.016931777264170795, 0.003865489813875803, 0.0, 2.617093861355632e-05, 0.0, 0.0026146782291881798, 0.0035237022008865714, 0.0, 0.0, 0.0, 0.022134898246128958, 0.0, 9.320231002697742e-05, 0.0, 0.0007012120516541417, 0.0, 0.0, 0.0, 0.0, 0.0, 0.0026945282899098993, 0.0, 0.0, 0.0, 0.0324481833281561, 0.0, 0.0004971059716009107]}