{"labels": [0, 1, 2, 3, 4, 5, 6, 7, 8, 9, 10, 11, 12, 13, 14, 15, 16, 17, 18, 19, 20, 21, 22, 23, 24, 25, 26, 27, 28, 29, 30, 31, 32, 33, 34, 35, 36, 37, 38, 39], "data": [0.0, 0.0, 0.0, 0.04165789598768712, 0.002894583825469656, 0.0, 0.002024223156849582, 0.0, 0.0, 0.0, 0.0, 0.0, 0.0, 1.830714413800904e-05, 0.0, 0.004880820317319789, 0.07747730435925844, 0.0, 0.00048288011636977003, 0.00016083438060314912, 0.0, 0.0008735093303421013, 0.0, 0.0, 0.0, 0.0, 0.0105264914668694, 0.0696312150270085, 0.0, 0.0, 0.0, 0.04197415645928421, 0.0018658561454781336, 0.0, 0.0, 0.0025120303819992, 0.0, 0.0, 0.0, 0.0]}