{"labels": [0, 1, 2, 3, 4, 5, 6, 7, 8, 9, 10, 11, 12, 13, 14, 15, 16, 17, 18, 19, 20, 21, 22, 23, 24, 25, 26, 27, 28, 29, 30, 31, 32, 33, 34, 35, 36, 37, 38, 39], "data": [0.0, 0.0, 0.0, 0.0038435382299343564, 0.003419698795878737, 0.07045923014577984, 0.0036236788546922046, 0.0, 0.0, 0.0, 0.007317337014742133, 0.001554201706873091, 0.0, 0.0, 0.0, 0.0, 0.0026365022769889476, 0.0256485698387324, 0.0, 0.017121115040291544, 0.01665197207342783, 0.0, 0.0, 0.0, 0.0, 0.031991223299339844, 0.0, 0.0023210557721237406, 0.004759423031269606, 0.0, 0.022721556206544966, 0.06982644107070629, 0.0, 0.027570073768956847, 0.0, 0.0, 0.0, 0.039054551087247084, 0.03862815406001558, 0.02622103764028476]}