{"labels": [0, 1, 2, 3, 4, 5, 6, 7, 8, 9, 10, 11, 12, 13, 14, 15, 16, 17, 18, 19, 20, 21, 22, 23, 24, 25, 26, 27, 28, 29, 30, 31, 32, 33, 34, 35, 36, 37, 38, 39], "data": [0.0, 0.0, 0.0, 0.0, 0.018918306784079773, 0.0, 0.0, 0.0, 0.007180627030327971, 0.06564458030463464, 0.003620875178581815, 0.001684198547454373, 0.0, 0.03150130664582575, 0.0, 0.0, 0.007434652069197709, 0.021819085081036818, 0.0, 0.0, 0.0, 0.0, 0.0, 0.0, 0.0003715320835349897, 0.0, 0.0013757970526997155, 0.02343615454274374, 0.0, 0.0, 0.0037868626389869786, 0.012491334515636754, 4.9798356513685286e-05, 0.0, 0.00865363689604338, 0.0012563507860801776, 0.02739332441579019, 0.017423775392623214, 0.0, 0.0]}