{"labels": [0, 1, 2, 3, 4, 5, 6, 7, 8, 9, 10, 11, 12, 13, 14, 15, 16, 17, 18, 19, 20, 21, 22, 23, 24, 25, 26, 27, 28, 29, 30, 31, 32, 33, 34, 35, 36, 37, 38, 39], "data": [0.003375977890717736, 0.0, 0.013399321145741407, 0.0, 0.04224767150115621, 0.03899330116760049, 0.0, 0.0008318210350031636, 0.0, 0.01756932114983159, 0.003638170680259319, 0.0, 0.036095486073910096, 0.020948833760714766, 0.0005367751362097687, 0.0, 0.0, 0.004724242179773987, 0.0, 0.0007888980691572743, 0.0007597454467169762, 0.0312662847428888, 0.0010601653607381298, 0.03898863793728685, 0.0, 0.032736651646071036, 0.0, 0.0030985267377756013, 0.006870322562398328, 0.00045483159551629437, 0.030911877334719964, 0.0, 0.0, 0.014337775205121148, 0.0, 0.0, 0.0, 0.02455591215299128, 0.0, 0.0]}