{"labels": [0, 1, 2, 3, 4, 5, 6, 7, 8, 9, 10, 11, 12, 13, 14, 15, 16, 17, 18, 19, 20, 21, 22, 23, 24, 25, 26, 27, 28, 29, 30, 31, 32, 33, 34, 35, 36, 37, 38, 39], "data": [0.0, 0.004628361035233341, 0.0, 0.005147605682959136, 0.0048809854905602175, 0.0, 0.0, 0.03917787825131778, 0.0, 0.0, 0.0, 0.0, 0.0, 0.0, 0.0, 0.00030039573592754694, 0.007115650113512375, 0.0, 0.011923619070335699, 0.0, 0.0, 0.005578009649399049, 0.0, 0.0, 0.0, 0.004336902670536713, 0.0, 0.008528956597739258, 0.0, 0.0, 0.0, 0.0007900346623801116, 0.0, 0.08473099799783243, 0.0, 0.0067933694002194605, 0.0, 0.004712817235860263, 0.0, 0.0]}