{"labels": [0, 1, 2, 3, 4, 5, 6, 7, 8, 9, 10, 11, 12, 13, 14, 15, 16, 17, 18, 19, 20, 21, 22, 23, 24, 25, 26, 27, 28, 29, 30, 31, 32, 33, 34, 35, 36, 37, 38, 39], "data": [0.0, 0.0, 0.0, 0.03072939518594327, 0.02438897367161525, 0.0, 0.0005430050364652985, 0.049517677568052004, 0.0, 0.018036195491509612, 0.0, 0.0, 0.02369918928416838, 0.0, 0.0, 0.0, 0.0, 0.035389502938700794, 0.0, 0.002405490999998079, 0.0, 0.012520769155111348, 0.0, 0.01157353685906995, 0.0, 0.0020173187674919746, 0.00014226275018068004, 0.016562682450215555, 0.058565669028739296, 7.494447020678396e-05, 0.00801614180064517, 0.0, 0.0, 0.0, 0.006868942113361982, 0.0006845344965100654, 0.0, 0.0, 0.0, 0.0]}