{"labels": [0, 1, 2, 3, 4, 5, 6, 7, 8, 9, 10, 11, 12, 13, 14, 15, 16, 17, 18, 19, 20, 21, 22, 23, 24, 25, 26, 27, 28, 29, 30, 31, 32, 33, 34, 35, 36, 37, 38, 39], "data": [0.0, 0.008959370198939238, 0.0010973716966425641, 0.0003605394311180301, 0.012718469063735013, 0.0, 0.0, 0.0, 0.004392545443630889, 0.004328213435119666, 0.02489862400939181, 0.006414899211030076, 0.017973480054471955, 0.0, 0.01668911602844036, 0.0, 0.005752493547054012, 0.006563929850957133, 0.0017470515606300932, 0.024668644643355598, 0.0, 0.0006670163329471851, 0.0470936195229756, 0.0, 0.023430301617811265, 0.0, 0.0, 0.0012775361414426728, 0.0, 0.0, 0.004577314514694934, 0.005229552961761805, 0.0012489739358239943, 0.0, 0.0004549152548862406, 0.0, 5.00579128166598e-05, 0.08002760652231178, 0.0, 0.0]}