{"labels": [0, 1, 2, 3, 4, 5, 6, 7, 8, 9, 10, 11, 12, 13, 14, 15, 16, 17, 18, 19, 20, 21, 22, 23, 24, 25, 26, 27, 28, 29, 30, 31, 32, 33, 34, 35, 36, 37, 38, 39], "data": [0.0, 0.0, 0.006131394915918507, 0.0, 0.0, 0.0, 0.0, 0.0, 0.0, 0.0, 0.0350791227057665, 0.0, 0.0, 0.00155198893645665, 0.001617682829604277, 0.0, 0.0, 0.0, 0.0, 0.06835519351759291, 0.0, 0.0, 0.0, 0.0047510798065275505, 0.003012980357795282, 0.0, 0.002944024950542037, 0.0, 0.0, 0.007806642279726223, 0.014492200704404167, 0.0, 0.0, 0.0003818794543611243, 0.001271705280756392, 0.06713564427142801, 0.0, 0.0, 0.0, 0.0005377807414836459]}