{"labels": [0, 1, 2, 3, 4, 5, 6, 7, 8, 9, 10, 11, 12, 13, 14, 15, 16, 17, 18, 19, 20, 21, 22, 23, 24, 25, 26, 27, 28, 29, 30, 31, 32, 33, 34, 35, 36, 37, 38, 39], "data": [0.0, 0.0, 0.022171246726515683, 0.0, 0.001787382210416831, 0.0, 0.02781650786426548, 0.0, 0.0, 0.0018073969136492847, 0.022792422770769767, 0.0, 0.002992932837047705, 0.0, 0.0070147184732685455, 0.0, 0.00636501448436909, 0.0057826757580902045, 0.004178998908347047, 0.0026323654856216807, 0.0021273009807016136, 0.0, 0.0033575918945124724, 0.0, 0.03274900431805229, 0.0, 0.0, 0.0029643748736531486, 0.0, 0.0, 0.0012446800980948241, 0.0, 0.0, 0.0, 0.0, 0.01102774863431417, 0.0, 0.030966413860396978, 0.0, 0.0006975057718890725]}