{"labels": [0, 1, 2, 3, 4, 5, 6, 7, 8, 9, 10, 11, 12, 13, 14, 15, 16, 17, 18, 19, 20, 21, 22, 23, 24, 25, 26, 27, 28, 29, 30, 31, 32, 33, 34, 35, 36, 37, 38, 39], "data": [0.0, 0.0, 0.0, 0.0, 0.0, 0.0013619276901982707, 0.023783543304249487, 0.0, 0.0, 0.0, 0.0, 0.03805972159655264, 0.0, 0.21104318277378015, 0.0, 0.03605246729928158, 0.0, 0.0, 0.008149108612512532, 0.0, 0.0, 0.0, 0.0, 0.0, 0.0, 0.2044637679215111, 0.0, 0.0, 0.0, 0.0, 0.0, 0.0, 0.03456587610326061, 0.0, 0.03626179637159316, 0.010945028468118562, 0.0, 0.0, 0.0, 0.023021803783406163]}