{"labels": [0, 1, 2, 3, 4, 5, 6, 7, 8, 9, 10, 11, 12, 13, 14, 15, 16, 17, 18, 19, 20, 21, 22, 23, 24, 25, 26, 27, 28, 29, 30, 31, 32, 33, 34, 35, 36, 37, 38, 39], "data": [0.011018738149944671, 0.0010308810786444837, 0.0, 0.0, 0.0, 0.0, 0.0016245877231683935, 0.0, 0.0, 0.005644715407594551, 0.011285245062185168, 0.0, 0.0, 0.003199110945838967, 0.0, 0.046601286444526845, 0.0, 0.0021422405068838657, 0.0, 0.025076340272216415, 0.00906881231627199, 0.02929299465031086, 0.0, 0.008105748612436446, 0.0, 0.014154932128902188, 0.0, 0.0, 0.00012189745001502023, 0.0, 0.0, 0.00013929000903056105, 0.0, 0.026152834842062135, 0.021709558734636203, 0.0, 0.0, 0.03189665761733038, 0.0, 0.0]}