{"labels": [0, 1, 2, 3, 4, 5, 6, 7, 8, 9, 10, 11, 12, 13, 14, 15, 16, 17, 18, 19, 20, 21, 22, 23, 24, 25, 26, 27, 28, 29, 30, 31, 32, 33, 34, 35, 36, 37, 38, 39], "data": [0.0, 0.0, 0.0, 0.0, 0.009268873070327923, 0.0, 0.0, 0.0, 0.0, 0.0, 0.0, 0.0, 0.011670378949477478, 0.0, 0.0, 0.0, 0.0, 0.0, 0.0, 0.052333662557632644, 0.0, 0.00036335187560908235, 0.0007046895540615216, 0.0, 0.00404125394330619, 0.0, 0.00014593735470190355, 0.0, 0.0, 0.0038005247325923266, 0.0, 0.0, 0.0, 0.03352454656843275, 0.007755222195534839, 0.0, 0.0, 0.0954519350943339, 0.0, 0.0]}