{"labels": [0, 1, 2, 3, 4, 5, 6, 7, 8, 9, 10, 11, 12, 13, 14, 15, 16, 17, 18, 19, 20, 21, 22, 23, 24, 25, 26, 27, 28, 29, 30, 31, 32, 33, 34, 35, 36, 37, 38, 39], "data": [0.0, 0.04606105423300835, 0.02734117816972336, 0.0, 0.0, 0.0, 0.0, 0.02728338536521111, 0.0, 0.0, 0.0, 0.0, 0.0, 0.002962502817387163, 0.0, 0.0009308146925146215, 0.0, 0.0, 0.0, 0.0, 0.0021443529858327136, 0.0, 0.0, 0.0, 0.05583002808695258, 0.0, 0.0, 0.0, 0.0, 0.014801963703661969, 0.0, 0.0, 0.06684900800989317, 0.012243458772640915, 0.0, 0.04795172500019309, 0.022693146724340214, 0.01522104965144547, 0.0, 0.0]}