{"labels": [0, 1, 2, 3, 4, 5, 6, 7, 8, 9, 10, 11, 12, 13, 14, 15, 16, 17, 18, 19, 20, 21, 22, 23, 24, 25, 26, 27, 28, 29, 30, 31, 32, 33, 34, 35, 36, 37, 38, 39], "data": [0.007824118521060519, 0.03605269753535731, 0.007916291885219185, 0.0, 0.0, 0.01178744365281516, 0.0, 0.0, 0.0, 0.006444838451853498, 0.0, 0.0, 0.0, 0.00026174159663259425, 0.0, 0.03310057948696011, 0.0, 0.0, 0.06099300320852974, 0.0, 0.007869623736087643, 0.0016119685083854855, 0.0, 0.0, 0.0, 0.02779567868595289, 0.0, 0.0031447616041251412, 6.603254550258704e-05, 0.0, 0.0, 0.0, 0.0, 0.0, 0.0037067250605777743, 0.0, 0.0, 0.004420955510065273, 0.07085584917494828, 0.07399332930372865]}