{"labels": [0, 1, 2, 3, 4, 5, 6, 7, 8, 9, 10, 11, 12, 13, 14, 15, 16, 17, 18, 19, 20, 21, 22, 23, 24, 25, 26, 27, 28, 29, 30, 31, 32, 33, 34, 35, 36, 37, 38, 39], "data": [0.0, 0.0024080994057978145, 0.0, 0.0002361234295626664, 0.0, 0.0, 0.0, 0.025433436504771333, 2.7435125563416548e-05, 0.0027639600991148723, 0.0021097214354964533, 0.002598198778033254, 0.02735707887450029, 0.0, 0.01779856075559608, 0.006684312428683364, 0.01874701446240214, 0.0, 0.02234134197568698, 0.0011605024539316432, 0.00016463373687607662, 0.0491312171931916, 0.004950095230760383, 0.0, 0.0005471470232234879, 0.03165417993055323, 0.00033243340839618827, 0.013570498474886386, 0.005881555565246715, 0.0019443359973848554, 0.0, 0.0, 0.0, 0.014570174429825625, 0.015351891980891458, 0.010473352502298453, 0.0, 0.008164184108275279, 0.014687504628771338, 0.0]}