{"labels": [0, 1, 2, 3, 4, 5, 6, 7, 8, 9, 10, 11, 12, 13, 14, 15, 16, 17, 18, 19, 20, 21, 22, 23, 24, 25, 26, 27, 28, 29, 30, 31, 32, 33, 34, 35, 36, 37, 38, 39], "data": [0.006555190981543665, 0.0, 0.0010585018859597015, 0.0, 0.0, 0.0, 0.0, 0.0, 0.0, 0.019437338531729995, 0.0018710437546689534, 0.0, 0.0, 0.0, 3.365557260802378e-05, 0.0, 0.0, 0.0, 0.0, 0.009160131179304067, 0.0594349986893865, 0.0, 0.0, 0.061415693290073466, 0.0, 0.0022509505040308984, 0.0018020411122078419, 0.0, 0.004054131045677922, 0.0, 0.0, 0.0, 0.0, 0.027162173684443475, 0.007394227245911803, 0.0, 0.006696083710933351, 0.0, 0.0, 0.0]}