{"labels": [0, 1, 2, 3, 4, 5, 6, 7, 8, 9, 10, 11, 12, 13, 14, 15, 16, 17, 18, 19, 20, 21, 22, 23, 24, 25, 26, 27, 28, 29, 30, 31, 32, 33, 34, 35, 36, 37, 38, 39], "data": [0.0041681433220309245, 0.0008327792516028438, 0.001751968515093374, 0.005534348454823055, 0.014532007088419415, 0.0, 0.023845057996889928, 0.024589972299063144, 0.011666131785784713, 0.0, 0.004398530149344701, 0.043671199182288414, 0.018720034057690165, 0.006132602767088984, 0.0, 0.0297465070003859, 0.0, 0.0013787108081445927, 0.0035178297042600852, 0.0, 0.0, 0.03541244567049142, 0.0009606731321741974, 0.0006269427833665384, 0.002163317052662701, 0.0, 0.0, 0.0010625625238265923, 0.0008933311772645821, 0.0, 0.0, 0.0012654462448125695, 0.0, 0.04085865773306502, 0.0012396503528020032, 0.01546022623608458, 0.0, 0.0, 0.0027086046091080586, 0.02339419657507033]}