{"labels": [0, 1, 2, 3, 4, 5, 6, 7, 8, 9, 10, 11, 12, 13, 14, 15, 16, 17, 18, 19, 20, 21, 22, 23, 24, 25, 26, 27, 28, 29, 30, 31, 32, 33, 34, 35, 36, 37, 38, 39], "data": [0.003974294422477252, 0.0, 0.0, 0.0, 0.0, 0.0, 0.010569232563186497, 0.0, 0.0, 0.0, 0.0, 0.0014148542234969797, 0.0, 0.0, 0.02274128704585199, 0.0005095119081558871, 0.016063220624354085, 0.0, 0.0, 0.0, 0.0038357872377728533, 0.0033006362755321466, 0.0, 0.0, 0.0033613387817636757, 0.027911030950879344, 0.0017786604351806541, 0.0019354988744219148, 0.0049897307093143975, 0.0, 0.0, 0.0, 0.0, 0.009027595880164996, 0.006723781631327714, 0.0602682205949731, 0.004742380542645042, 0.0036673112086136133, 0.0, 0.0]}