{"labels": [0, 1, 2, 3, 4, 5, 6, 7, 8, 9, 10, 11, 12, 13, 14, 15, 16, 17, 18, 19, 20, 21, 22, 23, 24, 25, 26, 27, 28, 29, 30, 31, 32, 33, 34, 35, 36, 37, 38, 39], "data": [0.0, 0.0005853868260933332, 0.0, 0.0, 0.0, 0.0, 0.03460410206645262, 0.06969314392557961, 0.0, 0.0017980419831947695, 0.0, 0.0, 0.0, 0.0016919081386531983, 0.0, 0.0, 0.0, 0.0, 0.0, 0.04275273041316169, 0.0, 0.0, 0.0002000019992504231, 0.002220677712751478, 0.0, 0.0, 0.0, 0.0, 0.0, 0.0, 0.0, 0.0, 0.0, 0.0, 0.0, 0.0, 0.0, 0.05141004263672962, 0.0, 0.0]}