{"labels": [0, 1, 2, 3, 4, 5, 6, 7, 8, 9, 10, 11, 12, 13, 14, 15, 16, 17, 18, 19, 20, 21, 22, 23, 24, 25, 26, 27, 28, 29, 30, 31, 32, 33, 34, 35, 36, 37, 38, 39], "data": [0.0337458090619196, 0.014488405958919051, 0.0, 0.059434256537773886, 0.0, 0.0, 0.0, 0.0, 0.0, 0.0, 0.0, 0.025176969440823014, 0.0, 0.0, 0.00039357994778595564, 0.0, 0.0, 0.021584810352095328, 0.0, 0.0, 0.0036127513765693052, 0.020994036598052337, 0.001170809507974834, 0.0, 0.0, 0.03345094382000566, 0.0, 0.0, 0.0, 0.0, 0.0, 0.01977281724140179, 0.0, 0.0, 0.15007367382612785, 0.004085722503064735, 0.055131846430600005, 0.0, 0.0, 0.0]}