{"labels": [0, 1, 2, 3, 4, 5, 6, 7, 8, 9, 10, 11, 12, 13, 14, 15, 16, 17, 18, 19, 20, 21, 22, 23, 24, 25, 26, 27, 28, 29, 30, 31, 32, 33, 34, 35, 36, 37, 38, 39], "data": [0.020402572284060748, 0.0, 0.0, 0.0, 0.027989843033634318, 0.0021481830848391237, 0.002273028028106125, 0.0, 0.0001327269496212799, 0.013308176265516865, 0.0, 0.0, 0.0, 0.0, 0.0027764529774686065, 0.003890449453609973, 0.019569928121886748, 0.002500866962538247, 0.0059962136272135305, 0.0, 0.0, 0.022597257004368425, 0.0, 0.0, 0.0, 0.04949063162967036, 0.0, 0.02487618229907965, 0.0, 0.004755291470382488, 0.05038311233200536, 0.0, 0.0017686611082747571, 0.0, 0.0, 0.0168792775586466, 0.007911402374635713, 0.0, 0.005095203815861729, 0.022465936911839204]}