{"labels": [0, 1, 2, 3, 4, 5, 6, 7, 8, 9, 10, 11, 12, 13, 14, 15, 16, 17, 18, 19, 20, 21, 22, 23, 24, 25, 26, 27, 28, 29, 30, 31, 32, 33, 34, 35, 36, 37, 38, 39], "data": [0.0, 0.0, 0.0, 0.0, 0.015798880991246957, 0.0, 0.002400609972664922, 0.0, 0.0, 0.05145619754375157, 0.014830950763232771, 0.0, 0.0, 0.0, 0.003528420976296204, 0.0, 0.04367383900616468, 0.0, 0.0, 0.024859789307657, 0.0, 0.0009024910519723104, 0.001038883865888047, 0.005561921163044224, 0.0, 0.0, 0.0, 0.0, 0.0, 0.0, 0.0, 0.0, 0.0, 0.0, 0.039802046428055, 0.0, 0.00438656584602883, 0.0, 0.005018419145636043, 0.0013855836816854187]}