{"labels": [0, 1, 2, 3, 4, 5, 6, 7, 8, 9, 10, 11, 12, 13, 14, 15, 16, 17, 18, 19, 20, 21, 22, 23, 24, 25, 26, 27, 28, 29, 30, 31, 32, 33, 34, 35, 36, 37, 38, 39], "data": [0.006597525124520437, 0.0, 0.0, 0.0, 0.028225768163827495, 0.0, 0.04368677107497976, 0.0, 0.010307490742179487, 0.0, 0.0, 0.005899774735195347, 0.0, 0.0, 0.0, 0.0005503055964814623, 0.0, 0.004839917559767143, 0.0013077052389428028, 0.0, 0.0021314183820493053, 0.0, 0.0, 0.0, 0.0, 0.0, 0.0, 0.0, 0.0, 0.0, 0.0, 0.0, 0.0, 0.09245516715684265, 0.0, 0.0, 0.0, 0.011276066429913124, 0.008121660676569315, 0.0]}