{"labels": [0, 1, 2, 3, 4, 5, 6, 7, 8, 9, 10, 11, 12, 13, 14, 15, 16, 17, 18, 19, 20, 21, 22, 23, 24, 25, 26, 27, 28, 29, 30, 31, 32, 33, 34, 35, 36, 37, 38, 39], "data": [0.0, 0.0, 0.0016451445548455279, 0.0, 0.00038694892203488315, 0.0, 0.0, 0.0047045458225476585, 0.009494800359571438, 0.0024134250787847195, 0.007504441184358469, 0.006645992190506198, 0.0, 0.002759242670114921, 0.0, 0.01019879270626698, 0.0, 0.0, 0.004949175252163667, 0.0, 0.0, 0.005286205614160876, 0.0, 0.0, 0.0, 0.012689947260941619, 0.010357409074625531, 0.037732804134744495, 0.0028334195243794724, 0.0, 0.0008454056179306233, 0.0011425887116301187, 0.00013900495102649448, 0.012758644303783963, 0.04196763236715944, 0.005344217916634144, 0.0006113913556159385, 0.00018830108221252066, 0.0, 0.0]}