{"labels": [0, 1, 2, 3, 4, 5, 6, 7, 8, 9, 10, 11, 12, 13, 14, 15, 16, 17, 18, 19, 20, 21, 22, 23, 24, 25, 26, 27, 28, 29, 30, 31, 32, 33, 34, 35, 36, 37, 38, 39], "data": [0.002183981700032421, 0.0, 0.0, 0.004656189947162039, 0.0, 0.0, 0.005445234104367544, 0.0, 0.0, 0.0, 0.0, 0.003940898659379725, 0.029166222202496848, 0.0017316523876544888, 0.0, 0.005093583842434039, 0.0, 0.0, 0.004196848681917107, 0.0, 0.0025655672994768946, 0.0006372241043063212, 0.0, 0.0, 0.0, 0.0037538382943839168, 0.0, 0.0, 0.0, 0.0, 1.5804396118624955e-05, 0.0040613756002013945, 0.00013912211510833922, 0.0, 0.02071551493886094, 0.00016526995274128173, 0.0001568321147636729, 0.028627113191944574, 0.015783622572378257, 0.0017436108914217455]}