{"labels": [0, 1, 2, 3, 4, 5, 6, 7, 8, 9, 10, 11, 12, 13, 14, 15, 16, 17, 18, 19, 20, 21, 22, 23, 24, 25, 26, 27, 28, 29, 30, 31, 32, 33, 34, 35, 36, 37, 38, 39], "data": [0.0, 0.0017167613642877955, 0.0007610006527069045, 0.0, 0.0, 0.016401119610961544, 0.041295445933016095, 0.0, 0.0, 0.020123390892168195, 0.0, 0.0037834354362321423, 0.03268710642594899, 0.06122999545718429, 0.0, 0.004489495845050357, 0.0, 0.0, 0.0, 0.0, 0.016462454472399465, 0.0, 0.0008114757872399443, 0.0, 0.0, 0.023622299667231398, 0.0, 0.0, 0.0, 0.0, 0.0024701785167576935, 0.0, 0.0, 0.0, 0.01016799942697167, 0.0, 0.00584826740533806, 0.0, 0.0230173419926993, 0.0]}