{"labels": [0, 1, 2, 3, 4, 5, 6, 7, 8, 9, 10, 11, 12, 13, 14, 15, 16, 17, 18, 19, 20, 21, 22, 23, 24, 25, 26, 27, 28, 29, 30, 31, 32, 33, 34, 35, 36, 37, 38, 39], "data": [0.0, 0.0, 0.0017316455934564073, 0.0, 0.0013166853523257135, 0.0, 0.020749484623192115, 0.04274305640064175, 0.010915723006689094, 0.0012549686549846782, 0.0, 0.0020289275543027892, 0.027614132312882525, 0.0011356360816613506, 0.0, 0.0, 0.0, 0.004421938142855575, 0.0, 0.0, 0.0, 0.0, 0.0, 0.0019011002757568908, 0.0, 0.0, 0.0, 0.02572686038592202, 0.0, 0.0, 0.013646143842434823, 0.0, 0.0, 0.0, 0.02445228780639093, 0.0, 0.040797803352252825, 0.013721166162019472, 0.0, 0.0]}