{"labels": [0, 1, 2, 3, 4, 5, 6, 7, 8, 9, 10, 11, 12, 13, 14, 15, 16, 17, 18, 19, 20, 21, 22, 23, 24, 25, 26, 27, 28, 29, 30, 31, 32, 33, 34, 35, 36, 37, 38, 39], "data": [0.0, 0.0, 0.04354661548771762, 0.0, 0.0, 0.0021368733000567703, 0.003238873163250133, 0.0, 0.0012020465615213052, 0.0, 0.0, 0.0, 0.03072222909680502, 0.0, 0.0, 0.0, 0.0, 0.012819546032204664, 0.0, 0.0, 0.001712359750490529, 0.0, 0.0, 0.003931507696007627, 0.0, 0.0005269906998356094, 0.0, 0.0011213916963366867, 0.0, 0.0, 0.0, 0.0, 0.017940327371086615, 0.0, 0.0, 0.0, 0.06462026838183106, 0.0, 0.0, 0.001401134086371209]}