{"labels": [0, 1, 2, 3, 4, 5, 6, 7, 8, 9, 10, 11, 12, 13, 14, 15, 16, 17, 18, 19, 20, 21, 22, 23, 24, 25, 26, 27, 28, 29, 30, 31, 32, 33, 34, 35, 36, 37, 38, 39], "data": [0.0, 0.03720686759640005, 0.0, 0.0, 0.0, 0.0, 0.0183335249570835, 0.0, 0.0, 0.03612515318212226, 0.000876626296665553, 0.0, 0.025359092648789237, 0.00030602041372910165, 0.0, 0.0, 0.07519498434144549, 0.0003282404400225015, 0.0, 0.0, 0.001610289963955099, 0.01575712092648541, 0.0, 0.0, 0.01647081167319757, 0.0, 0.0, 0.022233386291387998, 0.0, 0.0, 0.0, 0.003322367086875392, 0.026749376651149147, 0.0, 0.056020431921754155, 0.0, 0.0, 0.004222374721130141, 0.0, 0.0]}