{"labels": [0, 1, 2, 3, 4, 5, 6, 7, 8, 9, 10, 11, 12, 13, 14, 15, 16, 17, 18, 19, 20, 21, 22, 23, 24, 25, 26, 27, 28, 29, 30, 31, 32, 33, 34, 35, 36, 37, 38, 39], "data": [0.0, 0.0, 0.0, 0.0, 0.004033139213402392, 0.0, 0.0042308804533559945, 0.029840566801513455, 0.008296041502559658, 0.0, 0.0, 0.006750415436172204, 0.0, 0.005080168420355767, 0.0, 0.0036865928371147914, 0.008344734174932254, 0.004164695421623854, 0.0, 0.0007683581130243311, 0.002318200867304977, 0.03180641233685903, 0.0, 0.0, 0.0, 0.0, 0.011780274517461617, 0.00533536678292064, 0.0, 0.0, 0.0, 0.0011026452196362484, 0.0, 0.0109409193560594, 0.010990631043086122, 0.009164795433830083, 0.0, 0.018109933227867074, 0.007827993683941901, 0.0015093446731626549]}