{"labels": [0, 1, 2, 3, 4, 5, 6, 7, 8, 9, 10, 11, 12, 13, 14, 15, 16, 17, 18, 19, 20, 21, 22, 23, 24, 25, 26, 27, 28, 29, 30, 31, 32, 33, 34, 35, 36, 37, 38, 39], "data": [0.0, 0.0, 0.0, 0.0, 0.009904230013140069, 0.0, 0.014720556432118143, 0.0, 0.0, 0.0, 0.001599715922427634, 0.0, 0.0, 0.0, 0.0, 0.0, 0.0, 0.0, 0.0, 0.0, 0.0, 0.024822584558196723, 0.0, 0.0, 0.0, 0.029428145355687885, 0.038108060250173416, 0.0, 0.003291332847067419, 0.011193223883985646, 0.0010920454629271342, 0.0, 0.0, 0.05908121059619246, 0.0, 0.06499147415675677, 0.0, 0.0, 0.0, 0.0]}