{"labels": [0, 1, 2, 3, 4, 5, 6, 7, 8, 9, 10, 11, 12, 13, 14, 15, 16, 17, 18, 19, 20, 21, 22, 23, 24, 25, 26, 27, 28, 29, 30, 31, 32, 33, 34, 35, 36, 37, 38, 39], "data": [0.03286328330202188, 0.03472462722954165, 0.035438320932904874, 0.022915257529501368, 0.0, 0.0, 0.07941469406827845, 0.0, 0.0, 0.0009936967432488434, 0.05547016987677329, 0.0, 0.0, 0.04035836604242761, 0.003356805136104357, 0.0, 0.0, 0.0, 0.027259153885910457, 0.0, 0.0, 0.0, 0.0, 0.02243946907349779, 0.048812445503072434, 0.0, 0.0, 0.0, 0.0, 0.010122211995219925, 0.008342188627820402, 0.0, 0.0348964559859799, 0.011349814148782913, 0.0, 0.0, 0.022792724062382322, 0.0, 0.0027909210129673594, 0.0]}