{"labels": [0, 1, 2, 3, 4, 5, 6, 7, 8, 9, 10, 11, 12, 13, 14, 15, 16, 17, 18, 19, 20, 21, 22, 23, 24, 25, 26, 27, 28, 29, 30, 31, 32, 33, 34, 35, 36, 37, 38, 39], "data": [0.0, 0.0, 0.0, 0.0, 0.0, 0.0, 0.0, 0.0, 0.0, 0.01924919014885898, 0.0, 0.0, 0.0, 0.0, 0.0, 0.0016551238991783536, 0.0, 0.0, 0.0026264690777820393, 0.0010098682542980816, 0.0, 0.0, 0.008573978337248293, 0.11626957943106797, 0.057890254181359985, 0.0, 0.0010933733482453932, 0.0, 0.0, 0.0, 0.0, 0.0, 0.0, 0.0, 0.0, 0.0, 0.00644606671290746, 0.0, 0.002762978276006736, 0.0026206036592322595]}