{"labels": [0, 1, 2, 3, 4, 5, 6, 7, 8, 9, 10, 11, 12, 13, 14, 15, 16, 17, 18, 19, 20, 21, 22, 23, 24, 25, 26, 27, 28, 29, 30, 31, 32, 33, 34, 35, 36, 37, 38, 39], "data": [0.037779300759682874, 0.0034973747484414418, 0.0, 0.0, 0.03217528986769308, 0.001093170906012704, 0.025247864165825463, 0.0, 0.002362073867491545, 0.023653782606357872, 0.0017547940714583736, 0.0, 0.0026940585525177634, 0.0, 0.0, 0.004662502938275133, 0.0, 0.0, 0.0, 0.011783009921823658, 0.0010825555917614573, 0.0, 0.02258407643375236, 0.0, 0.021990691942313633, 0.0, 0.01829681657002289, 0.0, 0.0, 0.0031849105400451536, 0.0, 0.00508518875905151, 0.0011910624208745968, 0.0, 0.03658645066817499, 0.0, 0.009423982766183898, 0.0, 0.0, 0.0]}