{"labels": [0, 1, 2, 3, 4, 5, 6, 7, 8, 9, 10, 11, 12, 13, 14, 15, 16, 17, 18, 19, 20, 21, 22, 23, 24, 25, 26, 27, 28, 29, 30, 31, 32, 33, 34, 35, 36, 37, 38, 39], "data": [0.0, 0.0, 0.01573629055897547, 0.003362277866068757, 0.0, 0.0001323875415754611, 0.0, 0.0, 0.002684016749428619, 0.0, 0.002800748577922465, 0.0, 0.0, 0.00529168575747806, 0.0, 0.0052693106199595335, 0.0, 0.0, 0.001700278562956332, 0.0, 0.0, 0.010440915571756085, 0.0, 0.0, 0.0, 0.007762011955465568, 0.009320573914912597, 0.0, 0.0, 0.0, 0.0, 0.0697194444537346, 0.0, 0.009781563054893883, 0.013241096609361243, 0.009424195378246137, 0.0, 0.009469133682760577, 0.03718798736690705, 0.002575456960931924]}