{"labels": [0, 1, 2, 3, 4, 5, 6, 7, 8, 9, 10, 11, 12, 13, 14, 15, 16, 17, 18, 19, 20, 21, 22, 23, 24, 25, 26, 27, 28, 29, 30, 31, 32, 33, 34, 35, 36, 37, 38, 39], "data": [0.0032523119521071474, 0.010881591163403431, 0.004253741223148082, 0.0001447911176360019, 0.0028566741647304546, 0.0, 0.0, 0.0, 0.0, 0.007385529259479412, 0.005062247853013759, 0.0, 0.0337538615783412, 0.0, 0.002060738422078775, 0.0, 0.01473052185442037, 0.004605152966713202, 0.005223148070453614, 0.0010222593485259134, 0.0, 0.004603404115857063, 0.007563731396659563, 0.0018108335025446252, 0.0038318811146254225, 0.0, 0.0, 0.004372933881199784, 0.007194251434157808, 0.0, 0.0017162023680301521, 0.010793592982012773, 0.0, 0.0, 0.007015011978634372, 0.010484683780003098, 0.015360683014121529, 0.010233543831865255, 0.0, 0.0]}