{"labels": [0, 1, 2, 3, 4, 5, 6, 7, 8, 9, 10, 11, 12, 13, 14, 15, 16, 17, 18, 19, 20, 21, 22, 23, 24, 25, 26, 27, 28, 29, 30, 31, 32, 33, 34, 35, 36, 37, 38, 39], "data": [0.005420972117658669, 0.0, 0.00028421686098473013, 0.0, 0.021496928355320966, 0.0, 0.0, 0.005245062882178235, 0.0036668964657758855, 0.0, 0.006299137998208732, 0.00042766786623190496, 0.0, 0.0, 5.937717276228947e-05, 0.0006590177693462562, 0.0, 0.06129401444589636, 0.0, 0.05580808636873312, 0.0, 0.0, 0.0, 0.0, 0.02145380263551761, 0.0, 0.0021201630065439897, 0.03608062620041172, 0.0, 0.0, 0.004745228021479921, 0.0, 0.0, 0.0, 0.008536911802430953, 0.012478627963674802, 0.0, 0.0, 0.004395715011120228, 0.0]}