{"labels": [0, 1, 2, 3, 4, 5, 6, 7, 8, 9, 10, 11, 12, 13, 14, 15, 16, 17, 18, 19, 20, 21, 22, 23, 24, 25, 26, 27, 28, 29, 30, 31, 32, 33, 34, 35, 36, 37, 38, 39], "data": [0.0, 0.0, 0.0, 0.0, 0.0, 0.0, 0.0, 0.016600295328367383, 0.0, 0.003776418478003599, 0.0, 0.0, 0.0, 0.0, 0.0, 0.0, 0.0, 0.06025537092496863, 0.0, 0.0, 0.0, 0.05106336083078259, 0.0, 5.5098909215858574e-05, 0.0, 0.020365125408382728, 0.0, 0.0, 0.0019187263625535802, 0.0, 0.0, 0.0, 0.0, 0.025913083872348558, 0.0, 0.010154895963100914, 0.0, 0.0, 0.0, 0.0]}