{"labels": [0, 1, 2, 3, 4, 5, 6, 7, 8, 9, 10, 11, 12, 13, 14, 15, 16, 17, 18, 19, 20, 21, 22, 23, 24, 25, 26, 27, 28, 29, 30, 31, 32, 33, 34, 35, 36, 37, 38, 39], "data": [0.0, 0.0019523233345828802, 0.0023074260920107853, 0.0, 0.02652267487406468, 0.0006194713168547118, 0.019529069585163112, 0.0016116230570196238, 0.012249567559768873, 0.013388718622333276, 0.0, 0.005502614600532715, 0.0, 0.006669861061383407, 0.0014480644940868515, 0.0, 0.0015261433284537774, 0.009179919359782098, 0.001175184847700753, 0.0033494321150453026, 0.0, 0.0, 0.003314277765301364, 0.0013339604306514688, 0.0043574083578714375, 0.0, 0.004583217639177032, 0.0, 0.0, 0.0, 0.0, 0.00886147930106338, 0.0, 0.0, 0.0, 0.0, 0.006408024889555115, 0.0011928796010209164, 0.010548234888724686, 0.003897714418125703]}