{"labels": [0, 1, 2, 3, 4, 5, 6, 7, 8, 9, 10, 11, 12, 13, 14, 15, 16, 17, 18, 19, 20, 21, 22, 23, 24, 25, 26, 27, 28, 29, 30, 31, 32, 33, 34, 35, 36, 37, 38, 39], "data": [0.0, 0.0, 0.0, 0.0, 0.0, 0.011493537946499908, 0.004114652490298635, 0.0009102244472079601, 0.004219172517443069, 0.0, 0.0, 0.0006772858707488118, 0.0, 0.0005894858634632212, 0.041009612729297595, 0.0, 0.01053984892258272, 0.01188418215549826, 0.004483664865033269, 0.0, 0.03270287382373013, 0.0, 0.0, 0.0, 0.0, 0.0021991295007681246, 0.0001999893664195569, 0.005069461971679876, 0.0, 0.08622945392407398, 0.0, 0.0, 0.0, 0.012791707841172633, 0.0, 0.060284207580274515, 0.032067970133055505, 0.0007566631474429604, 0.011315735058490036, 0.0]}