{"labels": [0, 1, 2, 3, 4, 5, 6, 7, 8, 9, 10, 11, 12, 13, 14, 15, 16, 17, 18, 19, 20, 21, 22, 23, 24, 25, 26, 27, 28, 29, 30, 31, 32, 33, 34, 35, 36, 37, 38, 39], "data": [0.314598284627569, 0.07520991662441917, 0.09957625566496205, 0.0, 0.10433643044605709, 0.0, 0.08755584293596609, 0.0, 0.0, 0.13323662894604643, 0.03502496208232291, 0.0, 0.0, 0.028897163705647322, 0.0, 0.008955170855391062, 0.0, 0.0, 0.10351525196093332, 0.0, 0.0, 0.0, 0.0, 0.020051892121084196, 0.0490710469582618, 0.0, 0.0, 0.0, 0.0, 0.0, 0.0, 0.0, 0.0, 0.12024824876284237, 0.0, 0.0, 0.0, 0.0, 0.0, 0.0]}