{"labels": [0, 1, 2, 3, 4, 5, 6, 7, 8, 9, 10, 11, 12, 13, 14, 15, 16, 17, 18, 19, 20, 21, 22, 23, 24, 25, 26, 27, 28, 29, 30, 31, 32, 33, 34, 35, 36, 37, 38, 39], "data": [0.02241139918766489, 0.0, 0.0, 0.0, 0.012924317081082722, 0.0, 0.023327616870940947, 0.0012916765417908267, 0.0, 0.0020727174219200787, 0.0, 0.0, 0.0, 0.0, 0.0, 0.0, 0.0, 0.009194437297720653, 0.008566690632352174, 0.03694367693920081, 0.0030290736270006833, 0.0033900771807756037, 0.0, 0.0, 0.00273027373631187, 0.006321916312367994, 0.0, 0.0, 0.0008283347323701729, 0.0, 0.010540178980415644, 0.0, 0.0, 0.006591835525564899, 0.0, 0.06406430032590921, 0.0, 0.0, 0.0004669496269560341, 0.0]}