{"labels": [0, 1, 2, 3, 4, 5, 6, 7, 8, 9, 10, 11, 12, 13, 14, 15, 16, 17, 18, 19, 20, 21, 22, 23, 24, 25, 26, 27, 28, 29, 30, 31, 32, 33, 34, 35, 36, 37, 38, 39], "data": [0.022140983659783342, 6.207620122802766e-06, 0.0, 0.0, 0.015796860942496948, 0.0005629822790697482, 0.0063319735071728275, 0.01798425239770628, 0.0, 0.012516773732321703, 0.0, 0.0, 0.016522738887398736, 0.0028878676676358205, 0.0, 0.0, 0.004796255594740892, 0.015279047672254622, 0.04647926189098639, 0.0012601712935682797, 0.0, 0.03473585053128067, 0.0, 5.34823506198567e-06, 0.0, 0.00891938822497608, 0.0, 0.0018631424486749482, 0.0, 0.0, 0.027447616166790367, 0.00018991801819230372, 0.0024720605195700956, 0.0, 0.004144301256556079, 0.0, 0.0, 0.016724230932502363, 0.0, 0.0]}