{"labels": [0, 1, 2, 3, 4, 5, 6, 7, 8, 9, 10, 11, 12, 13, 14, 15, 16, 17, 18, 19, 20, 21, 22, 23, 24, 25, 26, 27, 28, 29, 30, 31, 32, 33, 34, 35, 36, 37, 38, 39], "data": [0.0, 0.0028485892441681895, 0.0, 0.0, 0.020045537084757932, 9.164754000898813e-05, 0.025211119220249923, 0.03115357244678627, 0.0, 0.0, 0.0, 0.0, 0.0, 0.04157113319074165, 0.0, 0.11516202177514338, 0.0, 0.0, 0.003880834084559296, 0.0, 0.0, 0.0, 0.0, 0.0, 0.09466447061367061, 0.0, 0.0, 0.0, 0.003490561310206888, 0.006353064017658381, 0.0, 0.0, 0.0, 0.0, 0.0, 0.0, 0.0, 0.0, 0.0010742510949072, 0.0]}