{"labels": [0, 1, 2, 3, 4, 5, 6, 7, 8, 9, 10, 11, 12, 13, 14, 15, 16, 17, 18, 19, 20, 21, 22, 23, 24, 25, 26, 27, 28, 29, 30, 31, 32, 33, 34, 35, 36, 37, 38, 39], "data": [0.010282397838774649, 0.004352715113879689, 0.0008294699907400672, 0.0, 0.0, 0.010653293522424107, 0.055684123873692384, 0.0036023926525506436, 0.0, 0.0, 0.0010235918291671333, 0.0, 0.00038105550962288885, 0.015114352313729831, 0.003640331608260324, 0.024285194087047744, 0.0, 0.0, 0.0, 0.0, 0.0, 0.0, 0.0, 0.02675072318304271, 0.0, 0.004655980063860049, 0.03617282770623745, 0.0, 0.0, 0.0, 0.007777682679477885, 0.0, 0.0858473844353716, 0.0, 0.0, 0.0, 0.0, 0.0010785730461662015, 0.005778339723439098, 0.0]}