{"labels": [0, 1, 2, 3, 4, 5, 6, 7, 8, 9, 10, 11, 12, 13, 14, 15, 16, 17, 18, 19, 20, 21, 22, 23, 24, 25, 26, 27, 28, 29, 30, 31, 32, 33, 34, 35, 36, 37, 38, 39], "data": [0.00016316967896852518, 0.005422025119671444, 0.0, 0.0, 0.0, 0.0, 0.002682523545987331, 0.0, 0.0, 0.0, 0.0, 0.0, 0.023939706971043702, 0.0, 0.0, 0.0, 0.0, 0.019815582499877193, 0.0, 0.0, 0.021609422396789084, 0.0, 0.006019469674664366, 0.0058731470419963, 0.0, 0.05241401460518903, 0.0, 0.02135090469985814, 0.0, 0.0, 0.002676104863518237, 0.0, 0.004188274818755421, 0.0001658683054092572, 0.0, 0.0, 0.0, 0.0, 0.0, 0.0]}