{"labels": [0, 1, 2, 3, 4, 5, 6, 7, 8, 9, 10, 11, 12, 13, 14, 15, 16, 17, 18, 19, 20, 21, 22, 23, 24, 25, 26, 27, 28, 29, 30, 31, 32, 33, 34, 35, 36, 37, 38, 39], "data": [0.0, 0.0, 0.0003534091416904443, 0.04449606765083771, 0.028029094531810687, 0.0, 0.031599945369279056, 0.00803830482182293, 0.0, 0.01128894097339329, 0.0, 0.0, 0.0, 0.0, 0.0, 0.009512107916186665, 0.0, 0.0, 0.028111446242542613, 0.0, 0.01281455000335477, 0.002278378414332158, 0.0, 0.0037829136455735986, 0.0022516408571833695, 0.0, 0.0037078501262866144, 0.0, 0.15891705163357292, 0.0, 0.0019845261701055277, 0.0, 0.0030159868494595682, 0.008744909536702363, 0.02744361731214393, 0.0074609163089916115, 0.0, 0.0, 0.0, 0.0005623276713334449]}