{"labels": [0, 1, 2, 3, 4, 5, 6, 7, 8, 9, 10, 11, 12, 13, 14, 15, 16, 17, 18, 19, 20, 21, 22, 23, 24, 25, 26, 27, 28, 29, 30, 31, 32, 33, 34, 35, 36, 37, 38, 39], "data": [0.0, 0.0, 0.0, 0.019809412251869808, 0.006968665307029806, 0.0, 0.03304539707693852, 0.013936168623988464, 0.0, 0.0, 0.0, 0.0, 0.0, 0.0, 0.0, 0.0, 0.008717202482184171, 0.02141194003849596, 0.017164140885119576, 0.00035948269869374885, 0.0, 0.0037276757405732, 0.0, 0.0, 0.0, 0.07629722111390773, 0.0, 0.0, 0.0, 0.0, 0.050201035903407486, 0.0, 0.0, 0.0012708061758802593, 0.0, 0.004759510030189336, 0.0, 0.010989592134525357, 0.0037627143697475897, 0.0]}