{"labels": [0, 1, 2, 3, 4, 5, 6, 7, 8, 9, 10, 11, 12, 13, 14, 15, 16, 17, 18, 19, 20, 21, 22, 23, 24, 25, 26, 27, 28, 29, 30, 31, 32, 33, 34, 35, 36, 37, 38, 39], "data": [0.00256065952368709, 0.0017366431369333045, 0.00021218058894308624, 0.0002418000658527679, 0.0, 0.0007682284027629349, 0.01570958416493173, 0.0289517520120348, 0.017435591588455698, 0.0, 0.005605105633996797, 0.006163848274954399, 0.00040773590298043337, 0.0, 0.0007431422387113686, 0.0, 0.0, 0.0, 0.0008901677873344899, 0.0006861142630778818, 0.0, 0.0, 0.0, 0.00427024614292305, 0.0015151228461209797, 0.0, 0.0015062266254025616, 0.0, 0.0, 0.0, 0.0, 0.0, 0.001721101221803819, 0.0, 0.0082085077436002, 0.0021708258179522952, 0.009912236390888523, 0.0015936084843394085, 0.0022194074291106373, 0.0]}