{"labels": [0, 1, 2, 3, 4, 5, 6, 7, 8, 9, 10, 11, 12, 13, 14, 15, 16, 17, 18, 19, 20, 21, 22, 23, 24, 25, 26, 27, 28, 29, 30, 31, 32, 33, 34, 35, 36, 37, 38, 39], "data": [0.37427164293846016, 0.0, 0.0, 0.01483689453490239, 0.0, 0.027320373568551867, 0.0, 0.0, 0.0, 0.007029565405006269, 0.05284633472329294, 0.0, 0.10209526563382085, 0.0003518860259895889, 0.027285040949113267, 0.0, 0.0, 0.04669448167378723, 0.25280779166341116, 0.0, 0.0, 0.0, 0.02528331718207442, 0.06767609734008853, 0.0, 0.0, 0.0, 0.1354639345275558, 0.02892855614083918, 0.0, 0.03669514101055665, 0.029593421605483495, 0.0, 0.09875389314352351, 0.0, 0.0, 0.02627812203088536, 0.0, 0.016831390790337238, 0.0]}