{"labels": [0, 1, 2, 3, 4, 5, 6, 7, 8, 9, 10, 11, 12, 13, 14, 15, 16, 17, 18, 19, 20, 21, 22, 23, 24, 25, 26, 27, 28, 29, 30, 31, 32, 33, 34, 35, 36, 37, 38, 39], "data": [0.0, 0.0, 0.0020751555621234454, 0.0, 0.0, 0.0006197758513980496, 0.0, 0.0, 0.007077598217494199, 0.0, 0.0, 0.0012403531085752046, 0.0, 0.0, 0.001868525897008461, 0.0, 0.0, 0.0, 0.0, 0.0, 0.0, 0.0, 0.0, 0.0, 0.0, 0.0, 0.003534614416026923, 0.0, 0.02759284039503832, 0.0, 0.02773986543538452, 0.0, 0.0, 0.00998221221141399, 0.0, 0.10415172649870341, 0.0, 0.0, 0.009976006548232948, 0.004156701815014856]}