{"labels": [0, 1, 2, 3, 4, 5, 6, 7, 8, 9, 10, 11, 12, 13, 14, 15, 16, 17, 18, 19, 20, 21, 22, 23, 24, 25, 26, 27, 28, 29, 30, 31, 32, 33, 34, 35, 36, 37, 38, 39], "data": [0.0, 0.0, 0.0, 0.004837887500674069, 0.04145360043518396, 0.024314774314631568, 0.02321614490374017, 0.03335338953099838, 0.0022415824542028266, 0.0, 0.0, 0.001510988086352495, 0.0, 0.0, 0.0, 0.0, 0.002169550055437293, 0.0, 0.0, 0.0, 0.0011674314369850194, 0.0, 0.0009280955512548527, 0.0, 0.0, 0.0, 0.0, 0.0, 0.0078046317952104784, 0.0, 0.004344633537990053, 0.007907963131805865, 0.0, 0.0, 0.0, 0.052351904189851396, 0.0, 0.0, 0.0, 0.0]}