{"labels": [0, 1, 2, 3, 4, 5, 6, 7, 8, 9, 10, 11, 12, 13, 14, 15, 16, 17, 18, 19, 20, 21, 22, 23, 24, 25, 26, 27, 28, 29, 30, 31, 32, 33, 34, 35, 36, 37, 38, 39], "data": [0.0, 0.0016742907821798833, 0.0021751128531736267, 0.011833299890785454, 0.02357009918541501, 0.0, 0.0, 0.0011668468340462325, 0.0, 0.0, 0.0, 0.0, 0.0, 0.0, 0.0, 0.0740039004959292, 0.000777702804288807, 0.006557883540439244, 0.0, 0.0001220585079722674, 0.006885259762224608, 0.0, 0.016301291789787262, 0.038102324330334426, 0.0075636376699413374, 0.0, 0.0, 0.00023644706671677285, 0.0, 0.004973668569333073, 0.0, 0.0006744174453232046, 0.0, 0.0, 0.0, 0.0, 0.0, 0.0, 0.0, 0.0]}