{"labels": [0, 1, 2, 3, 4, 5, 6, 7, 8, 9, 10, 11, 12, 13, 14, 15, 16, 17, 18, 19, 20, 21, 22, 23, 24, 25, 26, 27, 28, 29, 30, 31, 32, 33, 34, 35, 36, 37, 38, 39], "data": [0.0, 0.0, 0.0022784815311642317, 0.0, 0.0, 0.0, 0.017778112743618756, 0.0, 0.0, 0.003186152979945021, 0.0, 0.0, 0.0, 0.0, 0.0, 0.0, 0.0, 0.0, 0.0, 0.04780735042604155, 0.0, 0.0, 0.0, 0.0, 0.0, 0.0, 0.0, 0.0, 0.0, 0.0, 0.003838392891831531, 0.0, 0.0, 0.182373637174436, 0.0, 0.0, 0.0020480452879632132, 0.0, 0.0, 0.0]}