{"labels": [0, 1, 2, 3, 4, 5, 6, 7, 8, 9, 10, 11, 12, 13, 14, 15, 16, 17, 18, 19, 20, 21, 22, 23, 24, 25, 26, 27, 28, 29, 30, 31, 32, 33, 34, 35, 36, 37, 38, 39], "data": [0.0, 0.0, 0.0, 0.025625366384102635, 0.0, 0.0, 0.0, 0.008032387800140447, 0.0, 0.0, 0.0, 0.0, 0.0, 0.0, 0.0, 0.0, 0.0, 0.0, 0.0, 0.0, 0.0, 0.0, 0.0, 0.0, 0.04531481332623054, 0.05775444144393107, 0.0, 0.0371640890921954, 0.0, 0.0, 0.0, 0.0, 0.0, 0.0, 0.009550213046711546, 0.0, 0.0, 0.0, 0.05139378326499725, 0.0]}