{"labels": [0, 1, 2, 3, 4, 5, 6, 7, 8, 9, 10, 11, 12, 13, 14, 15, 16, 17, 18, 19, 20, 21, 22, 23, 24, 25, 26, 27, 28, 29, 30, 31, 32, 33, 34, 35, 36, 37, 38, 39], "data": [0.0072865579630807175, 0.0, 0.01984416785505788, 0.012423197931071843, 0.042937775264151386, 0.0, 0.0001001043044219248, 0.0, 0.0010885373415283372, 0.0, 0.0, 0.0009500938807751775, 0.011744874942360452, 0.0, 0.0, 0.0, 0.003856616822614299, 0.0, 0.0, 0.0, 0.0, 0.0, 0.04770205832670588, 0.0, 0.061484832197565946, 0.0, 0.0, 0.06665559880183043, 0.0, 0.011468441178879418, 0.0, 0.0039004173701933575, 0.0, 9.541156607801995e-05, 0.021423455814417954, 0.0, 0.0, 0.0, 0.0, 0.0]}