{"labels": [0, 1, 2, 3, 4, 5, 6, 7, 8, 9, 10, 11, 12, 13, 14, 15, 16, 17, 18, 19, 20, 21, 22, 23, 24, 25, 26, 27, 28, 29, 30, 31, 32, 33, 34, 35, 36, 37, 38, 39], "data": [0.014956448369719124, 0.01807056228808605, 0.01798199391036365, 0.0006026420736255679, 0.0, 0.023395420233139404, 0.002080623486698281, 0.0, 0.0, 0.002706308203523293, 0.00018405041982656406, 0.0012104436455717305, 0.018691399207320773, 0.000673396718618296, 0.02293834876947343, 0.024382803760851567, 0.025168869519117225, 0.0, 0.03241155479223368, 0.0, 0.003239176657159372, 0.0019589299936137524, 0.0, 0.0007895959394708423, 0.0005738921060423529, 0.02562501778619462, 0.003719129073124762, 0.0028281335651095126, 0.0, 0.0, 0.0, 0.0, 0.02605223316933773, 0.0, 0.017863460850983517, 0.0, 0.0, 0.015034183080188298, 0.028233570680348, 0.011527504451629207]}