{"labels": [0, 1, 2, 3, 4, 5, 6, 7, 8, 9, 10, 11, 12, 13, 14, 15, 16, 17, 18, 19, 20, 21, 22, 23, 24, 25, 26, 27, 28, 29, 30, 31, 32, 33, 34, 35, 36, 37, 38, 39], "data": [0.009670022584046764, 0.0, 0.0, 0.10085442262235056, 0.0, 0.0, 0.0, 0.02853402491876052, 0.0003671382700939063, 0.001871159454249999, 0.0, 0.05712295247997037, 0.060635465202543086, 0.0, 0.025387947679784327, 0.0, 0.0, 0.019720012405507897, 0.0, 0.0, 0.0, 0.0, 0.0, 0.0, 0.0, 0.01589937163842958, 0.0, 0.0, 0.0020907188743627034, 0.0, 0.0016211834697884991, 0.0, 0.0, 0.0, 0.035467609080337685, 0.11012993253538274, 0.02792214112135447, 0.0053767891620632655, 0.022061284718629233, 0.0]}