{"labels": [0, 1, 2, 3, 4, 5, 6, 7, 8, 9, 10, 11, 12, 13, 14, 15, 16, 17, 18, 19, 20, 21, 22, 23, 24, 25, 26, 27, 28, 29, 30, 31, 32, 33, 34, 35, 36, 37, 38, 39], "data": [0.0007943144940517201, 0.04130330607668795, 0.017705500236001735, 0.002074399422721237, 0.017974109805612606, 0.0, 0.016658126239743574, 0.0, 0.0, 0.00875072536455188, 0.0, 0.0, 0.005218662496406421, 0.0, 0.0, 0.00029184011593220727, 0.0, 0.0014292227937542218, 0.00813596889162648, 0.0, 0.0, 0.0001076890891713634, 0.0, 0.0, 0.0, 0.00585150437885045, 0.05082610902463012, 0.016576551976369674, 0.0, 0.0, 0.0, 0.0, 0.08166530818089644, 0.0, 0.028878468412448767, 0.02125913399350601, 0.05916056976495843, 0.013459612275199274, 0.01630690325327399, 0.0]}