{"labels": [0, 1, 2, 3, 4, 5, 6, 7, 8, 9, 10, 11, 12, 13, 14, 15, 16, 17, 18, 19, 20, 21, 22, 23, 24, 25, 26, 27, 28, 29, 30, 31, 32, 33, 34, 35, 36, 37, 38, 39], "data": [0.0, 0.0, 0.0, 0.0016909174573891573, 0.009051214441691675, 0.0, 0.0, 0.024013182685257643, 0.0, 0.0, 0.029499944066906942, 0.0, 0.01854236564619369, 0.0, 0.0, 0.0, 0.00995031297354707, 0.0031694169965253683, 0.003737562240632903, 0.0, 0.0, 0.0026390637202854416, 0.002190956910400045, 0.0, 0.0, 0.006454794746088173, 0.0018216523767755912, 0.005166175153969704, 0.0, 0.0, 0.06216409207737633, 0.0, 0.0, 0.009605871592680941, 0.0, 0.04622292778306386, 0.0038602910488523116, 0.017316598077849903, 0.0022386979145693027, 0.0]}