{"labels": [0, 1, 2, 3, 4, 5, 6, 7, 8, 9, 10, 11, 12, 13, 14, 15, 16, 17, 18, 19, 20, 21, 22, 23, 24, 25, 26, 27, 28, 29, 30, 31, 32, 33, 34, 35, 36, 37, 38, 39], "data": [0.012481673815540361, 0.005617991577318878, 0.0026342522872402625, 0.0, 0.03078449251849104, 0.035144203905208275, 0.0041562131995536355, 0.010788585304598646, 0.0, 0.004643736119517817, 0.035214453034290126, 0.0, 0.006030280765508091, 0.0, 0.010781688940838405, 0.0, 0.0, 0.0, 0.0, 0.0, 0.0, 0.016598615385974833, 0.0, 0.0069092246195187985, 0.0, 0.0, 0.030386708716973358, 0.0008485839400813782, 0.0, 0.0006033107281637121, 0.0, 0.0, 0.0010121125947743616, 0.0171918361111636, 0.019045785418279455, 0.0, 0.0, 0.0012060590507263834, 0.045927184677623724, 0.06879567651890206]}