{"labels": [0, 1, 2, 3, 4, 5, 6, 7, 8, 9, 10, 11, 12, 13, 14, 15, 16, 17, 18, 19, 20, 21, 22, 23, 24, 25, 26, 27, 28, 29, 30, 31, 32, 33, 34, 35, 36, 37, 38, 39], "data": [0.0, 0.0, 0.0, 0.0, 0.0, 0.0, 0.06481789212212177, 0.0030440996103105957, 0.0, 0.0, 0.04823358753523557, 0.0, 0.0004071140796846345, 0.0, 0.0009991653596758015, 0.0, 0.0, 0.0, 0.0, 0.0, 0.0, 0.0, 0.0, 0.0, 0.003512075023588228, 0.0, 0.0, 0.0005282225706779829, 0.0, 0.021764115974147177, 0.0, 0.0, 0.0, 0.0, 0.0, 0.04827068942083436, 0.0, 0.0, 0.0, 0.0]}