{"labels": [0, 1, 2, 3, 4, 5, 6, 7, 8, 9, 10, 11, 12, 13, 14, 15, 16, 17, 18, 19, 20, 21, 22, 23, 24, 25, 26, 27, 28, 29, 30, 31, 32, 33, 34, 35, 36, 37, 38, 39], "data": [0.0, 0.03751719968601625, 0.0, 0.0, 0.0, 0.0, 0.0, 0.0, 0.12217915117702997, 0.0, 0.0, 0.0, 0.0, 0.0, 0.0, 0.0, 0.0, 0.0, 0.0, 0.0, 0.0, 0.0, 0.0, 0.0, 0.0, 0.0, 0.0, 0.0, 0.0, 0.010119710637785875, 0.0, 0.0, 0.0, 0.036771751033068435, 0.0, 0.0, 0.0, 0.012994360152806844, 0.0, 8.445760232814474e-05]}