{"labels": [0, 1, 2, 3, 4, 5, 6, 7, 8, 9, 10, 11, 12, 13, 14, 15, 16, 17, 18, 19, 20, 21, 22, 23, 24, 25, 26, 27, 28, 29, 30, 31, 32, 33, 34, 35, 36, 37, 38, 39], "data": [0.001165538160941359, 0.0, 0.0009922385499470895, 0.01044005097200013, 0.0, 0.0, 0.002866433355637643, 0.04661130458811754, 0.0, 0.0003475696879831986, 0.0, 0.0014646925033895272, 0.0, 0.01068931413615771, 0.016405622104278685, 0.003402164339017542, 0.0010161169980072457, 0.0, 0.0009163058238951365, 0.003286045843905144, 0.0, 0.0451397159992912, 0.0, 0.010156161108666305, 0.0, 0.060899717957844865, 0.0004215592005720082, 0.0029671593825955785, 0.00029835649146644187, 0.0, 0.0, 0.0, 0.0, 0.0016849569915051766, 0.0, 0.0, 0.0, 0.017701558387843565, 0.01844691599098939, 0.0]}