{"labels": [0, 1, 2, 3, 4, 5, 6, 7, 8, 9, 10, 11, 12, 13, 14, 15, 16, 17, 18, 19, 20, 21, 22, 23, 24, 25, 26, 27, 28, 29, 30, 31, 32, 33, 34, 35, 36, 37, 38, 39], "data": [0.0072515459081146, 0.0, 0.0, 0.003340241218418163, 0.024061850600596502, 0.009470058185283995, 0.0, 0.0, 0.0, 0.0, 0.0, 0.0004832961934441367, 0.0, 0.002484658710276771, 0.0, 0.0, 0.0065713780420536315, 0.005220480048715658, 0.0, 0.0008809790733571067, 0.0, 0.007301464022763334, 0.0009010040742751238, 0.006085595780555779, 0.0, 0.01194588830860115, 0.0, 0.004141830710093208, 0.0, 2.2485245209657007e-06, 0.0, 0.0012371760675513154, 0.0, 0.03727560640376279, 0.0, 0.0, 0.0, 0.03637933464097398, 0.0, 0.0013184523420926568]}