{"labels": [0, 1, 2, 3, 4, 5, 6, 7, 8, 9, 10, 11, 12, 13, 14, 15, 16, 17, 18, 19, 20, 21, 22, 23, 24, 25, 26, 27, 28, 29, 30, 31, 32, 33, 34, 35, 36, 37, 38, 39], "data": [0.002136156304107495, 0.0, 0.025764696808624175, 0.0075718226060257346, 0.0, 0.049629569939578094, 0.0, 0.011255727122745588, 0.0023377817476287303, 0.0, 0.0, 0.0, 0.0, 0.0, 0.0, 0.014998033928725608, 0.020607196066845364, 0.0, 0.0, 0.0, 0.0, 0.043098658153539575, 0.0, 0.0, 0.006608197082036411, 0.0, 0.06146199396529461, 0.00028962557506418394, 0.07261164453678662, 0.0, 0.006303860105224984, 0.07973719747925477, 0.034623901116281504, 0.0, 0.0, 0.0, 0.0, 0.010139959311340962, 0.0, 0.0]}