{"labels": [0, 1, 2, 3, 4, 5, 6, 7, 8, 9, 10, 11, 12, 13, 14, 15, 16, 17, 18, 19, 20, 21, 22, 23, 24, 25, 26, 27, 28, 29, 30, 31, 32, 33, 34, 35, 36, 37, 38, 39], "data": [0.01917835542935802, 0.0, 0.0, 0.0, 0.02558935534342952, 0.0, 0.0, 0.0, 0.0, 0.03266780564249669, 0.0, 0.004956609962381055, 0.0, 0.0, 0.0, 0.0, 0.010889242951545143, 0.010443050247920888, 0.0, 0.06699471604110183, 0.03478703746569399, 0.0, 0.0, 0.059147238470551484, 0.012348283787330099, 0.25173538695533304, 0.0, 0.004025408270236479, 0.0, 0.0, 0.0, 0.0, 0.0, 0.0, 0.0, 0.0, 0.0, 0.0, 0.0, 0.0]}