{"labels": [0, 1, 2, 3, 4, 5, 6, 7, 8, 9, 10, 11, 12, 13, 14, 15, 16, 17, 18, 19, 20, 21, 22, 23, 24, 25, 26, 27, 28, 29, 30, 31, 32, 33, 34, 35, 36, 37, 38, 39], "data": [0.0012970680909277978, 0.001821315332439985, 0.0, 0.0, 0.0, 0.0, 0.0, 0.05430322952767941, 0.0, 0.0, 0.0, 0.0, 0.0, 0.0, 0.0017678222206366802, 0.0, 0.0, 0.0, 0.005642952483188865, 0.0, 0.0, 0.0, 0.0, 0.001744151236061813, 0.0, 0.0, 0.0005449134818476621, 0.0034640398627481237, 0.0, 0.01107156732428265, 0.0, 0.0008068318596180118, 0.0, 0.016145127680323952, 0.0, 0.0, 0.0, 0.0, 0.0, 0.0]}