{"labels": [0, 1, 2, 3, 4, 5, 6, 7, 8, 9, 10, 11, 12, 13, 14, 15, 16, 17, 18, 19, 20, 21, 22, 23, 24, 25, 26, 27, 28, 29, 30, 31, 32, 33, 34, 35, 36, 37, 38, 39], "data": [0.0, 0.0, 0.0, 0.0, 0.0009978102872075945, 0.0, 0.012466692839819302, 0.0, 0.007263319413580365, 0.024423811587077827, 0.0007728898537214872, 0.002156813074465772, 0.0, 0.0010344907086252972, 0.0, 0.0, 0.0, 0.06353764802802442, 0.007701430978384892, 0.0, 0.0, 0.0, 7.160641394964273e-05, 0.0, 0.0, 0.014491945072681804, 0.0, 0.008967161741233723, 0.006124718965243433, 0.0, 0.0, 0.0, 0.0, 0.0, 0.0, 0.0, 0.0, 0.00382348165141371, 0.07010507070851889, 0.0]}