{"labels": [0, 1, 2, 3, 4, 5, 6, 7, 8, 9, 10, 11, 12, 13, 14, 15, 16, 17, 18, 19, 20, 21, 22, 23, 24, 25, 26, 27, 28, 29, 30, 31, 32, 33, 34, 35, 36, 37, 38, 39], "data": [0.0, 0.004365408272873383, 0.0, 0.018578387651066074, 0.01381610382644942, 0.03531224383730432, 0.0, 0.005347539310140334, 0.0, 0.0, 0.0, 0.008504341883319014, 0.0062772743248802445, 0.0, 0.0, 0.0, 0.038233419617431916, 0.0, 0.0, 0.0, 0.0, 0.0, 0.0002265081685495124, 0.0, 0.02588070576729989, 0.017927714456207146, 0.0065440681148361615, 0.004570848203618178, 0.0, 0.0, 0.0, 0.0009402208894401837, 0.0, 0.005880899802471631, 0.012439160430042487, 0.009662258305814898, 0.016468333449714143, 0.0015124553184121033, 0.007409024419119068, 0.0017082698760787869]}