{"labels": [0, 1, 2, 3, 4, 5, 6, 7, 8, 9, 10, 11, 12, 13, 14, 15, 16, 17, 18, 19, 20, 21, 22, 23, 24, 25, 26, 27, 28, 29, 30, 31, 32, 33, 34, 35, 36, 37, 38, 39], "data": [0.007875958318221769, 0.0, 0.0019762219333726546, 0.0, 0.0, 0.0061497897668000385, 0.0, 0.0, 0.0, 0.006082310782716749, 0.0, 0.0009779617114367087, 0.0, 0.0, 0.003339983758670156, 0.0, 0.007405376294674092, 0.0049822078792813645, 0.01769833398930267, 0.024503470894396355, 0.0, 0.033399875679219634, 0.0, 0.0, 0.015673035771189368, 0.014782074272259993, 0.0, 0.0, 0.0, 0.09595767722960426, 0.0002710529513589793, 0.0017512997121288244, 0.056282269814721855, 0.0, 0.008781695372099768, 0.04368228541904261, 0.010255926265520354, 0.0, 0.043215919143509106, 0.0]}