{"labels": [0, 1, 2, 3, 4, 5, 6, 7, 8, 9, 10, 11, 12, 13, 14, 15, 16, 17, 18, 19, 20, 21, 22, 23, 24, 25, 26, 27, 28, 29, 30, 31, 32, 33, 34, 35, 36, 37, 38, 39], "data": [0.0, 0.004241719734975143, 0.013471210850700832, 0.0, 0.02546194304782411, 0.0, 0.004968061224717518, 0.012516140701833066, 0.0332425513749473, 0.02522723898674039, 0.0, 0.0, 0.0, 0.005783334545462503, 0.0, 0.0, 0.0, 0.0, 0.00987751730910871, 0.024362980217953967, 0.0, 0.0, 0.0029431055540046934, 0.04114084857743589, 0.002252010975717307, 0.0, 0.0958986533758736, 0.0, 0.0, 0.0, 0.0, 0.0, 0.0, 0.0, 0.0, 0.0, 0.0, 0.0, 0.0, 0.0006789243194808516]}