{"labels": [0, 1, 2, 3, 4, 5, 6, 7, 8, 9, 10, 11, 12, 13, 14, 15, 16, 17, 18, 19, 20, 21, 22, 23, 24, 25, 26, 27, 28, 29, 30, 31, 32, 33, 34, 35, 36, 37, 38, 39], "data": [0.0, 0.0, 0.026894707278819048, 0.004225934042868825, 0.04254798977281398, 0.0030733474928999922, 0.0, 0.027432370224226472, 0.0, 0.0, 0.01630533687818507, 0.0, 0.0, 0.0, 0.0, 0.0, 0.0, 0.0, 0.026657397392431184, 0.0, 0.0, 0.0, 0.00048229275265768596, 0.0, 0.0, 0.0, 0.0, 0.02762664048491377, 0.0, 0.0, 0.0, 0.0, 0.0, 0.0, 0.011074170460490583, 0.0, 0.0, 0.04213043011945123, 0.0, 0.0]}