{"labels": [0, 1, 2, 3, 4, 5, 6, 7, 8, 9, 10, 11, 12, 13, 14, 15, 16, 17, 18, 19, 20, 21, 22, 23, 24, 25, 26, 27, 28, 29, 30, 31, 32, 33, 34, 35, 36, 37, 38, 39], "data": [0.0021728434761300506, 0.017214012979587967, 0.0016738978704571028, 0.0006335978966944496, 0.0, 0.008070532388354515, 0.006182872309349708, 0.012525848867779117, 0.03864405128105324, 0.007964083297536544, 0.005519283996489906, 0.030601136510168072, 0.10638929979368104, 0.0, 0.025378452774101206, 0.0, 0.0, 0.0, 0.0, 0.0, 0.0, 0.0, 0.03379748260241998, 0.0, 0.0, 0.0, 0.0011576900183367998, 0.013289873547596334, 0.009006730326081779, 0.003518516162183808, 0.011382082376061881, 0.0, 0.0, 0.0, 0.010414275800763635, 0.0, 0.0, 0.003364848280530748, 0.033548072598883046, 0.0]}