{"labels": [0, 1, 2, 3, 4, 5, 6, 7, 8, 9, 10, 11, 12, 13, 14, 15, 16, 17, 18, 19, 20, 21, 22, 23, 24, 25, 26, 27, 28, 29, 30, 31, 32, 33, 34, 35, 36, 37, 38, 39], "data": [0.0, 0.0, 0.0, 0.0, 0.0, 0.0, 0.01431328348097677, 0.0, 0.0029719467887994464, 0.008448340557966857, 0.0, 0.0016909695611597756, 0.0, 0.005169324896622021, 0.0, 0.0019587255639845324, 0.0, 0.0, 0.0, 0.0, 0.02398832011727954, 0.005383276766582822, 0.0, 0.002725253917167353, 0.0, 0.044693928823805934, 0.002536787286779522, 0.01486539656110607, 0.0, 0.0, 0.0, 0.01680401891616725, 0.0067227710112712025, 0.0, 0.06437228061031533, 0.011525351850684427, 0.0, 0.006778602095899335, 0.003785628503686552, 0.0]}