{"labels": [0, 1, 2, 3, 4, 5, 6, 7, 8, 9, 10, 11, 12, 13, 14, 15, 16, 17, 18, 19, 20, 21, 22, 23, 24, 25, 26, 27, 28, 29, 30, 31, 32, 33, 34, 35, 36, 37, 38, 39], "data": [0.005279746120618023, 0.0032419077480344105, 0.025332320460507162, 0.0, 0.01632806371525404, 0.0, 0.036984364533432325, 0.0, 0.027290778193160486, 0.016512577408423174, 0.004728817578328596, 0.004266923378262301, 0.004782112240906659, 0.0, 0.0, 0.0, 0.0, 0.001611167625819602, 0.0, 0.0, 0.0, 0.0, 0.003011921902131258, 0.0, 0.0, 0.0, 0.0, 0.001305198905492149, 0.003377843661550797, 0.0, 0.0, 0.0, 0.0009342006019296534, 0.00500978396519015, 0.010278350021310582, 0.0, 0.0008682271430208615, 0.0, 0.0036307026347073357, 0.0]}