{"labels": [0, 1, 2, 3, 4, 5, 6, 7, 8, 9, 10, 11, 12, 13, 14, 15, 16, 17, 18, 19, 20, 21, 22, 23, 24, 25, 26, 27, 28, 29, 30, 31, 32, 33, 34, 35, 36, 37, 38, 39], "data": [0.0, 0.0, 0.0, 0.0018699047263831812, 0.02266290558740234, 0.02289909304519843, 0.033295550786702106, 0.0, 0.0, 0.0, 0.0, 0.010572276845345993, 0.0, 0.004097320720253412, 0.0, 0.008372628083785279, 0.0, 0.0, 0.03382655243393374, 0.0022311392887218533, 0.0, 0.0, 0.0, 0.014506314065277706, 0.0, 0.006632079939690047, 0.013268356520945596, 0.0, 0.0, 0.0, 0.0038489224989382, 0.004918744659517299, 0.003327015239991379, 0.04911029495169918, 0.006445525990606179, 5.644516745100183e-05, 0.006668961127741192, 0.0, 0.004986650205098871, 0.0040275048051184965]}