{"labels": [0, 1, 2, 3, 4, 5, 6, 7, 8, 9, 10, 11, 12, 13, 14, 15, 16, 17, 18, 19, 20, 21, 22, 23, 24, 25, 26, 27, 28, 29, 30, 31, 32, 33, 34, 35, 36, 37, 38, 39], "data": [0.0, 0.01495819592085632, 0.003113041740472317, 0.0, 0.04257632359896696, 0.0, 0.007923057453951547, 0.0, 0.0, 0.009510457005997668, 0.04030084126961795, 0.0, 0.010353966381984256, 0.004288148235720087, 0.007778119309166311, 0.0, 0.03093545019100417, 0.0019331303366336575, 0.0001135418951907128, 0.0063452700311628285, 0.0, 0.0, 0.05324570437873267, 0.0, 0.0001351687291466221, 0.0, 0.001376606252857951, 0.005815224501975179, 0.0, 0.0, 0.03900745684342334, 0.0001933569917756228, 0.034170030899717076, 0.000914925359647238, 0.010404516721574917, 0.0, 0.0006219595177222499, 0.007881019363636173, 0.000330947712469365, 0.0]}