{"labels": [0, 1, 2, 3, 4, 5, 6, 7, 8, 9, 10, 11, 12, 13, 14, 15, 16, 17, 18, 19, 20, 21, 22, 23, 24, 25, 26, 27, 28, 29, 30, 31, 32, 33, 34, 35, 36, 37, 38, 39], "data": [0.13626737220699903, 0.0, 0.0, 0.06930827760826878, 0.0, 0.0, 0.0, 0.01544276726352341, 0.0, 0.0, 0.0, 0.03272050198981048, 0.07200599874474588, 0.19337531531571273, 0.0, 0.0010241981637267486, 0.0, 0.0, 0.06585921056393655, 0.0, 0.0, 0.0, 0.0, 0.0, 0.0, 0.09244723186948446, 0.0, 0.0, 0.0, 0.0, 0.0, 0.004115869292151721, 0.0, 0.0, 0.0, 0.0, 0.0, 0.0, 0.0, 0.0]}