{"labels": [0, 1, 2, 3, 4, 5, 6, 7, 8, 9, 10, 11, 12, 13, 14, 15, 16, 17, 18, 19, 20, 21, 22, 23, 24, 25, 26, 27, 28, 29, 30, 31, 32, 33, 34, 35, 36, 37, 38, 39], "data": [0.0, 0.0, 0.0015659982082665655, 0.0, 0.0, 0.0, 0.020818097491138228, 0.0, 0.0002609111306416975, 0.0, 0.0, 0.0, 0.0, 0.0, 0.0, 0.0, 0.018322734300788793, 0.0, 0.0, 0.0, 0.0, 0.0, 0.0, 0.0, 0.0, 0.0, 0.004709570963755894, 0.03105097849383902, 0.0, 0.00027193610350760344, 0.0, 0.0, 0.0, 0.0, 0.01240686252092027, 0.002976233375890274, 0.0, 0.05096300567108145, 0.00724283660784574, 0.005392104675589373]}