{"labels": [0, 1, 2, 3, 4, 5, 6, 7, 8, 9, 10, 11, 12, 13, 14, 15, 16, 17, 18, 19, 20, 21, 22, 23, 24, 25, 26, 27, 28, 29, 30, 31, 32, 33, 34, 35, 36, 37, 38, 39], "data": [0.0, 0.010087536980343299, 0.0020221543164130364, 0.019861765136212486, 0.0, 0.0, 0.03408572587910997, 0.0, 0.0, 0.01727112535389612, 0.005863816463477274, 0.0, 0.0, 0.0, 0.0, 0.0, 0.00265954717593774, 0.006497292596921955, 0.006436032940685502, 0.0, 0.0, 0.0, 0.0, 0.0, 0.0, 0.0, 0.0, 0.0, 0.0, 0.0, 0.010676116268591449, 0.0003088379868356105, 0.0, 0.0, 0.0, 0.0, 0.01577461816341956, 0.0, 0.0, 0.0]}