{"labels": [0, 1, 2, 3, 4, 5, 6, 7, 8, 9, 10, 11, 12, 13, 14, 15, 16, 17, 18, 19, 20, 21, 22, 23, 24, 25, 26, 27, 28, 29, 30, 31, 32, 33, 34, 35, 36, 37, 38, 39], "data": [0.0018081500312435172, 0.0, 0.0, 0.0, 0.024280813988269347, 0.0007619592303985984, 0.0, 0.06517507238971539, 0.0, 0.0, 0.009527228294382751, 0.0, 0.0, 0.0, 0.0, 0.0024368588832511763, 0.003985591321349316, 0.0066472776661538275, 0.0, 0.0, 0.0, 0.0, 0.0, 0.0, 2.7064045463041423e-05, 0.026746635273929776, 0.003455754151298004, 0.004397969786915379, 0.0, 0.0, 0.0, 0.0, 0.0, 0.0, 0.0, 0.0, 0.00018375348402548973, 0.0045918659426043874, 0.0, 0.0]}