{"labels": [0, 1, 2, 3, 4, 5, 6, 7, 8, 9, 10, 11, 12, 13, 14, 15, 16, 17, 18, 19, 20, 21, 22, 23, 24, 25, 26, 27, 28, 29, 30, 31, 32, 33, 34, 35, 36, 37, 38, 39], "data": [0.008445812757997453, 0.0009759598917994847, 0.012724104880754821, 0.0, 0.007625393948306969, 0.0, 0.0, 0.0, 0.0, 0.0036109589673563574, 0.0013006652293291135, 0.0, 0.024767519714810872, 0.0, 0.12723648540871216, 0.0, 0.00045196138789327416, 0.0, 0.0005514144448689771, 0.02719141330646802, 0.0, 0.01262329076435221, 0.0, 0.0, 0.011363528319692692, 0.0, 0.0, 0.029616702441022134, 0.006425566017401013, 0.0, 0.0011860271478597154, 0.0001595308931860676, 0.0008505994792689386, 0.01242769173406118, 0.013301950758442116, 0.053928653163611055, 0.0, 0.0, 0.022429946267509063, 0.0]}