{"labels": [0, 1, 2, 3, 4, 5, 6, 7, 8, 9, 10, 11, 12, 13, 14, 15, 16, 17, 18, 19, 20, 21, 22, 23, 24, 25, 26, 27, 28, 29, 30, 31, 32, 33, 34, 35, 36, 37, 38, 39], "data": [0.0, 0.0, 0.0, 0.0, 0.009064849522832808, 0.0002228824183632494, 0.014850600554882916, 0.0035728860494152973, 0.0, 0.0, 0.06659621128941934, 0.0, 0.0, 0.00031386207812959365, 0.0, 0.0, 0.0007274358757435461, 0.004576323028349776, 0.00021604629725149223, 0.0, 0.0, 0.0010044028387614478, 0.0030415354033157577, 0.003849507848957158, 0.042127111318832074, 0.0, 0.0, 0.0, 0.0024805142594745404, 0.007219204582456943, 0.0, 0.010598487504595556, 0.0, 0.0021789630825369863, 0.0, 0.0013213406737469559, 0.0011348774615550833, 0.011188696769019905, 0.0, 0.0]}