{"labels": [0, 1, 2, 3, 4, 5, 6, 7, 8, 9, 10, 11, 12, 13, 14, 15, 16, 17, 18, 19, 20, 21, 22, 23, 24, 25, 26, 27, 28, 29, 30, 31, 32, 33, 34, 35, 36, 37, 38, 39], "data": [0.0, 0.0, 0.0, 0.0, 0.024850177664600317, 0.014355083052761683, 0.0, 0.0018461618533392667, 0.0, 0.020213695726995363, 0.0, 0.0, 0.007925442413952261, 0.0, 0.012139570737639029, 0.0, 0.0, 0.03897669836178626, 0.0, 0.0016564555134392605, 0.01388428018257788, 0.0, 0.04468769956927277, 0.0, 0.003931819333907327, 0.02837341706502479, 0.0, 0.0340822234552267, 0.0, 0.0, 0.03164570134200263, 0.0, 0.03769855243895668, 0.0, 0.0, 0.0, 0.034410683079533606, 0.010167831605080273, 0.0, 0.0]}