{"labels": [0, 1, 2, 3, 4, 5, 6, 7, 8, 9, 10, 11, 12, 13, 14, 15, 16, 17, 18, 19, 20, 21, 22, 23, 24, 25, 26, 27, 28, 29, 30, 31, 32, 33, 34, 35, 36, 37, 38, 39], "data": [0.0, 0.0010489435919593228, 0.02753042985136576, 0.0, 0.006489610772078792, 0.0, 0.013454755139135723, 0.05594152743972067, 0.0023159800253744764, 0.003905900839222855, 0.0, 0.009888560675093265, 0.05771651298780145, 0.0, 0.0, 0.004512146543786202, 0.002365526735521241, 8.584032130214225e-07, 0.02970902269180446, 0.0, 0.0, 0.006232679496463048, 0.0006302720309856598, 0.002630644923627631, 0.0010757771217260648, 0.0, 0.00023716705210434212, 0.0, 0.0, 0.0, 0.0, 0.0, 0.0, 0.0, 0.0, 0.07541285780514562, 0.0, 0.0, 0.0, 0.0]}