{"labels": [0, 1, 2, 3, 4, 5, 6, 7, 8, 9, 10, 11, 12, 13, 14, 15, 16, 17, 18, 19, 20, 21, 22, 23, 24, 25, 26, 27, 28, 29, 30, 31, 32, 33, 34, 35, 36, 37, 38, 39], "data": [0.0, 0.0, 0.0005890420298915081, 0.0, 0.0, 0.09823663946547576, 0.0018522059993768749, 0.0, 0.0, 0.009769263076330342, 0.012026499771243227, 0.0, 0.0, 0.0017473215569209243, 0.0, 0.0, 0.0, 0.0075597032746826205, 0.0, 0.005234228249306001, 0.0, 0.0, 0.0, 0.0, 0.0, 0.0006767967112131622, 0.00016000598793419144, 0.03356849614936622, 0.0, 0.0, 0.0011669934419320978, 0.0, 0.0, 0.0, 0.0, 0.0, 0.0, 0.011958521511396454, 0.002094754165492538, 0.0]}