{"labels": [0, 1, 2, 3, 4, 5, 6, 7, 8, 9, 10, 11, 12, 13, 14, 15, 16, 17, 18, 19, 20, 21, 22, 23, 24, 25, 26, 27, 28, 29, 30, 31, 32, 33, 34, 35, 36, 37, 38, 39], "data": [0.0, 0.0, 0.0, 0.0, 0.0036325062905022054, 0.0, 0.000809086673192675, 0.0, 0.03637024586378475, 0.0, 0.006861559863121871, 0.0, 0.0, 0.0027427594461634005, 0.0, 0.0, 0.0, 0.0, 0.007956099266184055, 0.0015415705549799152, 0.0, 0.008186988566104775, 0.0022567507216762314, 0.0010531644061878124, 0.021079552715946956, 0.02614249667449179, 0.0, 0.02741473297700702, 0.06636502315220774, 0.0, 0.0, 0.0, 0.0, 0.0, 0.013984702070176842, 0.0, 0.0, 0.0, 0.0, 0.043098964564787116]}