{"labels": [0, 1, 2, 3, 4, 5, 6, 7, 8, 9, 10, 11, 12, 13, 14, 15, 16, 17, 18, 19, 20, 21, 22, 23, 24, 25, 26, 27, 28, 29, 30, 31, 32, 33, 34, 35, 36, 37, 38, 39], "data": [0.016374430070378778, 0.0, 0.0035060337629386103, 0.0, 0.013054635948749775, 0.0, 0.018491105858145177, 0.01675474453220573, 0.0, 0.01753951717733759, 0.0013745912853293531, 0.0, 0.0, 0.015356197044638037, 0.0, 0.0, 0.0, 0.0, 0.046462120404587824, 0.0, 0.0, 0.0, 0.0, 0.006864440776980987, 0.0, 0.011661331010747308, 0.0, 0.0, 0.002038363443510887, 0.016325340570019116, 0.004211265026793657, 0.0, 0.002770154514628508, 0.0, 0.0, 0.0, 0.0015337940951411562, 0.01046639479885817, 0.0014775296979389128, 0.0]}