{"labels": [0, 1, 2, 3, 4, 5, 6, 7, 8, 9, 10, 11, 12, 13, 14, 15, 16, 17, 18, 19, 20, 21, 22, 23, 24, 25, 26, 27, 28, 29, 30, 31, 32, 33, 34, 35, 36, 37, 38, 39], "data": [0.015864849102171712, 0.0008682343490952514, 0.0018947597709726937, 0.0184728084416942, 0.05030662836160877, 0.0, 0.00989172985993083, 0.0, 0.00038899296579737437, 0.015693339727224576, 0.008964236733743585, 0.0, 0.020131368490637586, 0.0, 0.0, 0.0, 0.0, 0.0, 0.0, 0.007635968991564428, 0.0009574291366665562, 0.0, 0.0033019542042942228, 0.0034900921586585947, 9.561310307244975e-05, 0.002996753476499723, 0.0012509809850176064, 0.029448506328532346, 0.0012793959537127592, 0.0011972889632487654, 0.0, 0.0006277501286413772, 0.0, 0.0, 0.0038724407225492596, 0.00415273131348671, 0.0, 0.047463362545453504, 0.0044791334075162574, 0.005048031722274698]}