{"labels": [0, 1, 2, 3, 4, 5, 6, 7, 8, 9, 10, 11, 12, 13, 14, 15, 16, 17, 18, 19, 20, 21, 22, 23, 24, 25, 26, 27, 28, 29, 30, 31, 32, 33, 34, 35, 36, 37, 38, 39], "data": [0.0, 0.0, 0.0, 0.04503129450020355, 0.018463587408128875, 0.0, 0.0, 0.010005497714460736, 0.0, 0.0, 0.0, 0.0, 0.0, 0.0, 0.0, 0.0, 0.0, 0.0, 0.0019092660319435858, 0.0, 0.0, 0.006659528151963883, 0.05393400085645888, 0.0, 0.0, 0.03698984165963872, 0.0, 0.02937574312498479, 0.0, 0.0, 0.0, 0.0, 0.0, 0.012031970182590153, 0.008464454771038056, 0.005786528395390636, 0.0015666243353775493, 0.016650380182100803, 0.0, 0.0]}