{"labels": [0, 1, 2, 3, 4, 5, 6, 7, 8, 9, 10, 11, 12, 13, 14, 15, 16, 17, 18, 19, 20, 21, 22, 23, 24, 25, 26, 27, 28, 29, 30, 31, 32, 33, 34, 35, 36, 37, 38, 39], "data": [0.009690270064613862, 0.0, 0.0, 0.0, 0.008940983684235262, 0.009073163471250565, 0.0, 0.003708525872591667, 0.0, 0.0010057300048461819, 0.0, 0.07891675196190132, 0.0, 0.009564529670308694, 0.0, 0.0, 0.0, 0.001982919402551963, 0.0, 0.061365077458259046, 0.0, 0.0025295431908029854, 0.0, 0.009675322326442758, 0.023699794475011533, 0.008661635063586958, 0.0031012622291736814, 0.0, 0.0, 0.0, 0.0, 0.0014761422984010612, 0.0, 0.0, 0.006613042703865003, 0.005632709174519014, 0.0, 0.018971578564550184, 0.0, 0.0]}