{"labels": [0, 1, 2, 3, 4, 5, 6, 7, 8, 9, 10, 11, 12, 13, 14, 15, 16, 17, 18, 19, 20, 21, 22, 23, 24, 25, 26, 27, 28, 29, 30, 31, 32, 33, 34, 35, 36, 37, 38, 39], "data": [0.007858061699391268, 0.012258449565399789, 0.0, 0.0007293162298589208, 0.0, 0.007971758929287432, 0.023342018797849924, 0.050033000788273455, 0.0010418477484758213, 0.0, 0.0, 0.0012091360990672596, 0.0, 0.01366307580280007, 0.0, 0.0, 0.0, 0.03538150177520494, 0.0, 0.0510476624329728, 0.0010643880473588253, 0.0, 0.0, 0.019143793827625443, 0.0, 0.0022102183133565316, 0.0, 0.0, 0.0013698625460260396, 0.0, 0.0, 0.0, 0.044348821091053356, 0.0, 0.003548414862002602, 0.0, 0.0, 0.0, 0.0009059785440894596, 0.0]}