{"labels": [0, 1, 2, 3, 4, 5, 6, 7, 8, 9, 10, 11, 12, 13, 14, 15, 16, 17, 18, 19, 20, 21, 22, 23, 24, 25, 26, 27, 28, 29, 30, 31, 32, 33, 34, 35, 36, 37, 38, 39], "data": [0.00971243327463836, 0.0, 0.015930813424997557, 0.007303670884513701, 0.018166334540069596, 0.0, 0.008137741831960992, 0.0, 0.0, 0.0, 0.0, 0.0, 0.0, 0.00045395373128690543, 0.0, 0.00996752910548464, 0.08175169515238218, 0.006383758252903253, 0.02116706763140917, 0.0009936031036633381, 0.00024082897136157798, 0.050824380201677954, 0.0, 0.0, 0.0, 0.0135241771278983, 0.0010993641076294917, 0.028519115377369286, 0.0, 0.00032595295735024304, 0.0, 0.001058744227374253, 0.0, 0.015047733541579001, 0.032033503962974524, 0.000645263136658735, 0.0, 0.0, 0.02007024177245612, 0.0]}