{"labels": [0, 1, 2, 3, 4, 5, 6, 7, 8, 9, 10, 11, 12, 13, 14, 15, 16, 17, 18, 19, 20, 21, 22, 23, 24, 25, 26, 27, 28, 29, 30, 31, 32, 33, 34, 35, 36, 37, 38, 39], "data": [0.0, 0.0, 0.0, 0.017037127231545, 0.0, 0.0, 0.0, 0.0004556780547645238, 0.0, 0.0035477405930002585, 0.044481358902587795, 0.0, 0.004542339719988079, 0.0, 0.0, 0.0, 0.0, 0.0, 0.0, 0.0, 0.004149109833457912, 0.004285570386140609, 0.0, 0.0, 0.0, 0.00099511350419067, 0.0, 0.04238878507071706, 0.03132720779300046, 0.0, 0.0009437071255850499, 0.0, 0.0, 0.08213509137118842, 0.02190577625401392, 0.0, 0.0, 0.0, 0.0, 0.0]}