{"labels": [0, 1, 2, 3, 4, 5, 6, 7, 8, 9, 10, 11, 12, 13, 14, 15, 16, 17, 18, 19, 20, 21, 22, 23, 24, 25, 26, 27, 28, 29, 30, 31, 32, 33, 34, 35, 36, 37, 38, 39], "data": [0.00222946340839309, 0.0036952529339995765, 0.0, 0.0, 0.004632427358361532, 0.0010130609276733777, 0.0, 0.0, 0.0, 0.00865381878475524, 0.02783531023963191, 0.0, 0.0, 0.0, 0.0, 0.0, 0.0028790993150968913, 0.0, 0.0, 0.0, 0.0, 0.0, 0.0012590412553820254, 0.0, 0.04531030605747984, 0.0, 0.0006920952199552556, 0.0013739397847865938, 0.0, 0.0, 0.0, 0.0002432245172992901, 0.0031322211791524174, 0.0, 0.0, 0.03987853023926701, 0.0, 0.0, 0.002566104256820074, 0.0]}