{"labels": [0, 1, 2, 3, 4, 5, 6, 7, 8, 9, 10, 11, 12, 13, 14, 15, 16, 17, 18, 19, 20, 21, 22, 23, 24, 25, 26, 27, 28, 29, 30, 31, 32, 33, 34, 35, 36, 37, 38, 39], "data": [0.0, 0.0, 0.0, 0.00019571789161134545, 0.029104447210022883, 0.00019223302942285092, 0.04491179294029413, 0.004230933502009748, 0.007522770536574878, 0.0, 0.0, 0.0, 0.013699243775751024, 0.00013886967762814952, 0.0, 0.0004179764739828532, 0.0, 0.0, 0.0, 0.0, 0.0, 0.0, 0.0008447573420540481, 0.0, 0.0, 0.0, 0.06036489958204331, 0.0, 0.0, 0.014430328621575235, 0.0, 0.0, 0.062297318117506884, 0.0, 0.0, 0.0, 0.003608766887263832, 0.029983461976594343, 0.008715215683736042, 0.0]}