{"labels": [0, 1, 2, 3, 4, 5, 6, 7, 8, 9, 10, 11, 12, 13, 14, 15, 16, 17, 18, 19, 20, 21, 22, 23, 24, 25, 26, 27, 28, 29, 30, 31, 32, 33, 34, 35, 36, 37, 38, 39], "data": [0.0, 0.0, 0.0, 0.01719915452384053, 0.05471429378990776, 0.0, 0.0, 0.027114862526472525, 0.0, 0.0, 0.0, 0.0, 0.0, 0.0, 0.0, 0.0, 0.0002633408204900449, 0.0006337083305850214, 0.0, 0.0, 0.0, 0.017496071078254828, 0.0, 0.0, 0.1169638132998676, 0.0, 0.0, 0.004840770982730012, 0.004302176109390215, 0.0, 0.0, 0.0, 0.0, 0.0, 0.0, 0.0, 0.0, 0.0012711021150240787, 0.0, 0.0]}