{"labels": [0, 1, 2, 3, 4, 5, 6, 7, 8, 9, 10, 11, 12, 13, 14, 15, 16, 17, 18, 19, 20, 21, 22, 23, 24, 25, 26, 27, 28, 29, 30, 31, 32, 33, 34, 35, 36, 37, 38, 39], "data": [0.0, 0.004455833680448863, 0.022891219681125913, 0.026787072438790055, 0.01160931292316948, 0.0, 0.0035386422117785602, 0.0, 0.0, 0.0, 0.0, 0.0, 0.0, 0.0803569635075873, 0.0013591935635551245, 0.0, 0.02855401407518301, 0.0, 0.0, 0.04148267517584046, 0.0, 0.00135449770723336, 0.0020667519574801207, 0.0005349262701784979, 0.0, 0.0, 0.0027340193256861077, 0.03277385890277857, 0.0, 0.0, 0.023287815640972657, 0.0, 0.04561212275817176, 0.0, 0.0, 0.0, 0.0, 0.0, 0.0, 0.0014906956242798214]}