{"labels": [0, 1, 2, 3, 4, 5, 6, 7, 8, 9, 10, 11, 12, 13, 14, 15, 16, 17, 18, 19, 20, 21, 22, 23, 24, 25, 26, 27, 28, 29, 30, 31, 32, 33, 34, 35, 36, 37, 38, 39], "data": [0.04708621315760714, 0.0, 0.0, 0.0, 0.03511575043771344, 0.0, 0.0, 0.0, 0.0, 0.0, 0.0, 0.0, 0.0, 0.020525874623217377, 0.0, 0.0, 0.005419530096641248, 0.0, 0.0022669076243003483, 0.0, 0.0, 0.006838931266721829, 0.0, 0.0, 0.0, 0.02721526406786947, 0.0, 0.0, 0.0, 0.0, 0.0, 0.0, 0.0, 0.0, 0.006434471876822045, 0.0, 0.0, 0.0542575648183736, 0.0, 0.0]}