{"labels": [0, 1, 2, 3, 4, 5, 6, 7, 8, 9, 10, 11, 12, 13, 14, 15, 16, 17, 18, 19, 20, 21, 22, 23, 24, 25, 26, 27, 28, 29, 30, 31, 32, 33, 34, 35, 36, 37, 38, 39], "data": [0.0, 0.005248494932793298, 0.0, 0.0, 0.04686957860806769, 0.0, 0.016254710711631346, 0.02873662728627373, 0.0, 0.003117892490355264, 0.07572123924432, 0.0, 0.0008510738040443222, 0.0, 0.0, 0.0010892457747963165, 0.0, 0.0, 0.0, 0.00033222424093459546, 0.0, 0.0, 0.0, 0.0, 0.0, 0.0042467600509804825, 0.0005679876848578909, 0.0, 0.0016712043034263374, 0.009657318318901327, 0.0, 0.0, 0.0033816754406246143, 0.003082036887101245, 0.008019173192269137, 0.0, 0.0, 0.0, 0.001274672778356011, 0.04637896977722817]}