{"labels": [0, 1, 2, 3, 4, 5, 6, 7, 8, 9, 10, 11, 12, 13, 14, 15, 16, 17, 18, 19, 20, 21, 22, 23, 24, 25, 26, 27, 28, 29, 30, 31, 32, 33, 34, 35, 36, 37, 38, 39], "data": [0.01978672385641719, 0.004667170169990931, 0.0, 0.005942944923939746, 0.0, 0.0, 0.0011423877580758234, 0.006288981393218305, 0.0, 0.037044970039117706, 0.0028959024856422214, 0.0, 0.0, 0.01685286222863252, 0.0006219995312459362, 0.0, 0.0, 0.019906700744128314, 0.0012895514897439603, 0.0221907184399658, 0.0038960265364968273, 0.0234575315414271, 0.0, 0.042889763963259234, 0.023762490728760098, 0.005387200096870472, 0.0, 0.020430519039321412, 0.0028773966584014483, 0.0, 0.0005591273745050127, 0.0, 0.006734623849842414, 0.0029333424250995114, 0.005457454617632809, 0.0, 0.0, 0.03349812253228266, 0.0, 0.003623068660244934]}