{"labels": [0, 1, 2, 3, 4, 5, 6, 7, 8, 9, 10, 11, 12, 13, 14, 15, 16, 17, 18, 19, 20, 21, 22, 23, 24, 25, 26, 27, 28, 29, 30, 31, 32, 33, 34, 35, 36, 37, 38, 39], "data": [0.0, 0.0, 0.0, 0.0, 0.0, 0.0, 0.0, 0.005112703992038446, 0.0, 0.00263055022159907, 0.019655300324162222, 0.0, 0.013051372170595469, 0.0, 0.005067996104867971, 0.0, 0.0, 0.00954853868418369, 0.0, 0.0, 0.0, 0.015882215827543265, 0.0021006055490367065, 0.0, 0.0, 0.0, 0.1447244242661879, 0.0, 0.0, 0.0, 0.0, 0.0, 0.0, 0.0, 0.0, 0.0012243390801077408, 0.006568144648999256, 0.0, 0.0, 0.0]}