{"labels": [0, 1, 2, 3, 4, 5, 6, 7, 8, 9, 10, 11, 12, 13, 14, 15, 16, 17, 18, 19, 20, 21, 22, 23, 24, 25, 26, 27, 28, 29, 30, 31, 32, 33, 34, 35, 36, 37, 38, 39], "data": [0.0, 0.0, 0.0007018208232828745, 0.04933672171350448, 0.0, 0.0, 0.024186811956854626, 0.03160296828899314, 0.003240941782019444, 0.009792061753463418, 0.0, 0.0005281046358770262, 0.0, 0.0, 0.01350331888692596, 0.0016224907713217696, 0.006771018228343133, 0.007159275444265584, 0.0, 0.0009131101965330853, 0.0, 0.005185979032076296, 0.0026939172244637316, 0.058077680446437574, 0.0, 0.01711262703643108, 0.02441325182860857, 0.014496560611646987, 0.0, 0.005143202571288961, 0.01017409509644692, 0.07612192314916422, 0.0, 0.006168589209553868, 0.0, 0.0006069109139276629, 0.0, 0.030390797738215083, 0.0, 0.0290813633569905]}