{"labels": [0, 1, 2, 3, 4, 5, 6, 7, 8, 9, 10, 11, 12, 13, 14, 15, 16, 17, 18, 19, 20, 21, 22, 23, 24, 25, 26, 27, 28, 29, 30, 31, 32, 33, 34, 35, 36, 37, 38, 39], "data": [0.0043376873782505765, 0.0, 0.0, 0.019591410307956376, 0.0, 0.0, 0.0, 0.0, 0.0, 0.0, 0.0, 0.0, 0.00015737742121871187, 0.04379220326508205, 0.0, 0.025908768795613196, 0.0, 0.0, 0.0, 0.0, 0.00619315582194493, 0.0, 0.0006563539755591313, 0.0016663333734057732, 0.0, 0.0, 0.0, 0.0010533636409549223, 0.0, 0.0, 0.05171301169032135, 0.0, 0.0, 0.012246258809401098, 0.0, 0.0, 0.0, 0.0, 0.04497065163447318, 0.0]}