{"labels": [0, 1, 2, 3, 4, 5, 6, 7, 8, 9, 10, 11, 12, 13, 14, 15, 16, 17, 18, 19, 20, 21, 22, 23, 24, 25, 26, 27, 28, 29, 30, 31, 32, 33, 34, 35, 36, 37, 38, 39], "data": [0.0, 0.001578216060500647, 0.0, 0.0, 0.0, 0.0, 0.027668989499388796, 0.006272926010556495, 0.03622557889248129, 0.0, 0.024226709040957927, 0.0, 0.0, 0.0, 0.059516509017691455, 0.0, 0.0, 0.0015668414360320846, 0.0, 0.0, 0.0139274344620617, 0.0, 0.0, 0.0, 0.0, 0.0, 0.001060639516642908, 0.0, 0.0, 0.0, 0.02919075773842801, 0.0, 0.0024772846233273903, 0.0, 0.0, 0.13905790560345077, 0.0, 0.0, 0.0, 0.0]}