{"labels": [0, 1, 2, 3, 4, 5, 6, 7, 8, 9, 10, 11, 12, 13, 14, 15, 16, 17, 18, 19, 20, 21, 22, 23, 24, 25, 26, 27, 28, 29, 30, 31, 32, 33, 34, 35, 36, 37, 38, 39], "data": [0.0, 0.0, 0.01786469870194684, 0.06202710998204137, 0.0, 0.0, 0.0, 0.0, 0.0, 0.01204993455221263, 0.0, 0.0, 0.0, 0.0, 0.01027017962216343, 0.0, 0.0, 0.0, 0.0255172720837012, 0.0002602391727441642, 0.0, 0.0, 0.0, 0.0, 0.0, 0.008591501453648167, 0.0, 0.0, 0.0, 0.0, 0.0, 0.07644605620158237, 0.0, 0.0, 0.009839067254909833, 0.007596177530830538, 0.0, 0.009207393883380193, 0.0, 0.0]}