{"labels": [0, 1, 2, 3, 4, 5, 6, 7, 8, 9, 10, 11, 12, 13, 14, 15, 16, 17, 18, 19, 20, 21, 22, 23, 24, 25, 26, 27, 28, 29, 30, 31, 32, 33, 34, 35, 36, 37, 38, 39], "data": [0.0, 0.0, 0.0, 0.0, 0.03874325093549232, 0.0, 0.03460112737915334, 0.0034695306637761852, 0.0, 0.0, 0.0, 0.0, 0.02597355665900224, 0.0, 0.0, 0.0, 0.07338417705486851, 0.0, 0.0, 0.0, 0.0, 0.0, 0.0, 0.0, 0.031542414412780495, 0.0, 0.0, 0.0, 0.0, 0.013325571005471881, 0.0, 0.0, 0.0, 0.0, 0.01943081289327497, 0.0, 0.007050700952954887, 0.010959189499169141, 0.0, 0.0]}