{"labels": [0, 1, 2, 3, 4, 5, 6, 7, 8, 9, 10, 11, 12, 13, 14, 15, 16, 17, 18, 19, 20, 21, 22, 23, 24, 25, 26, 27, 28, 29, 30, 31, 32, 33, 34, 35, 36, 37, 38, 39], "data": [0.0, 0.0, 0.01573359468922471, 0.0, 0.011152857365057745, 0.0, 0.0016884104667674305, 0.003437208811488266, 0.0, 0.0, 0.00031182843129251683, 0.0, 0.007921452316512572, 0.0, 0.0, 0.0, 0.0, 0.03708744741768594, 0.0, 0.0, 0.013398595186345995, 0.0, 0.010115044828718098, 0.005944103600834577, 0.05823944976134211, 0.0, 0.0, 0.0, 0.0, 0.0, 0.0, 0.0, 0.06878117268695054, 0.0, 0.0, 0.005575346310790945, 0.08702225977397429, 0.0, 0.0, 0.0]}