{"labels": [0, 1, 2, 3, 4, 5, 6, 7, 8, 9, 10, 11, 12, 13, 14, 15, 16, 17, 18, 19, 20, 21, 22, 23, 24, 25, 26, 27, 28, 29, 30, 31, 32, 33, 34, 35, 36, 37, 38, 39], "data": [0.0, 0.0, 0.0010983581909642282, 0.0, 0.0, 0.0, 0.02379841045498988, 0.0016978438016498863, 0.0, 0.0012645264556516958, 0.0, 0.0018571050405143763, 0.0, 0.0, 0.0, 0.0, 0.0, 0.00401302669640926, 0.0, 0.0, 0.045288466675677194, 0.014875986188561738, 0.0, 0.0, 0.004836773254783031, 0.01614855684933257, 0.00023728228939204116, 0.04303319371238116, 0.0, 0.0, 0.0, 0.0, 0.00025967616692291253, 0.0, 0.0, 0.06712224347481208, 0.0043439530032346315, 0.0, 0.0, 0.0]}