{"labels": [0, 1, 2, 3, 4, 5, 6, 7, 8, 9, 10, 11, 12, 13, 14, 15, 16, 17, 18, 19, 20, 21, 22, 23, 24, 25, 26, 27, 28, 29, 30, 31, 32, 33, 34, 35, 36, 37, 38, 39], "data": [0.0, 0.0, 0.0, 0.010464191331722848, 0.0, 0.0, 0.0, 0.0, 0.0, 0.0, 0.0, 0.0, 0.0, 0.0, 0.0, 0.0, 0.0, 0.0, 0.0, 0.0, 0.008111805315079532, 0.0, 0.0, 0.028410364222756637, 0.014113390978104844, 0.2623133942843767, 0.0, 0.0, 0.0, 0.0, 0.0, 0.0, 0.04822356035574712, 0.0, 0.0, 0.00918179515097619, 0.01909034246630901, 0.0, 0.0, 0.0]}