{"labels": [0, 1, 2, 3, 4, 5, 6, 7, 8, 9, 10, 11, 12, 13, 14, 15, 16, 17, 18, 19, 20, 21, 22, 23, 24, 25, 26, 27, 28, 29, 30, 31, 32, 33, 34, 35, 36, 37, 38, 39], "data": [0.0, 0.0, 0.0, 0.0, 0.005563469549290983, 0.0, 0.0, 0.14575924134186538, 0.0016723873126366312, 0.0, 0.001693459796065626, 0.0, 0.0, 0.0, 0.0, 0.00027888403037906306, 0.0, 0.0, 0.0016100314426509145, 0.0, 0.00046110057690000887, 0.0, 0.0522693946136449, 0.0, 0.0009360048814553675, 0.0008481033038415291, 0.0, 0.0, 0.0, 0.0, 0.0487203223246541, 0.0, 0.0, 0.015157896512000448, 0.0, 0.0, 0.0, 0.029149472287806465, 0.004578674059167852, 0.0017938968974236895]}