{"labels": [0, 1, 2, 3, 4, 5, 6, 7, 8, 9, 10, 11, 12, 13, 14, 15, 16, 17, 18, 19, 20, 21, 22, 23, 24, 25, 26, 27, 28, 29, 30, 31, 32, 33, 34, 35, 36, 37, 38, 39], "data": [0.0, 0.005212017109363084, 0.0, 0.008333756220446678, 0.02009061918444408, 0.0, 0.0, 0.007104095890800845, 0.0, 0.0, 0.0, 0.0, 0.0, 0.0020526416796397703, 0.0, 0.0, 0.0, 0.0044142762025106115, 0.0, 0.0, 0.0, 0.06902416811681472, 0.003951924036697262, 0.0, 0.0007442516346572623, 0.012223793838499314, 0.0, 0.024989468241979836, 0.0, 0.0, 0.016673743314757263, 0.0, 0.0008823545255129883, 0.0, 0.022239475799014172, 0.049152664144251686, 0.0, 0.021610971860719846, 0.03623624753033971, 0.0]}