{"labels": [0, 1, 2, 3, 4, 5, 6, 7, 8, 9, 10, 11, 12, 13, 14, 15, 16, 17, 18, 19, 20, 21, 22, 23, 24, 25, 26, 27, 28, 29, 30, 31, 32, 33, 34, 35, 36, 37, 38, 39], "data": [0.0, 0.03151735529099403, 0.003499210744592702, 0.06301984486331635, 0.010743169153937124, 0.0, 0.018053404008914115, 0.0, 0.0021357125013690224, 0.0, 0.0, 0.0, 0.0022645712794472543, 0.0, 0.008004853203832327, 0.0009677574718007727, 0.0019069595537878601, 0.0, 0.011423623962992246, 0.0022247897318350904, 0.002469618484787803, 0.004304900879883002, 0.0003965889285842522, 0.000835578511145978, 0.0, 0.0, 0.005504020592304938, 0.0008129616597518891, 0.00870244316283639, 0.0, 0.0, 0.0018733609994222415, 0.0, 0.058702166820155395, 0.01234175982384801, 0.003784810880723502, 0.0, 0.003867950407862398, 0.0, 0.00043888289907834186]}