{"labels": [0, 1, 2, 3, 4, 5, 6, 7, 8, 9, 10, 11, 12, 13, 14, 15, 16, 17, 18, 19, 20, 21, 22, 23, 24, 25, 26, 27, 28, 29, 30, 31, 32, 33, 34, 35, 36, 37, 38, 39], "data": [0.0024145386271881043, 0.0, 0.014951401804742062, 0.020754743257424275, 0.03615986584981554, 0.0, 0.01807431856843512, 0.03923707308775946, 0.0015154059821673857, 0.0, 0.020594930576944295, 4.839461444077621e-05, 0.0, 0.002234060345060326, 0.0, 0.038557642762730875, 0.0, 0.00011278157527745339, 0.0, 0.0, 0.0017798207221056247, 0.0063843983128408525, 0.03661600019072377, 0.0, 0.0, 0.016161079682852162, 0.02857351651603923, 0.0, 0.0, 0.0, 0.0, 0.0027783278552545644, 0.0, 0.011287875135054781, 0.026521173926552323, 0.0, 0.0, 0.005532190169564703, 0.0020108982845414222, 0.0]}