{"labels": [0, 1, 2, 3, 4, 5, 6, 7, 8, 9, 10, 11, 12, 13, 14, 15, 16, 17, 18, 19, 20, 21, 22, 23, 24, 25, 26, 27, 28, 29, 30, 31, 32, 33, 34, 35, 36, 37, 38, 39], "data": [0.0, 0.0, 0.0006307601550151584, 0.0, 0.0, 0.0, 0.0017151547507067294, 0.0, 0.0, 0.0, 0.005096296526385797, 0.0, 0.0, 0.0, 0.0, 0.0, 0.023611737705204652, 0.002823524391090738, 0.0, 0.0003375210021314787, 0.003099854511591842, 0.0, 0.006842929058844358, 0.0, 0.00916200438341867, 0.0, 0.003871389070727188, 0.0, 0.0, 0.0037829489556531846, 0.01843308014366659, 0.001348583357944125, 0.0, 0.05181881073409039, 0.002911315673602682, 0.0, 0.0, 0.023990927412485753, 0.0, 0.0]}