{"labels": [0, 1, 2, 3, 4, 5, 6, 7, 8, 9, 10, 11, 12, 13, 14, 15, 16, 17, 18, 19, 20, 21, 22, 23, 24, 25, 26, 27, 28, 29, 30, 31, 32, 33, 34, 35, 36, 37, 38, 39], "data": [0.0, 0.008508754987881301, 0.017226890493462124, 0.005430027972569301, 0.0, 0.0, 0.0, 0.03241882539118396, 0.0, 0.0, 0.0, 0.0, 0.011306258196832987, 0.0, 0.0, 0.0, 0.004975632446312873, 0.021275301848902094, 0.0, 0.0, 0.0, 0.0061871305908965495, 0.0054026115195446684, 0.0, 0.002141565034460604, 0.02586524645686683, 0.0, 0.005833797052373097, 0.020630012798954604, 0.002011643116666095, 0.0, 0.0, 0.0, 0.010677010404246005, 0.00594149208782224, 0.024160552978818712, 0.016807979233055916, 0.025562760302978767, 0.0, 0.0]}