{"labels": [0, 1, 2, 3, 4, 5, 6, 7, 8, 9, 10, 11, 12, 13, 14, 15, 16, 17, 18, 19, 20, 21, 22, 23, 24, 25, 26, 27, 28, 29, 30, 31, 32, 33, 34, 35, 36, 37, 38, 39], "data": [0.009496838553524754, 0.0, 0.0, 0.021493025573840505, 0.007107793723324436, 0.0, 0.01843259076721468, 0.0, 0.0, 0.015701767874741195, 0.0, 0.0010128258281053852, 0.006196017027199002, 0.02787713948695724, 0.0, 0.0016978938018578397, 0.0009734150772162401, 0.007633402087580963, 0.02876828670396472, 0.027567379977955463, 0.0, 0.0, 0.07655726981817912, 0.0, 0.04786656471818759, 0.0, 0.002078252287509724, 0.004082143403412838, 0.0, 0.05695960885875609, 0.033079404389336604, 0.0, 0.0, 0.0003139148453005281, 0.0, 0.005379843640672481, 0.0, 0.0029168349353871762, 0.00424081603222542, 0.0]}