{"labels": [0, 1, 2, 3, 4, 5, 6, 7, 8, 9, 10, 11, 12, 13, 14, 15, 16, 17, 18, 19, 20, 21, 22, 23, 24, 25, 26, 27, 28, 29, 30, 31, 32, 33, 34, 35, 36, 37, 38, 39], "data": [0.0, 0.0, 0.0, 0.0, 0.0075396923755639104, 0.0, 0.0, 0.05212214526723716, 0.15106463076851998, 0.00865465031065695, 0.0, 0.00308629593505877, 0.0, 0.0, 0.0, 0.0, 0.0, 0.0, 0.0, 0.0, 0.0019918497483234856, 0.0, 0.0, 0.0, 0.021756050443605464, 0.0, 0.0, 0.02248656446236341, 0.0030878850472916253, 0.0, 0.0, 0.0, 0.0, 0.0, 0.013933229198531951, 0.0, 0.0, 0.0, 0.0, 0.0]}