{"labels": [0, 1, 2, 3, 4, 5, 6, 7, 8, 9, 10, 11, 12, 13, 14, 15, 16, 17, 18, 19, 20, 21, 22, 23, 24, 25, 26, 27, 28, 29, 30, 31, 32, 33, 34, 35, 36, 37, 38, 39], "data": [0.010659481748808932, 0.0, 0.00027377459693616614, 0.042065385298716666, 0.038584372291375214, 0.0, 0.0, 0.0, 0.0, 0.003932786648840085, 0.006319016519793629, 0.0, 0.0, 0.0034768807525792362, 0.0, 0.0, 0.0, 0.0, 0.0, 0.00020352633623946272, 0.001307454366757187, 0.0, 0.0, 0.011909031722959805, 0.00037380105006964287, 0.0005602450068791275, 0.0006449715875898081, 0.030601489690809974, 0.0, 0.0, 0.0, 0.0, 0.0, 0.0, 0.0, 0.0, 0.0, 0.0, 0.0, 0.0]}