{"labels": [0, 1, 2, 3, 4, 5, 6, 7, 8, 9, 10, 11, 12, 13, 14, 15, 16, 17, 18, 19, 20, 21, 22, 23, 24, 25, 26, 27, 28, 29, 30, 31, 32, 33, 34, 35, 36, 37, 38, 39], "data": [0.0, 0.003212168297515362, 0.0, 0.0, 0.0026695797753177046, 0.0, 0.0062647949883254525, 0.0, 0.0, 0.0, 0.0, 0.0, 0.0, 0.0, 0.0, 0.0, 0.0063072993591199965, 0.09590371566668415, 0.0, 0.0, 0.0, 0.0, 0.0004907302492459471, 0.0012362484690271655, 0.0, 0.0, 0.0, 0.006743895264739406, 0.010609549088951408, 0.0, 0.0, 0.0, 0.0, 0.003625166940319007, 0.0, 0.0, 0.0, 0.030087949636887594, 0.0, 0.0]}