{"labels": [0, 1, 2, 3, 4, 5, 6, 7, 8, 9, 10, 11, 12, 13, 14, 15, 16, 17, 18, 19, 20, 21, 22, 23, 24, 25, 26, 27, 28, 29, 30, 31, 32, 33, 34, 35, 36, 37, 38, 39], "data": [0.02529238977771834, 0.0009748248384869945, 0.0, 0.008570878324257165, 0.0, 0.0, 0.0, 0.0006337661983055784, 0.004437226814213826, 0.008305327457855137, 0.003919874394860082, 0.0007093865806510307, 0.0029111544419942277, 0.016399004544989736, 0.0, 0.0, 0.031444017136638296, 0.0, 0.0, 0.015692041103135577, 0.006186246321981022, 0.04261497476912593, 0.0006180924515572127, 0.002580613956394633, 0.04260885348034354, 0.025679317511503482, 0.0, 0.004281733758687223, 0.005541073424551867, 0.013711745203019267, 0.0, 0.006548388219238703, 0.0, 0.0057638073244188365, 0.005631997964612614, 0.0, 0.0, 0.0, 0.0, 0.02713926648622106]}