{"labels": [0, 1, 2, 3, 4, 5, 6, 7, 8, 9, 10, 11, 12, 13, 14, 15, 16, 17, 18, 19, 20, 21, 22, 23, 24, 25, 26, 27, 28, 29, 30, 31, 32, 33, 34, 35, 36, 37, 38, 39], "data": [0.0, 0.0, 0.0, 0.0, 0.05319157178743014, 0.0156717382078773, 0.009824170825994785, 0.0, 0.0, 0.0, 0.0, 0.0, 0.0, 0.00030613249136872054, 0.0, 0.0, 0.0005428271944300804, 0.0, 0.0, 0.0015903686683474577, 0.0003283859498948056, 0.0, 0.0004270665212160666, 0.0, 0.0, 0.018619437061265814, 3.544665585686123e-05, 0.0, 0.0, 0.0, 0.006733945680411734, 0.0, 0.0, 0.0, 0.020859663145068347, 0.0, 0.0, 0.030588274055113683, 0.003686999901744329, 0.0]}