{"labels": [0, 1, 2, 3, 4, 5, 6, 7, 8, 9, 10, 11, 12, 13, 14, 15, 16, 17, 18, 19, 20, 21, 22, 23, 24, 25, 26, 27, 28, 29, 30, 31, 32, 33, 34, 35, 36, 37, 38, 39], "data": [0.0026217066549197865, 0.0, 0.0, 0.0, 0.044635668845427995, 0.0, 0.0, 0.05126520933545197, 0.0, 0.0, 0.0, 0.0, 0.0, 0.0, 0.01987888346466983, 0.002160116681189417, 0.0, 0.007121244689941797, 0.0016246092713543977, 0.0, 0.0, 0.0, 0.0, 0.0, 0.0, 0.0, 0.04847399096315576, 0.0006426959069329501, 0.027288221163102366, 0.0024163803670151154, 0.0061313470543624465, 0.010135335381808658, 0.0, 0.0, 0.003944965547514427, 0.0, 0.0, 0.0497022728101947, 0.0013227329062091041, 0.0]}