{"labels": [0, 1, 2, 3, 4, 5, 6, 7, 8, 9, 10, 11, 12, 13, 14, 15, 16, 17, 18, 19, 20, 21, 22, 23, 24, 25, 26, 27, 28, 29, 30, 31, 32, 33, 34, 35, 36, 37, 38, 39], "data": [0.02007143236901897, 0.0, 0.00010471956914646105, 0.014193502210970151, 0.0, 0.0, 0.00461945364647465, 0.0, 0.0, 0.0, 0.0, 0.0, 0.0, 0.013176679685603853, 0.0, 0.0, 0.0, 0.001097454739181721, 0.0, 0.0, 0.004572157996354177, 0.0, 0.0, 0.022673396765362733, 0.0, 0.05148760577674386, 0.0, 0.0, 0.0, 0.0, 0.0, 0.0, 0.0, 0.0, 0.04134803218497048, 0.0, 0.0, 0.0, 0.0, 0.0]}