{"labels": [0, 1, 2, 3, 4, 5, 6, 7, 8, 9, 10, 11, 12, 13, 14, 15, 16, 17, 18, 19, 20, 21, 22, 23, 24, 25, 26, 27, 28, 29, 30, 31, 32, 33, 34, 35, 36, 37, 38, 39], "data": [0.0, 0.0019512348067127856, 0.001902159891696727, 0.0, 0.04611050112401132, 0.0, 0.029589791038049793, 0.0, 0.0009893167095121607, 0.0, 0.0, 0.0, 0.0, 0.0, 0.0, 0.0, 0.0, 0.0009551327008226998, 0.0, 0.0, 0.0, 0.018445767206379592, 0.0, 0.0, 0.0, 0.003267289745090283, 0.0012902775704495498, 0.0, 0.0, 0.0, 0.00032615345296142296, 0.0026643931286377373, 0.0, 0.0, 0.026373484553963166, 0.004513139947570338, 0.0, 0.026405737044737972, 0.0, 0.0]}