{"labels": [0, 1, 2, 3, 4, 5, 6, 7, 8, 9, 10, 11, 12, 13, 14, 15, 16, 17, 18, 19, 20, 21, 22, 23, 24, 25, 26, 27, 28, 29, 30, 31, 32, 33, 34, 35, 36, 37, 38, 39], "data": [0.0, 0.0, 0.0, 0.0, 0.0, 0.0, 0.049210618948416336, 0.0, 0.0, 0.020736621427901433, 0.008922102774255217, 0.0, 0.0, 0.0, 0.0, 0.0, 0.0, 0.0019472503840800375, 0.0, 0.0011776467761666263, 0.0, 0.0, 0.0, 0.004578593691949599, 0.0, 0.0046536921943481436, 0.0, 0.0, 0.0, 0.0, 0.0018555389811861218, 0.0, 0.0, 0.0, 0.0, 0.04882171681793877, 0.0, 0.0, 0.0, 0.0]}