{"labels": [0, 1, 2, 3, 4, 5, 6, 7, 8, 9, 10, 11, 12, 13, 14, 15, 16, 17, 18, 19, 20, 21, 22, 23, 24, 25, 26, 27, 28, 29, 30, 31, 32, 33, 34, 35, 36, 37, 38, 39], "data": [0.0, 0.0, 0.009224194099993342, 0.028490453684643778, 0.01733092630278784, 0.0, 0.0, 0.0, 0.0, 0.009035623571958105, 0.0, 0.0, 0.0, 0.0, 0.0, 0.007528156363473682, 0.0, 0.036147416324067136, 0.0, 0.0, 0.025420565320807966, 0.0, 0.03113364302308279, 0.0, 0.0, 0.037611073399480284, 0.04795040149793562, 0.0002313056013386715, 0.0, 0.0, 0.0, 0.003795843492046795, 0.0, 0.033825677181665285, 0.0, 0.0, 0.0007781268876966671, 0.01505626486153557, 0.0, 0.048110013248879716]}