{"labels": [0, 1, 2, 3, 4, 5, 6, 7, 8, 9, 10, 11, 12, 13, 14, 15, 16, 17, 18, 19, 20, 21, 22, 23, 24, 25, 26, 27, 28, 29, 30, 31, 32, 33, 34, 35, 36, 37, 38, 39], "data": [0.0, 0.0, 0.0, 0.0, 0.031617540420904325, 0.07446200985624965, 0.0023859452051816538, 0.0, 0.0011291504041245149, 0.0021324861111886102, 0.0, 0.0, 0.0, 0.0, 0.0, 0.0, 0.0, 0.0, 0.0, 0.0, 0.0, 0.0, 0.003838490160277556, 0.12996466714473198, 0.002218410639492451, 0.0, 0.0, 0.0, 0.0, 0.0, 0.0, 0.002337098943523873, 0.0, 0.014770066271436962, 0.0, 0.0, 0.0, 0.0, 0.062487408495518204, 0.0]}