{"labels": [0, 1, 2, 3, 4, 5, 6, 7, 8, 9, 10, 11, 12, 13, 14, 15, 16, 17, 18, 19, 20, 21, 22, 23, 24, 25, 26, 27, 28, 29, 30, 31, 32, 33, 34, 35, 36, 37, 38, 39], "data": [0.0, 0.010679872779595949, 0.006183068562300044, 0.008497457599422203, 0.024874880250579465, 0.0005706883143024064, 0.0, 0.0, 0.003796110737048971, 0.0, 0.003609069049739003, 0.006555039319220557, 0.0, 0.0, 0.0, 0.0, 0.0, 0.008953394935370469, 0.0, 6.658142701372819e-05, 0.0, 0.0, 0.0, 0.03333165599374189, 0.0, 0.0, 0.0015248673630375786, 0.0004716870387769512, 0.0, 0.0, 0.035978891578136434, 0.0496354897026072, 0.01994849326403283, 0.009469508270712365, 0.0, 0.0, 0.03705168846222944, 0.0, 0.0, 0.0026044426385901736]}