{"labels": [0, 1, 2, 3, 4, 5, 6, 7, 8, 9, 10, 11, 12, 13, 14, 15, 16, 17, 18, 19, 20, 21, 22, 23, 24, 25, 26, 27, 28, 29, 30, 31, 32, 33, 34, 35, 36, 37, 38, 39], "data": [0.0, 0.0, 0.0, 0.0, 0.017703583661833822, 0.0007517549720127239, 0.00035296458197162203, 0.0043032263768741945, 0.0, 0.0, 0.0, 0.0003096646182372162, 0.0, 0.0030965488038091553, 0.0019584927902804882, 0.0055739905591602615, 0.061074721092184196, 0.006169845133292715, 0.0, 0.0, 0.0, 0.0, 0.0, 0.0, 0.0, 0.001554021140959747, 0.0, 0.0, 0.0, 0.0, 0.005558159446189948, 0.0, 0.0, 0.0208681743354206, 0.0, 0.0, 0.0, 0.01682512512924405, 0.0, 0.0]}