{"labels": [0, 1, 2, 3, 4, 5, 6, 7, 8, 9, 10, 11, 12, 13, 14, 15, 16, 17, 18, 19, 20, 21, 22, 23, 24, 25, 26, 27, 28, 29, 30, 31, 32, 33, 34, 35, 36, 37, 38, 39], "data": [0.000745336237247897, 0.017690411762748545, 0.007461513451277646, 0.011500639468326376, 0.055727623830023096, 0.04122964330126972, 0.018593319727131165, 0.0, 0.0, 0.02254209316881858, 0.0061576856796110085, 0.0, 0.021233544046437975, 0.0, 0.0, 0.0, 0.00858379973237575, 0.0, 0.0, 0.0, 0.0, 0.0, 0.0, 0.05160647023523899, 0.0, 0.0, 0.0, 0.009882401366647116, 0.0, 0.004066675318153179, 0.009087647664433724, 0.0, 0.0, 0.034275977161537484, 0.0010535516951042886, 0.0, 0.0, 0.05152663605892467, 0.018838363592528284, 0.020679440322337993]}