{"labels": [0, 1, 2, 3, 4, 5, 6, 7, 8, 9, 10, 11, 12, 13, 14, 15, 16, 17, 18, 19, 20, 21, 22, 23, 24, 25, 26, 27, 28, 29, 30, 31, 32, 33, 34, 35, 36, 37, 38, 39], "data": [0.0, 0.006651411832434601, 0.0, 0.0, 0.045212351895243634, 0.0, 0.0, 0.0053585512212809055, 0.0, 0.0, 0.0075370212495273585, 0.0, 0.00048559941404368234, 0.0, 0.0, 0.0, 0.0037653277027452953, 0.004375375007178164, 0.01336950870029232, 0.0, 0.0, 0.005682662477756163, 0.0, 0.0025465847562067775, 0.0, 0.036609472871655155, 0.0, 0.006449938249314296, 0.002111886418344219, 0.016676813762737264, 0.0, 0.0, 0.00025488406591121614, 0.0, 0.0, 0.004490666929725544, 0.0, 0.02389884610857871, 0.018014537393236926, 0.0]}