{"labels": [0, 1, 2, 3, 4, 5, 6, 7, 8, 9, 10, 11, 12, 13, 14, 15, 16, 17, 18, 19, 20, 21, 22, 23, 24, 25, 26, 27, 28, 29, 30, 31, 32, 33, 34, 35, 36, 37, 38, 39], "data": [0.0, 0.004678648758192413, 0.030804334003793236, 0.0, 0.016490981897657558, 0.0007252873918063576, 0.0, 0.019889342778339623, 0.0, 0.0, 0.0091866052117308, 0.0, 0.009195391252040531, 0.0, 0.0035575597730923437, 0.0, 0.018971054944255435, 0.00048744765315860355, 0.0, 0.0, 0.0, 0.0, 0.0012505549385668114, 0.0, 0.0, 0.0, 0.0016788097600193839, 0.03888592590612221, 0.014650611231499388, 0.005581488731032343, 0.014770622625630286, 0.0, 0.005474185925123002, 0.0, 0.011364514341098154, 0.06374746616131693, 0.016848451242584092, 0.03691147936988476, 0.0, 0.0]}