{"labels": [0, 1, 2, 3, 4, 5, 6, 7, 8, 9, 10, 11, 12, 13, 14, 15, 16, 17, 18, 19, 20, 21, 22, 23, 24, 25, 26, 27, 28, 29, 30, 31, 32, 33, 34, 35, 36, 37, 38, 39], "data": [3.774065965719552e-05, 0.0, 0.0, 0.02143712536207808, 0.0, 0.0, 0.0, 0.0, 0.0, 0.0, 0.0, 0.0, 0.0, 0.0, 0.0, 0.0, 0.0, 0.009695017441673899, 0.03456386252108463, 0.0, 0.01090392924533356, 0.0017634684230401281, 0.06879426737081897, 0.0, 0.08234167862170265, 0.025168753844913166, 0.0, 0.0, 0.0011099876662005934, 0.0, 0.0, 0.0019207577400370821, 0.0, 0.0, 0.02256905187973892, 0.0, 0.0, 0.0, 0.0, 0.0]}