{"labels": [0, 1, 2, 3, 4, 5, 6, 7, 8, 9, 10, 11, 12, 13, 14, 15, 16, 17, 18, 19, 20, 21, 22, 23, 24, 25, 26, 27, 28, 29, 30, 31, 32, 33, 34, 35, 36, 37, 38, 39], "data": [0.0, 0.0, 0.0, 0.0, 0.014083680316927999, 0.0, 0.010599655674614909, 0.047291819695992436, 0.0, 0.0, 0.0, 0.0, 0.0, 0.0, 0.0, 0.007977732246081242, 0.0008392248820889389, 0.0, 0.0, 0.05150868764941986, 0.0, 0.0, 0.08992544059923568, 0.017271353153495476, 0.006851037161965712, 0.0, 0.008349280800089887, 0.0006495950657684482, 0.0008479643003454783, 0.0, 0.0, 0.0, 0.0, 0.005853246288675432, 0.0, 0.0, 0.0, 0.0, 0.0, 0.0]}