{"labels": [0, 1, 2, 3, 4, 5, 6, 7, 8, 9, 10, 11, 12, 13, 14, 15, 16, 17, 18, 19, 20, 21, 22, 23, 24, 25, 26, 27, 28, 29, 30, 31, 32, 33, 34, 35, 36, 37, 38, 39], "data": [0.0, 0.056422223850517664, 0.01737659059251284, 0.0, 8.966300145691084e-05, 0.0, 0.0, 0.031116134879428676, 0.0, 0.0, 0.0, 0.0, 0.022765816651021, 0.0, 0.018028611897103437, 0.0, 0.0009099687658725284, 0.0, 0.0, 0.0, 0.0, 0.0, 0.04483293633303452, 0.0006808473048670812, 0.0, 0.0, 0.0, 0.021158595654205952, 0.0, 0.0, 0.0098288567550057, 0.0032915452434651707, 0.0, 0.008616126387672202, 0.0, 0.0, 0.0, 0.0021525117872563115, 0.0, 0.0]}