{"labels": [0, 1, 2, 3, 4, 5, 6, 7, 8, 9, 10, 11, 12, 13, 14, 15, 16, 17, 18, 19, 20, 21, 22, 23, 24, 25, 26, 27, 28, 29, 30, 31, 32, 33, 34, 35, 36, 37, 38, 39], "data": [0.0, 0.0, 0.016613816968957692, 0.0, 0.0, 0.0, 0.0, 0.002326731516031068, 0.0, 0.011156234147042246, 0.0, 0.0, 0.017007108830203555, 0.0, 0.0, 0.0, 0.0, 0.0, 0.0, 0.0, 0.0, 0.0, 0.028241496030523512, 0.0, 0.021633546441514745, 0.0, 0.0, 0.0, 0.005247610737366376, 0.0, 7.583818804655683e-05, 0.0, 0.0, 0.12479457427071099, 0.014110072640893147, 0.0, 0.0, 0.017470032589645516, 0.0, 0.0]}