{"labels": [0, 1, 2, 3, 4, 5, 6, 7, 8, 9, 10, 11, 12, 13, 14, 15, 16, 17, 18, 19, 20, 21, 22, 23, 24, 25, 26, 27, 28, 29, 30, 31, 32, 33, 34, 35, 36, 37, 38, 39], "data": [0.003780765901929141, 0.0, 0.0, 0.0, 0.00995120781165477, 0.013989174098502224, 0.009879998056606764, 0.0, 0.0, 0.006624913582310336, 0.0, 9.09739063330131e-05, 0.0, 3.231003293091266e-05, 0.0006987105489518721, 0.002581322973056605, 0.0, 0.01760401976278019, 0.010789439408838187, 0.0, 0.01945660517361546, 0.0, 0.0, 0.0, 0.0, 0.008330353733932181, 0.0, 0.0031905536406390887, 0.0, 2.2117075686646758e-05, 0.0019787594226336204, 0.0003158435153105183, 0.0007589416483289511, 0.01267446121824663, 0.0, 0.0, 0.002867156436356934, 0.0015726849865851386, 0.01939444664391126, 0.0031205235959273496]}