{"labels": [0, 1, 2, 3, 4, 5, 6, 7, 8, 9, 10, 11, 12, 13, 14, 15, 16, 17, 18, 19, 20, 21, 22, 23, 24, 25, 26, 27, 28, 29, 30, 31, 32, 33, 34, 35, 36, 37, 38, 39], "data": [0.07259185396308065, 0.01340569862863058, 0.0, 0.0, 0.0, 0.0013089452763849951, 0.0, 0.0, 0.019381699392076762, 0.0, 0.0, 0.03684750605710895, 0.0025804889649060575, 0.06760727626281879, 0.14908786482181838, 0.0, 0.0, 0.0, 0.0, 0.0, 0.0, 0.046262533989781245, 0.00516683385340548, 0.0032915322338425775, 0.0, 0.005144101347026117, 0.025046146445950573, 0.0, 0.0, 0.0, 0.042404053467930795, 0.0, 0.0, 0.0, 0.0, 0.14939422810160877, 0.04681889175646249, 0.0011580563834744121, 0.17785943976931493, 0.0]}