{"labels": [0, 1, 2, 3, 4, 5, 6, 7, 8, 9, 10, 11, 12, 13, 14, 15, 16, 17, 18, 19, 20, 21, 22, 23, 24, 25, 26, 27, 28, 29, 30, 31, 32, 33, 34, 35, 36, 37, 38, 39], "data": [0.0, 0.0, 0.0, 0.035967726084980986, 0.017413587897153738, 0.0, 0.0, 0.0, 0.0, 0.0, 0.0, 0.0, 0.0, 0.0, 0.0, 0.0, 0.05851828148725435, 0.0, 0.0, 0.0, 0.0, 0.0, 0.03309336405752431, 0.0, 0.03775345029919635, 0.0, 0.0, 0.11067400627645647, 0.0, 0.0, 0.0, 0.02421959315243859, 0.012701710222385447, 0.008571516286055094, 0.0, 0.0, 0.0, 0.0, 0.0, 0.0]}