{"labels": [0, 1, 2, 3, 4, 5, 6, 7, 8, 9, 10, 11, 12, 13, 14, 15, 16, 17, 18, 19, 20, 21, 22, 23, 24, 25, 26, 27, 28, 29, 30, 31, 32, 33, 34, 35, 36, 37, 38, 39], "data": [0.0, 0.0, 0.0, 0.0, 0.0, 0.0, 0.012182697849957725, 0.004962392861944472, 0.0, 0.0, 0.0, 0.0, 0.0, 0.0, 0.0, 0.013383783732345871, 0.0, 0.0, 0.0025002361487457465, 0.0, 0.05511808481931053, 0.0031350426949253926, 0.0, 0.0, 0.0, 0.0, 0.008511285924670424, 0.023802191026182497, 0.0, 0.0, 0.0004981607760315239, 0.0, 0.0, 0.014636599165557198, 0.0, 0.04679310315082415, 0.0, 0.036985408141783076, 0.0, 0.08813104301853536]}