{"labels": [0, 1, 2, 3, 4, 5, 6, 7, 8, 9, 10, 11, 12, 13, 14, 15, 16, 17, 18, 19, 20, 21, 22, 23, 24, 25, 26, 27, 28, 29, 30, 31, 32, 33, 34, 35, 36, 37, 38, 39], "data": [0.0048017867023466675, 0.04893854764850409, 0.008010013848929583, 0.0, 0.010682212096040316, 0.0, 0.02415102005219713, 0.0, 0.0026895310345031605, 0.0, 0.0, 0.0, 0.0, 0.0, 0.006314603088419368, 0.0, 0.0, 0.008987692359596384, 0.007359689262185288, 0.0, 0.00034694748215074095, 0.003187491252496196, 0.0, 0.0, 0.008365118984135935, 0.0033350308320377374, 0.05361153252134575, 0.0028787768426465753, 0.005844588083467735, 0.0, 0.0, 0.0003598258245743551, 0.0011024593338508587, 0.007586013574002477, 0.0, 0.0, 0.0, 0.012993119662480656, 0.004607988448349342, 0.003961045799533803]}