{"labels": [0, 1, 2, 3, 4, 5, 6, 7, 8, 9, 10, 11, 12, 13, 14, 15, 16, 17, 18, 19, 20, 21, 22, 23, 24, 25, 26, 27, 28, 29, 30, 31, 32, 33, 34, 35, 36, 37, 38, 39], "data": [0.0, 0.028036219841031242, 0.024655193083575833, 0.0, 0.0, 0.0, 0.02319878761701339, 0.0, 0.0, 0.0, 0.0, 0.0, 0.0, 0.0012428779853699413, 0.011451170919415074, 0.0, 0.0, 0.0, 0.0, 0.0, 0.0, 0.006241422715084251, 0.0, 0.002506956335235093, 0.0, 0.011468470451845568, 0.0, 0.0, 0.0, 0.0, 0.003746939965291393, 0.0, 0.0, 0.0, 0.0, 0.0881041102940582, 0.0779183405457601, 0.0, 0.029037141658399462, 0.0]}