{"labels": [0, 1, 2, 3, 4, 5, 6, 7, 8, 9, 10, 11, 12, 13, 14, 15, 16, 17, 18, 19, 20, 21, 22, 23, 24, 25, 26, 27, 28, 29, 30, 31, 32, 33, 34, 35, 36, 37, 38, 39], "data": [0.0, 0.0, 0.0, 0.0, 0.00542092933581214, 0.0, 0.005344184522734534, 0.007334677696430755, 0.009808808068398513, 0.0, 0.0, 0.0, 0.01783682580992365, 0.0, 0.0, 0.001519200086681902, 0.0019338252070629969, 0.006598488576103263, 0.0, 0.0, 0.0, 0.001776119586397211, 0.0, 0.0, 0.03374488130052417, 0.015498090207495034, 0.0, 0.0007290440462825353, 0.00491109030474897, 0.0, 0.0, 0.0, 0.0, 0.006027977300436352, 0.0, 0.0725598810129726, 0.016351724564351078, 0.0, 0.03576867108325634, 0.0]}