{"labels": [0, 1, 2, 3, 4, 5, 6, 7, 8, 9, 10, 11, 12, 13, 14, 15, 16, 17, 18, 19, 20, 21, 22, 23, 24, 25, 26, 27, 28, 29, 30, 31, 32, 33, 34, 35, 36, 37, 38, 39], "data": [0.0037478985238528404, 0.0, 0.011993831787866248, 0.021708820982843827, 0.004516048428449757, 0.0, 0.0, 0.0, 0.0, 0.0007724837695068796, 0.0, 0.00798781588591132, 0.009600310330394412, 0.0, 0.008336003454692932, 0.0, 0.0, 0.0054246214957629066, 0.025645758338262534, 0.0, 0.0, 0.0426197987951892, 0.0, 0.0, 0.0, 0.07220630564093984, 0.0012516181966639563, 0.0, 0.0, 0.00012854982032944222, 0.0, 0.0024260506648728286, 0.0, 0.0, 0.011696809181791818, 0.017608872085610378, 0.017054917176613348, 0.005385182145282708, 0.0, 0.00014815222711971428]}