{"labels": [0, 1, 2, 3, 4, 5, 6, 7, 8, 9, 10, 11, 12, 13, 14, 15, 16, 17, 18, 19, 20, 21, 22, 23, 24, 25, 26, 27, 28, 29, 30, 31, 32, 33, 34, 35, 36, 37, 38, 39], "data": [0.003715851629555996, 0.0, 0.0017472050945774094, 0.018865414472651918, 0.0008426940598010681, 0.0, 0.0, 0.0007614782681901076, 0.0317850710732477, 0.0, 0.0, 0.0004690066950723532, 0.0, 0.0, 0.0, 0.0, 0.0, 0.027885827837628746, 0.0, 0.0, 0.0, 0.01923720630945874, 0.00023567653686955352, 0.0020490012534027094, 0.0, 0.010292708961670761, 0.0, 0.0, 0.0, 0.0, 0.04459282889295609, 0.0027957079113462993, 0.0, 0.0, 0.014781960130141695, 0.052701694118127244, 0.04322396281727167, 0.008645770499189576, 0.0, 0.002148025770081989]}