{"labels": [0, 1, 2, 3, 4, 5, 6, 7, 8, 9, 10, 11, 12, 13, 14, 15, 16, 17, 18, 19, 20, 21, 22, 23, 24, 25, 26, 27, 28, 29, 30, 31, 32, 33, 34, 35, 36, 37, 38, 39], "data": [0.0, 0.001782054903999548, 0.003536678670282112, 0.0, 0.041187161532005856, 0.0, 0.016972507326338458, 0.0179785385354067, 0.0, 0.0, 0.012812338272936092, 0.0, 0.0, 0.0, 0.01585493001798073, 0.0, 0.0, 0.019106872444169785, 0.0256243546234153, 0.0006625319402985562, 0.0, 0.0, 0.0, 0.0, 0.005848467444414742, 0.0, 0.0024606157981296173, 0.0027137190750318976, 0.006276808420858531, 0.0, 0.0, 0.0, 0.00043040528509649104, 0.022347500299948544, 0.0, 0.0, 0.0, 0.0, 0.0, 0.0]}