{"labels": [0, 1, 2, 3, 4, 5, 6, 7, 8, 9, 10, 11, 12, 13, 14, 15, 16, 17, 18, 19, 20, 21, 22, 23, 24, 25, 26, 27, 28, 29, 30, 31, 32, 33, 34, 35, 36, 37, 38, 39], "data": [0.0, 0.0, 0.011340696664412656, 0.0, 0.0, 0.020240040849632643, 0.0, 0.0, 0.018527638130773127, 0.0, 0.0, 0.07865409848051517, 0.0, 0.0, 0.0, 0.01048042153054871, 0.01400423563631911, 0.0020421369641370293, 0.0, 0.0, 0.00014616784572561833, 0.0063063281088540386, 0.0025215259495153103, 0.0, 0.0, 0.03230704206032273, 0.000831430916745318, 0.0, 0.0, 0.0, 0.004858687720056053, 0.0, 0.0, 0.006109138801630345, 0.006588860396708944, 0.0, 0.0, 0.0, 0.0, 0.032767312084812754]}