{"labels": [0, 1, 2, 3, 4, 5, 6, 7, 8, 9, 10, 11, 12, 13, 14, 15, 16, 17, 18, 19, 20, 21, 22, 23, 24, 25, 26, 27, 28, 29, 30, 31, 32, 33, 34, 35, 36, 37, 38, 39], "data": [0.0, 0.0, 0.0, 0.0065781575283652615, 0.015010814541132992, 0.0005160964054514319, 0.02198728636602452, 0.0024155479875072514, 0.12146988876879247, 0.00466168415543762, 0.0, 0.005584883905870495, 0.0, 0.0, 0.009280350456855935, 0.0353177079587415, 0.0, 0.010045383527874811, 0.0, 0.0, 0.0, 0.007213061342202513, 0.002984938540627651, 0.0015790517101417483, 1.2416003627251903e-05, 0.010669829417574961, 0.0, 0.0, 0.0, 0.003613892535479108, 0.0, 0.0015464503199200386, 4.4530046117921116e-05, 0.01784527976877061, 0.013894523042111055, 0.0, 0.0, 0.03485299582903815, 0.0, 0.0006531328566707653]}