{"labels": [0, 1, 2, 3, 4, 5, 6, 7, 8, 9, 10, 11, 12, 13, 14, 15, 16, 17, 18, 19, 20, 21, 22, 23, 24, 25, 26, 27, 28, 29, 30, 31, 32, 33, 34, 35, 36, 37, 38, 39], "data": [0.0, 0.0, 0.0, 0.0, 0.0, 0.06486808019849129, 0.02800038839689789, 0.019534384961889195, 0.0028395549042725763, 0.0, 0.0007148408008438885, 0.0, 0.0, 0.0, 0.0, 0.003538017966448286, 0.0, 0.0, 0.024675696374095966, 0.061488163126814877, 0.0, 0.011105727818498706, 0.0, 0.0, 0.0, 0.0, 0.002863744063551534, 0.0, 0.07373173855241304, 0.0, 0.046155977168455105, 0.0, 0.0, 0.0, 0.009431497058193026, 0.0, 0.0, 0.0, 0.005710628146422062, 0.05037408975143581]}