{"labels": [0, 1, 2, 3, 4, 5, 6, 7, 8, 9, 10, 11, 12, 13, 14, 15, 16, 17, 18, 19, 20, 21, 22, 23, 24, 25, 26, 27, 28, 29, 30, 31, 32, 33, 34, 35, 36, 37, 38, 39], "data": [0.0, 0.0, 0.0, 0.0, 0.0, 0.06112840009403376, 0.0, 0.04466131392096224, 0.0, 0.0, 0.0, 0.0, 0.0, 0.027598065545935895, 0.0, 0.0, 0.0, 0.0, 0.014762519485715355, 0.0, 0.0, 0.03394236263553885, 0.04624549119058387, 0.12473959028895663, 0.0, 0.007627316987868265, 0.0, 0.0, 0.0, 0.0, 0.0, 0.0, 0.0, 0.0, 0.0, 0.0, 0.0, 0.0, 0.027880482051414104, 0.0]}