{"labels": [0, 1, 2, 3, 4, 5, 6, 7, 8, 9, 10, 11, 12, 13, 14, 15, 16, 17, 18, 19, 20, 21, 22, 23, 24, 25, 26, 27, 28, 29, 30, 31, 32, 33, 34, 35, 36, 37, 38, 39], "data": [0.0, 0.013563673651522837, 0.0, 0.0, 6.720934134313471e-06, 0.0, 0.02006247888594424, 0.0, 0.027844444138440047, 0.0, 0.009082426237515354, 0.006506159585726777, 0.0, 0.0, 0.0018822956638186983, 0.0028917747995901725, 0.0, 0.0, 0.03165700895440976, 0.0005921169547901427, 0.0, 0.0, 0.0, 0.0, 0.04072364198233367, 0.0, 0.004548692313272248, 0.0, 0.00011780221012481981, 0.010529721419624756, 0.0006223276082822106, 0.0001381926398311992, 0.001742936882410644, 0.03833861359390211, 0.0, 0.00478626115459342, 0.0, 0.0036020048945678974, 0.04350573674349849, 0.0027256751500375894]}