{"labels": [0, 1, 2, 3, 4, 5, 6, 7, 8, 9, 10, 11, 12, 13, 14, 15, 16, 17, 18, 19, 20, 21, 22, 23, 24, 25, 26, 27, 28, 29, 30, 31, 32, 33, 34, 35, 36, 37, 38, 39], "data": [0.0, 0.0, 0.0, 0.0, 0.0, 0.0, 0.0, 0.0, 0.0, 0.0, 0.0, 0.04635566962323494, 0.0, 0.0, 0.0, 0.22043241487373247, 0.0, 0.028224291107267832, 0.16418347183041646, 0.0, 0.0, 0.0, 0.0, 0.0, 0.0, 0.0, 0.0, 0.0, 0.0, 0.0017192616200972617, 0.0, 0.009276218074571145, 0.0, 0.0, 0.0, 0.04743263324906916, 0.0, 0.0, 0.0, 0.0]}