{"labels": [0, 1, 2, 3, 4, 5, 6, 7, 8, 9, 10, 11, 12, 13, 14, 15, 16, 17, 18, 19, 20, 21, 22, 23, 24, 25, 26, 27, 28, 29, 30, 31, 32, 33, 34, 35, 36, 37, 38, 39], "data": [0.3057401699098607, 0.0, 0.0, 0.03904907938760278, 0.02841099588524643, 0.0034696937782068287, 0.0, 0.0041051531679105295, 0.019082752547383793, 0.0, 0.0, 0.011719073870478198, 0.02397256141405752, 0.0, 0.0020238466294630764, 0.03559019286309577, 0.06986044503104974, 0.0, 0.00339524468984753, 0.0, 0.0, 0.018267118620439973, 0.023511169249352783, 0.0, 0.0, 0.09755391193037843, 0.0, 0.0, 0.016721343176117592, 0.0, 0.012822458352440298, 0.0287965869154884, 0.0, 0.14852779767190652, 0.04974801250377637, 0.0, 0.0, 0.08693593612587307, 0.016412555202056017, 0.0]}