{"labels": [0, 1, 2, 3, 4, 5, 6, 7, 8, 9, 10, 11, 12, 13, 14, 15, 16, 17, 18, 19, 20, 21, 22, 23, 24, 25, 26, 27, 28, 29, 30, 31, 32, 33, 34, 35, 36, 37, 38, 39], "data": [0.0, 0.0, 0.0, 0.0, 0.0, 0.0, 0.047903730947580714, 0.0, 0.0032299710236632947, 0.0, 0.006333896027292767, 0.006050568404866194, 0.04712987100589606, 0.0, 0.0, 0.025684183278913822, 0.0, 0.0, 0.0, 0.0, 0.0, 0.0, 0.0, 0.0, 0.0, 0.0, 0.0, 0.0, 0.0, 0.0, 0.0, 0.001335929309100723, 0.0, 0.0, 0.028554916698780557, 0.042830120733699586, 0.0, 0.06823059484636465, 0.0, 0.0]}