{"labels": [0, 1, 2, 3, 4, 5, 6, 7, 8, 9, 10, 11, 12, 13, 14, 15, 16, 17, 18, 19, 20, 21, 22, 23, 24, 25, 26, 27, 28, 29, 30, 31, 32, 33, 34, 35, 36, 37, 38, 39], "data": [0.0, 0.0, 0.0, 0.0, 0.0, 0.0, 0.060453877830381524, 0.0, 0.005313772090820366, 0.0, 0.002412960013500247, 0.0, 0.035115754538791295, 0.0, 0.03989928892479577, 0.0, 0.0, 0.0, 0.0005029198240702087, 0.0013716665356300587, 0.0, 0.0, 0.0, 0.0, 0.0, 0.0, 0.006122771433485511, 0.0, 0.0, 0.0, 0.0, 0.001664307417696814, 0.0, 0.0, 0.0, 0.025765065848713485, 0.0, 0.005809838119672657, 0.0, 0.0]}