{"labels": [0, 1, 2, 3, 4, 5, 6, 7, 8, 9, 10, 11, 12, 13, 14, 15, 16, 17, 18, 19, 20, 21, 22, 23, 24, 25, 26, 27, 28, 29, 30, 31, 32, 33, 34, 35, 36, 37, 38, 39], "data": [0.0, 0.0, 0.0, 0.08228617919164544, 1.690653149602134, 0.0, 0.0, 0.09074725386453486, 0.0, 0.0, 0.0, 0.0, 0.0, 0.041259390307789905, 0.0, 0.018045437944705763, 0.0, 0.0, 0.0, 0.03129261104473603, 0.023197625109350854, 0.0759550314625576, 0.022977002749918755, 0.0, 0.0, 0.24836130380017382, 0.0, 0.0, 0.0, 0.0, 0.003345828707044989, 0.0, 0.0, 0.0, 0.0, 0.059838669708047035, 0.0, 0.0, 0.0, 0.0]}