{"labels": [0, 1, 2, 3, 4, 5, 6, 7, 8, 9, 10, 11, 12, 13, 14, 15, 16, 17, 18, 19, 20, 21, 22, 23, 24, 25, 26, 27, 28, 29, 30, 31, 32, 33, 34, 35, 36, 37, 38, 39], "data": [0.0, 0.003724410476332287, 0.0035659435015748244, 0.007872012699281327, 0.00732741609695352, 0.0, 0.0049871578293060595, 0.0, 0.0, 0.025851971097924743, 0.0, 4.509130202646721e-05, 0.0, 0.03143209046853212, 0.0, 0.0, 0.0027462829702507244, 0.0, 0.0, 0.0, 0.0, 0.02507027206850261, 0.0, 0.05616640526386506, 0.0014366114935013762, 0.014835198324475432, 0.0, 0.031254684305408, 0.003213043373320897, 0.0, 0.013875746099253334, 0.00920013795117166, 0.030045203268924073, 0.011776625318348196, 0.016338008878094563, 0.0, 0.0, 0.017733352680137218, 0.031506151928119924, 0.0]}