{"labels": [0, 1, 2, 3, 4, 5, 6, 7, 8, 9, 10, 11, 12, 13, 14, 15, 16, 17, 18, 19, 20, 21, 22, 23, 24, 25, 26, 27, 28, 29, 30, 31, 32, 33, 34, 35, 36, 37, 38, 39], "data": [0.004905371828034755, 0.0, 0.005186437441101072, 0.0, 0.010616098782140232, 0.0005842787591906813, 0.0069456907601342524, 0.0, 0.0017475744959200247, 0.0, 0.0051824640409730395, 0.003908263142044584, 0.0, 0.0, 0.0, 0.0, 0.0, 0.00417814105292051, 0.0012743685252316072, 0.0, 0.0, 0.04973644042706832, 0.0, 0.006131227116983258, 0.0, 0.0, 0.0, 0.0010465333272479031, 0.0003516224001154396, 0.0032472973541677053, 0.0019834604322067693, 0.046529668975134816, 0.0, 0.011078139767151354, 0.0425269520002799, 0.0, 0.005073513123255051, 0.00325719427085412, 0.0, 0.002256950552397908]}