{"labels": [0, 1, 2, 3, 4, 5, 6, 7, 8, 9, 10, 11, 12, 13, 14, 15, 16, 17, 18, 19, 20, 21, 22, 23, 24, 25, 26, 27, 28, 29, 30, 31, 32, 33, 34, 35, 36, 37, 38, 39], "data": [0.0, 0.0, 0.0, 0.03586286406760321, 0.0, 0.0, 0.0, 0.0, 0.0, 0.0, 0.0, 0.0, 0.0, 0.01606613653472524, 0.0, 0.014784392126880383, 0.0, 0.0, 0.0008800994007951037, 0.0015684291410826001, 0.02663239613242497, 0.0, 0.0, 0.03657022262411215, 0.0, 0.0, 0.0, 0.0, 0.0, 0.0018323222392712295, 0.0, 0.0, 0.0, 0.0, 0.0, 0.006073505375061413, 0.0017586062242358927, 0.0, 0.02527684031881108, 0.0]}