{"labels": [0, 1, 2, 3, 4, 5, 6, 7, 8, 9, 10, 11, 12, 13, 14, 15, 16, 17, 18, 19, 20, 21, 22, 23, 24, 25, 26, 27, 28, 29, 30, 31, 32, 33, 34, 35, 36, 37, 38, 39], "data": [0.0, 0.0, 0.002219050391120629, 0.04368514013988499, 0.053253105282760956, 0.0, 0.008718745317663068, 0.0, 0.004867020526484626, 0.02507693928202396, 0.0, 0.0010006107441998147, 0.01443646798863007, 0.0025435601979479513, 0.0, 0.0, 0.05783826152205882, 0.0, 0.0, 0.0019782349352797635, 0.0, 0.0016378158713168656, 0.035810191655668025, 0.00015136193966772235, 0.0, 0.014293651109865375, 0.0012571460335354, 0.003926479567551096, 0.0, 0.002299790443633945, 0.0, 0.0008045964529095373, 0.0, 0.03077724740832698, 0.0, 0.0035775133333903145, 0.0038959745856362, 0.024639794238961118, 0.005272515780189866, 0.0]}