{"labels": [0, 1, 2, 3, 4, 5, 6, 7, 8, 9, 10, 11, 12, 13, 14, 15, 16, 17, 18, 19, 20, 21, 22, 23, 24, 25, 26, 27, 28, 29, 30, 31, 32, 33, 34, 35, 36, 37, 38, 39], "data": [0.0, 0.0, 0.0009318586043611676, 0.06398567051702636, 0.0, 0.0, 0.002160635750075579, 0.0, 0.0, 0.0011025226034190785, 0.0, 0.0, 0.0, 0.0, 0.0, 0.0, 0.0, 0.0, 0.00426961782249429, 0.0009862678106097014, 0.020737026932405107, 0.0, 0.0, 0.010740285029205217, 0.0, 4.8362748581655467e-05, 0.0, 0.0011103923074285843, 0.0, 0.0021415844274523792, 0.0, 0.0, 0.0, 0.010498717424181967, 0.00041816524608839095, 0.0009084031297010446, 0.0, 0.003748087408068087, 0.0011064005432927634, 0.0]}