{"labels": [0, 1, 2, 3, 4, 5, 6, 7, 8, 9, 10, 11, 12, 13, 14, 15, 16, 17, 18, 19, 20, 21, 22, 23, 24, 25, 26, 27, 28, 29, 30, 31, 32, 33, 34, 35, 36, 37, 38, 39], "data": [0.0020544408447180224, 0.021340707979613755, 3.6404514656917546e-05, 0.058935522174722275, 0.0, 0.014387670269468944, 0.01770163877830716, 0.0, 0.0, 0.013940537026597444, 0.013828929140962098, 0.0, 0.0, 0.00021397218351091037, 0.012430724826593778, 0.0, 0.0, 0.016237836567422465, 0.0, 0.0, 0.02873800806027401, 0.019309840624451208, 0.004861850321231147, 0.0, 0.0, 0.019051916761529446, 0.0023059205663651643, 0.0, 0.0, 0.0, 0.01300353986222524, 0.0033935122916510904, 0.002057167363297692, 0.007874944703850384, 0.0, 0.0, 0.012732825239379826, 0.007164156430536341, 0.003359300313726022, 0.0]}