{"labels": [0, 1, 2, 3, 4, 5, 6, 7, 8, 9, 10, 11, 12, 13, 14, 15, 16, 17, 18, 19, 20, 21, 22, 23, 24, 25, 26, 27, 28, 29, 30, 31, 32, 33, 34, 35, 36, 37, 38, 39], "data": [0.002378799066302914, 0.003328382489597903, 0.01496909822196793, 0.0, 0.04291297865722133, 0.0, 0.008258107446844942, 0.0018475713627242505, 0.0, 0.0026058692051773888, 0.0, 0.006219481476983568, 0.0, 0.0, 0.0, 0.00037848137326487757, 0.0, 0.0, 0.04658605008342103, 0.0, 0.0014709728057995973, 0.0010097916348057216, 0.0, 0.0, 0.006489551188142351, 0.001659226477517676, 0.0, 0.0, 0.0, 0.0, 0.0, 0.0, 0.0, 0.02372142129840578, 0.0, 0.009244483191084034, 0.0, 0.0, 0.0, 0.0]}