{"labels": [0, 1, 2, 3, 4, 5, 6, 7, 8, 9, 10, 11, 12, 13, 14, 15, 16, 17, 18, 19, 20, 21, 22, 23, 24, 25, 26, 27, 28, 29, 30, 31, 32, 33, 34, 35, 36, 37, 38, 39], "data": [0.0, 0.0, 0.0, 0.0, 0.0, 0.0, 0.021050293278473194, 0.033731298091168836, 0.0, 0.0, 0.0028198527798777755, 0.0, 0.0, 0.0, 0.0, 0.0, 0.0, 0.0, 0.0, 0.0, 0.0, 0.0, 0.0002759020481191165, 0.0, 0.0005159407823893046, 0.0, 0.0, 0.0, 0.0, 0.011622218164973806, 0.0, 0.0004894455723107779, 0.0, 0.03131759150945107, 0.0, 0.0, 0.0, 0.0, 0.0, 0.0007896818722880769]}