{"labels": [0, 1, 2, 3, 4, 5, 6, 7, 8, 9, 10, 11, 12, 13, 14, 15, 16, 17, 18, 19, 20, 21, 22, 23, 24, 25, 26, 27, 28, 29, 30, 31, 32, 33, 34, 35, 36, 37, 38, 39], "data": [0.0, 0.0, 0.0, 0.039233331798871666, 0.02054780067840832, 0.0, 0.02376990026806594, 0.0, 0.0, 0.0034869200076918776, 0.0, 0.0033398816632563247, 0.003795560668680139, 0.00013663045154114705, 0.0, 0.0, 0.0, 0.0, 0.005109391479168714, 0.0, 0.12038370594129237, 0.0, 0.003351538953269324, 0.0117244052371544, 0.0, 0.021412092782639218, 0.0008663633790942208, 0.020491039317422258, 0.0, 0.0, 0.0, 0.0, 0.0025760786293227223, 0.0, 0.00011962530390176639, 0.0, 0.005789711013420611, 0.0, 0.0, 0.0002450262767775371]}