{"labels": [0, 1, 2, 3, 4, 5, 6, 7, 8, 9, 10, 11, 12, 13, 14, 15, 16, 17, 18, 19, 20, 21, 22, 23, 24, 25, 26, 27, 28, 29, 30, 31, 32, 33, 34, 35, 36, 37, 38, 39], "data": [0.0, 0.0, 0.0, 0.0, 0.0, 0.0, 0.009692712517872262, 0.0, 0.0, 0.006139218497110285, 0.049042092157691286, 0.0, 0.0, 0.0, 0.0, 0.0, 0.0, 0.01659483700037153, 0.006699106752432217, 0.0, 0.0, 0.0, 0.0, 0.0, 0.0007244141667804617, 0.0, 0.003367187303583249, 0.003729282083806485, 0.0, 0.0, 0.0, 0.0, 0.0, 0.0, 0.0034893168506955393, 0.0, 0.0, 0.02754509484628621, 0.002691608293900901, 0.0]}