{"labels": [0, 1, 2, 3, 4, 5, 6, 7, 8, 9, 10, 11, 12, 13, 14, 15, 16, 17, 18, 19, 20, 21, 22, 23, 24, 25, 26, 27, 28, 29, 30, 31, 32, 33, 34, 35, 36, 37, 38, 39], "data": [0.0024048664569140377, 0.0, 0.0015567528796820783, 0.026723072410273257, 0.002669192973680632, 0.0, 0.0, 0.0, 0.0, 0.0, 0.0, 0.00011207726083373461, 0.0028611595454430968, 0.0, 0.009152465669845709, 0.0, 0.0, 0.05123072986494917, 0.0, 0.0, 0.0, 0.005497392313361584, 0.0, 0.0, 0.00015418817066844548, 0.0, 0.0, 0.0, 0.0, 0.0, 0.0052101467854464255, 0.0, 0.0, 0.0, 0.0006528774689387259, 0.0012133784614820134, 0.0, 0.0, 0.0, 0.0]}