{"labels": [0, 1, 2, 3, 4, 5, 6, 7, 8, 9, 10, 11, 12, 13, 14, 15, 16, 17, 18, 19, 20, 21, 22, 23, 24, 25, 26, 27, 28, 29, 30, 31, 32, 33, 34, 35, 36, 37, 38, 39], "data": [0.004565580080011085, 0.0, 0.0, 0.0, 0.0, 0.0, 0.07674993340419657, 0.0, 0.0, 0.0062421211822408845, 0.0, 0.0, 0.0, 0.0, 0.0, 0.0, 0.0, 0.0, 0.0014251291671619527, 0.0, 0.0, 0.0, 0.0, 0.004004649608240426, 0.0, 0.0, 0.0, 0.0, 0.003187666010800555, 0.0, 0.0, 0.0, 0.005088608884052601, 0.0, 0.0, 0.0, 0.0009253785255752064, 0.0, 0.0, 0.0]}