{"labels": [0, 1, 2, 3, 4, 5, 6, 7, 8, 9, 10, 11, 12, 13, 14, 15, 16, 17, 18, 19, 20, 21, 22, 23, 24, 25, 26, 27, 28, 29, 30, 31, 32, 33, 34, 35, 36, 37, 38, 39], "data": [0.0, 0.0, 0.0, 0.0, 0.005434082430402557, 0.0, 0.026924095257237452, 0.0, 0.0, 0.035179724330982966, 0.0, 0.0, 0.0, 0.006306217471715302, 0.0, 0.0, 0.0, 0.030533454269465354, 0.002893818754384457, 0.0049295934482774025, 0.0, 0.0, 0.0, 0.00870608989279425, 0.0, 0.03350643990948925, 0.0, 0.0, 0.0, 0.0, 0.0, 0.0, 0.0, 0.0, 0.010079538252699666, 0.0, 0.0, 0.012526373539383602, 0.0, 0.0]}