{"labels": [0, 1, 2, 3, 4, 5, 6, 7, 8, 9, 10, 11, 12, 13, 14, 15, 16, 17, 18, 19, 20, 21, 22, 23, 24, 25, 26, 27, 28, 29, 30, 31, 32, 33, 34, 35, 36, 37, 38, 39], "data": [0.012644159279430868, 0.0, 0.027355953285203467, 0.07492077344457135, 0.0, 0.0, 0.0073138252411034995, 0.00228572659695109, 0.0020669115268605446, 0.0, 0.0, 0.0, 0.011601887705339245, 0.004772351562005515, 0.0, 0.045273290269834086, 0.0036300361188987143, 0.005364733564766788, 0.0, 0.0, 0.0, 0.0, 0.0, 0.0, 0.0, 0.006277878953645563, 0.04992394390245216, 0.0007174279338559323, 0.006759699079175501, 0.0, 0.0, 0.04296373377009913, 0.0, 0.00946865056853261, 0.01491454973211591, 0.0, 0.0, 0.003934587384700653, 0.0, 0.0]}