{"labels": [0, 1, 2, 3, 4, 5, 6, 7, 8, 9, 10, 11, 12, 13, 14, 15, 16, 17, 18, 19, 20, 21, 22, 23, 24, 25, 26, 27, 28, 29, 30, 31, 32, 33, 34, 35, 36, 37, 38, 39], "data": [0.007759881242708645, 0.004844608774241362, 0.0003533597164350114, 0.03472956547915821, 0.004599589437102408, 0.002512412250448868, 0.0, 0.021568058856975183, 0.0, 0.0028810827180986557, 0.0010860297409567847, 0.0, 0.0, 0.005301782045980783, 0.023159589414665557, 0.0, 0.0, 0.008734755760514063, 0.014593738735224574, 0.00020471504390350513, 0.0007492078549114845, 0.0, 0.0021691384140594913, 0.0, 0.09783642536830314, 0.0, 0.02467762120902039, 0.00021856840737531408, 0.0, 0.0, 0.0, 0.05350616460090295, 0.0, 0.0, 0.016867728141628874, 0.014348087619831976, 0.0, 0.0, 0.027381658258139263, 0.0006576610427178936]}