{"labels": [0, 1, 2, 3, 4, 5, 6, 7, 8, 9, 10, 11, 12, 13, 14, 15, 16, 17, 18, 19, 20, 21, 22, 23, 24, 25, 26, 27, 28, 29, 30, 31, 32, 33, 34, 35, 36, 37, 38, 39], "data": [0.006424653017886891, 0.001568846934856525, 0.0013884727731548233, 0.004996760473270416, 0.023310503385482663, 0.0, 0.0017862739621936445, 0.0, 8.973472105000977e-05, 0.0, 0.0012312248667601714, 0.0, 0.0, 0.0, 0.0, 0.0, 0.001861124053477307, 0.006620111256955077, 0.008551999570246611, 0.0, 0.029706448095997273, 0.0, 0.0020238285784075255, 0.0, 0.0, 0.015251104560943926, 0.0, 0.002337299842692178, 0.00010229182729775142, 0.016892580165761353, 0.0, 0.0004717634575765936, 0.00018811680530034878, 0.02957490857694417, 0.0002399925361064141, 0.0, 0.0, 0.01623123956165328, 0.0, 0.0]}