{"labels": [0, 1, 2, 3, 4, 5, 6, 7, 8, 9, 10, 11, 12, 13, 14, 15, 16, 17, 18, 19, 20, 21, 22, 23, 24, 25, 26, 27, 28, 29, 30, 31, 32, 33, 34, 35, 36, 37, 38, 39], "data": [0.0, 0.0, 0.0, 0.0, 0.02137799297586891, 0.0, 0.0, 0.0, 0.0, 0.0, 0.0, 0.0, 0.0, 0.0, 0.0, 0.0, 0.0, 0.0, 0.0, 0.0, 0.0, 0.0033074311148396695, 0.00287338764358395, 0.0007972563559004818, 0.0, 0.0033242411643474635, 0.0, 0.0, 0.0, 0.0, 0.0, 0.0, 0.0, 0.1671373080763683, 0.025590944950044183, 0.0, 0.0, 0.0, 0.0, 0.0]}