{"labels": [0, 1, 2, 3, 4, 5, 6, 7, 8, 9, 10, 11, 12, 13, 14, 15, 16, 17, 18, 19, 20, 21, 22, 23, 24, 25, 26, 27, 28, 29, 30, 31, 32, 33, 34, 35, 36, 37, 38, 39], "data": [0.0017558499701749823, 0.01010348310321406, 0.019928517360737953, 0.0, 0.006412213389881608, 0.0, 0.0, 0.0, 0.0, 0.006263087680433947, 0.0027149370273776736, 0.0, 0.005044274689156779, 0.010002234529368293, 0.0, 0.0, 0.0, 0.0, 0.0, 0.0, 0.0023299547779500477, 0.0, 0.0052265220946208675, 0.056041371816444814, 0.02054967121922465, 0.0, 0.00019112203097017538, 0.0, 0.0, 0.0059260726242854715, 0.0, 0.0, 0.03650906242589613, 0.0020943068183431647, 0.0, 0.0, 0.01045140165444051, 0.028499579556320414, 0.03340111928978257, 0.001060875430879021]}