{"labels": [0, 1, 2, 3, 4, 5, 6, 7, 8, 9, 10, 11, 12, 13, 14, 15, 16, 17, 18, 19, 20, 21, 22, 23, 24, 25, 26, 27, 28, 29, 30, 31, 32, 33, 34, 35, 36, 37, 38, 39], "data": [0.0, 0.0, 0.015461686993449278, 0.0, 0.03695762109514771, 0.0, 0.032138193359737444, 0.014550223860691179, 0.0, 0.0, 0.0, 0.0, 0.034843419237561214, 0.0, 0.07423514885266123, 0.0, 0.0, 0.0, 0.0, 0.0, 0.052364234885988716, 0.0, 0.0, 0.0, 0.0, 0.0, 0.0, 0.02643350852181405, 0.0, 0.0, 0.0, 0.0, 0.0, 0.0, 0.015474639286298539, 0.0, 0.009867548173388283, 0.020204928060041292, 0.0, 0.0]}