{"labels": [0, 1, 2, 3, 4, 5, 6, 7, 8, 9, 10, 11, 12, 13, 14, 15, 16, 17, 18, 19, 20, 21, 22, 23, 24, 25, 26, 27, 28, 29, 30, 31, 32, 33, 34, 35, 36, 37, 38, 39], "data": [0.0, 0.0, 0.004224500694189911, 0.0, 0.002967110815842279, 0.0, 0.008586201607869106, 0.0029566254318337303, 0.0, 0.0, 0.06612187218705894, 0.0, 0.0, 0.004646730508347342, 0.0005461382335169892, 0.021457137908273787, 0.0007709016091842035, 0.0, 0.004945715119251397, 0.009001981209789955, 0.0, 0.0, 0.0021789664455773494, 0.001918475416280167, 0.0, 0.0, 0.06114883872382076, 0.0, 0.0, 0.003417978517582859, 0.0013827196914060382, 0.0, 0.0, 0.010004895961646346, 0.0, 0.05250980805980761, 0.0, 0.0, 0.0, 0.0]}