{"labels": [0, 1, 2, 3, 4, 5, 6, 7, 8, 9, 10, 11, 12, 13, 14, 15, 16, 17, 18, 19, 20, 21, 22, 23, 24, 25, 26, 27, 28, 29, 30, 31, 32, 33, 34, 35, 36, 37, 38, 39], "data": [0.01447204372660215, 0.020929585781229235, 0.0, 0.0, 0.0, 0.0, 0.006606367349401478, 0.03595227518555009, 0.03914881260411966, 0.006489090734305563, 0.0, 0.0016888705714383219, 0.0, 0.0012064948522001876, 0.0, 0.00376130562463625, 0.0, 0.01733848466542453, 0.020706935204565246, 0.0008010596064295396, 0.0, 0.008789003320413978, 0.0, 0.0, 0.0, 0.0, 0.0, 0.0, 0.0, 0.0, 0.00827164991968812, 0.0, 0.0, 0.005161841473901407, 0.0, 0.00821306299501026, 0.016073918661680765, 0.0, 0.058178420223344136, 0.03342833948866207]}