{"labels": [0, 1, 2, 3, 4, 5, 6, 7, 8, 9, 10, 11, 12, 13, 14, 15, 16, 17, 18, 19, 20, 21, 22, 23, 24, 25, 26, 27, 28, 29, 30, 31, 32, 33, 34, 35, 36, 37, 38, 39], "data": [0.0073402537447327665, 0.012064920603245599, 0.0, 0.0, 0.0, 0.0069529954012809364, 0.0, 0.0, 0.03585918203295578, 0.032130766572135476, 4.585998461050091e-05, 0.0, 0.0, 0.01350245175413866, 0.0, 0.0, 0.0, 0.0, 0.0, 0.0055450780454584245, 0.0, 0.004225330332894694, 0.055150978573586314, 0.0, 0.001083363349858467, 0.04438900696989068, 0.00031886402859795856, 0.0, 0.0, 0.003235969378064982, 0.0, 0.0, 0.0, 0.0, 0.006882571000772292, 0.00018673527064956935, 0.0, 0.0, 0.002999389003528608, 0.0008113080090150097]}