{"labels": [0, 1, 2, 3, 4, 5, 6, 7, 8, 9, 10, 11, 12, 13, 14, 15, 16, 17, 18, 19, 20, 21, 22, 23, 24, 25, 26, 27, 28, 29, 30, 31, 32, 33, 34, 35, 36, 37, 38, 39], "data": [0.004690013985130887, 0.0, 0.0015205376803859474, 0.0, 0.0, 0.0, 0.010144000631980359, 0.009067927015013744, 0.0, 0.0019479373531439102, 0.0008473659604683682, 0.0, 0.0, 0.0, 0.0, 0.0, 0.0, 0.009965473662270515, 0.0, 0.0, 0.0, 0.0, 0.0, 0.0, 0.0511331852883944, 0.0, 0.06213419419776848, 0.0009771225026723423, 0.0002966130886326343, 0.0, 0.0, 0.0011166030307140841, 0.0, 0.007899433136915173, 0.0, 0.0, 0.0, 0.018893690272844443, 0.0, 0.0012408340257462382]}