{"labels": [0, 1, 2, 3, 4, 5, 6, 7, 8, 9, 10, 11, 12, 13, 14, 15, 16, 17, 18, 19, 20, 21, 22, 23, 24, 25, 26, 27, 28, 29, 30, 31, 32, 33, 34, 35, 36, 37, 38, 39], "data": [0.006990512110749694, 0.0, 0.0, 0.0, 0.0, 0.0, 0.008783025734953083, 0.0, 0.0, 0.0030861026058830337, 0.0, 0.0, 0.0, 0.0, 0.031241863666848953, 0.0, 0.0, 0.0, 0.0, 0.0, 0.0, 0.0, 0.0, 0.0, 0.002219786774276071, 0.0, 0.07798126749698718, 0.0, 0.0, 0.0, 0.0, 0.0, 0.0, 0.0, 0.0, 0.0, 0.0, 0.06404369074346868, 0.0, 0.0]}