{"labels": [0, 1, 2, 3, 4, 5, 6, 7, 8, 9, 10, 11, 12, 13, 14, 15, 16, 17, 18, 19, 20, 21, 22, 23, 24, 25, 26, 27, 28, 29, 30, 31, 32, 33, 34, 35, 36, 37, 38, 39], "data": [0.0, 0.0, 0.020475038943407745, 0.008361804566422921, 0.028772783617899936, 0.0, 0.013774428640548895, 0.0, 0.0, 0.0, 0.0, 0.0, 0.0, 0.0, 0.00022618475967542395, 0.0, 0.0, 0.0, 0.0, 0.0, 0.0, 0.0, 0.0, 0.0, 0.0, 0.000575728891819771, 0.0, 0.026015842073124733, 0.0, 0.047125966486380656, 0.0, 0.04250405315966554, 0.0, 0.04529069538866882, 0.0, 0.0, 0.0, 0.04084873809513255, 0.0, 0.0]}