{"labels": [0, 1, 2, 3, 4, 5, 6, 7, 8, 9, 10, 11, 12, 13, 14, 15, 16, 17, 18, 19, 20, 21, 22, 23, 24, 25, 26, 27, 28, 29, 30, 31, 32, 33, 34, 35, 36, 37, 38, 39], "data": [0.0, 0.0, 0.0008503651550397022, 0.0, 0.002597956943782132, 4.592371661670126e-05, 0.0, 0.028785324736921854, 0.0018547876139141334, 0.0056946013891755595, 0.0019996255449417754, 0.006000877799983935, 0.0, 0.0, 0.0, 0.0, 0.0, 0.0, 0.03664373119422958, 0.0, 0.0, 0.006537721177365352, 0.046916846650797255, 0.0, 0.0, 0.0, 0.004469845325410553, 0.0, 0.1250116943685283, 0.0, 0.0, 0.08542123902484348, 0.002599809583072961, 0.0, 0.0, 0.0021580236349819353, 0.0, 0.0, 0.0, 0.0]}