{"labels": [0, 1, 2, 3, 4, 5, 6, 7, 8, 9, 10, 11, 12, 13, 14, 15, 16, 17, 18, 19, 20, 21, 22, 23, 24, 25, 26, 27, 28, 29, 30, 31, 32, 33, 34, 35, 36, 37, 38, 39], "data": [0.004968419838052193, 0.0, 0.0, 0.03954916073835399, 0.03449723350608952, 0.0, 0.013861599835416296, 0.0, 0.0, 0.028573969896282997, 0.006100509781375954, 0.0, 0.0, 0.0, 0.006388417652476586, 0.0, 0.010558797387162549, 0.000782441412760339, 0.0, 0.0005162454190906546, 0.013869810766072566, 0.004396847183862574, 0.0, 0.03714002544419916, 0.018602278379793214, 0.02470167114307826, 0.0, 0.0012253396913156792, 0.0, 0.0, 0.0, 0.0, 0.003912436382745496, 0.003906820077821942, 0.0, 0.0006455638268699846, 0.007622649397047853, 0.01891067309446964, 0.0, 0.0]}