{"labels": [0, 1, 2, 3, 4, 5, 6, 7, 8, 9, 10, 11, 12, 13, 14, 15, 16, 17, 18, 19, 20, 21, 22, 23, 24, 25, 26, 27, 28, 29, 30, 31, 32, 33, 34, 35, 36, 37, 38, 39], "data": [0.0053717724663359485, 2.404478555642151e-05, 0.0025543134715188013, 0.09413823440081479, 0.0, 0.0, 0.007172066914289243, 0.0, 0.0, 0.014568367615165544, 0.0, 0.0, 0.0315978944014271, 0.0, 0.0077167083587770455, 0.009244768419013158, 0.002467831868695217, 0.016146512926101347, 0.01287740524676564, 0.017893502902993318, 0.025510777013595918, 0.017916511839277425, 0.0, 0.030103683857162656, 0.0, 0.001333761477336699, 0.0, 0.016762339620725486, 0.0023513018040545834, 0.0, 0.003529755804592111, 0.003311710130957958, 0.0005574502321906523, 0.0, 0.03093199038666212, 0.0, 0.0, 0.0, 0.0, 0.0]}