{"labels": [0, 1, 2, 3, 4, 5, 6, 7, 8, 9, 10, 11, 12, 13, 14, 15, 16, 17, 18, 19, 20, 21, 22, 23, 24, 25, 26, 27, 28, 29, 30, 31, 32, 33, 34, 35, 36, 37, 38, 39], "data": [0.0, 0.0005347090953653367, 0.0, 0.0, 0.04976702124952971, 0.0, 0.057059342243380703, 0.0, 0.0, 0.0, 0.015328871447650152, 0.0, 0.0, 0.003723037867561151, 0.0, 0.0036482736405579813, 0.0, 0.0, 0.0003692675898649366, 0.001042744042588532, 0.0, 0.0, 0.0, 0.018657614691903652, 0.05983110056817653, 0.0, 0.0, 0.0, 0.0022506120125429002, 0.014782697813124525, 0.0, 0.0, 0.0, 0.0, 0.0, 0.0, 0.0, 0.0, 0.0, 0.0]}