{"labels": [0, 1, 2, 3, 4, 5, 6, 7, 8, 9, 10, 11, 12, 13, 14, 15, 16, 17, 18, 19, 20, 21, 22, 23, 24, 25, 26, 27, 28, 29, 30, 31, 32, 33, 34, 35, 36, 37, 38, 39], "data": [0.0, 0.0, 0.0, 0.0, 0.0, 0.06279539545026629, 0.0, 0.06184928306320546, 0.0, 0.04286219933744734, 0.0, 0.0, 0.015024135593935515, 0.0, 0.0, 0.029967385299400007, 0.0, 0.0, 0.015753249754507582, 0.0, 0.0, 0.0, 0.0, 0.0046117306618665335, 0.0, 0.0, 0.0, 0.021772683836614383, 0.0, 0.0, 0.0, 0.0, 0.0, 0.0, 0.004187178845245891, 0.0, 0.0, 0.0, 0.0, 0.0]}