{"labels": [0, 1, 2, 3, 4, 5, 6, 7, 8, 9, 10, 11, 12, 13, 14, 15, 16, 17, 18, 19, 20, 21, 22, 23, 24, 25, 26, 27, 28, 29, 30, 31, 32, 33, 34, 35, 36, 37, 38, 39], "data": [0.0, 0.05672214446206115, 0.0, 0.0, 0.0, 0.024905710588401842, 0.0, 0.0, 0.00582801963998479, 0.0, 0.0, 0.0025166527513918744, 0.0, 0.0, 0.0001504952188546815, 0.0, 0.0, 0.0, 0.0, 0.0, 0.0, 0.0, 0.0, 0.0, 0.0, 0.0, 0.06001997294423899, 0.0, 0.0, 0.02427952455101907, 0.007710408589573412, 0.0, 0.0, 0.026228922024996357, 0.0, 0.0, 0.0, 0.0, 0.05885053659766754, 0.007454572045297736]}