{"labels": [0, 1, 2, 3, 4, 5, 6, 7, 8, 9, 10, 11, 12, 13, 14, 15, 16, 17, 18, 19, 20, 21, 22, 23, 24, 25, 26, 27, 28, 29, 30, 31, 32, 33, 34, 35, 36, 37, 38, 39], "data": [0.0, 0.0, 0.0, 0.0, 0.0, 0.0, 0.004708252071079981, 0.01760441097774796, 0.00894660834521617, 0.003847176738339696, 0.0, 0.10693910818307567, 0.0, 0.0, 0.021974429518336204, 0.0017982025026940815, 0.0, 0.015262308348835036, 0.0, 0.0, 0.0, 0.006851737087334571, 0.005959061661895607, 0.0, 0.0, 0.014409212813846653, 0.0, 0.0, 0.0, 0.0, 0.0, 0.0, 0.0, 0.0, 0.0, 0.024805228099096268, 0.0, 0.0, 2.9655591162701097e-05, 0.0]}