{"labels": [0, 1, 2, 3, 4, 5, 6, 7, 8, 9, 10, 11, 12, 13, 14, 15, 16, 17, 18, 19, 20, 21, 22, 23, 24, 25, 26, 27, 28, 29, 30, 31, 32, 33, 34, 35, 36, 37, 38, 39], "data": [0.0, 0.0, 0.026987635082549047, 0.0, 0.03397604647035999, 0.0, 0.02187855636117842, 0.0, 0.0018132878469866002, 0.0, 0.04449242824483591, 0.0, 0.0, 0.0033503675251544446, 0.0, 0.0, 0.005066582732164382, 0.0, 0.0, 0.04237913952512953, 0.0, 0.0, 0.0030918872099280304, 0.0, 0.0, 0.0, 0.0, 0.0, 0.0, 0.0, 0.0013508816313344244, 0.0, 0.0, 0.0, 0.0, 0.0, 0.0, 0.015123301595917989, 0.0, 0.0]}