{"labels": [0, 1, 2, 3, 4, 5, 6, 7, 8, 9, 10, 11, 12, 13, 14, 15, 16, 17, 18, 19, 20, 21, 22, 23, 24, 25, 26, 27, 28, 29, 30, 31, 32, 33, 34, 35, 36, 37, 38, 39], "data": [0.0, 0.0, 0.0025519125084525933, 0.0, 0.011535197849841446, 0.0, 0.027318926003008722, 0.00910406268428355, 0.004815142250450224, 0.008717268847370037, 0.0016747404320736313, 0.0, 0.0, 0.0054322540915691135, 0.0, 0.00013064934561452383, 0.0023359447468212003, 0.03446572406859436, 0.00010381646541613836, 0.029998302740890933, 0.0, 0.0, 0.0, 0.0005333365580390861, 0.0, 0.0, 0.05814785867000685, 0.014832130980934994, 0.0, 0.0, 0.0029727249674881846, 0.0, 0.0007862595223499938, 0.012864415898147576, 0.02110026787013563, 0.0008800282658603185, 2.3307392564361557e-05, 0.024795530423140127, 0.006323724370272255, 0.0]}