{"labels": [0, 1, 2, 3, 4, 5, 6, 7, 8, 9, 10, 11, 12, 13, 14, 15, 16, 17, 18, 19, 20, 21, 22, 23, 24, 25, 26, 27, 28, 29, 30, 31, 32, 33, 34, 35, 36, 37, 38, 39], "data": [0.0, 0.039466489461453085, 0.04169798501981571, 0.0, 0.0006770860213669984, 0.0, 0.0, 0.0, 0.0, 0.017233854699600516, 0.00741828369474519, 0.0, 0.0, 0.0, 0.0, 0.02447721966254452, 0.0, 0.0, 0.0, 0.0, 0.0, 0.0, 0.0, 0.0, 0.0004154307979415081, 0.0, 0.0, 0.0, 0.0, 0.0, 0.011298687733073498, 0.0, 0.0, 0.0011917155260015222, 0.0, 0.0, 0.0019852658167865875, 0.0, 0.0, 0.0]}