{"labels": [0, 1, 2, 3, 4, 5, 6, 7, 8, 9, 10, 11, 12, 13, 14, 15, 16, 17, 18, 19, 20, 21, 22, 23, 24, 25, 26, 27, 28, 29, 30, 31, 32, 33, 34, 35, 36, 37, 38, 39], "data": [0.031624176252816584, 0.0, 0.0, 0.0, 0.0, 0.0, 0.0, 0.0, 0.0, 0.0, 0.0, 0.0, 0.0, 0.0004338071362573029, 0.0, 0.0, 0.009247910684662892, 0.0730522885114009, 0.005343520558510121, 0.005821247756112094, 0.0, 0.00020582177152932762, 0.022334009063003268, 0.0, 0.0, 0.04333362202670576, 0.0, 0.0, 0.0, 0.008165085896743217, 0.0, 0.0, 0.0, 0.0, 0.019115910854951672, 0.004890704587472869, 0.0, 0.0054315740374634115, 0.005862570094457151, 0.020541260026280254]}