{"labels": [0, 1, 2, 3, 4, 5, 6, 7, 8, 9, 10, 11, 12, 13, 14, 15, 16, 17, 18, 19, 20, 21, 22, 23, 24, 25, 26, 27, 28, 29, 30, 31, 32, 33, 34, 35, 36, 37, 38, 39], "data": [0.0, 0.0, 0.0, 0.0, 0.0, 0.0, 0.05047020114333073, 0.026960936849692724, 0.07101466374951934, 0.0, 0.0, 0.0, 0.0, 0.0, 0.0016564889904021121, 0.0012824760153746708, 0.0, 0.0, 0.0, 0.0006685187221062991, 0.0, 0.0, 0.0, 0.0, 0.0, 0.0, 0.0003057212892902424, 0.03307466213905567, 0.0, 0.0, 0.0, 0.0, 0.0, 0.0, 0.0, 0.0, 0.0, 0.026917251708889197, 0.0030593539900712094, 0.005851220226108588]}