{"labels": [0, 1, 2, 3, 4, 5, 6, 7, 8, 9, 10, 11, 12, 13, 14, 15, 16, 17, 18, 19, 20, 21, 22, 23, 24, 25, 26, 27, 28, 29, 30, 31, 32, 33, 34, 35, 36, 37, 38, 39], "data": [0.0, 0.0, 0.0, 0.013647996637587806, 0.0031283514655228136, 0.0, 0.017017866331301222, 0.0006368516124157071, 0.006638321842559331, 0.012078004679821971, 0.0014230781590431477, 0.0, 0.0, 0.001991371800458104, 0.010877466188087766, 0.0, 0.04769087044468118, 0.018901697657735233, 0.0, 0.0, 0.0, 0.0, 0.0, 0.01931021882860046, 0.0, 0.061334177756956196, 0.000826987251463198, 0.002198288722028966, 0.0012989517617570778, 0.0, 0.0, 0.0, 0.0, 0.001264088387130929, 0.026154401013387448, 0.0, 0.0025280908778159876, 0.038730763889383464, 0.020289259998518196, 0.0]}