{"labels": [0, 1, 2, 3, 4, 5, 6, 7, 8, 9, 10, 11, 12, 13, 14, 15, 16, 17, 18, 19, 20, 21, 22, 23, 24, 25, 26, 27, 28, 29, 30, 31, 32, 33, 34, 35, 36, 37, 38, 39], "data": [0.009383923240136604, 0.0, 0.0005771345951302257, 0.0, 0.0, 0.0, 0.0, 0.0, 0.0, 0.003327761441659342, 0.0, 0.0, 0.0, 0.0, 0.0, 0.0, 0.0, 0.0, 0.0, 0.0, 0.0, 0.0, 0.0, 0.0, 0.0, 0.0, 0.0023972093536131413, 0.0, 0.0011984106469618955, 0.0, 0.0, 0.0, 0.18466485398937427, 0.012136229417342553, 0.0, 0.0, 0.0, 0.0, 0.0, 0.0]}