{"labels": [0, 1, 2, 3, 4, 5, 6, 7, 8, 9, 10, 11, 12, 13, 14, 15, 16, 17, 18, 19, 20, 21, 22, 23, 24, 25, 26, 27, 28, 29, 30, 31, 32, 33, 34, 35, 36, 37, 38, 39], "data": [0.0029006190135361393, 0.0018745939551287442, 0.023049450835952785, 0.0, 0.009105424803357033, 0.0, 0.005491464532912612, 0.0010363436420075772, 0.001475712624028158, 0.0416673787457679, 0.0013625969238413667, 0.0, 0.0, 0.002806620631648536, 0.0, 0.0, 0.0, 0.05151298752665004, 0.0068291266382470486, 0.0, 0.0, 0.02914750236153859, 0.0, 0.01297971179552928, 0.004200140456159057, 0.0, 0.0, 0.0003903221580885405, 0.0, 0.0, 0.01832048202900844, 0.022530220741670336, 0.0, 0.0019543687132702646, 0.005254829608520779, 0.0, 0.0, 0.0, 0.0, 0.0]}