{"labels": [0, 1, 2, 3, 4, 5, 6, 7, 8, 9, 10, 11, 12, 13, 14, 15, 16, 17, 18, 19, 20, 21, 22, 23, 24, 25, 26, 27, 28, 29, 30, 31, 32, 33, 34, 35, 36, 37, 38, 39], "data": [0.005282751069515464, 0.0, 0.004317255384641386, 0.0, 0.0, 0.0, 0.009185319947365657, 0.0, 0.02463009080915948, 0.0, 0.016582665311928684, 0.16177605258166267, 0.005119015747243856, 0.0, 0.0, 0.0, 0.0, 0.0, 0.0, 0.0014116483971818921, 0.0, 0.0, 0.0, 0.0, 0.0, 0.0, 0.0, 0.0, 0.08490003347228967, 0.0, 0.0, 0.0, 0.0, 0.0035163402754075, 0.0, 0.0, 0.0, 0.0, 0.0, 0.0]}