{"labels": [0, 1, 2, 3, 4, 5, 6, 7, 8, 9, 10, 11, 12, 13, 14, 15, 16, 17, 18, 19, 20, 21, 22, 23, 24, 25, 26, 27, 28, 29, 30, 31, 32, 33, 34, 35, 36, 37, 38, 39], "data": [0.002362225321146466, 0.010818104389738339, 0.002552071217490381, 0.0, 0.009883704239572357, 0.06498229624378679, 0.0, 0.0, 0.0, 0.0, 0.0, 0.0, 0.0, 0.007692936903195944, 0.0016596494701871052, 0.0, 0.023738381563122513, 0.02778141853680226, 0.0, 0.0, 0.0, 0.002831993292784037, 0.0009206046322399824, 0.0, 0.0, 0.0049506324625483876, 0.0, 0.042603956241803784, 0.0, 0.0, 0.0011284622410632661, 0.00010427061041823496, 0.0, 0.0, 0.0, 0.0012606780294275419, 0.0035889152842937923, 0.006339217666374797, 0.043477782102926944, 0.0017264656262094501]}