{"labels": [0, 1, 2, 3, 4, 5, 6, 7, 8, 9, 10, 11, 12, 13, 14, 15, 16, 17, 18, 19, 20, 21, 22, 23, 24, 25, 26, 27, 28, 29, 30, 31, 32, 33, 34, 35, 36, 37, 38, 39], "data": [0.001772032025853773, 0.006438740676985845, 0.0, 0.009151299979192546, 0.02567838517698381, 0.0, 0.003098027510387559, 0.039789542398707196, 0.0, 0.004008453818558035, 0.004605001262534142, 0.0, 0.0, 0.0, 0.026707702690721608, 0.0, 0.0, 0.0068669278548086805, 0.013274615987500116, 0.00041685028877728466, 0.0, 0.015152087383952965, 0.0, 0.00668337605308625, 0.0, 0.0016939633027381, 0.0, 0.013820243069221293, 0.006119189280400068, 0.001517473244859566, 0.0051894204026479655, 0.0, 0.0, 0.0633040227607802, 0.01321977676141824, 0.01431360110016513, 0.0, 0.0, 0.019533947944215653, 0.0010588767354987247]}