{"labels": [0, 1, 2, 3, 4, 5, 6, 7, 8, 9, 10, 11, 12, 13, 14, 15, 16, 17, 18, 19, 20, 21, 22, 23, 24, 25, 26, 27, 28, 29, 30, 31, 32, 33, 34, 35, 36, 37, 38, 39], "data": [0.0, 0.0, 0.0, 0.0, 0.03913102531218784, 0.0, 0.0009057665034550172, 0.016760733676586443, 0.0, 0.03382739892219977, 0.0, 0.0, 0.016233270914043987, 0.0, 0.012475769345443333, 4.286538108796116e-05, 0.0070141103308104915, 0.0172181664173191, 0.0024653634164593197, 0.0007584047276830539, 0.0, 0.005921653609336182, 0.006437387776046953, 0.0, 0.024955973207523553, 0.0, 0.03408433393691827, 0.0, 0.005560488407842017, 0.0, 0.0, 0.0, 0.0, 0.0, 0.01710705520628216, 0.0, 0.019033999760866487, 0.013299656114907844, 0.041228206683351795, 0.003109774680305211]}