{"labels": [0, 1, 2, 3, 4, 5, 6, 7, 8, 9, 10, 11, 12, 13, 14, 15, 16, 17, 18, 19, 20, 21, 22, 23, 24, 25, 26, 27, 28, 29, 30, 31, 32, 33, 34, 35, 36, 37, 38, 39], "data": [0.0, 0.0, 0.0, 0.0, 0.04445052922275392, 0.0, 0.025305069740874868, 0.0, 0.00428062226364694, 0.0, 0.0, 0.0, 0.005524831905365563, 0.0, 0.0, 0.0, 0.0, 0.0, 0.04832226039484212, 0.0, 0.03335724849913421, 0.0009254845193112229, 0.0, 0.0, 0.0, 0.0019796391092442877, 0.03426331537104841, 0.016056747128387932, 0.0, 0.0, 0.04144823945286804, 0.0004378024184879509, 0.0, 0.00977727514027153, 0.031192231929013013, 0.0, 0.0, 0.0, 0.0272414557537372, 0.001772544216374905]}