{"labels": [0, 1, 2, 3, 4, 5, 6, 7, 8, 9, 10, 11, 12, 13, 14, 15, 16, 17, 18, 19, 20, 21, 22, 23, 24, 25, 26, 27, 28, 29, 30, 31, 32, 33, 34, 35, 36, 37, 38, 39], "data": [0.016538239768097644, 0.0, 0.0, 0.013329607755053208, 0.019163352278617322, 0.0, 0.00846812491090446, 0.0, 0.0, 0.0019465018526018877, 0.0, 0.0, 0.0, 0.003947392532315647, 0.0, 0.0, 0.03195500685250447, 0.0, 0.023269090753419406, 0.0, 0.0, 0.0, 0.03386319562180703, 0.010227323437116695, 0.0025018792256554082, 0.005495241885616106, 0.0, 2.95843222046222e-05, 0.0, 0.0001575396640952083, 0.0, 0.02563667313911284, 0.0013452664338521555, 0.0, 0.0, 0.0018266485022133407, 0.02029289905453197, 0.04655316214165467, 0.01970358413903434, 0.0]}