{"labels": [0, 1, 2, 3, 4, 5, 6, 7, 8, 9, 10, 11, 12, 13, 14, 15, 16, 17, 18, 19, 20, 21, 22, 23, 24, 25, 26, 27, 28, 29, 30, 31, 32, 33, 34, 35, 36, 37, 38, 39], "data": [0.008725363430196934, 0.0, 0.0027456801468865527, 0.0, 0.0, 0.003955130810143772, 0.01840107024217688, 0.024036756003199468, 0.013226350999920205, 0.012493084881136124, 0.0, 0.054590978544709984, 0.014589909438833839, 0.0015141974379965547, 0.0, 0.0, 0.0, 0.02607638686821964, 0.024434352540639658, 0.0, 0.0008456356070808565, 0.007248880194109921, 0.0, 0.0, 0.00036611659973744915, 0.0018001097613670426, 0.0021166594187232595, 0.0, 2.5250268177678378e-05, 0.004499958319026609, 0.0, 0.0010522781403913075, 0.0, 0.02706420620020218, 0.0022666655862517205, 0.0012118080622412685, 0.0, 0.01870004106121945, 0.029199957045117485, 0.0]}