{"labels": [0, 1, 2, 3, 4, 5, 6, 7, 8, 9, 10, 11, 12, 13, 14, 15, 16, 17, 18, 19, 20, 21, 22, 23, 24, 25, 26, 27, 28, 29, 30, 31, 32, 33, 34, 35, 36, 37, 38, 39], "data": [0.0, 0.0, 0.0, 0.0, 0.0, 0.0, 0.0, 0.0, 0.01792442445492579, 0.0, 0.0, 0.025526830175230355, 0.0, 0.026115994367623116, 0.0, 0.018274310519861066, 0.0, 0.0699900313117699, 0.009575595459560753, 0.014408426510524928, 0.0, 0.114445752098865, 0.026687608494221342, 0.0, 0.0, 0.0, 0.0, 0.0, 0.02196472634898958, 0.0, 0.0003936354783828762, 0.0, 1.1969693648086591e-05, 0.0, 0.0, 0.045061121897364345, 0.012297884043790593, 0.0204223270979282, 0.02028137861865458, 0.0477014331545626]}