{"labels": [0, 1, 2, 3, 4, 5, 6, 7, 8, 9, 10, 11, 12, 13, 14, 15, 16, 17, 18, 19, 20, 21, 22, 23, 24, 25, 26, 27, 28, 29, 30, 31, 32, 33, 34, 35, 36, 37, 38, 39], "data": [0.02003249735708461, 0.0, 0.0, 0.020718823521799504, 0.027295443653820823, 0.0, 0.0, 0.0, 0.0, 0.01059760727567069, 0.04997296548836812, 0.0, 0.01023732566625225, 0.011400221973867168, 0.08964679984394372, 0.0, 0.01521363650970806, 0.00014319721702921927, 0.0, 0.003983008965057146, 0.008649554830796366, 0.0, 0.012294633686654465, 0.09253354921819887, 0.0, 0.0012632772339640742, 0.0024749718320680705, 0.0, 0.0, 0.0, 0.0, 0.004461007196052642, 0.0, 0.0, 0.0, 0.0074012269407665926, 0.0, 0.0, 0.0, 0.0]}