{"labels": [0, 1, 2, 3, 4, 5, 6, 7, 8, 9, 10, 11, 12, 13, 14, 15, 16, 17, 18, 19, 20, 21, 22, 23, 24, 25, 26, 27, 28, 29, 30, 31, 32, 33, 34, 35, 36, 37, 38, 39], "data": [0.011197630615008832, 0.0, 0.0, 0.0, 0.0, 0.0, 0.0, 0.0, 0.0, 0.0, 0.0, 0.0, 0.0, 0.0, 0.0, 0.0, 0.013568410911763536, 0.05186191483256518, 0.0, 0.0, 0.0, 0.0, 0.0, 0.0, 0.0, 0.0, 4.3120621112195144e-05, 0.0, 0.08618674491516233, 0.0, 0.0004503509442893741, 0.0, 0.0, 0.0, 0.0, 0.03735988522721368, 0.0, 0.026976811135711033, 0.0, 0.0]}