{"labels": [0, 1, 2, 3, 4, 5, 6, 7, 8, 9, 10, 11, 12, 13, 14, 15, 16, 17, 18, 19, 20, 21, 22, 23, 24, 25, 26, 27, 28, 29, 30, 31, 32, 33, 34, 35, 36, 37, 38, 39], "data": [0.002646032307031386, 0.0, 0.0, 0.025575130842127508, 0.0, 0.0, 0.04260147890514897, 0.0, 0.0, 0.0017155632203740237, 0.0, 0.0, 0.0441309941479506, 0.0006604026895437782, 0.0, 0.0, 0.0, 0.0, 0.0, 0.0, 0.08451321833905798, 0.0, 0.0, 0.0021044333086882162, 0.0, 0.03292810213535205, 0.0, 0.0, 0.0, 0.0, 0.0, 0.0, 0.0, 0.0, 0.0, 0.03801182874856459, 0.0, 0.0, 0.0, 0.0]}