{"labels": [0, 1, 2, 3, 4, 5, 6, 7, 8, 9, 10, 11, 12, 13, 14, 15, 16, 17, 18, 19, 20, 21, 22, 23, 24, 25, 26, 27, 28, 29, 30, 31, 32, 33, 34, 35, 36, 37, 38, 39], "data": [0.0, 0.0, 0.019757919235042578, 0.009742344032990626, 0.0, 0.0, 0.019451770037799288, 0.0, 0.0, 0.0009432872875828735, 0.0, 0.0, 0.0, 0.003802239615892627, 0.026884777829101633, 0.0, 0.0, 0.0, 0.005243875160270523, 0.0, 0.0010252422031773573, 0.0, 0.0, 0.0790678296773366, 0.0, 0.0, 0.047756730082761246, 0.04237054899207439, 0.0, 0.0, 0.0, 0.0, 0.048852503138557435, 0.00222630046396971, 0.0, 0.0, 0.0, 0.0, 0.06981182704894813, 0.0]}