{"labels": [0, 1, 2, 3, 4, 5, 6, 7, 8, 9, 10, 11, 12, 13, 14, 15, 16, 17, 18, 19, 20, 21, 22, 23, 24, 25, 26, 27, 28, 29, 30, 31, 32, 33, 34, 35, 36, 37, 38, 39], "data": [0.00012373290609477602, 0.0, 0.002342381260924629, 0.026207963467225297, 0.002003448822132178, 0.00030987320932425835, 0.002369283261236566, 0.043465913120345784, 0.00916418498560175, 0.0, 0.002324633238961354, 0.0007632675697476443, 0.051062209879731, 0.002678340895984844, 0.0, 0.011512495125924506, 0.0, 0.0008467808771519537, 0.021314911796161334, 0.0007738663290634721, 0.0, 0.005478241945178982, 0.0, 0.0, 0.0, 0.0, 0.0032855599945997094, 0.0, 0.00018492181119581422, 0.0, 0.0, 0.07996875483048152, 0.0, 0.027576897013743495, 0.0, 0.03882761088434604, 0.0, 0.030666886221201034, 0.0, 0.034403088904841485]}