{"labels": [0, 1, 2, 3, 4, 5, 6, 7, 8, 9, 10, 11, 12, 13, 14, 15, 16, 17, 18, 19, 20, 21, 22, 23, 24, 25, 26, 27, 28, 29, 30, 31, 32, 33, 34, 35, 36, 37, 38, 39], "data": [0.016287736998204252, 0.0, 0.0, 0.018936350269614616, 0.0, 0.0, 0.0, 0.0, 0.0, 0.0, 0.0, 0.0, 0.0, 0.0, 0.0, 0.0017208264309599593, 0.005449989413764101, 0.0, 0.008153564439135631, 0.0, 0.0018489086815723346, 0.027048796006871507, 0.0, 0.0, 0.0, 0.0030462882358396424, 0.0, 0.0065020729409519615, 0.0, 0.000392919624605121, 0.0, 0.0, 0.0, 0.0, 0.0, 8.073495841560039e-05, 0.044287664497369296, 0.011654981771468429, 0.012467010514106524, 0.0]}