{"labels": [0, 1, 2, 3, 4, 5, 6, 7, 8, 9, 10, 11, 12, 13, 14, 15, 16, 17, 18, 19, 20, 21, 22, 23, 24, 25, 26, 27, 28, 29, 30, 31, 32, 33, 34, 35, 36, 37, 38, 39], "data": [0.007212179279166984, 0.002801718978731573, 0.0, 0.0, 0.00846134650802533, 0.0, 0.040951511465867986, 0.0, 0.0, 0.0, 0.00029828052700606655, 0.0, 0.0, 0.0, 0.021066238434757828, 0.05487457376368858, 0.0, 0.001045774034415813, 0.004448802894351059, 2.9628702641985185e-05, 0.0, 0.0, 0.0, 0.0, 0.0, 0.0, 0.0, 7.671553084268314e-05, 0.0005366675223043138, 0.0, 0.016237996519179808, 0.0, 0.0, 0.0, 0.02405374032315808, 0.0, 0.0, 0.0, 0.004680436035872175, 0.0]}