{"labels": [0, 1, 2, 3, 4, 5, 6, 7, 8, 9, 10, 11, 12, 13, 14, 15, 16, 17, 18, 19, 20, 21, 22, 23, 24, 25, 26, 27, 28, 29, 30, 31, 32, 33, 34, 35, 36, 37, 38, 39], "data": [0.0, 0.0, 0.02408520740378059, 0.014732831143326365, 0.0, 0.0, 0.007569907587985133, 0.01975319180630429, 0.010410420706745412, 0.0, 0.0, 0.0034356464819885464, 0.0, 0.0, 0.0, 0.0, 0.0, 0.018252684594412094, 0.02561606893826544, 0.0, 0.011366254799206124, 0.005308387495272765, 0.003908019279076174, 0.06909702379433144, 0.014771752292451954, 0.0, 0.004127605052273493, 0.0, 0.0, 0.014435613788354397, 0.048347363978154936, 0.0021291263923447494, 0.0003033195017166776, 0.0010976161975636564, 0.022524153734147647, 0.016959043771991734, 0.0, 0.0, 0.0, 0.0]}