{"labels": [0, 1, 2, 3, 4, 5, 6, 7, 8, 9, 10, 11, 12, 13, 14, 15, 16, 17, 18, 19, 20, 21, 22, 23, 24, 25, 26, 27, 28, 29, 30, 31, 32, 33, 34, 35, 36, 37, 38, 39], "data": [0.007177589623357753, 0.0015181082380969478, 0.00028204382016168834, 0.0, 0.0, 0.0, 0.002087926393632272, 0.0, 0.0, 0.0, 0.0, 0.0, 0.0, 0.0, 0.0, 0.0, 0.0, 0.011213376162704913, 0.0, 0.0, 0.0, 0.037281986007558984, 0.002211301458717108, 0.0, 0.0, 0.0, 0.0008035140970836869, 0.0, 0.0, 0.012764872799437749, 0.0, 0.0, 0.0, 0.08297677363144461, 0.0003450423938934159, 0.029815766166702392, 0.0, 0.027810415917007714, 0.0, 0.0]}