{"labels": [0, 1, 2, 3, 4, 5, 6, 7, 8, 9, 10, 11, 12, 13, 14, 15, 16, 17, 18, 19, 20, 21, 22, 23, 24, 25, 26, 27, 28, 29, 30, 31, 32, 33, 34, 35, 36, 37, 38, 39], "data": [0.007215328189272612, 0.0005907335228381835, 0.003696140008357645, 0.0, 0.014841794906382303, 0.0, 0.007610801142938967, 0.0, 0.003393840331051709, 0.0063589072184419915, 0.0, 0.0017857998018575589, 0.0, 0.00010966268092952453, 0.0, 0.0031384934835948877, 0.0, 0.0, 0.0007920457546027704, 0.0, 0.0028421260767540284, 0.0, 0.0005974463971373149, 0.0, 0.0, 0.0, 0.0006283762028958797, 0.054873824561929144, 0.0, 0.0, 0.0, 0.0, 0.0014725773334349763, 0.057856923697427995, 0.00486514064027002, 0.006817971920157865, 0.0, 0.0337307070106677, 0.039512659995803716, 0.05017997303196]}