{"labels": [0, 1, 2, 3, 4, 5, 6, 7, 8, 9, 10, 11, 12, 13, 14, 15, 16, 17, 18, 19, 20, 21, 22, 23, 24, 25, 26, 27, 28, 29, 30, 31, 32, 33, 34, 35, 36, 37, 38, 39], "data": [0.005475910738576209, 0.02913262318749555, 0.0, 0.0, 0.01106319856844042, 0.0028537205115850696, 0.00641267070170676, 0.0249745993959431, 0.0, 0.01392854364181282, 0.0004123635678557218, 0.0, 0.009068793726087378, 0.0, 0.0, 0.019404195833849912, 0.0014318919808744702, 0.0006119933711139854, 0.004798573621441851, 0.0, 0.0, 0.0, 0.002733156693399636, 0.018359894384576733, 0.036522574242881314, 0.0, 0.0, 0.0008540194389449793, 0.0, 0.0, 0.038600609676622634, 0.0, 0.0034423100380879686, 0.07996245250725545, 0.0003464198458378739, 0.0037379808798962463, 0.0, 0.028500580619118216, 0.028154552324731043, 0.0016608512319228183]}