{"labels": [0, 1, 2, 3, 4, 5, 6, 7, 8, 9, 10, 11, 12, 13, 14, 15, 16, 17, 18, 19, 20, 21, 22, 23, 24, 25, 26, 27, 28, 29, 30, 31, 32, 33, 34, 35, 36, 37, 38, 39], "data": [0.0, 0.004680921246982069, 0.0, 0.0, 0.0, 0.0, 0.0, 0.00148875047585034, 0.0, 0.0, 0.0, 0.0, 0.022821123176962717, 0.0, 0.07367924204689381, 0.0, 0.0, 0.0, 0.0027187249110491576, 0.0, 0.0, 0.07930548271325225, 0.0009538111172065889, 0.0, 0.03201987787778211, 0.0, 0.04240588794381564, 0.0, 0.0, 0.0, 0.006694195517804151, 0.0, 0.0, 0.0014247859022506883, 0.00963753612224116, 0.053618730750109596, 0.004850044346033583, 0.006468447904956384, 0.0, 0.0]}