{"labels": [0, 1, 2, 3, 4, 5, 6, 7, 8, 9, 10, 11, 12, 13, 14, 15, 16, 17, 18, 19, 20, 21, 22, 23, 24, 25, 26, 27, 28, 29, 30, 31, 32, 33, 34, 35, 36, 37, 38, 39], "data": [0.0, 0.0, 0.0, 0.0, 0.004124660795811761, 0.0036059019372572535, 0.008153984268165564, 0.0, 0.0, 0.001343134623204061, 0.0, 0.0, 0.0, 0.008019462016159724, 0.0, 0.0, 0.0, 0.05289232656567561, 0.001980267274083984, 0.0, 0.0, 0.0, 0.0, 0.011654723582033696, 0.05425631842368016, 0.002628939117508704, 0.0, 0.03787773748073499, 0.0, 0.0, 0.0, 0.0, 0.0, 0.0, 0.004205843321347698, 0.0, 0.0, 0.0, 0.0029124372048620786, 0.0]}