{"labels": [0, 1, 2, 3, 4, 5, 6, 7, 8, 9, 10, 11, 12, 13, 14, 15, 16, 17, 18, 19, 20, 21, 22, 23, 24, 25, 26, 27, 28, 29, 30, 31, 32, 33, 34, 35, 36, 37, 38, 39], "data": [0.0007858507546270308, 0.0009590484071654655, 0.001338854972423745, 0.0068006322715335075, 0.032019133856480336, 0.0, 0.0006326603406060024, 0.0007688777034648766, 0.004379187371738356, 0.005044367638363955, 0.0, 0.001163026702541629, 0.0078295029739258, 0.0, 0.014595235614272896, 0.0, 0.0, 0.006782407416523583, 0.008484694872564506, 0.0, 0.0, 0.026031215650733474, 0.0016773795470013154, 0.0012552080125765894, 0.0, 0.0, 0.0032475207668155102, 0.002393888626543463, 0.0, 0.0, 0.00732552749303153, 0.052742192909345884, 0.02822091208472887, 0.002284740462182905, 0.01571926854222017, 0.0027096744180439523, 0.05959650675482718, 0.00798163143798494, 0.001432687544163398, 0.0]}