{"labels": [0, 1, 2, 3, 4, 5, 6, 7, 8, 9, 10, 11, 12, 13, 14, 15, 16, 17, 18, 19, 20, 21, 22, 23, 24, 25, 26, 27, 28, 29, 30, 31, 32, 33, 34, 35, 36, 37, 38, 39], "data": [0.0, 0.003020460540174584, 5.674020304998592e-05, 0.007799321097383706, 0.01079319490117226, 0.0, 0.011167357536549677, 0.0, 0.0, 0.0, 0.0, 0.0, 0.0, 0.0, 0.0, 0.0, 0.0, 0.009303305700142938, 0.0, 0.0, 0.0043570154743851385, 0.007717955539067058, 0.006202606168328052, 0.0, 0.0, 0.00502707766244688, 0.04582510749328177, 0.0, 0.0, 0.0, 0.024005454672315945, 0.06141463336140331, 0.005472872468783254, 0.0, 0.00594263287129353, 0.014661309104817808, 0.009643884818777565, 0.0, 0.0020138402519920763, 0.0001810268063620867]}