{"labels": [0, 1, 2, 3, 4, 5, 6, 7, 8, 9, 10, 11, 12, 13, 14, 15, 16, 17, 18, 19, 20, 21, 22, 23, 24, 25, 26, 27, 28, 29, 30, 31, 32, 33, 34, 35, 36, 37, 38, 39], "data": [0.05431728195373812, 0.0, 0.08629975320130624, 0.030813990391598517, 0.004823166779453799, 0.0, 0.0, 0.004450547852592812, 0.024353175439749467, 0.0, 0.02848678223866631, 0.006313953379209164, 0.0, 0.10084405269396614, 0.007210303586131678, 0.0, 0.005689838554198256, 0.0, 0.01248197933825931, 0.010008214072209795, 0.018647891967934937, 0.0, 0.005063475134633565, 0.0030839176701239236, 0.04335129825041168, 0.08806940745352493, 0.0055277214555509244, 0.00328814018541827, 0.0, 0.0, 0.0, 0.0, 0.0, 0.0, 0.0, 0.009044547065759323, 0.0, 0.035088482490917276, 0.0, 0.022715789861875387]}