{"labels": [0, 1, 2, 3, 4, 5, 6, 7, 8, 9, 10, 11, 12, 13, 14, 15, 16, 17, 18, 19, 20, 21, 22, 23, 24, 25, 26, 27, 28, 29, 30, 31, 32, 33, 34, 35, 36, 37, 38, 39], "data": [0.0010097791540096127, 0.0, 0.02431874771681517, 0.0, 0.007420596079020548, 0.0, 0.024056701980054118, 0.0, 0.0007621695213156769, 0.0002313119318411017, 0.0, 0.0, 0.05203879502083517, 0.0, 0.0014819258390065084, 0.0, 0.007811919531537253, 0.0, 0.0011988304845871806, 0.0, 0.054259210419353505, 0.0072018387185163145, 0.0, 0.0, 0.043449356587147415, 0.0, 0.0, 0.003311958179519162, 0.00946604406750461, 0.009860383289302494, 0.0, 0.0011163212296258587, 0.0, 0.0718387842041547, 0.0, 0.03228210444418968, 0.0, 0.0014995796067419716, 0.0, 0.0]}