{"labels": [0, 1, 2, 3, 4, 5, 6, 7, 8, 9, 10, 11, 12, 13, 14, 15, 16, 17, 18, 19, 20, 21, 22, 23, 24, 25, 26, 27, 28, 29, 30, 31, 32, 33, 34, 35, 36, 37, 38, 39], "data": [0.026350530218163862, 0.0, 0.0, 0.0, 0.006349689765978924, 0.0010635236232611547, 0.005987365946326751, 0.0, 0.00016186482813609768, 0.0006203955351737715, 0.0, 0.0004696908617402039, 0.0, 0.007118401086998146, 0.0, 0.0, 0.0010985593583646483, 0.004140112087467693, 0.0, 0.0, 0.0005615949635026876, 0.0, 0.0, 0.00879829880742038, 0.000680210593708753, 0.006831137153653351, 0.0, 0.0005362600306450099, 0.0, 0.0, 0.0, 0.0, 0.0, 0.05430137002102483, 0.024693061236869932, 0.0, 0.0, 0.0, 0.0, 0.0003701636385588395]}