{"labels": [0, 1, 2, 3, 4, 5, 6, 7, 8, 9, 10, 11, 12, 13, 14, 15, 16, 17, 18, 19, 20, 21, 22, 23, 24, 25, 26, 27, 28, 29, 30, 31, 32, 33, 34, 35, 36, 37, 38, 39], "data": [0.0032212667082441933, 0.0, 0.0, 0.0, 0.0, 0.0, 0.0, 0.0, 0.0, 0.0023660349377942922, 0.0, 0.0, 0.0470196037256268, 0.0, 0.0, 0.0, 0.008360036336394056, 0.007389816716958029, 0.0, 0.003615786980776598, 0.0, 0.0016043509621559305, 0.006083143054249504, 0.024555203509815642, 0.0, 0.0, 0.000862142892484224, 0.0004702209708249368, 0.003781977985665562, 4.0259936043643267e-05, 0.0, 0.0, 0.0005363414424259395, 0.01285547294797901, 0.0, 0.0, 0.011180280043455861, 0.0, 0.0, 0.0]}