{"labels": [0, 1, 2, 3, 4, 5, 6, 7, 8, 9, 10, 11, 12, 13, 14, 15, 16, 17, 18, 19, 20, 21, 22, 23, 24, 25, 26, 27, 28, 29, 30, 31, 32, 33, 34, 35, 36, 37, 38, 39], "data": [0.0, 0.0, 0.045436280176540604, 0.0, 0.007430391590108441, 0.0, 0.006079768740429791, 0.0, 0.0, 0.0, 0.049695901681526586, 0.0, 0.0, 0.0, 0.0, 0.0, 0.0, 0.0, 0.021894568332570634, 0.03827099911239168, 0.054528284917325524, 0.0038907676963947143, 0.0, 0.0, 0.01971268427937436, 0.0, 0.0015614303284163954, 0.0, 0.0018535845018732872, 0.0, 0.0, 0.006588082093820416, 0.0, 0.0, 0.011841283172522405, 0.007803950713347612, 0.01845573774732274, 0.004096221236360739, 0.0, 0.0]}