{"labels": [0, 1, 2, 3, 4, 5, 6, 7, 8, 9, 10, 11, 12, 13, 14, 15, 16, 17, 18, 19, 20, 21, 22, 23, 24, 25, 26, 27, 28, 29, 30, 31, 32, 33, 34, 35, 36, 37, 38, 39], "data": [0.004695630379052605, 0.0, 0.015190149286139308, 0.0, 0.0, 0.0011122971494739707, 0.0, 0.0007052972788442699, 0.003979673831334156, 0.0027912595836822314, 0.001472391921449175, 0.004344689936790536, 0.013724810899724093, 0.009078257785952948, 0.0, 0.012660775321608173, 0.006589194047273896, 0.0, 0.0, 0.0, 0.0, 0.002502507210381739, 0.001186441743933953, 0.009680705940594014, 0.02614286436913233, 0.0, 0.0, 0.0404432236185321, 0.0, 0.0017122233047675234, 0.003361918598517002, 0.0031516149381037176, 0.0, 0.0, 0.0, 0.00677261868321632, 0.0, 0.06474909967674781, 0.0, 0.05454407945477771]}