{"labels": [0, 1, 2, 3, 4, 5, 6, 7, 8, 9, 10, 11, 12, 13, 14, 15, 16, 17, 18, 19, 20, 21, 22, 23, 24, 25, 26, 27, 28, 29, 30, 31, 32, 33, 34, 35, 36, 37, 38, 39], "data": [0.003916538738538722, 0.00011442922296473897, 0.0, 0.04281573672906252, 0.0, 0.0, 0.0037714356813950485, 0.0, 0.0030714401664920896, 0.009168222101275764, 0.004996205179468176, 0.0, 0.03946831797389493, 0.0, 0.0, 0.0, 0.04209464097128972, 0.01980980715146182, 0.011018040399092715, 0.0, 0.0, 0.039582452077489665, 0.02433322457549925, 0.0, 0.021400200598750006, 0.04037792585995947, 0.0, 0.0, 0.0, 0.0033497337431426352, 0.0, 0.0, 0.0, 0.0, 0.019479305642911032, 0.0, 0.0, 0.01340325130625886, 0.0, 0.0004930259790075094]}