{"labels": [0, 1, 2, 3, 4, 5, 6, 7, 8, 9, 10, 11, 12, 13, 14, 15, 16, 17, 18, 19, 20, 21, 22, 23, 24, 25, 26, 27, 28, 29, 30, 31, 32, 33, 34, 35, 36, 37, 38, 39], "data": [0.004791870182628115, 0.0, 0.03216084087930907, 0.0, 0.023803431953346714, 0.0, 0.002111538209702002, 0.0, 0.0, 0.0, 0.0, 0.0, 0.014549910761143585, 0.0, 0.0, 0.005193136453747213, 0.0, 0.0, 0.051997401024207975, 0.0, 0.0, 0.020826518808711704, 0.039473187787535224, 0.0, 0.020581916695465847, 0.0, 0.0, 0.0020447052624454434, 0.0, 0.0, 0.0, 0.0, 0.0, 0.005703198982910278, 0.0, 0.0, 0.0, 0.00717869199478806, 0.02773835206712368, 0.07079527690734164]}