{"labels": [0, 1, 2, 3, 4, 5, 6, 7, 8, 9, 10, 11, 12, 13, 14, 15, 16, 17, 18, 19, 20, 21, 22, 23, 24, 25, 26, 27, 28, 29, 30, 31, 32, 33, 34, 35, 36, 37, 38, 39], "data": [0.0, 0.00686820772156405, 0.0, 0.009438740077444495, 0.0003227574721744406, 0.0, 0.01956904529978805, 0.0, 0.0, 0.0, 0.0, 0.0, 0.024636749240750124, 0.0, 0.0, 0.0007730042150327298, 0.0, 0.0, 0.0, 0.0, 0.0, 0.0, 0.0, 0.0, 0.0, 0.0, 0.008252645468643002, 0.0, 0.0018123870586281593, 0.0, 0.0, 0.0, 0.0700562304249275, 0.0, 0.0, 0.0, 0.15103921903040773, 0.0, 0.0, 0.0020267614526683474]}