{"labels": [0, 1, 2, 3, 4, 5, 6, 7, 8, 9, 10, 11, 12, 13, 14, 15, 16, 17, 18, 19, 20, 21, 22, 23, 24, 25, 26, 27, 28, 29, 30, 31, 32, 33, 34, 35, 36, 37, 38, 39], "data": [0.0, 0.0, 0.0, 0.0019110555290913383, 0.0, 0.0, 0.0, 0.04505073008690894, 0.0, 0.0, 0.0, 0.0, 0.0, 0.03227667276926842, 0.0, 0.0, 0.00021232827200435826, 0.06086294312133709, 0.021765354643798817, 0.0, 0.0, 0.0, 0.0, 0.0, 0.0, 0.0, 0.0, 0.05796243460857469, 0.00531990468222286, 0.0, 0.0, 0.0, 0.05575821644180238, 0.0, 0.02453815063889623, 0.0, 0.0, 0.0015990850093008063, 0.039891608186353, 0.0]}