{"labels": [0, 1, 2, 3, 4, 5, 6, 7, 8, 9, 10, 11, 12, 13, 14, 15, 16, 17, 18, 19, 20, 21, 22, 23, 24, 25, 26, 27, 28, 29, 30, 31, 32, 33, 34, 35, 36, 37, 38, 39], "data": [0.050059586516826106, 0.0, 0.009320687338434433, 0.0, 0.0, 0.0, 0.0, 0.0, 0.0, 0.0, 0.001996383893947101, 0.0, 0.0, 0.0, 0.028289456624952965, 0.015578996424727827, 0.0, 0.0, 0.012913529055253338, 0.0, 0.012381151993017545, 0.0, 0.0, 0.0, 0.0167723034882688, 0.0, 0.012143853515729499, 0.0, 0.0, 0.0, 0.0, 0.025838550609948958, 0.0, 0.0, 0.0, 0.016859414253203534, 0.0, 0.040861820204716244, 0.0, 0.02228477375760183]}