{"labels": [0, 1, 2, 3, 4, 5, 6, 7, 8, 9, 10, 11, 12, 13, 14, 15, 16, 17, 18, 19, 20, 21, 22, 23, 24, 25, 26, 27, 28, 29, 30, 31, 32, 33, 34, 35, 36, 37, 38, 39], "data": [0.003452909766692385, 0.0, 0.0, 0.0, 0.0, 0.008677476644977087, 0.0, 0.06143456886089369, 0.0, 0.007020442819032721, 0.0, 0.0, 0.014474396188877513, 0.042114125236890496, 0.0, 0.0, 0.0, 0.04330826753463122, 0.006698633069990561, 0.0, 0.0, 0.0036069320180617454, 0.0008826647694083945, 0.0, 0.0, 0.024381824178935703, 0.0, 0.0359803270144001, 0.0, 0.0, 0.0013659161627645074, 0.002205671414687553, 0.0, 0.031926640993721604, 0.0, 0.0016522725830074019, 0.0, 0.03587204202106215, 0.027064343356819266, 0.0]}