{"labels": [0, 1, 2, 3, 4, 5, 6, 7, 8, 9, 10, 11, 12, 13, 14, 15, 16, 17, 18, 19, 20, 21, 22, 23, 24, 25, 26, 27, 28, 29, 30, 31, 32, 33, 34, 35, 36, 37, 38, 39], "data": [0.0, 0.0, 0.0, 0.0022373319510865844, 0.01117610709474414, 0.08512537486809875, 0.0, 0.0, 0.0, 0.0005627266139564443, 0.0, 0.002774907548246174, 0.004229060558961799, 0.0038233622384989726, 0.0, 0.0, 0.004449592345459487, 0.03037239330693682, 0.007614352741473512, 0.0, 0.0022855352885226892, 0.025815354688466297, 0.03282371425224242, 0.0, 0.0, 0.018606606831594742, 0.0, 0.0006280513914034085, 0.01599346348338144, 0.0, 0.002891094086024615, 0.009245430959363478, 0.0, 0.0, 0.011518305386682855, 0.0031395022084471217, 0.0, 0.056380477893466265, 0.026157082925514018, 0.0]}