{"labels": [0, 1, 2, 3, 4, 5, 6, 7, 8, 9, 10, 11, 12, 13, 14, 15, 16, 17, 18, 19, 20, 21, 22, 23, 24, 25, 26, 27, 28, 29, 30, 31, 32, 33, 34, 35, 36, 37, 38, 39], "data": [0.03279494929310553, 0.0, 0.0, 0.0026567426108844534, 0.032254762065332065, 0.0, 0.0, 0.0, 0.0, 0.10647898690054411, 0.0, 0.0033512708769887507, 0.0, 0.0, 0.0, 0.0, 0.0, 0.018519949036163205, 0.0, 0.0, 0.009227451595092435, 0.016351481139252205, 0.0, 0.0, 0.0, 0.0, 0.0, 0.0, 0.010991603725499064, 0.022679759576407523, 0.009539983218217547, 0.03595697489498731, 0.0, 0.03127194382483873, 0.08556243176471108, 0.0, 0.0, 0.0, 0.0, 0.0]}