{"labels": [0, 1, 2, 3, 4, 5, 6, 7, 8, 9, 10, 11, 12, 13, 14, 15, 16, 17, 18, 19, 20, 21, 22, 23, 24, 25, 26, 27, 28, 29, 30, 31, 32, 33, 34, 35, 36, 37, 38, 39], "data": [0.0, 0.0, 0.0, 0.0, 0.00702918885269663, 0.0, 0.03424634055253257, 0.04844800542514243, 0.0, 0.022866081486493516, 0.0, 0.0, 0.0, 0.006002072148657504, 0.011952116494569402, 0.0, 0.0, 0.0, 0.016931412411939746, 0.002266463380530454, 0.0, 0.0, 0.0, 0.008271285839318904, 0.0, 0.0, 0.0, 0.0, 0.11244890738302345, 0.019384528646825286, 0.0, 0.0, 0.0009322262000995981, 0.0026363834035884825, 0.0, 0.0, 0.0, 0.04867296948218917, 0.0, 0.0]}