{"labels": [0, 1, 2, 3, 4, 5, 6, 7, 8, 9, 10, 11, 12, 13, 14, 15, 16, 17, 18, 19, 20, 21, 22, 23, 24, 25, 26, 27, 28, 29, 30, 31, 32, 33, 34, 35, 36, 37, 38, 39], "data": [0.16432932405108183, 0.0, 0.0, 0.0, 0.0, 0.0, 0.0, 0.0, 0.013302781533119123, 0.0, 0.0, 0.015590021240497362, 0.0, 0.0, 0.0, 0.0, 0.0, 0.2251659694730959, 0.0, 0.013656211864120032, 0.0, 0.029840115354495735, 0.0, 0.0, 0.0, 0.012421027244440563, 0.0, 0.0, 0.0, 0.0, 0.0, 0.0, 0.0, 0.0, 0.0, 0.0, 0.0950503456225827, 0.0, 0.0, 0.053704019056402694]}