{"labels": [0, 1, 2, 3, 4, 5, 6, 7, 8, 9, 10, 11, 12, 13, 14, 15, 16, 17, 18, 19, 20, 21, 22, 23, 24, 25, 26, 27, 28, 29, 30, 31, 32, 33, 34, 35, 36, 37, 38, 39], "data": [0.05375183866014785, 0.0006054985333450925, 0.0, 0.0, 0.0, 0.007810362641393567, 0.0, 0.0, 0.0, 0.0, 0.002109467790759667, 0.0, 0.0, 0.016052929945346208, 0.0, 0.0, 0.0, 0.05520911626182615, 0.0, 0.0006257909059290397, 0.0030358597590097996, 0.013731092156685417, 0.0, 0.0, 0.0, 0.0, 0.0, 0.02699128875165531, 0.0, 0.0038450775800107353, 0.0, 0.0, 0.0, 0.0, 0.0, 0.0, 0.019890827682820078, 0.0, 0.0, 0.0]}