{"labels": [0, 1, 2, 3, 4, 5, 6, 7, 8, 9, 10, 11, 12, 13, 14, 15, 16, 17, 18, 19, 20, 21, 22, 23, 24, 25, 26, 27, 28, 29, 30, 31, 32, 33, 34, 35, 36, 37, 38, 39], "data": [0.00018649389468766486, 0.0, 0.0001657709620102282, 0.0, 0.0, 0.0, 0.0, 0.0, 0.006597182123916395, 0.0, 0.0, 0.0, 0.0, 0.043889451063421854, 0.0, 0.008435344743936755, 0.0, 0.03545874845799871, 0.000813737361674013, 0.0, 0.0, 0.005376571241584274, 0.0, 0.010341532848027427, 0.0, 0.0, 0.0, 0.02931111751571858, 0.0, 0.0003876598252421495, 0.0, 0.0008999389701762699, 0.0, 0.0, 0.008898560504824845, 0.002182465790526869, 0.008819213071558401, 0.0, 0.0, 0.060384494853803004]}