{"labels": [0, 1, 2, 3, 4, 5, 6, 7, 8, 9, 10, 11, 12, 13, 14, 15, 16, 17, 18, 19, 20, 21, 22, 23, 24, 25, 26, 27, 28, 29, 30, 31, 32, 33, 34, 35, 36, 37, 38, 39], "data": [0.002528158307374002, 0.0, 0.0, 0.0197464961463101, 0.0009671506970993115, 0.0, 0.00737105514093221, 0.0, 0.00016405626103889614, 0.04834935516731028, 0.012684509423806238, 0.0, 0.051025957314262876, 0.0, 0.008711429846997711, 0.0, 0.07383669898140627, 0.0, 0.0026923082034952697, 0.0, 0.0, 0.0, 0.0010566672056460038, 0.005553743279453445, 0.009888653912907499, 0.0, 8.986477159744288e-06, 0.0028106270069871626, 0.0, 0.0, 0.0, 0.028205890482428105, 0.0004113713704161044, 0.0, 0.030795523832520308, 0.0, 0.011473562924939128, 0.02205606032991236, 0.006109299219785865, 0.04364637439362745]}