{"labels": [0, 1, 2, 3, 4, 5, 6, 7, 8, 9, 10, 11, 12, 13, 14, 15, 16, 17, 18, 19, 20, 21, 22, 23, 24, 25, 26, 27, 28, 29, 30, 31, 32, 33, 34, 35, 36, 37, 38, 39], "data": [0.0, 0.028500142440750564, 0.0, 0.0, 0.007378197656147547, 0.0, 0.0, 0.0265972139990457, 0.0, 0.057785437477797276, 0.0, 0.0, 0.0028642519586353867, 0.01568722115248391, 0.0, 0.0, 0.015349135219390353, 0.02841515301612491, 0.01042799931595598, 0.0, 0.0, 0.0, 0.01601032838377581, 0.0, 0.013878297662348535, 0.0, 0.0, 0.006487764080482336, 0.0, 0.0, 0.0, 0.0032250326643117997, 0.0, 0.0, 0.002140709413337116, 0.0, 0.0, 0.0038014246206060664, 0.0, 0.0]}