{"labels": [0, 1, 2, 3, 4, 5, 6, 7, 8, 9, 10, 11, 12, 13, 14, 15, 16, 17, 18, 19, 20, 21, 22, 23, 24, 25, 26, 27, 28, 29, 30, 31, 32, 33, 34, 35, 36, 37, 38, 39], "data": [0.0, 0.0009805435977988158, 0.004636150019749369, 0.0, 0.00023487594550365625, 0.01709569027543558, 0.02800029141925109, 0.0, 0.01428225502983813, 0.01988039353396531, 0.024449496593388593, 0.0011642462187340242, 8.77407281197159e-05, 0.009030782095006698, 0.015653272344666014, 0.0, 0.0, 0.002475430157645867, 0.005730999079032779, 0.0, 0.0011572400189963402, 0.03479119143116368, 0.00035480625404808876, 0.0, 0.003798519913595119, 0.0, 0.0033468084128558855, 1.1496771330435683e-05, 0.006670739951978609, 0.0, 0.006363721126637919, 0.001974553698732345, 0.020264076263378956, 0.013900638071734656, 0.010608235298281402, 0.017382907626359988, 0.047532629161129415, 0.03225370446017091, 0.006970220495125373, 0.0]}