{"labels": [0, 1, 2, 3, 4, 5, 6, 7, 8, 9, 10, 11, 12, 13, 14, 15, 16, 17, 18, 19, 20, 21, 22, 23, 24, 25, 26, 27, 28, 29, 30, 31, 32, 33, 34, 35, 36, 37, 38, 39], "data": [0.00716697804302056, 0.01653900461002713, 0.0019179290745494515, 0.0, 0.0, 0.0, 0.005224617696672173, 0.06198123634610777, 0.0, 0.0, 0.013132843769463637, 0.0, 0.0, 0.019895990231011684, 0.013626807548311996, 0.0, 0.001099609713472566, 0.0033777970319522296, 0.0, 0.024972007113186992, 0.0, 0.0, 0.0, 0.0, 0.0, 0.005343157760661331, 0.0, 0.0, 0.0, 0.0, 0.018272029981355, 0.0, 0.0, 0.013594986426568515, 0.002368419106722732, 0.0, 0.0, 0.03672850741217838, 0.017717843965496433, 0.032509652559810046]}