{"labels": [0, 1, 2, 3, 4, 5, 6, 7, 8, 9, 10, 11, 12, 13, 14, 15, 16, 17, 18, 19, 20, 21, 22, 23, 24, 25, 26, 27, 28, 29, 30, 31, 32, 33, 34, 35, 36, 37, 38, 39], "data": [0.0, 0.025430159774806435, 0.0003661878152709586, 0.0, 0.0, 0.0, 0.0, 0.01199670563894173, 0.0, 0.0, 0.025661430624396256, 0.0, 0.005903851901939458, 0.0, 0.0, 0.0, 0.0, 0.0009787117337867247, 0.003209196591446921, 0.001073461317639671, 0.002127247680867425, 0.004055396491371399, 0.07668202109389385, 0.0, 0.0, 0.006534271988337975, 0.0690253819724156, 0.03572626457467544, 0.0, 0.007496824849159312, 0.04432608487044525, 0.0, 0.0005263616985308286, 0.026748472570488496, 0.01144093994702999, 0.036691515189606255, 0.0003789213038704587, 0.0, 0.0005039408509046131, 0.00035972659532735153]}