{"labels": [0, 1, 2, 3, 4, 5, 6, 7, 8, 9, 10, 11, 12, 13, 14, 15, 16, 17, 18, 19, 20, 21, 22, 23, 24, 25, 26, 27, 28, 29, 30, 31, 32, 33, 34, 35, 36, 37, 38, 39], "data": [0.004659318659108928, 0.00035217815945936615, 0.0002280792952241137, 0.0, 0.0, 0.0, 0.009418386384736034, 0.0037808539550724745, 0.0, 0.01202167145397935, 0.0, 0.0, 0.0, 0.0, 0.00011368520361003643, 0.0, 0.04443843455363552, 0.08052913109320854, 0.0020600202838746942, 0.034663366137800695, 0.01608924208893229, 0.0, 0.0, 0.004010495176670101, 0.0, 0.007634564612735433, 0.0, 0.02689186938114423, 0.0007941892294106944, 0.0013634568101042646, 0.0, 5.598474491804051e-05, 0.0, 0.0029523699442124997, 0.0, 0.003610629291943891, 0.0034247670191182764, 0.004251375588182532, 0.001203136173323791, 0.0]}