{"labels": [0, 1, 2, 3, 4, 5, 6, 7, 8, 9, 10, 11, 12, 13, 14, 15, 16, 17, 18, 19, 20, 21, 22, 23, 24, 25, 26, 27, 28, 29, 30, 31, 32, 33, 34, 35, 36, 37, 38, 39], "data": [0.0, 0.016307932384188716, 0.0, 0.0, 0.00551858680088648, 0.0, 0.013561966743985332, 0.0, 0.0, 0.0, 0.0018482674171989373, 0.0, 0.0, 0.0, 0.0, 0.0, 0.0, 0.11404597294336632, 0.0, 0.001980202979642786, 0.0, 0.0, 0.0, 0.0, 0.009125604909533855, 0.0, 0.00021606904350263224, 0.04406995222581568, 0.0, 0.0, 0.0005710245319367393, 0.0, 7.809169374803778e-05, 0.0, 0.0008504868022879609, 0.0, 0.0, 0.013174581196294145, 0.0, 0.0]}