{"labels": [0, 1, 2, 3, 4, 5, 6, 7, 8, 9, 10, 11, 12, 13, 14, 15, 16, 17, 18, 19, 20, 21, 22, 23, 24, 25, 26, 27, 28, 29, 30, 31, 32, 33, 34, 35, 36, 37, 38, 39], "data": [0.0, 0.0, 0.0, 0.0, 0.00755243009825333, 0.0002524823495081923, 0.0, 0.0006305983372101363, 0.0, 0.061001702212930886, 0.0, 0.0, 0.0, 0.029949899811090804, 0.0014014301582096292, 0.0, 0.007753183299735142, 0.03276997676679424, 0.0, 0.0, 0.0, 0.0, 0.0, 0.0, 0.0, 0.0, 0.0, 0.005264255880668164, 0.0026259424906229655, 0.0, 0.0048579443070571274, 0.0, 0.0, 0.014207879302455807, 0.008706470907064843, 0.0, 0.0, 0.003391663496751988, 0.0, 0.0]}