{"labels": [0, 1, 2, 3, 4, 5, 6, 7, 8, 9, 10, 11, 12, 13, 14, 15, 16, 17, 18, 19, 20, 21, 22, 23, 24, 25, 26, 27, 28, 29, 30, 31, 32, 33, 34, 35, 36, 37, 38, 39], "data": [0.0, 0.0028104721520925864, 0.0007358504790005415, 0.015961146301015815, 0.03020013213368804, 0.021067540966249413, 0.025268667795506457, 0.0, 0.0, 0.00493424564547956, 0.0031316343112971243, 0.0, 0.0, 0.0, 0.015135468090609073, 0.0, 0.03724405307414237, 0.0, 0.0, 0.0, 0.0, 0.0, 0.0, 0.0, 0.0, 0.0, 0.0, 0.0, 0.0, 0.0, 0.0, 0.0, 0.0, 0.00217091483105462, 0.0, 0.0, 0.0, 0.0, 0.0, 0.07349893016739453]}