{"labels": [0, 1, 2, 3, 4, 5, 6, 7, 8, 9, 10, 11, 12, 13, 14, 15, 16, 17, 18, 19, 20, 21, 22, 23, 24, 25, 26, 27, 28, 29, 30, 31, 32, 33, 34, 35, 36, 37, 38, 39], "data": [0.0, 0.010562548090825803, 0.0, 0.0, 0.0, 0.010975702059846212, 0.0, 0.04467183560295817, 0.02719401007870278, 0.0009889676826873037, 0.011529370038752878, 0.0, 0.0, 0.008953449267351376, 0.0, 0.0, 0.0, 0.03066831433581083, 0.0, 0.040337272915951336, 0.005249718400610719, 0.0025373055388577042, 0.0062807208532893715, 0.0, 0.0, 0.006584261705869173, 0.005667685393373369, 0.0, 0.0, 0.0, 0.0, 0.0, 0.0, 0.0, 0.0030465784862074245, 0.003360139327556971, 0.005637847313988114, 0.0, 0.033280318104573936, 0.04801052904233256]}