{"labels": [0, 1, 2, 3, 4, 5, 6, 7, 8, 9, 10, 11, 12, 13, 14, 15, 16, 17, 18, 19, 20, 21, 22, 23, 24, 25, 26, 27, 28, 29, 30, 31, 32, 33, 34, 35, 36, 37, 38, 39], "data": [0.0, 0.0015102527248101088, 0.0006676556038801501, 0.017521208561621857, 0.07788883627563162, 0.00021905796074411335, 0.024053092016834015, 0.0, 0.01962826060461172, 0.0, 0.0, 0.0, 0.008161672148724146, 0.004433133593978619, 0.0, 0.0, 0.0, 0.0, 0.0, 0.028746171143415124, 0.0034542770433659132, 0.025377828921388478, 0.0, 0.002771289765979684, 0.0, 0.0, 0.0, 0.0, 0.0, 0.014067109763053018, 0.0, 0.0, 0.0023429778727920253, 0.008433513939409259, 0.0, 0.0, 0.0, 0.05289405054087576, 0.0003693986031408983, 0.004237891382085086]}