{"labels": [0, 1, 2, 3, 4, 5, 6, 7, 8, 9, 10, 11, 12, 13, 14, 15, 16, 17, 18, 19, 20, 21, 22, 23, 24, 25, 26, 27, 28, 29, 30, 31, 32, 33, 34, 35, 36, 37, 38, 39], "data": [0.0015884057124917585, 0.003083198629230636, 0.0, 0.0, 0.03691517962914804, 0.0, 0.060614097565583995, 0.0, 0.0, 0.0, 0.0, 0.0, 0.0, 0.0, 0.0, 0.0, 0.0, 0.03253178011848499, 0.0, 0.0, 0.0, 0.0, 0.0, 0.0018833604325071312, 0.0, 0.03342543370838061, 0.0, 0.0, 0.0, 0.02263235642568691, 0.0, 0.0, 0.0, 0.0, 0.0, 0.0, 0.0, 0.0, 0.0, 0.0]}