{"labels": [0, 1, 2, 3, 4, 5, 6, 7, 8, 9, 10, 11, 12, 13, 14, 15, 16, 17, 18, 19, 20, 21, 22, 23, 24, 25, 26, 27, 28, 29, 30, 31, 32, 33, 34, 35, 36, 37, 38, 39], "data": [0.0, 0.0, 0.0011627057178699375, 0.0, 0.004775192161124424, 0.0, 0.02541672699188742, 0.0, 0.0, 0.0, 0.0862644509838031, 0.0, 0.0, 0.0, 0.0, 0.0, 0.10464660127182744, 0.0, 0.0, 0.053119106226525076, 0.0, 0.0, 0.0, 0.0, 0.0, 0.0, 0.0, 0.0, 0.0, 0.0, 0.001058860547332192, 0.0, 0.0, 0.0, 0.003208562605300876, 0.0016026341525977818, 0.0, 0.0, 0.0, 0.0]}