{"labels": [0, 1, 2, 3, 4, 5, 6, 7, 8, 9, 10, 11, 12, 13, 14, 15, 16, 17, 18, 19, 20, 21, 22, 23, 24, 25, 26, 27, 28, 29, 30, 31, 32, 33, 34, 35, 36, 37, 38, 39], "data": [0.0, 0.0029380494330884135, 0.004131804005871721, 0.0, 0.015292888683045331, 0.0, 0.02736822807501963, 0.04027951593093757, 0.0, 0.0020543561055014346, 0.004175363112948794, 0.0, 0.006210967787145565, 0.0, 0.0013585220800317577, 0.0, 0.0, 0.0, 0.0, 0.0322982101871838, 0.014880272803546056, 0.0, 8.081559394773097e-05, 0.005948661795220251, 0.0007091439335682154, 0.0, 0.0, 0.0, 0.0, 0.0, 0.07088905271493853, 0.0, 0.002285421881394026, 0.0, 0.0, 0.04001375238790822, 0.008882797935382684, 0.0015018903832665017, 0.06831308429692394, 0.0]}