{"labels": [0, 1, 2, 3, 4, 5, 6, 7, 8, 9, 10, 11, 12, 13, 14, 15, 16, 17, 18, 19, 20, 21, 22, 23, 24, 25, 26, 27, 28, 29, 30, 31, 32, 33, 34, 35, 36, 37, 38, 39], "data": [0.008067725533228078, 0.0, 0.0, 0.014114319205418464, 0.0, 0.0015565520961045053, 0.02724537134480299, 0.0, 0.018717996131502414, 0.009117832371001583, 0.0, 0.0, 0.0285361270214884, 0.0, 0.0, 0.012704068447504276, 0.0, 0.0, 0.0, 0.0, 0.1582392207963731, 0.0, 0.01827709714648892, 0.06892415258338025, 0.0, 0.012919301924230166, 0.03315301245005798, 0.0, 0.0, 0.003884926579105425, 0.0, 0.0, 0.0017558148239575134, 0.0008287510127470181, 0.005911480617142299, 0.04750007632846501, 0.007310617907978907, 0.0, 0.04331566296780733, 0.021000057242704248]}