{"labels": [0, 1, 2, 3, 4, 5, 6, 7, 8, 9, 10, 11, 12, 13, 14, 15, 16, 17, 18, 19, 20, 21, 22, 23, 24, 25, 26, 27, 28, 29, 30, 31, 32, 33, 34, 35, 36, 37, 38, 39], "data": [0.0, 0.009267798959719745, 0.0, 0.03712822461768642, 0.0, 0.0, 0.0, 0.0, 0.0, 0.0, 0.0, 0.0, 0.0, 0.0, 0.0, 0.0, 0.0, 0.0, 0.0, 0.0, 0.0, 0.0, 0.0, 0.0, 0.0, 0.0, 9.948982756040393e-05, 0.0, 0.0, 0.0, 0.059513699047307946, 0.11156047708969137, 0.0, 0.06397871676873657, 0.0, 0.0, 0.0, 0.0, 0.0, 0.003078501626014767]}