{"labels": [0, 1, 2, 3, 4, 5, 6, 7, 8, 9, 10, 11, 12, 13, 14, 15, 16, 17, 18, 19, 20, 21, 22, 23, 24, 25, 26, 27, 28, 29, 30, 31, 32, 33, 34, 35, 36, 37, 38, 39], "data": [0.0, 0.0, 0.0, 0.0, 0.0, 0.010731741191309848, 0.00784633807068756, 0.023755163584818724, 0.005433786994746751, 0.0, 0.010489692405170002, 0.0, 0.01476748011358219, 0.0, 0.002219316647960649, 0.023233036198660247, 0.0, 0.0, 0.0, 0.05210807391266945, 0.10124585248284874, 0.0065075451921497145, 0.004434142994895052, 0.09246432825107864, 0.0, 0.0, 0.0, 0.023773157244308448, 0.0, 0.0, 0.0, 0.0009818262255229151, 0.0, 0.0, 0.0019563632270015187, 0.014815984213022835, 0.008114577372264255, 0.0, 0.008138674949927992, 0.0]}