{"labels": [0, 1, 2, 3, 4, 5, 6, 7, 8, 9, 10, 11, 12, 13, 14, 15, 16, 17, 18, 19, 20, 21, 22, 23, 24, 25, 26, 27, 28, 29, 30, 31, 32, 33, 34, 35, 36, 37, 38, 39], "data": [0.0006135653099457323, 0.0, 0.0, 0.00041707921104202353, 0.0, 0.0, 0.0, 0.0, 0.0, 0.02012508376415088, 0.0, 0.14928292586797534, 0.03328367448344682, 0.008926641855385649, 0.0, 0.0, 0.0, 0.0, 0.0, 0.004481907229080159, 0.0, 0.0008595465097074359, 0.00025969544302029444, 0.020383887868305427, 0.0, 0.0, 0.0, 0.0, 0.0, 0.0, 0.0, 0.0, 0.0, 0.0, 0.0, 0.0, 0.0, 0.0, 0.0, 0.0]}