{"labels": [0, 1, 2, 3, 4, 5, 6, 7, 8, 9, 10, 11, 12, 13, 14, 15, 16, 17, 18, 19, 20, 21, 22, 23, 24, 25, 26, 27, 28, 29, 30, 31, 32, 33, 34, 35, 36, 37, 38, 39], "data": [0.0, 0.0, 0.0, 0.01588822675298658, 0.0, 0.0, 0.0, 0.0948013827162599, 0.0, 0.0, 0.0009367326588019288, 0.0, 0.05304524929923212, 0.0, 0.0, 0.0, 0.013482359800352102, 0.007458728025640881, 0.0, 0.0, 0.015335379549222771, 0.016830830033565742, 0.02173576230821508, 0.0, 0.0, 0.0439895405386443, 0.0, 0.006784186768178256, 0.0, 0.0, 0.0, 0.0, 0.0, 0.02537946610969303, 0.0, 0.038525585227139315, 0.0, 0.006690606891437029, 0.0, 0.0]}