{"labels": [0, 1, 2, 3, 4, 5, 6, 7, 8, 9, 10, 11, 12, 13, 14, 15, 16, 17, 18, 19, 20, 21, 22, 23, 24, 25, 26, 27, 28, 29, 30, 31, 32, 33, 34, 35, 36, 37, 38, 39], "data": [0.0, 0.0, 0.0035211717626138814, 0.0021411129847985094, 0.0, 0.0, 0.0074808407172897995, 0.004527252958775804, 0.0, 0.0, 0.0, 0.0, 0.0, 0.00048002876271352365, 0.0, 0.0, 0.0008509691318704051, 0.00041564947516699324, 0.01236118919291343, 0.0006641007215142363, 0.0, 0.008729104869085878, 3.775983622382559e-05, 0.0, 0.0007033397310578782, 0.0009860615389895334, 0.00136964526987388, 0.022060147708593904, 0.0, 0.0, 0.0, 0.00042887525469739165, 0.0, 0.11233430941123851, 0.0, 0.0, 0.0, 0.012033802342603407, 0.0006565420248599587, 0.0]}