{"labels": [0, 1, 2, 3, 4, 5, 6, 7, 8, 9, 10, 11, 12, 13, 14, 15, 16, 17, 18, 19, 20, 21, 22, 23, 24, 25, 26, 27, 28, 29, 30, 31, 32, 33, 34, 35, 36, 37, 38, 39], "data": [0.020874989837647323, 0.0, 0.0018942906748769773, 0.01027989761303424, 0.0, 0.0, 0.0014326400719646697, 0.0, 0.0, 0.0, 0.0002766053744792809, 0.0, 0.031360673809460574, 0.033218247039261725, 0.0, 0.0024800827419413805, 0.01005063372699141, 0.02624225514888329, 0.0, 0.04854947242867709, 0.0, 0.0015549544502527777, 0.0, 0.0058866905465979535, 0.0011337024283446537, 0.028962883828711494, 0.0012454263126616169, 0.005455880601137892, 0.006518831214399293, 0.038775489161635514, 0.0, 0.0, 0.0, 0.0012875867468700058, 0.0, 0.0, 0.0, 0.019388275591609362, 2.107965161938534e-05, 0.0]}