{"labels": [0, 1, 2, 3, 4, 5, 6, 7, 8, 9, 10, 11, 12, 13, 14, 15, 16, 17, 18, 19, 20, 21, 22, 23, 24, 25, 26, 27, 28, 29, 30, 31, 32, 33, 34, 35, 36, 37, 38, 39], "data": [0.0, 0.0, 0.0021563718493831548, 0.0, 0.0, 4.7049123192710566e-05, 0.0, 0.04103021029878792, 0.0, 0.0, 0.026415819099108673, 0.0, 0.0, 0.0, 0.0, 0.0, 0.009592369836141507, 0.01665510858960756, 0.0, 0.0015229220338313354, 0.0, 0.0, 0.0, 0.0, 0.0004917841635550622, 0.0, 0.0, 0.010143615206425476, 0.008267446288485452, 0.019079114508622326, 0.0, 0.0, 0.0, 0.0, 0.028746608679996843, 0.0, 0.0, 0.0, 0.0, 0.0]}