{"labels": [0, 1, 2, 3, 4, 5, 6, 7, 8, 9, 10, 11, 12, 13, 14, 15, 16, 17, 18, 19, 20, 21, 22, 23, 24, 25, 26, 27, 28, 29, 30, 31, 32, 33, 34, 35, 36, 37, 38, 39], "data": [0.0, 0.0, 0.0030559960638563365, 0.0, 0.0, 0.0, 0.0, 0.0, 0.0, 0.029639399549833745, 0.0, 0.0, 0.0, 0.00016868701289334733, 0.0, 0.0008445313866723766, 0.03613114438283633, 0.0, 0.0, 0.0, 0.009467268990538, 0.029418425946308134, 0.0015744242319843135, 0.0, 0.00018703400451032515, 0.0, 0.0, 0.007784080083274174, 0.006860808538137748, 0.0, 0.0001270408549386622, 0.005732130448721696, 0.0, 0.0012587663034961554, 0.033686162219109805, 0.0, 0.0, 0.024818200077573977, 0.0, 0.0]}