{"labels": [0, 1, 2, 3, 4, 5, 6, 7, 8, 9, 10, 11, 12, 13, 14, 15, 16, 17, 18, 19, 20, 21, 22, 23, 24, 25, 26, 27, 28, 29, 30, 31, 32, 33, 34, 35, 36, 37, 38, 39], "data": [0.0, 0.0, 0.0, 0.003116299572694257, 0.002685705609305983, 0.009216052777797445, 0.0, 0.007687590564179269, 0.0015951224846559831, 0.0022853756227335692, 0.00048174528599112564, 0.027431974981458763, 0.02698636039363478, 0.0010072351931140057, 0.0, 0.014652542533445945, 0.0, 0.0, 0.07149146991520414, 0.0, 0.006630417093070475, 0.03569472420372969, 0.0, 0.004411704519512211, 0.02357312664925602, 0.0, 0.05713009643152688, 0.014235538488277057, 0.002499462764311217, 0.0, 0.029559123274481423, 0.03366877608235075, 0.0, 0.0, 0.005658032407935415, 0.0, 0.010613730037165429, 0.0, 0.0031146696691136564, 0.0]}