{"labels": [0, 1, 2, 3, 4, 5, 6, 7, 8, 9, 10, 11, 12, 13, 14, 15, 16, 17, 18, 19, 20, 21, 22, 23, 24, 25, 26, 27, 28, 29, 30, 31, 32, 33, 34, 35, 36, 37, 38, 39], "data": [0.0, 0.0, 0.018092186055551462, 0.0, 0.0, 0.0, 0.0002960580475065364, 0.03455504768809563, 0.005202008477077741, 0.0, 0.0, 0.0032125479879130383, 0.0, 0.0, 0.0, 0.006805624030518092, 0.0, 0.021786200171096542, 0.03503902331359562, 0.0, 0.0, 0.0, 0.0, 0.0, 0.0, 0.0, 0.0, 0.0, 0.08573062553449935, 0.0, 0.0735023442385695, 0.0, 0.006087378390126292, 0.0, 0.0, 0.0, 0.002348028370113145, 0.0006326744287066161, 0.04056949969567157, 0.0001181762273395935]}