{"labels": [0, 1, 2, 3, 4, 5, 6, 7, 8, 9, 10, 11, 12, 13, 14, 15, 16, 17, 18, 19, 20, 21, 22, 23, 24, 25, 26, 27, 28, 29, 30, 31, 32, 33, 34, 35, 36, 37, 38, 39], "data": [0.0, 0.02239138429082184, 0.024645876376932982, 0.0, 0.04571644604332932, 0.0, 0.0, 0.0, 0.0005276594654877248, 0.0, 0.016467630487494493, 0.0, 0.10888752632902934, 0.0, 0.007638503325552704, 0.0, 0.0, 0.0, 0.0, 0.024784636660918645, 0.0006250414605148202, 0.0, 0.0, 0.0, 0.0, 0.0, 0.0, 0.0023458693658670103, 0.0, 0.0, 0.0, 0.0, 0.0, 0.05331831995280797, 0.0, 0.0, 0.01895725510785799, 0.0, 0.00021077592057664992, 0.0005952329324718808]}