{"labels": [0, 1, 2, 3, 4, 5, 6, 7, 8, 9, 10, 11, 12, 13, 14, 15, 16, 17, 18, 19, 20, 21, 22, 23, 24, 25, 26, 27, 28, 29, 30, 31, 32, 33, 34, 35, 36, 37, 38, 39], "data": [0.0, 0.008780094870845119, 0.0, 0.0, 0.0, 0.0, 0.004585286705851317, 0.0, 0.006622770365407828, 0.005892371003955091, 0.0, 0.0, 0.0, 0.0, 0.02004493641099916, 0.0, 0.0, 0.0, 0.0, 0.0, 0.00025612099948762394, 0.016289952354310036, 0.0, 0.0, 0.0, 0.0, 0.0, 0.0, 0.0, 0.0, 0.008729839591098439, 0.0, 0.0, 0.0, 0.0, 0.042580307966816, 0.045545157388003944, 0.0, 0.0, 0.0]}