{"labels": [0, 1, 2, 3, 4, 5, 6, 7, 8, 9, 10, 11, 12, 13, 14, 15, 16, 17, 18, 19, 20, 21, 22, 23, 24, 25, 26, 27, 28, 29, 30, 31, 32, 33, 34, 35, 36, 37, 38, 39], "data": [0.006999366836546505, 0.0, 0.0, 0.0, 0.0, 0.0, 0.0, 0.0, 0.0, 0.021489886552065986, 0.005936413784880893, 0.0, 0.0, 0.020731296344076586, 0.001606196622098099, 0.0, 0.0, 0.010572019759484729, 0.0008324291337068206, 0.0015160158051486417, 0.0, 0.0, 0.0, 0.007191970372294226, 0.0, 0.004393826042034493, 0.0, 0.0, 0.0, 0.0, 0.0, 0.0, 0.0017809491955519518, 0.011279070882401836, 0.0, 0.0, 0.0, 0.0, 0.0, 0.0]}