{"labels": [0, 1, 2, 3, 4, 5, 6, 7, 8, 9, 10, 11, 12, 13, 14, 15, 16, 17, 18, 19, 20, 21, 22, 23, 24, 25, 26, 27, 28, 29, 30, 31, 32, 33, 34, 35, 36, 37, 38, 39], "data": [0.0020903859328232476, 0.0, 0.0, 0.0, 0.0, 0.0, 0.0, 0.0001256304925865809, 0.0, 0.004401372500532826, 0.0, 0.0, 0.0, 0.005208924970218645, 0.0, 0.0, 0.0, 0.05505153785263072, 0.0, 0.0005328172006972234, 0.0, 0.0, 0.0, 0.006368128455122847, 0.002725248161512794, 0.0075494643970439685, 0.0, 0.0, 0.0009262666844191177, 0.010479953623811177, 0.0005433512314983699, 0.0035176417707139754, 0.0, 0.0, 0.005812891682132665, 0.0, 0.0, 0.0, 0.0, 0.0]}