{"labels": [0, 1, 2, 3, 4, 5, 6, 7, 8, 9, 10, 11, 12, 13, 14, 15, 16, 17, 18, 19, 20, 21, 22, 23, 24, 25, 26, 27, 28, 29, 30, 31, 32, 33, 34, 35, 36, 37, 38, 39], "data": [0.005250190393992382, 0.0, 0.0, 0.01699923075005049, 0.024591498356877243, 0.0, 0.009202969446811043, 0.0, 0.005660729956132682, 0.02732237018874405, 0.0014282151001957079, 0.0, 0.0, 0.0, 0.0, 0.0, 0.0037174352693239965, 0.0, 0.0, 0.0, 0.041818550679541024, 0.0, 0.0, 0.0, 0.0, 0.06026999652986458, 0.0, 0.012435857566991754, 0.0, 0.0, 0.0, 0.0, 0.0, 0.0, 0.0270778267268631, 0.0, 0.00036023024314083885, 0.0, 0.023972598468343643, 0.0007649287053984374]}