{"labels": [0, 1, 2, 3, 4, 5, 6, 7, 8, 9, 10, 11, 12, 13, 14, 15, 16, 17, 18, 19, 20, 21, 22, 23, 24, 25, 26, 27, 28, 29, 30, 31, 32, 33, 34, 35, 36, 37, 38, 39], "data": [0.0, 0.0, 0.0, 0.0, 0.0, 0.0, 0.04587878022591191, 0.0, 0.0, 0.001989025642007257, 0.010033187785477956, 9.758320848933558e-05, 0.0, 0.004399181280093179, 0.0, 0.0, 0.0034571471157547086, 0.0, 0.0, 0.0024701488220403005, 0.0, 0.0, 0.0, 0.015026624025039854, 0.00027659689023648413, 0.017442671134599505, 0.0, 0.003942116055271989, 0.0, 0.0, 0.0, 0.0008622584229921464, 0.0, 0.0, 0.017439287270299645, 0.00376769449007388, 0.0, 0.0, 0.0, 0.0]}