{"labels": [0, 1, 2, 3, 4, 5, 6, 7, 8, 9, 10, 11, 12, 13, 14, 15, 16, 17, 18, 19, 20, 21, 22, 23, 24, 25, 26, 27, 28, 29, 30, 31, 32, 33, 34, 35, 36, 37, 38, 39], "data": [0.0, 0.0, 0.0, 0.0, 0.0, 0.0, 0.033828002920711676, 0.03112280657693108, 0.11239933580567772, 0.0, 0.00842738645920728, 0.005517251731041223, 0.03876982319403886, 0.0, 0.0, 0.0, 0.0, 0.0, 0.0, 0.0, 0.0003782311539422062, 0.0033351428084789562, 0.0, 0.0, 0.0, 0.012586821127717626, 0.004256225976865601, 0.0, 0.005833571229146238, 0.006380850301050162, 0.0, 0.0024279178043889638, 0.0, 0.0022003166479356664, 0.026689973284296297, 0.0024833853348642278, 8.958083426888529e-05, 0.0, 0.035208871246635465, 0.04422299633558534]}