{"labels": [0, 1, 2, 3, 4, 5, 6, 7, 8, 9, 10, 11, 12, 13, 14, 15, 16, 17, 18, 19, 20, 21, 22, 23, 24, 25, 26, 27, 28, 29, 30, 31, 32, 33, 34, 35, 36, 37, 38, 39], "data": [0.018798440219684343, 0.0, 0.0, 0.0058150960898881105, 0.023006088454248563, 0.0031953794429644042, 0.000753660527238896, 0.0, 0.0, 0.019809962223298106, 0.0, 0.0, 0.05672472872373951, 0.0023664611619788, 0.0, 0.0, 0.03583299330942664, 0.0, 0.0041379062158820425, 0.0, 0.03275133892068269, 0.0, 0.002877647775371358, 0.016792047792166295, 0.009387687877703053, 0.0, 0.0, 0.0016973099579328007, 0.0, 0.01940034032406825, 0.0, 0.0, 0.08318574529251974, 0.0, 0.0, 0.0, 0.0, 0.004650134444435165, 0.0, 0.0]}