{"labels": [0, 1, 2, 3, 4, 5, 6, 7, 8, 9, 10, 11, 12, 13, 14, 15, 16, 17, 18, 19, 20, 21, 22, 23, 24, 25, 26, 27, 28, 29, 30, 31, 32, 33, 34, 35, 36, 37, 38, 39], "data": [0.0, 0.008735020727238578, 0.004599541015963455, 0.0, 0.0, 0.0, 0.06716517206766474, 0.0, 0.0045575072806507315, 0.000499517830469803, 0.0034169343756171758, 0.0008647453730637288, 0.0, 0.0, 0.022088235452705617, 0.0, 0.0, 0.0, 0.005089981554316514, 0.0, 0.0, 0.0, 0.0, 0.0, 0.0, 0.0, 0.0, 0.0, 0.0, 0.02334609839835277, 0.0015157091635587922, 0.0004982467807648365, 0.00042844754574531015, 0.008514133619539066, 0.005032102771240941, 0.04810912660319248, 0.0, 0.012151934776773085, 0.0, 0.002881046609981602]}