{"labels": [0, 1, 2, 3, 4, 5, 6, 7, 8, 9, 10, 11, 12, 13, 14, 15, 16, 17, 18, 19, 20, 21, 22, 23, 24, 25, 26, 27, 28, 29, 30, 31, 32, 33, 34, 35, 36, 37, 38, 39], "data": [0.022382224882338195, 0.0810174450439859, 0.0, 0.0, 0.0, 0.0, 0.0, 0.0, 0.0, 0.0, 0.11000163610384443, 0.0, 0.0, 0.0, 0.037388360059426785, 0.0, 0.0, 0.019341494776827412, 0.09801830356027827, 0.016480768696844072, 0.0, 0.0, 0.02476011930136284, 0.0, 0.03007445331328783, 0.0, 0.05092913410408349, 0.013316332190202293, 0.0, 0.0, 0.05427006189931295, 0.0, 0.0, 0.0, 0.0, 0.013900375325672945, 0.0, 0.0, 0.07682496444017785, 0.0]}