{"labels": [0, 1, 2, 3, 4, 5, 6, 7, 8, 9, 10, 11, 12, 13, 14, 15, 16, 17, 18, 19, 20, 21, 22, 23, 24, 25, 26, 27, 28, 29, 30, 31, 32, 33, 34, 35, 36, 37, 38, 39], "data": [0.001640098373862153, 0.005155115085844147, 0.005144170381596237, 0.0, 0.032030898109434665, 0.0, 0.01466199822668391, 0.01860568119701439, 0.0, 0.009148373323691597, 0.009406276176078046, 0.0, 0.0, 0.0059599821816778975, 0.0, 0.0008917678032928706, 0.022439538167438888, 0.0, 0.0, 0.0, 0.0, 0.0, 0.0, 0.003777983678324501, 0.0, 8.882828635052644e-05, 0.09613009664341635, 0.0, 0.0, 0.0, 0.0, 0.0, 0.000192060185034306, 0.0027262817691003595, 0.0, 0.0, 0.0, 0.0, 0.004928310613205884, 0.003508322832189471]}