{"labels": [0, 1, 2, 3, 4, 5, 6, 7, 8, 9, 10, 11, 12, 13, 14, 15, 16, 17, 18, 19, 20, 21, 22, 23, 24, 25, 26, 27, 28, 29, 30, 31, 32, 33, 34, 35, 36, 37, 38, 39], "data": [0.0, 0.005383783162712617, 0.0, 0.0, 0.0, 0.0, 0.0, 0.0, 0.0, 0.0, 0.0, 0.0, 0.0008213234386142887, 0.0, 0.004889066269835551, 0.0, 0.0, 0.0, 0.004080900217518089, 0.0, 0.0, 0.0016074261971765274, 0.0, 0.0, 0.0, 0.0, 0.0, 0.0, 0.0, 0.009547692885483197, 0.0, 0.0006713866788948008, 0.0, 0.023670553661559, 0.014599043836321777, 0.0, 0.002083038654252651, 0.024286485300038605, 7.940464692172202e-05, 0.005227695329679444]}