{"labels": [0, 1, 2, 3, 4, 5, 6, 7, 8, 9, 10, 11, 12, 13, 14, 15, 16, 17, 18, 19, 20, 21, 22, 23, 24, 25, 26, 27, 28, 29, 30, 31, 32, 33, 34, 35, 36, 37, 38, 39], "data": [0.023498984572060278, 0.0, 0.004689859926059018, 0.0, 0.0, 0.011056995735324785, 0.0, 0.0, 0.0, 0.014958477263101762, 0.0, 0.003072374468294658, 0.0, 0.0, 0.0, 0.0, 0.0, 0.0, 0.012426806026715228, 0.014986159015143996, 0.0, 0.006730024478066241, 0.0, 0.0, 0.003857658128971136, 0.0, 0.0, 0.0, 0.0, 0.004085070088941705, 0.0, 0.0, 0.0, 0.0016146154870675087, 0.04822402356026828, 0.0, 0.05654231266283798, 0.0, 0.0, 0.023842906623576954]}