{"labels": [0, 1, 2, 3, 4, 5, 6, 7, 8, 9, 10, 11, 12, 13, 14, 15, 16, 17, 18, 19, 20, 21, 22, 23, 24, 25, 26, 27, 28, 29, 30, 31, 32, 33, 34, 35, 36, 37, 38, 39], "data": [0.0114581593986029, 0.0, 0.0014211340242781154, 0.0017103850130304934, 0.0, 0.0, 0.016963951784086453, 0.0, 0.0016277963240678235, 0.00029687528931723504, 0.0, 0.005078228383085857, 0.00024381981363536272, 0.0, 1.4619719758020754e-05, 0.0, 0.0, 0.0, 0.0002029771750233494, 0.0, 0.0, 0.03797226355907741, 0.004833491973996941, 0.0, 0.00417630881699289, 0.0, 0.003101354899652361, 0.00015469674689070538, 0.0, 0.0, 0.0, 0.0020899583424914795, 0.0, 0.02290014217197412, 0.001340556174315195, 0.016800030050177456, 0.0, 0.0195011254861235, 0.00162852538302686, 0.0]}