{"labels": [0, 1, 2, 3, 4, 5, 6, 7, 8, 9, 10, 11, 12, 13, 14, 15, 16, 17, 18, 19, 20, 21, 22, 23, 24, 25, 26, 27, 28, 29, 30, 31, 32, 33, 34, 35, 36, 37, 38, 39], "data": [0.0, 0.0, 0.0007922642543296047, 0.0, 0.0, 0.0, 0.010192417363732657, 0.00027605738712336214, 0.00020483487871189387, 0.006739744950769016, 0.0, 0.0, 0.001521409284247576, 0.0, 0.0, 0.0, 0.0, 0.0026479442653532075, 0.0, 0.0029889721273733357, 0.0, 0.0, 0.0005905444272180977, 0.0008470634121182794, 0.0033755708990606172, 0.0, 0.0014378177807786827, 0.04228311438124709, 0.0, 0.0, 0.0012533061608039821, 0.004828779573607456, 0.0, 0.0, 0.02356679155426584, 0.0, 0.0, 0.0, 0.06650613618929828, 0.0]}