{"labels": [0, 1, 2, 3, 4, 5, 6, 7, 8, 9, 10, 11, 12, 13, 14, 15, 16, 17, 18, 19, 20, 21, 22, 23, 24, 25, 26, 27, 28, 29, 30, 31, 32, 33, 34, 35, 36, 37, 38, 39], "data": [0.0, 0.0, 0.0, 0.0, 0.002857855240539909, 0.0, 0.0, 0.02067345264642197, 0.0, 0.0, 0.0, 0.0, 0.0, 0.037676060419521915, 0.0006723636276189046, 0.0, 0.0, 0.0, 0.00413819866089402, 0.0, 0.001227459671808316, 0.0033580836279564963, 0.0, 0.03183786287804889, 0.03809567843810678, 0.00040260664502794296, 0.0, 0.023276059117311634, 0.0008179879859002884, 0.0, 0.0746779640534085, 0.010000249260076066, 0.0005539767601167556, 0.0, 0.0, 0.022687172418114323, 0.0, 0.014984340086561673, 0.015843187439431333, 0.0]}