{"labels": [0, 1, 2, 3, 4, 5, 6, 7, 8, 9, 10, 11, 12, 13, 14, 15, 16, 17, 18, 19, 20, 21, 22, 23, 24, 25, 26, 27, 28, 29, 30, 31, 32, 33, 34, 35, 36, 37, 38, 39], "data": [0.0, 0.0, 0.0003141502477600935, 0.0036917054141855964, 0.009256379902006315, 0.01570090099051542, 0.0189722368286677, 0.03543340706903023, 0.0033079228047496276, 0.0, 0.0, 0.003558786400795847, 0.0045433777633915595, 0.0031695616713942336, 0.0, 0.027548253010164402, 0.0, 0.0065766758154769045, 0.0, 0.02413762952155244, 0.0, 0.04191610987156737, 0.0, 0.0, 0.0, 0.0, 0.001465347107714992, 0.01844512609231971, 0.01384340974140727, 0.0, 0.0025937615231683055, 0.006274005371191144, 0.057303472690003625, 0.006916740038563269, 0.027306566976592346, 0.0, 0.0, 0.002485032251270561, 0.005015941944749214, 0.0]}