{"labels": [0, 1, 2, 3, 4, 5, 6, 7, 8, 9, 10, 11, 12, 13, 14, 15, 16, 17, 18, 19, 20, 21, 22, 23, 24, 25, 26, 27, 28, 29, 30, 31, 32, 33, 34, 35, 36, 37, 38, 39], "data": [0.005263687299287672, 0.02399225820756544, 0.05150480363338076, 0.0, 0.0006076362855073195, 0.02056813484780484, 0.00304625678778731, 0.0, 0.0, 0.0, 0.0008148997369966879, 0.0, 0.030762513338847036, 0.003580419742148303, 0.0, 0.0, 0.0, 0.018604580977458398, 0.0, 0.0, 0.0, 0.0, 0.04750978987718115, 0.001931493513977555, 0.0004548563444461909, 0.0, 0.0, 0.05059034294934257, 0.0, 0.010763800757646347, 0.03366758885285388, 0.0, 0.006854631447174736, 0.0, 0.0, 0.0, 0.053332925850343355, 0.01700731498241072, 0.0, 0.0]}