{"labels": [0, 1, 2, 3, 4, 5, 6, 7, 8, 9, 10, 11, 12, 13, 14, 15, 16, 17, 18, 19, 20, 21, 22, 23, 24, 25, 26, 27, 28, 29, 30, 31, 32, 33, 34, 35, 36, 37, 38, 39], "data": [0.006708164032125233, 0.0, 0.0015099566318330843, 0.0, 0.0, 0.0, 0.010350422149460917, 0.0, 0.0011391388739176468, 0.006759245189941567, 0.007182734901264645, 0.06056891287864014, 0.01903267206293933, 0.0, 0.011944304168108192, 0.030578377499197142, 0.008690288321311919, 0.013003658359970072, 0.008896076440402106, 0.0008485137605994269, 0.0, 0.015373309189034614, 0.002858541808347753, 0.0, 0.0, 0.0011829038156752133, 0.0, 0.012263294184785625, 0.003526375413169658, 0.0, 0.022927245405404893, 0.004411389851210586, 0.002915104756555946, 0.012119001265715858, 0.001424937391228845, 0.01941087713446244, 0.00844499658285456, 0.0, 0.023951008445189825, 0.02897447783352457]}