{"labels": [0, 1, 2, 3, 4, 5, 6, 7, 8, 9, 10, 11, 12, 13, 14, 15, 16, 17, 18, 19, 20, 21, 22, 23, 24, 25, 26, 27, 28, 29, 30, 31, 32, 33, 34, 35, 36, 37, 38, 39], "data": [0.04087280445314211, 0.0, 0.012886871659153832, 0.0, 0.027460176037102543, 0.0, 0.00168818048515638, 0.008197156307269018, 0.009277103701842267, 0.0, 0.0, 0.011933207061959354, 0.044447265138189335, 0.029031326353177372, 0.012825657674486995, 0.00018209117516738258, 0.06170876564369004, 0.0, 0.0, 0.0, 0.0, 0.0, 0.004282972300330552, 0.0, 0.00289230659420832, 0.00012010139654826546, 0.0, 0.01213802470507992, 0.007737842561815018, 0.0, 0.0017007903335383896, 0.0056205594679390215, 0.0, 0.0, 0.0, 0.002193255586306497, 0.0, 0.0, 0.0014636183875075047, 0.0]}