{"labels": [0, 1, 2, 3, 4, 5, 6, 7, 8, 9, 10, 11, 12, 13, 14, 15, 16, 17, 18, 19, 20, 21, 22, 23, 24, 25, 26, 27, 28, 29, 30, 31, 32, 33, 34, 35, 36, 37, 38, 39], "data": [0.0, 0.011593516876358135, 0.015209471473647741, 0.0042164267457658194, 0.0, 0.01459075025275027, 0.0, 0.029975179643103582, 0.0005782716342402644, 0.007372024062224848, 0.006619999894036246, 0.0014394099661809749, 0.0, 0.0, 0.0, 0.0, 0.0, 0.008457764777687586, 0.02417230529498106, 0.0006200401572089401, 0.0, 0.0, 0.004021611291963716, 0.0, 0.0, 0.0, 0.037952967995987866, 0.0, 0.0, 0.0, 0.0, 0.044869506928107, 0.06210380556450062, 0.0, 0.0, 0.0, 0.056209221450913206, 0.00270349953295581, 0.0028032962991026518, 0.0]}