{"labels": [0, 1, 2, 3, 4, 5, 6, 7, 8, 9, 10, 11, 12, 13, 14, 15, 16, 17, 18, 19, 20, 21, 22, 23, 24, 25, 26, 27, 28, 29, 30, 31, 32, 33, 34, 35, 36, 37, 38, 39], "data": [0.0, 0.0, 0.0, 0.0008089670516708355, 0.0, 0.020480113784321536, 0.001406612197842665, 0.0, 0.0, 0.001486536707293407, 0.0, 0.004663268111392858, 0.011811298003837505, 0.0, 0.007163146325297398, 0.0, 0.0, 0.0, 0.0, 4.1365707702187916e-05, 0.0, 0.004831756218941231, 0.002905683533615855, 0.00014626533461537103, 0.0026916549860762306, 0.0, 0.0006909658852069107, 0.04047197995549627, 0.0, 0.0, 0.0019239630636358257, 0.0, 0.0, 0.011849496305374373, 0.001425387559606252, 0.010655601898156128, 0.014061653069025092, 0.02606312407037656, 0.0, 0.0]}