{"labels": [0, 1, 2, 3, 4, 5, 6, 7, 8, 9, 10, 11, 12, 13, 14, 15, 16, 17, 18, 19, 20, 21, 22, 23, 24, 25, 26, 27, 28, 29, 30, 31, 32, 33, 34, 35, 36, 37, 38, 39], "data": [0.0, 0.006095190560014972, 0.0011140927549954818, 0.0, 0.0, 0.009949649406881466, 0.001070851278257587, 0.029954576759523312, 0.0, 0.0, 0.008619369830898638, 0.0, 0.0, 0.0, 0.010983811966282548, 0.0, 0.0008967787519479796, 0.0, 0.0, 0.0014736275976719164, 0.02354110620722806, 0.0, 0.0004284399845208645, 0.005043705236910889, 0.0008238587448590252, 0.0, 0.045469106096529245, 0.0, 0.0, 0.0, 0.003785992298420939, 0.0, 0.005120890009200987, 0.0042104574311769925, 0.0, 0.12608386502069732, 0.0, 0.006068372181835578, 0.007078858284727776, 0.0035746661578998982]}