{"labels": [0, 1, 2, 3, 4, 5, 6, 7, 8, 9, 10, 11, 12, 13, 14, 15, 16, 17, 18, 19, 20, 21, 22, 23, 24, 25, 26, 27, 28, 29, 30, 31, 32, 33, 34, 35, 36, 37, 38, 39], "data": [0.010205413118226947, 0.0025340304186013745, 0.0006720266241615341, 0.0, 0.01013055336998282, 0.0, 0.0, 0.03921413923311584, 0.0, 0.03143188594968548, 0.000652468369903452, 0.0, 0.0008872497642470851, 0.0, 0.0, 0.0, 0.0, 0.01245371113118147, 0.01137010631987845, 0.0, 0.0, 0.004226581108579181, 0.0, 0.05209241290070104, 0.00527355690071797, 0.0, 0.004842663009576062, 0.028707550447373817, 0.00226025395661695, 0.008674572548008448, 0.00809700214417569, 0.005850881054291717, 0.0018015666067388663, 0.006194355518090635, 0.0028164421583583817, 0.02703998097883656, 0.0016811856973335646, 0.013049249118047735, 0.0, 0.0]}