{"labels": [0, 1, 2, 3, 4, 5, 6, 7, 8, 9, 10, 11, 12, 13, 14, 15, 16, 17, 18, 19, 20, 21, 22, 23, 24, 25, 26, 27, 28, 29, 30, 31, 32, 33, 34, 35, 36, 37, 38, 39], "data": [0.0003924914565927105, 0.002875363223713043, 0.002181671681190971, 0.0, 0.000318438320977566, 0.0, 0.002056440988950113, 0.039289702531812694, 0.0, 0.017432949598527314, 0.005670390033490728, 0.0, 0.023456764289924013, 0.000515645045266315, 0.02359697604985515, 0.0, 0.0, 0.0, 0.0, 0.0, 0.0, 0.0, 0.0, 0.0, 0.0, 0.0, 0.0, 0.0, 0.0, 0.003848939292211146, 0.018130845802118163, 0.0, 0.0, 0.0, 0.0, 0.0, 0.0, 0.006262343456589678, 0.0011766602563194968, 0.0]}