{"labels": [0, 1, 2, 3, 4, 5, 6, 7, 8, 9, 10, 11, 12, 13, 14, 15, 16, 17, 18, 19, 20, 21, 22, 23, 24, 25, 26, 27, 28, 29, 30, 31, 32, 33, 34, 35, 36, 37, 38, 39], "data": [0.002334682408936525, 0.01167203335449076, 0.0, 0.0, 0.005472871279598893, 0.0, 0.0, 0.0, 0.0, 0.024136851579085017, 0.0, 0.0, 0.0, 0.0027544601783180645, 0.020005172167443346, 0.0, 0.0024926391768920896, 0.0033757405127593527, 0.006961304218198362, 0.0, 0.0, 0.0, 0.0, 0.0, 0.0, 0.0, 0.0, 0.0, 0.0, 0.012765907392219155, 0.0, 0.0, 0.0, 0.010458034833927774, 0.003807369681359065, 0.0013719189641611792, 0.04274670395424974, 0.0, 0.0, 0.0016882173982962125]}