{"labels": [0, 1, 2, 3, 4, 5, 6, 7, 8, 9, 10, 11, 12, 13, 14, 15, 16, 17, 18, 19, 20, 21, 22, 23, 24, 25, 26, 27, 28, 29, 30, 31, 32, 33, 34, 35, 36, 37, 38, 39], "data": [0.0014469519179720067, 0.0, 0.0023187671997354957, 0.0, 0.0, 0.013066693722396534, 0.008844085079955774, 0.0, 0.0073179446452581, 0.0015938504681762425, 0.009450693019157672, 0.008951185736780358, 0.0, 0.0, 0.0, 0.0, 0.0012252753112709813, 0.0, 0.0, 0.0013429033530392056, 0.0, 0.0, 0.0032003570893693596, 0.0, 0.003323793511499561, 0.0, 0.0027571395503789738, 0.0, 0.0, 0.0, 0.009327757099402026, 0.004495534911621774, 0.0, 0.046917945924461975, 0.0, 0.0, 0.0, 0.0, 0.058713168607849524, 0.05997608490520296]}