{"labels": [0, 1, 2, 3, 4, 5, 6, 7, 8, 9, 10, 11, 12, 13, 14, 15, 16, 17, 18, 19, 20, 21, 22, 23, 24, 25, 26, 27, 28, 29, 30, 31, 32, 33, 34, 35, 36, 37, 38, 39], "data": [0.0, 0.007279750303214508, 0.0029625779039947403, 0.0, 0.04515007584311141, 0.0, 0.013014209846634997, 0.0, 0.0, 0.006324886265200381, 0.0, 0.00239655384402646, 0.0, 0.012246952443910263, 0.0, 0.02588141704904117, 0.0, 0.005699805445996054, 0.0, 0.0, 0.0, 0.0, 0.0, 0.031874588935733195, 0.0, 0.03086681623748336, 0.0, 0.0, 0.00651317853302654, 0.0, 0.023399072460849858, 0.0026947750832364645, 0.0, 0.0005518140046392853, 0.007172992603907236, 0.0, 0.008481963816826109, 0.0, 0.0, 0.008871538553584258]}