{"labels": [0, 1, 2, 3, 4, 5, 6, 7, 8, 9, 10, 11, 12, 13, 14, 15, 16, 17, 18, 19, 20, 21, 22, 23, 24, 25, 26, 27, 28, 29, 30, 31, 32, 33, 34, 35, 36, 37, 38, 39], "data": [0.0, 0.0, 0.029490083063006853, 0.008086028604983836, 0.0, 0.0024430569844673695, 0.009629576727832087, 0.0, 0.0, 0.019770984869667996, 0.0, 0.044902916043810207, 0.006947474110703982, 0.001509337836656127, 0.0, 0.0, 0.0380984773514491, 0.0, 0.0, 0.0, 0.0, 0.02749532602339303, 0.0, 0.0, 0.008728133518514612, 0.0, 0.05715324866713527, 0.0, 0.0, 0.0, 0.00219784141083318, 0.062394887622753976, 0.0, 0.0, 0.0, 0.0, 0.02128903681501061, 0.061321542602289024, 0.0, 0.0]}