{"labels": [0, 1, 2, 3, 4, 5, 6, 7, 8, 9, 10, 11, 12, 13, 14, 15, 16, 17, 18, 19, 20, 21, 22, 23, 24, 25, 26, 27, 28, 29, 30, 31, 32, 33, 34, 35, 36, 37, 38, 39], "data": [0.0, 0.0, 0.0, 0.0, 0.006525217824769746, 0.008217223551319326, 0.024770749440521073, 0.01632823102504611, 0.0, 0.015670816188757593, 0.013323740091959902, 0.0, 0.048034948967548736, 0.0, 0.014444904601482402, 0.0, 0.0, 0.0, 0.008414123149719404, 0.00032140800945854514, 0.05920462881775631, 0.0035923718797305263, 0.008361433848339152, 0.0, 0.008632210172433345, 0.0, 0.0005030876331376734, 0.0, 0.013118811880449761, 0.0, 0.047843512008016495, 0.0, 0.031380650164179985, 0.0, 0.0, 0.026630774919783082, 0.023557917059212, 0.0, 0.000498135753509625, 0.0]}