{"labels": [0, 1, 2, 3, 4, 5, 6, 7, 8, 9, 10, 11, 12, 13, 14, 15, 16, 17, 18, 19, 20, 21, 22, 23, 24, 25, 26, 27, 28, 29, 30, 31, 32, 33, 34, 35, 36, 37, 38, 39], "data": [0.0, 0.05630016861265271, 0.0, 0.0, 0.0056417471181319494, 0.0, 0.004033489109033138, 0.019191725631682786, 0.0, 0.006382603178700023, 0.00882043565493435, 0.0, 0.0, 0.0, 0.02389472352141849, 0.0, 0.0, 0.002317958729085986, 0.0, 0.0, 0.0, 0.0, 0.0, 0.002402370319265401, 0.0, 0.01214094845397029, 0.0, 0.0, 0.0, 0.0, 0.0, 0.0, 0.03416404750391216, 0.0, 0.013706656951156816, 0.01626317112014291, 0.1165695649121305, 0.0, 0.0, 0.0]}