{"labels": [0, 1, 2, 3, 4, 5, 6, 7, 8, 9, 10, 11, 12, 13, 14, 15, 16, 17, 18, 19, 20, 21, 22, 23, 24, 25, 26, 27, 28, 29, 30, 31, 32, 33, 34, 35, 36, 37, 38, 39], "data": [0.0, 0.0, 0.0018371152831810778, 0.0, 0.014303249598992642, 0.0, 0.015668131175500626, 0.0004061575949834359, 0.00018133752912625594, 0.0, 0.0001386464218949844, 0.0012982077791182825, 0.0, 0.0034594313606072322, 0.0, 0.0, 0.014803920298720357, 0.005870507721612313, 0.0, 0.0003513055598065839, 0.0, 0.01297786985145374, 0.0026712890431402586, 0.0016468066886859752, 0.0, 0.0, 0.004874403422032663, 0.010736205845347927, 0.0, 0.0, 0.001050599510949734, 0.013615129903297718, 0.0011778399118165524, 0.0, 0.0, 0.011976259007403062, 0.0, 0.016321929498073484, 0.0038290057093737753, 0.0]}