{"labels": [0, 1, 2, 3, 4, 5, 6, 7, 8, 9, 10, 11, 12, 13, 14, 15, 16, 17, 18, 19, 20, 21, 22, 23, 24, 25, 26, 27, 28, 29, 30, 31, 32, 33, 34, 35, 36, 37, 38, 39], "data": [0.0, 0.004388433190398104, 0.004402705386086137, 0.0, 0.0, 0.0, 0.007106201607621308, 0.0, 0.0025420902554790714, 0.04238759514956834, 0.006747672509209679, 0.0009687723665930009, 0.0, 0.0, 0.00015697746771987546, 0.0, 0.0, 0.0, 0.0, 0.0, 0.0, 0.0, 0.0, 0.005842510336852402, 0.0030967518560667596, 0.0, 0.0, 0.032474234095523254, 0.0, 0.0, 0.002031237072452844, 0.0, 0.05695596381933007, 0.00042057370697479315, 0.0, 0.0, 0.0, 0.005296440200154247, 0.0, 0.0]}