{"labels": [0, 1, 2, 3, 4, 5, 6, 7, 8, 9, 10, 11, 12, 13, 14, 15, 16, 17, 18, 19, 20, 21, 22, 23, 24, 25, 26, 27, 28, 29, 30, 31, 32, 33, 34, 35, 36, 37, 38, 39], "data": [0.0, 0.0, 0.00020855482997707286, 0.0, 0.0, 0.0, 0.0, 0.0, 0.0, 0.003535274915826696, 0.0, 0.0, 0.0, 0.007282440366819872, 0.0, 0.0019055391566923318, 0.0, 0.012182294067814639, 0.0017757875764305192, 0.0, 0.037286834343283386, 0.0, 0.0, 0.005964141194901822, 0.0, 0.0017712276647044469, 0.0, 0.00015949154829756964, 0.0, 0.0, 0.0, 0.0, 0.0005782893061314147, 0.0, 0.020963488910288115, 0.10484446533554398, 0.0, 0.0, 0.011730545410493409, 0.0012902795628721717]}