{"labels": [0, 1, 2, 3, 4, 5, 6, 7, 8, 9, 10, 11, 12, 13, 14, 15, 16, 17, 18, 19, 20, 21, 22, 23, 24, 25, 26, 27, 28, 29, 30, 31, 32, 33, 34, 35, 36, 37, 38, 39], "data": [0.0032977375158060266, 0.0, 0.0, 0.023446245768886743, 0.0006581859716607825, 0.0009784245575443612, 0.0, 0.001154756027904301, 0.0, 0.0022840665235864437, 0.0, 0.0, 0.0, 0.0, 0.0004980230086681996, 0.0, 0.03828300153655886, 0.0, 0.0, 0.0, 0.01413723210919992, 0.0, 0.0, 0.010671910551680371, 0.0010228371752912628, 0.03365757109365797, 0.0, 0.020485750267746277, 0.0, 0.0, 0.030893282410873576, 0.0011013182342447345, 0.0009671083106287249, 0.0045638873828905005, 0.006731197081212376, 0.0002779874258190957, 0.0, 0.013378345776073629, 0.0, 0.0]}