{"labels": [0, 1, 2, 3, 4, 5, 6, 7, 8, 9, 10, 11, 12, 13, 14, 15, 16, 17, 18, 19, 20, 21, 22, 23, 24, 25, 26, 27, 28, 29, 30, 31, 32, 33, 34, 35, 36, 37, 38, 39], "data": [0.0, 0.0022252703195096406, 0.014017804245757897, 0.009827833097460343, 0.0, 0.0, 0.010535258333868746, 0.028051054150629348, 0.0008089424432824457, 0.02119967584258537, 0.019851644734212706, 0.0, 0.0, 0.04050349597066484, 0.0, 0.06266311196109665, 0.0, 0.008167727212483123, 0.0, 0.024614453911568808, 0.0, 0.004591778239848765, 0.0, 0.03410421317882025, 0.020418409771403686, 0.0, 0.0, 0.0, 0.0, 0.0, 0.003970950733824715, 0.0, 0.0, 0.007969890414544024, 0.0, 0.0, 0.0, 0.0, 0.030688463527854194, 0.0]}