{"labels": [0, 1, 2, 3, 4, 5, 6, 7, 8, 9, 10, 11, 12, 13, 14, 15, 16, 17, 18, 19, 20, 21, 22, 23, 24, 25, 26, 27, 28, 29, 30, 31, 32, 33, 34, 35, 36, 37, 38, 39], "data": [0.0, 0.006123470721313689, 0.0, 0.0, 0.012161517325785779, 0.011074769650814865, 0.04618684561867299, 0.0016199720148795625, 0.0, 0.0, 0.040972531172691534, 0.0, 0.0, 0.0011398850186465361, 0.0, 0.00012589149930256974, 0.0, 0.010374898560974254, 0.0, 0.0, 0.00395535488189669, 0.0, 0.0057140188369620495, 0.007078848849351826, 0.00662533259686539, 0.0, 0.0, 0.0, 0.0, 0.009356485501068119, 0.0, 0.0, 0.00027923873337082746, 0.006139159928102161, 0.0, 0.0, 0.0, 0.014157104983390284, 0.0, 0.0]}