{"labels": [0, 1, 2, 3, 4, 5, 6, 7, 8, 9, 10, 11, 12, 13, 14, 15, 16, 17, 18, 19, 20, 21, 22, 23, 24, 25, 26, 27, 28, 29, 30, 31, 32, 33, 34, 35, 36, 37, 38, 39], "data": [0.004647097894082328, 0.004232932535986789, 0.02292502659555634, 0.037351715836478463, 0.0, 0.0, 0.0, 0.03089253556392375, 0.0, 0.0, 0.0015617990047927571, 0.0012118367994064705, 0.0, 0.0, 0.019119090887054112, 0.0, 0.0, 0.0, 0.0003536795294408658, 0.0, 0.0, 0.0, 0.002475232793432008, 0.10150462258107366, 0.0034583528708993405, 0.0, 0.00033416403325822925, 0.0, 0.0, 0.003080352681891545, 0.018453103120886417, 0.004312124154624418, 0.0, 0.0, 0.0026890114238097445, 0.0, 0.0, 0.018369393471477143, 0.0, 0.0]}