{"labels": [0, 1, 2, 3, 4, 5, 6, 7, 8, 9, 10, 11, 12, 13, 14, 15, 16, 17, 18, 19, 20, 21, 22, 23, 24, 25, 26, 27, 28, 29, 30, 31, 32, 33, 34, 35, 36, 37, 38, 39], "data": [0.0038992095456823993, 0.0, 0.028454261299781347, 0.0, 0.0011436344435988043, 0.0, 0.0, 0.0, 0.0, 0.0, 0.02528849979464786, 0.0, 0.0, 0.0009375523791868038, 0.011902764640342, 0.004172359918499556, 0.0, 0.0, 0.0, 0.0, 0.0, 0.0021588043689906053, 0.0, 0.0, 0.05167905983216718, 0.0, 0.0, 0.0, 0.0, 0.0, 0.007463568149068962, 0.0009277748425977259, 0.0, 0.0, 0.0, 0.0, 0.002088392082934628, 0.014043151799061567, 0.06963769439129874, 0.0]}