{"labels": [0, 1, 2, 3, 4, 5, 6, 7, 8, 9, 10, 11, 12, 13, 14, 15, 16, 17, 18, 19, 20, 21, 22, 23, 24, 25, 26, 27, 28, 29, 30, 31, 32, 33, 34, 35, 36, 37, 38, 39], "data": [0.0, 0.0005900156005106876, 0.0, 0.029081759061170723, 0.0016780678114745077, 0.0, 0.0, 0.0, 0.0, 0.014512371261662696, 0.0, 0.0, 0.005175002875783183, 0.0, 0.0, 0.010253716767030378, 0.001596896171128839, 0.00043877652670657613, 0.0, 0.03848310034059968, 0.05066705256540583, 0.08464302497521665, 0.034341375102020184, 0.010064182519884612, 0.0034878183550668008, 0.0037699115731582894, 0.030000845905026736, 3.843908701960996e-05, 0.0, 0.0, 0.007280116395486918, 0.0006710754887892678, 0.0, 0.01699107169084719, 0.0011139682903156638, 0.01752976843790107, 0.0, 0.0, 0.0, 0.0]}