{"labels": [0, 1, 2, 3, 4, 5, 6, 7, 8, 9, 10, 11, 12, 13, 14, 15, 16, 17, 18, 19, 20, 21, 22, 23, 24, 25, 26, 27, 28, 29, 30, 31, 32, 33, 34, 35, 36, 37, 38, 39], "data": [0.05132060482054769, 0.0, 0.0, 0.0, 0.05241771963394889, 0.0, 0.013477681080264184, 0.0, 0.0, 0.000470466770039788, 0.003333048143085345, 0.0, 0.0, 0.00448398223466282, 0.0, 0.0, 0.027731507021705095, 0.0, 0.0, 0.0025996956205983986, 0.0, 0.0, 0.0, 0.005908554901500961, 0.0, 0.0033699145301371723, 0.0, 0.0, 0.0, 0.007437764014659627, 0.04416437334368002, 0.0, 0.03442919917722987, 0.0, 0.0, 0.0, 0.0, 0.0, 0.0, 0.0]}