{"labels": [0, 1, 2, 3, 4, 5, 6, 7, 8, 9, 10, 11, 12, 13, 14, 15, 16, 17, 18, 19, 20, 21, 22, 23, 24, 25, 26, 27, 28, 29, 30, 31, 32, 33, 34, 35, 36, 37, 38, 39], "data": [0.0, 0.0017032230671465633, 0.0, 0.0, 0.003721860914086328, 0.0, 0.0, 0.0, 0.0, 0.00385722072404165, 0.0, 0.0015230975073807114, 0.010275612669373912, 0.0, 0.0, 0.0, 0.000950022568123426, 0.007788501795523867, 0.00461558160204173, 0.0, 0.0, 0.043921338068013224, 0.09023197007416904, 0.0, 0.0, 0.020853150423282545, 0.0, 0.0, 0.01476620217617425, 0.0, 0.0, 0.0, 0.004397477503645376, 0.0, 0.003230630648509909, 0.004241745251303467, 0.0, 0.0007942502987317168, 0.0007595545379787596, 0.0012593951112874955]}