{"labels": [0, 1, 2, 3, 4, 5, 6, 7, 8, 9, 10, 11, 12, 13, 14, 15, 16, 17, 18, 19, 20, 21, 22, 23, 24, 25, 26, 27, 28, 29, 30, 31, 32, 33, 34, 35, 36, 37, 38, 39], "data": [0.0, 0.017693410066218183, 0.0, 0.0, 0.00639993565091823, 0.009619720294168767, 0.01136674336416601, 0.020070134469781776, 0.13033560428048235, 0.0, 0.0, 0.0009489217582737247, 0.0, 0.0, 0.0, 0.0004226730453376693, 0.0, 0.0025467327912796498, 0.040707567014055764, 0.0, 0.0, 0.0, 0.0, 0.0, 0.0, 0.01149517149768825, 0.0, 0.0, 0.0, 0.0, 0.0, 0.0, 0.0, 0.0, 0.017249411613964486, 0.0, 0.0, 0.004332972366316271, 0.012541617503283198, 0.00831864507095328]}