{"labels": [0, 1, 2, 3, 4, 5, 6, 7, 8, 9, 10, 11, 12, 13, 14, 15, 16, 17, 18, 19, 20, 21, 22, 23, 24, 25, 26, 27, 28, 29, 30, 31, 32, 33, 34, 35, 36, 37, 38, 39], "data": [0.0, 0.008299638432370466, 0.0, 0.0020534676993221278, 0.008953472272149102, 0.06594162935795121, 0.03519097450179756, 0.0, 0.0, 0.007012632150253029, 0.02904890876458648, 0.03972003229830432, 0.0, 0.0, 0.0, 0.0, 0.0, 0.0004719798888445102, 0.0, 0.0, 0.00368972556873889, 0.0, 0.0, 0.003945008555306504, 0.02115155337091295, 0.0, 0.0004024487453587751, 0.0, 0.015971437638345735, 0.01503242552193914, 0.0, 0.0012030369875871885, 0.0008383735924601399, 0.006792073403991934, 0.0, 0.0, 0.0, 0.0013925993507967656, 0.0, 0.03964155551855136]}