{"labels": [0, 1, 2, 3, 4, 5, 6, 7, 8, 9, 10, 11, 12, 13, 14, 15, 16, 17, 18, 19, 20, 21, 22, 23, 24, 25, 26, 27, 28, 29, 30, 31, 32, 33, 34, 35, 36, 37, 38, 39], "data": [0.0, 0.0, 0.0, 0.004053821219537767, 0.0, 0.0, 0.03280840663030548, 0.0, 0.0010096194847352552, 0.005859872751240653, 0.0, 0.0, 0.007162348274235749, 0.0, 0.0, 0.0, 0.0, 0.0013658771992086573, 0.0, 0.0, 0.004582995559796767, 0.0, 0.0, 0.005763775657603161, 0.0, 0.0, 0.0, 0.0, 0.0, 0.0, 0.0008474939397869948, 0.0, 0.0008678897916365421, 0.09678990106557052, 0.0, 0.0, 0.01916126482151337, 0.0, 0.0, 0.0]}