{"labels": [0, 1, 2, 3, 4, 5, 6, 7, 8, 9, 10, 11, 12, 13, 14, 15, 16, 17, 18, 19, 20, 21, 22, 23, 24, 25, 26, 27, 28, 29, 30, 31, 32, 33, 34, 35, 36, 37, 38, 39], "data": [0.00252270773149544, 0.029170323799320982, 0.022366866577567403, 0.0, 0.018938485706080248, 0.0, 0.001975711625522092, 0.0, 0.002819054037065621, 0.001636154712844132, 0.012736236024621586, 0.0, 0.016851128546469762, 0.0002055398400413717, 0.0, 0.0, 0.005051273520356345, 0.0, 0.0009794002720016608, 9.560755367012213e-05, 0.0, 0.0013063822290993012, 0.0, 0.0, 0.01226116883010067, 0.0, 0.0, 0.008639128050120605, 0.0010135247710303331, 0.007460919448048788, 0.0, 0.0038679814466831956, 0.0, 0.03570697956783338, 0.003182548792007419, 0.0002473536290083555, 0.0008776237845306332, 0.0029581748986399386, 0.0, 0.0]}