{"labels": [0, 1, 2, 3, 4, 5, 6, 7, 8, 9, 10, 11, 12, 13, 14, 15, 16, 17, 18, 19, 20, 21, 22, 23, 24, 25, 26, 27, 28, 29, 30, 31, 32, 33, 34, 35, 36, 37, 38, 39], "data": [0.0, 0.0, 0.0, 0.015007604221087305, 0.010542011906577137, 0.011031460342392444, 0.0037510824910803836, 0.0, 0.0, 0.0, 0.0, 0.0, 0.015759872235162047, 0.0, 0.0, 0.00019429996150368062, 0.0717629939435667, 0.00032243548985046714, 0.0, 0.0, 0.0, 0.0, 0.0020621918022729595, 0.0, 0.0034355459653165445, 0.00961774378726764, 0.007359065893813468, 0.001976511523654258, 0.020425622113547037, 0.0044247920292058264, 0.002769662785569473, 0.0, 0.0, 0.013926019422758406, 0.0, 0.0, 0.0, 0.0642753505097721, 0.00631338184419666, 0.00041586002248224745]}