{"labels": [0, 1, 2, 3, 4, 5, 6, 7, 8, 9, 10, 11, 12, 13, 14, 15, 16, 17, 18, 19, 20, 21, 22, 23, 24, 25, 26, 27, 28, 29, 30, 31, 32, 33, 34, 35, 36, 37, 38, 39], "data": [0.0, 0.015031018804936416, 0.0, 0.0, 0.005858971624919386, 0.0, 0.005390725598584893, 0.0, 0.0, 0.0, 0.13936853513953534, 0.0, 0.0, 0.0, 0.022642418361447633, 0.0, 0.0, 0.0, 0.0, 0.04519758599151618, 0.0, 0.0, 0.0, 0.0, 0.0, 0.0, 0.0011177930021885646, 0.0, 0.0, 0.0, 0.018851184229370065, 0.0013483978910190377, 0.0039478241491883, 0.0, 0.0, 0.0, 0.0, 0.0, 0.024198161660857302, 0.0]}