{"labels": [0, 1, 2, 3, 4, 5, 6, 7, 8, 9, 10, 11, 12, 13, 14, 15, 16, 17, 18, 19, 20, 21, 22, 23, 24, 25, 26, 27, 28, 29, 30, 31, 32, 33, 34, 35, 36, 37, 38, 39], "data": [0.020968397458876957, 0.0, 0.0, 0.0, 0.011141263273882316, 0.0, 0.0, 0.0, 0.0, 0.0, 0.003381807359348532, 0.003936441101750445, 0.009099490362821995, 0.06011646420127528, 0.007518403858824606, 0.045642450340744524, 0.001090808684082785, 0.025742112876210622, 0.03667021958013152, 0.002068013823008781, 0.016142887064026647, 0.0008735145197527834, 0.0, 0.0033473907329523355, 0.0, 0.02864149095899211, 0.0, 0.0, 0.0, 0.0, 0.005447152500555504, 0.0016070183937785339, 0.01983482729033101, 0.0038535244326838108, 0.0, 0.0, 0.017975350915696017, 0.0, 0.0020097670205345692, 0.00588066540165171]}