{"labels": [0, 1, 2, 3, 4, 5, 6, 7, 8, 9, 10, 11, 12, 13, 14, 15, 16, 17, 18, 19, 20, 21, 22, 23, 24, 25, 26, 27, 28, 29, 30, 31, 32, 33, 34, 35, 36, 37, 38, 39], "data": [0.0, 0.0, 0.011872787323163261, 0.05037659175499624, 0.057509529093770675, 0.0, 0.013598760289557692, 0.01927957902960801, 0.0008101938574880529, 0.0, 0.0, 0.0, 0.00011030134763276654, 0.0, 0.06214285089312166, 0.0, 0.0, 0.0, 0.0, 0.0, 0.0, 0.0, 0.036913860818273414, 0.0, 0.0, 0.022123776576964262, 0.027626196260543103, 0.0, 0.0737717963839989, 0.0, 0.0, 0.0, 0.0, 0.0, 0.04069430737075147, 0.0, 0.0, 0.0, 0.0, 0.0]}