{"labels": [0, 1, 2, 3, 4, 5, 6, 7, 8, 9, 10, 11, 12, 13, 14, 15, 16, 17, 18, 19, 20, 21, 22, 23, 24, 25, 26, 27, 28, 29, 30, 31, 32, 33, 34, 35, 36, 37, 38, 39], "data": [0.0, 0.059580262673791115, 0.0, 0.0, 0.0, 0.0, 0.0, 0.30344526275925454, 0.0, 0.0, 0.0, 0.0, 0.0, 0.0, 0.0, 0.0, 0.0, 0.0, 0.0, 0.0, 0.0, 0.0, 0.0, 0.0, 0.01835714210695282, 0.0, 0.04108454368306211, 0.0394307972631885, 0.0, 0.0, 0.0, 0.030355715672456363, 0.0, 0.0, 0.0, 0.0, 0.0, 0.051849231377295746, 0.0, 0.0]}