{"labels": [0, 1, 2, 3, 4, 5, 6, 7, 8, 9, 10, 11, 12, 13, 14, 15, 16, 17, 18, 19, 20, 21, 22, 23, 24, 25, 26, 27, 28, 29, 30, 31, 32, 33, 34, 35, 36, 37, 38, 39], "data": [0.0, 0.04267610451965301, 0.0, 0.00012841645647827162, 0.0, 0.10668718159341914, 0.0026772133341880756, 0.0, 0.0, 0.021846147856881822, 0.01755695232148871, 0.0, 0.0, 0.0, 0.0, 0.0, 0.00785364396679476, 0.006347505801147237, 0.0, 0.0, 0.007121853825164267, 0.0, 0.0, 0.0, 0.0, 0.0, 0.0, 0.0041359361390395115, 0.023748890653805116, 0.0, 0.02387385538675298, 0.002299346486849458, 0.0, 0.0, 0.0029744980845462137, 0.0, 0.0, 0.006546554354627166, 0.0, 0.0]}