{"labels": [0, 1, 2, 3, 4, 5, 6, 7, 8, 9, 10, 11, 12, 13, 14, 15, 16, 17, 18, 19, 20, 21, 22, 23, 24, 25, 26, 27, 28, 29, 30, 31, 32, 33, 34, 35, 36, 37, 38, 39], "data": [0.0, 0.0, 0.007365468295838234, 0.0, 0.018323717791063746, 8.138420982010192e-05, 0.0, 0.09514464376325689, 0.0, 0.0, 0.022986368577615393, 0.0, 0.0, 0.0, 0.0, 0.0, 0.0, 0.0, 0.0, 0.0010239463143358388, 0.0, 0.0, 0.0, 0.0, 0.058387993488773465, 0.0, 0.0, 0.0014029807607156067, 0.005646988324160867, 0.0028073094496179046, 0.0, 0.0, 0.0, 0.026611106931643536, 0.019498856303441562, 0.0, 0.0, 0.0, 0.0, 0.0]}