{"labels": [0, 1, 2, 3, 4, 5, 6, 7, 8, 9, 10, 11, 12, 13, 14, 15, 16, 17, 18, 19, 20, 21, 22, 23, 24, 25, 26, 27, 28, 29, 30, 31, 32, 33, 34, 35, 36, 37, 38, 39], "data": [0.006263257043756687, 0.0, 0.0, 0.006741244630340065, 0.016887187897339034, 0.044972133805782355, 0.00621578642759737, 0.0, 0.004623027567058051, 0.06025110785150711, 0.0001184597451739104, 0.006429002337793336, 0.0, 0.0, 0.024902414737946917, 0.0, 0.004701262184957159, 0.004571931321315781, 0.0, 0.0, 0.0, 0.0008416199151235806, 0.0026965790923671584, 0.016124420327433598, 0.002744820165198378, 0.0, 0.0, 0.0, 0.0, 0.0, 0.0, 0.0020445252671939394, 0.0, 0.0, 0.0010405206301264134, 0.0, 0.0, 0.018819504547120447, 0.0, 0.0]}