{"labels": [0, 1, 2, 3, 4, 5, 6, 7, 8, 9, 10, 11, 12, 13, 14, 15, 16, 17, 18, 19, 20, 21, 22, 23, 24, 25, 26, 27, 28, 29, 30, 31, 32, 33, 34, 35, 36, 37, 38, 39], "data": [0.002935138085646434, 0.0050385413821429515, 0.0, 4.198316667773872e-05, 0.01894515601345081, 0.0, 0.012323759563837989, 0.0, 0.0, 0.0007454496356617711, 0.0, 0.0, 0.0, 0.00838304286255195, 0.0, 0.0, 0.0, 0.0, 0.0, 0.0, 0.0, 0.029431513382614852, 0.07294372708488532, 0.013013478186185127, 0.0, 0.0125913770500596, 0.0, 0.02065304865173433, 0.0, 0.0, 0.027153501260067665, 0.00041539151012041497, 0.0021557419644955694, 0.03522224895562737, 0.005196420101326467, 0.0033154293675713062, 0.0, 0.0, 0.0, 0.0]}