{"labels": [0, 1, 2, 3, 4, 5, 6, 7, 8, 9, 10, 11, 12, 13, 14, 15, 16, 17, 18, 19, 20, 21, 22, 23, 24, 25, 26, 27, 28, 29, 30, 31, 32, 33, 34, 35, 36, 37, 38, 39], "data": [0.003978459110678179, 0.0019349981047176853, 0.0003836762176134333, 0.0, 0.0, 0.05473568316215663, 0.003988918807862059, 0.0, 0.0, 0.0, 0.0038594567695277573, 0.0, 0.038965982528371156, 0.0, 0.007269167827942115, 0.014034781113949069, 0.0011253326477356942, 0.0010505315092255818, 0.010671807256862162, 0.001751223833809323, 0.0, 0.0, 0.0009881794035681132, 0.0, 0.0, 0.010770631701936892, 0.0, 0.0013195187264231053, 0.0, 0.0, 0.03995132702655375, 0.0, 0.0, 0.0076153349987204645, 0.0, 0.046331922584539234, 0.0, 0.027266311761918145, 0.05086534692912585, 0.040098060115881344]}