{"labels": [0, 1, 2, 3, 4, 5, 6, 7, 8, 9, 10, 11, 12, 13, 14, 15, 16, 17, 18, 19, 20, 21, 22, 23, 24, 25, 26, 27, 28, 29, 30, 31, 32, 33, 34, 35, 36, 37, 38, 39], "data": [0.0, 0.0, 0.027306317763320678, 0.0, 0.0, 0.0, 0.017813799292834033, 0.0, 0.0, 0.0, 0.0, 0.0, 0.012201946491544774, 0.0, 0.0, 0.0, 0.008559738666668813, 0.0, 0.0, 0.0, 0.0, 0.0, 0.06886908799036268, 0.0, 0.00036420679909839716, 0.020006675627960404, 0.0, 0.0006100279803672385, 0.0, 0.0, 0.05316640149970142, 0.0, 0.0, 0.0403888144060074, 0.019796942498955975, 0.008844789079799676, 0.0, 0.025969732397487413, 0.0, 0.0]}