{"labels": [0, 1, 2, 3, 4, 5, 6, 7, 8, 9, 10, 11, 12, 13, 14, 15, 16, 17, 18, 19, 20, 21, 22, 23, 24, 25, 26, 27, 28, 29, 30, 31, 32, 33, 34, 35, 36, 37, 38, 39], "data": [0.0, 0.005297202115607557, 0.0, 0.003382218395766834, 0.0, 0.0, 0.0, 0.0, 0.0, 0.0, 0.002594537239627114, 0.0, 0.00173392840463798, 0.0, 0.04395207991047175, 0.0010436756362833984, 0.0, 0.008408211271089568, 0.0, 0.0, 0.0011180658544508717, 0.0028330956777911373, 0.005211705878320058, 0.0, 0.0, 0.0, 0.0, 0.0, 0.0, 0.0, 0.0025833349409172812, 0.0005529191632364849, 0.0012119421697821904, 0.0, 0.0065737837600803395, 0.0, 0.006627949604379803, 0.00575056281429998, 0.0, 0.0013688089125080275]}