{"labels": [0, 1, 2, 3, 4, 5, 6, 7, 8, 9, 10, 11, 12, 13, 14, 15, 16, 17, 18, 19, 20, 21, 22, 23, 24, 25, 26, 27, 28, 29, 30, 31, 32, 33, 34, 35, 36, 37, 38, 39], "data": [0.0, 0.0, 0.0, 0.0, 0.0, 0.0, 0.0050310429193355455, 0.006296016761622837, 0.03347971540486191, 0.0, 0.0, 0.011828096105094894, 0.0, 0.13647983355217777, 0.0, 0.0, 0.0, 0.00408946315827613, 0.0, 0.0, 0.0, 0.0, 0.0, 0.0, 0.0, 0.0, 0.0, 0.0, 0.0, 0.0, 0.00026965361582779107, 0.005386212890962492, 0.09354893296559764, 0.0, 0.0, 0.0, 0.0, 0.026814246930512254, 0.0, 0.0]}