{"labels": [0, 1, 2, 3, 4, 5, 6, 7, 8, 9, 10, 11, 12, 13, 14, 15, 16, 17, 18, 19, 20, 21, 22, 23, 24, 25, 26, 27, 28, 29, 30, 31, 32, 33, 34, 35, 36, 37, 38, 39], "data": [0.0, 0.0, 0.014171780793706682, 0.00048090219067912045, 0.0011533117113648292, 0.043895829406114334, 0.005246137262695659, 0.014783727205462236, 0.1318424346172903, 0.0, 0.0008354504825217568, 3.0354037345258746e-05, 0.014151196837374445, 0.0, 0.0, 0.0, 0.0, 0.019620020305358365, 0.014381634025082994, 0.00018505574513282572, 0.004493601594877471, 0.023585454997317925, 0.0, 0.0, 0.0, 0.011622587285100721, 0.0, 0.0, 0.05740124943957499, 0.0, 0.0017840894114263418, 1.5740966210939872e-05, 0.0, 0.0, 0.0007200512447906555, 0.002254804256866069, 0.0, 0.018082364171931098, 0.0, 0.0]}