{"labels": [0, 1, 2, 3, 4, 5, 6, 7, 8, 9, 10, 11, 12, 13, 14, 15, 16, 17, 18, 19, 20, 21, 22, 23, 24, 25, 26, 27, 28, 29, 30, 31, 32, 33, 34, 35, 36, 37, 38, 39], "data": [0.009482348043133122, 0.0, 0.0018399417434973825, 0.0, 0.003292329492955781, 0.028170530690114905, 0.006888842109000459, 0.0, 0.00018945334884226867, 0.005210707196705095, 0.005818104578680588, 0.0007288173863385072, 0.0, 0.011231462665263625, 0.0017884264031930858, 0.014134184435910777, 0.0, 0.005076145967358178, 0.007685303784359935, 0.021365774862175457, 0.033718366110193215, 0.0, 0.0, 0.06130937341137205, 0.0, 0.025966069412288333, 0.023818109721797827, 0.0, 0.008079254763980298, 0.0, 0.0063863278704539, 0.0007822605176344397, 0.0, 0.0, 0.007721596450756505, 0.004535188739405617, 0.0, 0.04056602434071372, 0.08718183270482649, 0.0]}