{"labels": [0, 1, 2, 3, 4, 5, 6, 7, 8, 9, 10, 11, 12, 13, 14, 15, 16, 17, 18, 19, 20, 21, 22, 23, 24, 25, 26, 27, 28, 29, 30, 31, 32, 33, 34, 35, 36, 37, 38, 39], "data": [0.0016836444957966526, 0.0, 0.0, 0.013646439739797837, 0.0, 0.0, 0.014060540918293304, 0.013437200314166717, 0.0, 0.0, 0.0017326015920246466, 0.0, 0.0062187867037290364, 0.0, 0.0, 0.0, 0.0, 0.0, 0.0, 0.04946030546137933, 0.13238920307755975, 0.0, 0.0, 0.10906269376309403, 0.0, 0.0, 0.003861741305139503, 0.0, 0.005610722212095267, 0.0, 0.011541422563541145, 0.0, 0.0, 0.0, 0.0, 0.0, 0.013410053619786276, 0.00392648905213686, 0.0, 0.0]}