{"labels": [0, 1, 2, 3, 4, 5, 6, 7, 8, 9, 10, 11, 12, 13, 14, 15, 16, 17, 18, 19, 20, 21, 22, 23, 24, 25, 26, 27, 28, 29, 30, 31, 32, 33, 34, 35, 36, 37, 38, 39], "data": [0.005595264534917305, 0.003008294320443443, 0.018326164775362287, 0.0, 0.0, 0.0018864449093064584, 0.00466037495902666, 0.0, 0.12266062375114019, 0.002846562782716563, 0.0543188980075002, 0.0, 0.04974259934479504, 0.0, 0.0, 0.0, 0.0, 0.0, 0.0, 0.0, 0.0, 0.0, 0.03163005844614725, 0.0, 0.0020663785351154344, 0.0, 0.0, 0.0, 0.0, 0.017683305276431645, 0.04052468477615607, 0.0, 0.0, 0.0, 0.0, 0.0, 0.0, 0.0, 0.004744250468787298, 0.058495796867918594]}