{"labels": [0, 1, 2, 3, 4, 5, 6, 7, 8, 9, 10, 11, 12, 13, 14, 15, 16, 17, 18, 19, 20, 21, 22, 23, 24, 25, 26, 27, 28, 29, 30, 31, 32, 33, 34, 35, 36, 37, 38, 39], "data": [0.005805578072839693, 0.0010863986912995904, 0.006364900836494719, 0.007539059512945529, 0.008262685167073474, 0.0, 0.003548691480669348, 0.0, 0.000413496104618436, 0.0, 0.0008313420622610021, 0.0007600409132371892, 0.0, 0.003413595678231816, 0.0, 0.0, 0.007761703965287591, 0.0018728727654718522, 0.0, 0.0, 0.0, 0.0022008988173326896, 0.0, 0.0068785910747421455, 0.029575559807309016, 0.0, 0.003281627367919229, 0.040815137684101985, 0.0, 0.01702152096745098, 0.0, 0.004687165864441963, 0.00045045329365748707, 0.031499083546935, 0.0, 0.0, 0.0, 0.020910129922841646, 0.0, 0.0]}