{"labels": [0, 1, 2, 3, 4, 5, 6, 7, 8, 9, 10, 11, 12, 13, 14, 15, 16, 17, 18, 19, 20, 21, 22, 23, 24, 25, 26, 27, 28, 29, 30, 31, 32, 33, 34, 35, 36, 37, 38, 39], "data": [0.02245487013195653, 0.0, 0.017312781245456925, 0.0, 0.028553246612279107, 0.011474561890634071, 0.00940857029420763, 0.0, 0.0, 0.03986861640887066, 0.016983992959672563, 0.0, 0.0, 0.0028879741646574853, 0.0, 0.0004987364931756759, 0.0, 2.373526417449636e-05, 0.0, 0.02006134396130541, 0.0, 0.0, 0.0007476599328744292, 0.020092722772026485, 0.0, 0.0009056214513270765, 0.0, 0.014672667779960773, 0.0028454081914290256, 0.0, 0.0021576651474367065, 0.0, 0.0, 0.002517578837296629, 0.015099381723829363, 0.0, 0.0, 0.00601741477031831, 0.0, 0.002559849481812632]}