{"labels": [0, 1, 2, 3, 4, 5, 6, 7, 8, 9, 10, 11, 12, 13, 14, 15, 16, 17, 18, 19, 20, 21, 22, 23, 24, 25, 26, 27, 28, 29, 30, 31, 32, 33, 34, 35, 36, 37, 38, 39], "data": [0.0, 0.0, 0.0, 0.0, 0.0, 0.0021240795074575487, 0.0256793515111365, 0.0058715820422725416, 0.0, 0.008889520321387774, 0.006802783931536479, 0.0, 0.0, 0.015076112153637933, 0.0, 0.09818040966175319, 0.0, 0.0, 0.0, 0.0, 0.09544101241328018, 0.0, 0.0, 0.019542769205638355, 0.022893146097958318, 0.007201697847070754, 0.0, 0.012986503129200213, 0.0, 0.0, 0.0, 0.0, 0.0016251723722088677, 0.0, 0.0, 0.023828302667360274, 0.0, 0.017414712824975184, 0.030500638720491167, 0.025066551761712765]}