{"labels": [0, 1, 2, 3, 4, 5, 6, 7, 8, 9, 10, 11, 12, 13, 14, 15, 16, 17, 18, 19, 20, 21, 22, 23, 24, 25, 26, 27, 28, 29, 30, 31, 32, 33, 34, 35, 36, 37, 38, 39], "data": [0.10726080549657509, 0.06387996307314188, 0.0, 0.0, 0.0, 0.0, 0.0, 0.0, 0.01930076823348473, 0.05179821575004591, 0.0, 0.0, 0.0, 0.007230143680969987, 0.0, 0.003512780685950916, 0.00011363190539207266, 0.005888127665206527, 0.0019809649894319613, 0.0, 0.012818293553551494, 0.0, 0.0, 0.0, 0.0, 0.004337748297183867, 0.0, 0.0, 0.009710517119023052, 0.0, 0.0, 0.0, 0.0, 0.0, 0.0, 0.0, 0.0031823331264102445, 0.0, 0.0, 0.011469176957714126]}