{"labels": [0, 1, 2, 3, 4, 5, 6, 7, 8, 9, 10, 11, 12, 13, 14, 15, 16, 17, 18, 19, 20, 21, 22, 23, 24, 25, 26, 27, 28, 29, 30, 31, 32, 33, 34, 35, 36, 37, 38, 39], "data": [0.0, 0.007504877055935229, 0.0011321865088853343, 0.011647844704523248, 0.01795025076023946, 0.0, 0.010884388262236075, 0.0, 0.000827487337246323, 0.005854398091384186, 0.007091770876290077, 0.0, 0.0, 0.0, 0.007722732224174662, 0.0, 0.0015202958012756178, 0.08047164317238997, 0.0, 0.0019475028494419398, 0.003735760670268657, 0.0, 0.008260623348489423, 0.0, 0.0037050776597141242, 0.006608214014397824, 0.002155737010667716, 0.025667403508604237, 0.0037272472465245225, 0.0, 0.0, 0.0008686529235274024, 0.0, 0.0, 0.0, 0.004023664823745748, 0.030134174325254667, 0.0, 0.010391708510316216, 0.0046529215941652335]}