{"labels": [0, 1, 2, 3, 4, 5, 6, 7, 8, 9, 10, 11, 12, 13, 14, 15, 16, 17, 18, 19, 20, 21, 22, 23, 24, 25, 26, 27, 28, 29, 30, 31, 32, 33, 34, 35, 36, 37, 38, 39], "data": [0.0016697814092989434, 0.03277265425078654, 0.0, 0.0, 0.005424296434722937, 0.009692431234690298, 0.0, 0.017989758039625093, 0.0023782486337032564, 0.004696729680476297, 0.0, 0.0, 0.0014194359429445566, 0.03737827591938361, 0.006067838170821069, 0.0, 0.0, 0.006694831751976493, 0.0030080403427613658, 0.053335038991544126, 0.0, 0.0, 0.04811331375823189, 0.0, 0.10687922239025247, 0.0, 0.0, 0.022315606910447837, 0.0, 0.0, 0.0, 0.0, 0.0, 0.0, 0.008698033360055426, 0.0, 0.0, 0.008428872546927329, 0.0, 0.0]}