{"labels": [0, 1, 2, 3, 4, 5, 6, 7, 8, 9, 10, 11, 12, 13, 14, 15, 16, 17, 18, 19, 20, 21, 22, 23, 24, 25, 26, 27, 28, 29, 30, 31, 32, 33, 34, 35, 36, 37, 38, 39], "data": [0.0, 0.0, 0.016295319489161495, 0.0, 0.0004983603180221666, 0.011786347514345746, 0.047843115846059256, 0.0, 0.0, 0.0, 0.0, 0.0011457875895704106, 0.0, 0.018340398004093546, 0.0, 0.0029619643744742377, 0.0, 0.00018470262205625966, 0.0010652279642308464, 0.0, 0.0011585670328110973, 0.009052519863979182, 0.0, 0.0, 0.0, 0.0022592068049669617, 0.04395741383010951, 0.02295124955161697, 0.061052458075234704, 0.0, 0.0, 0.0, 0.0005377868695040971, 0.0008525071612442076, 0.009354027683788508, 0.0, 0.0, 0.0, 0.039226798084530196, 0.04473592575494478]}