{"labels": [0, 1, 2, 3, 4, 5, 6, 7, 8, 9, 10, 11, 12, 13, 14, 15, 16, 17, 18, 19, 20, 21, 22, 23, 24, 25, 26, 27, 28, 29, 30, 31, 32, 33, 34, 35, 36, 37, 38, 39], "data": [0.003094923501975836, 0.02075416303814013, 0.004336943475062493, 0.0, 0.004794431069566259, 0.0, 0.015484243218651966, 0.02169839225717023, 0.0006530868159308651, 0.0, 0.0, 0.0, 0.0, 0.0, 0.0064362398975820285, 0.0, 0.0, 0.002878419833674071, 0.0, 0.0, 0.0, 0.0, 0.0, 0.0, 0.0, 0.0, 0.004447204438979775, 0.0, 0.005729999382344019, 0.0, 0.014704566469239856, 0.0, 0.053146753703639665, 0.0037794962309197354, 0.023836964400236443, 0.028584485920459465, 0.0054733740879097, 0.013141204739439033, 0.044557072737307066, 0.0031678622075360426]}