{"labels": [0, 1, 2, 3, 4, 5, 6, 7, 8, 9, 10, 11, 12, 13, 14, 15, 16, 17, 18, 19, 20, 21, 22, 23, 24, 25, 26, 27, 28, 29, 30, 31, 32, 33, 34, 35, 36, 37, 38, 39], "data": [0.005200018855841458, 0.0, 0.0010775996550384454, 0.0, 0.0, 0.04851862779837838, 0.013619735604316605, 0.008357347202474738, 0.0, 0.0007485983619409767, 0.002402961479625375, 0.006204315978443517, 0.01110089847793191, 0.0, 0.0, 0.06935489558509852, 0.0, 0.044889611851180226, 0.0, 0.0020103479163624824, 0.0467168937645973, 0.0, 0.0, 0.0, 0.0, 0.00055467564133966, 0.0, 0.0028520317217504507, 0.0, 0.014976483369964945, 0.0, 0.0, 0.001055245084995712, 0.0, 0.0, 0.03953410973945495, 0.01278365807115457, 0.0, 0.017189973839907568, 0.006433110379980935]}