{"labels": [0, 1, 2, 3, 4, 5, 6, 7, 8, 9, 10, 11, 12, 13, 14, 15, 16, 17, 18, 19, 20, 21, 22, 23, 24, 25, 26, 27, 28, 29, 30, 31, 32, 33, 34, 35, 36, 37, 38, 39], "data": [0.0, 0.004646154119867345, 0.0, 0.0, 0.0, 0.022371358325914196, 0.0, 0.0, 0.0, 0.018258231071392912, 0.0, 0.06326288540345483, 0.0, 0.0, 0.0, 0.0, 0.0, 0.0, 0.0, 0.03316350968722833, 0.003458669271925228, 0.0, 0.0008628863518243416, 0.0015782640167333124, 0.0, 0.0007685489563723334, 0.0, 0.0, 0.01778528395815621, 0.013532933753058723, 0.02877403603242614, 0.0, 0.000982351616568509, 0.011692480783843833, 0.0, 0.0, 0.0, 0.027037743041362715, 0.04676141512545599, 0.0]}