{"labels": [0, 1, 2, 3, 4, 5, 6, 7, 8, 9, 10, 11, 12, 13, 14, 15, 16, 17, 18, 19, 20, 21, 22, 23, 24, 25, 26, 27, 28, 29, 30, 31, 32, 33, 34, 35, 36, 37, 38, 39], "data": [0.0, 0.0, 0.0, 0.0, 0.0, 0.0, 0.02741217234860212, 0.0, 0.0, 0.0, 0.09090475112061087, 0.0, 0.0, 0.00017258997877163008, 0.0, 0.0, 0.0, 0.0, 0.0, 0.05083119863115261, 0.0022010863052162087, 0.0, 0.0, 0.0010474765015403298, 0.0025539843035919745, 0.0, 0.0, 0.0, 0.0, 0.0, 0.0, 0.0, 0.0, 0.0, 0.0, 0.0, 0.0, 0.0, 0.0, 0.0]}