{"labels": [0, 1, 2, 3, 4, 5, 6, 7, 8, 9, 10, 11, 12, 13, 14, 15, 16, 17, 18, 19, 20, 21, 22, 23, 24, 25, 26, 27, 28, 29, 30, 31, 32, 33, 34, 35, 36, 37, 38, 39], "data": [0.0, 0.0, 0.015489388780784166, 0.023919543584400793, 0.0, 0.0, 0.013590078590937952, 0.059853537677737496, 0.0059138802299165145, 0.0, 0.0, 0.0, 0.0, 0.0, 0.02651596907219552, 0.0009987451829754112, 0.001958553203933183, 0.0, 0.0026565271258467095, 0.07799484158592719, 0.0, 0.03394970832115931, 0.0, 0.0, 0.02851082103688692, 0.0, 0.0, 0.0, 0.0, 0.0, 0.0, 0.008651843416886636, 0.0, 0.0016990569945761894, 0.0, 0.0, 0.0006630843048023032, 0.03179426513862051, 0.0, 0.0]}