{"labels": [0, 1, 2, 3, 4, 5, 6, 7, 8, 9, 10, 11, 12, 13, 14, 15, 16, 17, 18, 19, 20, 21, 22, 23, 24, 25, 26, 27, 28, 29, 30, 31, 32, 33, 34, 35, 36, 37, 38, 39], "data": [0.0, 0.0, 0.0, 0.0, 0.051634324209422225, 0.034909461269914, 0.013680740022576516, 0.0, 0.0, 0.026594587839277872, 0.0, 0.002561891438826907, 0.00282132310091773, 0.0016833242772699845, 0.0, 0.023579491360333545, 0.0, 0.0, 0.024945765914319715, 0.025945492989238962, 0.0, 0.0, 0.03541895659371219, 0.004954818708347393, 0.0, 0.0, 0.01790938433151843, 0.02982247658513019, 0.002219541205856488, 0.0, 0.0, 0.004926591595526456, 0.0, 0.0, 0.013190268880697995, 0.0, 0.010442815890444525, 0.0, 0.0, 0.038913075066453626]}