{"labels": [0, 1, 2, 3, 4, 5, 6, 7, 8, 9, 10, 11, 12, 13, 14, 15, 16, 17, 18, 19, 20, 21, 22, 23, 24, 25, 26, 27, 28, 29, 30, 31, 32, 33, 34, 35, 36, 37, 38, 39], "data": [0.006740567718833452, 0.0, 0.0015625471644169016, 0.0011334342354938519, 0.03693461035050484, 0.019858387204229184, 0.03305962116798249, 0.0, 0.0, 0.004476871936243694, 0.0005424343810469695, 0.008965893954370445, 0.0013104223468030933, 0.007009015419718663, 0.0009244656262885761, 0.0, 0.011982633069712074, 0.0, 0.0, 0.0, 0.0, 0.002090176397932424, 0.002716203643944069, 0.0, 0.008395375441916488, 0.008796741567710235, 3.2566399207525454e-06, 0.004558602398933524, 0.0, 0.0, 0.0, 0.0025088482022128373, 0.001809739295750418, 0.013934928066148423, 0.0, 0.0, 0.0, 0.0, 0.008243729769453995, 0.0003269441935025886]}