{"labels": [0, 1, 2, 3, 4, 5, 6, 7, 8, 9, 10, 11, 12, 13, 14, 15, 16, 17, 18, 19, 20, 21, 22, 23, 24, 25, 26, 27, 28, 29, 30, 31, 32, 33, 34, 35, 36, 37, 38, 39], "data": [0.13015749557900336, 0.0, 0.0, 0.15198845705627734, 0.0, 0.0, 0.0, 0.0, 0.0, 0.2000547887915689, 0.0, 0.0, 0.0, 0.02223112615515437, 0.0, 0.0, 0.0, 0.0, 0.0, 0.0, 0.03300225411497213, 0.0, 0.0, 0.03105189915312999, 0.0, 0.16569288492008688, 0.0, 0.0, 0.0, 0.0, 0.0, 0.00505263018749219, 0.0, 0.0, 0.0, 0.0, 0.0, 0.0, 0.0, 0.0]}