{"labels": [0, 1, 2, 3, 4, 5, 6, 7, 8, 9, 10, 11, 12, 13, 14, 15, 16, 17, 18, 19, 20, 21, 22, 23, 24, 25, 26, 27, 28, 29, 30, 31, 32, 33, 34, 35, 36, 37, 38, 39], "data": [0.010392968407450043, 0.000660261015255463, 0.0, 0.009223585811864068, 0.009797340379555649, 0.0, 0.01548595770733173, 0.034403890473946555, 0.0, 0.0086403065619326, 0.0, 0.0, 0.0, 0.0, 0.0, 0.0, 0.0, 0.0, 0.0, 0.016692151426779225, 0.0, 0.016720608901713514, 0.028291955078047923, 0.0013551720575994582, 0.0, 0.024019700420812164, 0.0036716318455041618, 0.03820035969889647, 0.007293891551798385, 0.0, 0.0, 0.0, 0.0, 0.07317035944065949, 0.020388297308483294, 0.03508800972635712, 0.0, 0.019083676487016473, 0.0, 0.0]}