{"labels": [0, 1, 2, 3, 4, 5, 6, 7, 8, 9, 10, 11, 12, 13, 14, 15, 16, 17, 18, 19, 20, 21, 22, 23, 24, 25, 26, 27, 28, 29, 30, 31, 32, 33, 34, 35, 36, 37, 38, 39], "data": [0.0, 0.0, 0.010583855935512688, 0.018944921361441804, 0.012647508163976515, 0.03510850545696202, 0.0, 0.04497879820982285, 0.0, 0.0, 0.0, 0.0, 0.0057381354979977334, 0.004574561174031896, 0.0030206750408241024, 0.0, 0.0, 0.006519038156691825, 0.03767667136136025, 0.0, 0.0, 0.0, 0.030408273379802717, 0.0, 0.0, 0.01113209432166619, 0.00618258264814253, 0.0, 0.050460379837647375, 0.0, 0.03438969426617876, 0.03432458553363846, 0.0, 0.03203708969718472, 0.0, 0.0, 0.0014375454619731387, 0.01617388411088133, 0.004622999447002466, 0.03419277336658432]}