{"labels": [0, 1, 2, 3, 4, 5, 6, 7, 8, 9, 10, 11, 12, 13, 14, 15, 16, 17, 18, 19, 20, 21, 22, 23, 24, 25, 26, 27, 28, 29, 30, 31, 32, 33, 34, 35, 36, 37, 38, 39], "data": [0.03661468177911279, 0.001529933830807302, 0.0, 0.00035835364380656844, 0.017975222424883367, 0.0, 0.0, 0.0, 0.0, 0.004263730545697321, 0.0, 0.0077860241045203905, 0.0042933768578811435, 0.0070506061905423936, 0.0, 0.009427032498585492, 0.0, 0.003730481706421888, 0.005201521765292968, 0.0010585585770389334, 0.0, 0.0033636304033787894, 0.0008865374372986131, 0.0017825433137353486, 0.011553879603561775, 0.010900719800455433, 0.0, 0.0, 0.002728689071087117, 0.001282156250166759, 0.0010772516427907063, 0.0, 0.00020017257871670494, 0.0, 0.0, 0.042863950454567236, 0.007669383634391098, 0.0, 0.013482352914275722, 0.003317553408573305]}