{"labels": [0, 1, 2, 3, 4, 5, 6, 7, 8, 9, 10, 11, 12, 13, 14, 15, 16, 17, 18, 19, 20, 21, 22, 23, 24, 25, 26, 27, 28, 29, 30, 31, 32, 33, 34, 35, 36, 37, 38, 39], "data": [0.0, 0.0, 0.0, 0.0, 0.0, 0.0, 0.0019397213803834378, 0.03335307462900968, 0.0, 0.0, 0.00991754558513394, 0.0, 0.0, 0.0, 0.00340114748019089, 0.019855345522549857, 0.0, 0.0, 0.0, 0.053733325763656296, 0.005189374131301483, 0.0, 0.0, 0.0, 0.0, 0.0, 0.046652966428520994, 0.0, 0.009979590260192815, 0.0, 0.017882575904149555, 0.0, 0.0, 0.05962434536651066, 0.013566107431008166, 0.03374460624147958, 0.0, 0.0, 0.0, 0.0]}