{"labels": [0, 1, 2, 3, 4, 5, 6, 7, 8, 9, 10, 11, 12, 13, 14, 15, 16, 17, 18, 19, 20, 21, 22, 23, 24, 25, 26, 27, 28, 29, 30, 31, 32, 33, 34, 35, 36, 37, 38, 39], "data": [0.0, 0.0006777002324569498, 0.0, 0.0, 0.0, 0.01266229437042432, 0.00795372770613274, 0.0, 0.0, 0.0, 0.0, 0.08111593760006897, 0.0, 0.0007864082668777673, 0.02157683114300796, 0.0, 0.0, 0.0, 0.0, 0.05630050312981316, 0.0, 0.0013732816208029256, 0.0, 0.0, 0.0, 0.0, 0.0, 0.0, 0.0, 0.009742053634997057, 0.048385898214723486, 0.0, 0.0, 0.0046962181367940295, 0.0, 0.004274054713860358, 0.05452194757599523, 0.0, 0.0016643987215504677, 0.0]}