{"labels": [0, 1, 2, 3, 4, 5, 6, 7, 8, 9, 10, 11, 12, 13, 14, 15, 16, 17, 18, 19, 20, 21, 22, 23, 24, 25, 26, 27, 28, 29, 30, 31, 32, 33, 34, 35, 36, 37, 38, 39], "data": [0.0, 0.0, 0.0, 0.0, 0.0, 0.0, 0.0, 0.0035293178804589173, 0.0, 0.0, 0.0, 0.0, 0.05656488249887225, 0.0, 0.003806088633080117, 0.0015455798717768235, 0.0, 0.0, 0.0022170025837439816, 0.0, 0.027185714532645285, 0.0816361586200352, 0.017714798660592886, 0.0, 0.0, 0.0, 0.000693842264282225, 0.0, 0.0, 0.0, 0.0, 0.016111964918729307, 0.0, 0.013023602057426845, 0.0, 0.0, 0.0366739115741, 0.03876159264404211, 0.0, 0.0]}