{"labels": [0, 1, 2, 3, 4, 5, 6, 7, 8, 9, 10, 11, 12, 13, 14, 15, 16, 17, 18, 19, 20, 21, 22, 23, 24, 25, 26, 27, 28, 29, 30, 31, 32, 33, 34, 35, 36, 37, 38, 39], "data": [0.0, 0.0011959287935155943, 0.00017125077782937856, 0.0, 0.017389985650354003, 0.017105897331042178, 0.0016387702457328053, 0.0, 0.0009806477072640313, 0.008157388205317492, 0.037383857553063185, 0.0, 0.0, 0.005645902188268047, 0.0012660747639906683, 0.0, 0.0, 0.0, 0.0, 0.0018143992891714283, 0.0, 0.0, 0.0011200312154561777, 0.0018884399892926834, 0.0015545901909565058, 0.004810429501260958, 0.00781429172537179, 0.0, 0.0, 0.007947092949761824, 0.0, 0.04576550987141858, 0.0003090231213948686, 0.03452937405710512, 0.0, 0.0, 0.0005371131229029306, 0.009341453626996957, 0.010320978715293529, 0.0036218186244656976]}