{"labels": [0, 1, 2, 3, 4, 5, 6, 7, 8, 9, 10, 11, 12, 13, 14, 15, 16, 17, 18, 19, 20, 21, 22, 23, 24, 25, 26, 27, 28, 29, 30, 31, 32, 33, 34, 35, 36, 37, 38, 39], "data": [0.0, 0.0, 0.0, 0.0, 0.0, 0.0, 0.0, 0.0, 0.0, 0.0086358770248834, 0.0, 0.0, 0.0466114094322623, 0.001900183247043961, 0.03390161198386468, 0.0, 0.0, 0.02960790505099582, 0.015988602360870786, 0.0, 0.0, 0.0, 0.0, 0.017798148495280098, 0.08228068706791754, 0.0, 0.0019827793916428493, 0.059394076968556454, 0.0, 0.0, 0.0, 0.0, 0.06540152828615473, 0.0, 0.0, 0.0, 0.0, 0.005286954272157831, 0.0009930532564514695, 0.0]}