{"labels": [0, 1, 2, 3, 4, 5, 6, 7, 8, 9, 10, 11, 12, 13, 14, 15, 16, 17, 18, 19, 20, 21, 22, 23, 24, 25, 26, 27, 28, 29, 30, 31, 32, 33, 34, 35, 36, 37, 38, 39], "data": [0.003820849337275951, 0.0, 0.03332678289644697, 0.0, 0.0, 0.0, 0.0, 0.0, 0.0, 0.0, 0.0, 0.0, 0.041650187261190505, 0.00132499445661237, 0.0, 0.0011267892552525515, 0.0008007481360687456, 0.0, 0.0, 0.0, 0.0, 0.0, 0.0, 0.0, 0.0, 0.0009590445094666053, 0.0, 0.0, 0.0, 0.0, 0.0, 0.0, 0.0, 0.04744464008682205, 0.0, 0.0, 0.0, 0.0, 0.0011807416854808378, 0.0]}