{"labels": [0, 1, 2, 3, 4, 5, 6, 7, 8, 9, 10, 11, 12, 13, 14, 15, 16, 17, 18, 19, 20, 21, 22, 23, 24, 25, 26, 27, 28, 29, 30, 31, 32, 33, 34, 35, 36, 37, 38, 39], "data": [0.0, 0.0, 0.0, 0.0, 0.0, 0.0015564417612513792, 0.0, 0.004830993948545063, 0.0, 0.0, 0.002053132038178768, 0.00014496675963384688, 0.0, 0.0, 0.0, 1.932771904257125e-05, 0.002252335503596075, 0.010465760917947145, 0.0, 0.0005098419343089921, 0.0, 0.0020526976555856006, 0.0019552805121224224, 0.0, 0.0006774932022506886, 0.016565628848130804, 0.0, 0.02738306572198433, 0.019434196208539676, 0.0010118649387849156, 0.0036829889110931197, 0.004196487963127568, 0.0, 0.004822028653250849, 0.008212781992735223, 0.009000045982349764, 0.0, 0.04688385551727418, 0.0, 0.0]}