{"labels": [0, 1, 2, 3, 4, 5, 6, 7, 8, 9, 10, 11, 12, 13, 14, 15, 16, 17, 18, 19, 20, 21, 22, 23, 24, 25, 26, 27, 28, 29, 30, 31, 32, 33, 34, 35, 36, 37, 38, 39], "data": [0.0, 0.0, 0.0, 0.0, 0.015910655430297682, 0.0, 0.0327577280037275, 0.0381716619413363, 0.0, 0.0, 0.0010754571429195843, 0.0, 0.0, 0.0, 0.0, 0.0, 0.0, 0.0, 0.0, 0.0006110512498489476, 0.007806946153889359, 0.0, 0.060802283928534796, 0.0, 0.0, 0.0, 0.0, 0.0, 0.10512189505262744, 0.0, 0.0012249794156381124, 0.0, 0.0, 0.0, 0.007479447223850843, 0.0, 0.0, 0.003847834277560038, 0.0, 0.0012513625663618602]}