{"labels": [0, 1, 2, 3, 4, 5, 6, 7, 8, 9, 10, 11, 12, 13, 14, 15, 16, 17, 18, 19, 20, 21, 22, 23, 24, 25, 26, 27, 28, 29, 30, 31, 32, 33, 34, 35, 36, 37, 38, 39], "data": [0.008469377162667113, 0.006979260683483743, 0.0, 0.0035276661816485934, 0.0, 0.004564290690868718, 0.001464531866303855, 0.02108860240186081, 0.0, 0.007688094677909033, 0.0038792345784887747, 0.002560101595918537, 0.0, 0.004094347609094859, 0.007684187014757516, 0.0, 0.0, 0.020345518232994568, 0.014584646211500485, 0.00041222283143120206, 0.0, 0.040428304907084364, 0.0013084768048933922, 0.0009567302919794156, 0.012664743092264421, 5.3548466490184984e-05, 0.0023636773682677364, 0.00021825242186208256, 0.0, 0.0010430920883432472, 0.0009297975746350656, 0.04597846891927033, 0.0007778462149425394, 0.0195818988172439, 0.0004643684971528479, 0.010721775250950801, 0.011495325866879567, 0.019092626152568445, 0.0015228570276234101, 0.0]}