{"labels": [0, 1, 2, 3, 4, 5, 6, 7, 8, 9, 10, 11, 12, 13, 14, 15, 16, 17, 18, 19, 20, 21, 22, 23, 24, 25, 26, 27, 28, 29, 30, 31, 32, 33, 34, 35, 36, 37, 38, 39], "data": [0.0, 0.0, 0.0, 0.025534362431234463, 0.030735228666551054, 0.00989721226204499, 0.009591718830008944, 0.014623084925795699, 0.0017149634743106282, 0.0, 0.0, 0.0, 0.0, 0.002547114093430372, 0.0, 0.0, 0.0, 0.0, 0.0, 0.0, 0.0004864807316500399, 0.0, 0.0, 0.0019799418669873207, 0.0, 0.0167409061077309, 0.008390385062694886, 0.0015305246847068792, 0.0, 0.0, 0.027836000215517027, 0.06804001074101508, 0.00012862220075317133, 0.0, 0.0, 0.0, 0.0026987429210795564, 0.014564999298144435, 0.004459212757227795, 0.0]}