{"labels": [0, 1, 2, 3, 4, 5, 6, 7, 8, 9, 10, 11, 12, 13, 14, 15, 16, 17, 18, 19, 20, 21, 22, 23, 24, 25, 26, 27, 28, 29, 30, 31, 32, 33, 34, 35, 36, 37, 38, 39], "data": [0.0005769587716961662, 0.0, 0.0023089841859037356, 0.015608607030495693, 0.019206338830994454, 0.00046472606076138995, 0.010621260546433822, 0.032240106374369554, 0.0, 0.0, 0.0034435158396047194, 0.0008848368797980498, 0.0, 0.0, 0.0, 0.0, 0.0, 0.0007119106153497405, 0.013342035919496911, 0.00091101559394025, 0.0030495918613587963, 0.011122450175462598, 0.0030727687873709254, 0.0, 0.0046258071639048584, 0.009317811494245326, 0.004059556628733471, 0.0, 0.015012724619026507, 0.012417352592903979, 0.0010893126539781447, 0.05111556311859072, 0.000916222209527351, 0.015914051203345755, 0.0, 0.055507226154177886, 0.005598387328374322, 0.014765002093937303, 0.0, 0.0]}