{"labels": [0, 1, 2, 3, 4, 5, 6, 7, 8, 9, 10, 11, 12, 13, 14, 15, 16, 17, 18, 19, 20, 21, 22, 23, 24, 25, 26, 27, 28, 29, 30, 31, 32, 33, 34, 35, 36, 37, 38, 39], "data": [0.010766346466950077, 0.016355955354730427, 0.0, 0.0, 0.013072318200618115, 0.004730391477553624, 0.0020047635861832227, 0.0, 0.0, 0.008721655223084955, 0.0, 0.0, 0.0, 0.04638407831707524, 0.0011253672816218163, 0.0, 0.0136219757171624, 0.03024977553019461, 0.003585811375428681, 0.051315025362490614, 0.0, 0.0, 0.03347786159870663, 0.0, 0.0, 0.025505256290446553, 0.0, 0.0, 0.0, 0.0, 0.05439981544868726, 0.0, 0.00014478017295972635, 0.0, 0.002580134919533865, 0.0, 0.004066484401127459, 0.0, 0.032528699036205935, 0.003356646831916691]}