{"labels": [0, 1, 2, 3, 4, 5, 6, 7, 8, 9, 10, 11, 12, 13, 14, 15, 16, 17, 18, 19, 20, 21, 22, 23, 24, 25, 26, 27, 28, 29, 30, 31, 32, 33, 34, 35, 36, 37, 38, 39], "data": [3.427078342911523e-05, 0.0, 0.02171535829081839, 0.0, 0.0, 0.0, 0.04348908545648314, 0.0339658227274923, 0.0015749083162720763, 0.016435356454885693, 0.0, 0.00031772281981828963, 0.0, 0.0, 0.0597217926376453, 0.0, 0.0, 0.0, 0.0, 0.0006019065110883373, 0.0038993730082557765, 0.00442034166396604, 0.0, 0.006186592783357186, 0.0, 0.0, 0.0, 0.018268655230395177, 0.0, 0.00870332314271867, 0.053569879453836386, 0.0, 0.0, 0.005791913292883629, 0.005823602594365599, 0.0, 0.006397172626806597, 0.005170799494980862, 0.0, 0.0]}