{"labels": [0, 1, 2, 3, 4, 5, 6, 7, 8, 9, 10, 11, 12, 13, 14, 15, 16, 17, 18, 19, 20, 21, 22, 23, 24, 25, 26, 27, 28, 29, 30, 31, 32, 33, 34, 35, 36, 37, 38, 39], "data": [0.016354108703091296, 0.0, 0.0017474301473282535, 0.0, 0.032936534323881994, 0.0, 0.03525191989599897, 0.0, 0.0, 0.0, 0.005585964423736688, 0.0, 0.0, 0.001666239263815954, 0.0, 0.0, 0.0, 0.0, 0.0, 0.0, 0.0029398715563167016, 0.0, 7.690050467941337e-05, 0.01111277889377822, 0.03520021346117639, 0.03650170483143684, 0.0, 0.0, 0.0, 0.0, 0.0, 0.0033407278345170353, 0.0, 0.003922635678335554, 0.022433413765200232, 0.02252401026957854, 0.0, 0.0040447372240192195, 0.016835779362459585, 0.0]}