{"labels": [0, 1, 2, 3, 4, 5, 6, 7, 8, 9, 10, 11, 12, 13, 14, 15, 16, 17, 18, 19, 20, 21, 22, 23, 24, 25, 26, 27, 28, 29, 30, 31, 32, 33, 34, 35, 36, 37, 38, 39], "data": [0.0026515534819624453, 0.0, 0.0, 0.0, 0.0, 0.004143216686174123, 0.005669952407079799, 0.0, 0.005039027868992337, 0.00027580476037534785, 0.001954086272326147, 0.0008631785955825097, 0.0133410115455252, 0.008406016240369683, 0.0, 0.0010955831104015473, 0.0, 0.0, 0.0, 0.03161230893558798, 0.014734355266078867, 0.004219504490535059, 0.0, 0.13235302525991927, 0.0, 0.017154536154009293, 0.002221194623834901, 0.025298769389056838, 0.002560914807173037, 0.0, 0.0, 0.0, 0.04253209861243734, 0.0, 0.0, 7.307687138452748e-05, 0.004451942937149097, 0.02161360122526914, 0.011478961266159136, 0.0023191894358402586]}