{"labels": [0, 1, 2, 3, 4, 5, 6, 7, 8, 9, 10, 11, 12, 13, 14, 15, 16, 17, 18, 19, 20, 21, 22, 23, 24, 25, 26, 27, 28, 29, 30, 31, 32, 33, 34, 35, 36, 37, 38, 39], "data": [0.029910156434096093, 0.0, 0.0, 0.0, 0.009728285359662516, 0.0, 0.0, 0.0014845248614865137, 0.006048131826697919, 0.003406834439922891, 0.0011847953973418996, 0.0005703828563327925, 0.0, 0.03310595868295662, 0.0, 0.0, 0.0, 0.0, 0.000696225220098271, 0.003795682057834486, 0.002651900445003954, 0.0, 0.0, 0.011375454043743473, 0.0, 0.0, 0.0, 0.0, 0.0, 0.0, 0.09840423953188608, 0.0, 0.0021112688024343246, 0.0, 0.0, 0.0, 0.0, 0.0, 0.0, 0.0]}