{"labels": [0, 1, 2, 3, 4, 5, 6, 7, 8, 9, 10, 11, 12, 13, 14, 15, 16, 17, 18, 19, 20, 21, 22, 23, 24, 25, 26, 27, 28, 29, 30, 31, 32, 33, 34, 35, 36, 37, 38, 39], "data": [0.006539432570191331, 0.00213075060061061, 0.000572058803136269, 0.0, 0.0, 0.0, 0.005304886065742416, 0.0015033060608005526, 0.058920736436655526, 0.007459294702267624, 0.0012378850572737413, 0.006157702946732591, 0.0, 0.004633944608863845, 0.0028589932406870573, 0.0, 0.0, 0.0, 0.00825639368627088, 0.0, 0.0, 0.004150069439108466, 0.0006313873402828823, 0.0008723446692486341, 0.07362979153588428, 0.005921827141545832, 0.005161641559896556, 0.0, 0.0, 0.016317524082707674, 0.0, 0.0, 0.005104530682785573, 0.0, 0.0, 0.008522134819997163, 0.0008267169264146391, 0.0, 0.0, 0.0]}