{"labels": [0, 1, 2, 3, 4, 5, 6, 7, 8, 9, 10, 11, 12, 13, 14, 15, 16, 17, 18, 19, 20, 21, 22, 23, 24, 25, 26, 27, 28, 29, 30, 31, 32, 33, 34, 35, 36, 37, 38, 39], "data": [0.0, 0.003366045125287694, 0.003909577408700546, 0.01214128669270784, 0.0, 0.002820806728320853, 0.0007474571083424411, 0.0, 0.0008547766043099455, 0.011124673988916254, 0.0, 0.0021817292370328156, 0.01880594981708514, 0.0, 0.0021197145941823006, 0.0, 0.0078100013256155966, 0.0, 0.0, 0.0, 0.0, 0.0, 0.0, 0.0, 0.00039125574008859633, 0.0, 0.001294834392690624, 0.004492558716016193, 0.0019208011065013813, 0.001587197479223036, 0.00010457440139085326, 0.0, 0.007879567112030597, 0.011729904015689425, 0.0, 0.0, 0.03478105326042987, 0.07361203004397024, 0.003973863262718685, 0.00453450200122082]}