{"labels": [0, 1, 2, 3, 4, 5, 6, 7, 8, 9, 10, 11, 12, 13, 14, 15, 16, 17, 18, 19, 20, 21, 22, 23, 24, 25, 26, 27, 28, 29, 30, 31, 32, 33, 34, 35, 36, 37, 38, 39], "data": [0.0, 0.0008754962872825981, 5.963509003032794e-05, 0.0020254848654862856, 0.0, 0.0, 0.045579913282146035, 0.011176057703442726, 0.0019535959725820785, 0.004081345099210075, 0.01590931075949201, 0.0, 0.0, 0.0, 0.0034616694783051708, 0.0, 0.0, 0.0, 0.0, 0.0035554273040892775, 0.0, 0.0, 0.0, 0.0, 0.0, 0.0, 0.0, 0.0, 0.0, 0.0, 0.0, 0.0, 0.0, 0.011904414566281033, 0.0, 0.001204812103937494, 0.0, 0.0, 0.0, 0.0011484695784163613]}