{"labels": [0, 1, 2, 3, 4, 5, 6, 7, 8, 9, 10, 11, 12, 13, 14, 15, 16, 17, 18, 19, 20, 21, 22, 23, 24, 25, 26, 27, 28, 29, 30, 31, 32, 33, 34, 35, 36, 37, 38, 39], "data": [0.0004388776279539591, 0.0005821229123504764, 0.0, 0.0, 1.4979324162206623e-05, 0.020528933700457584, 0.0059136173871901804, 0.0, 0.0, 0.033840215255245144, 0.0, 0.003371759831736525, 0.0, 0.00917585240954898, 0.03860468844283697, 0.0, 0.0, 0.0, 0.006205270018818163, 0.0, 0.005243825542411263, 0.0018629431630755127, 0.0014283712436396875, 0.0, 0.0, 0.0, 0.002827581564991081, 0.0, 0.0, 0.0, 0.0, 0.00014632748585114504, 0.0, 0.0, 0.021881849456117132, 0.0211774094648749, 0.003457086431776659, 0.0, 0.008175263672867552, 0.007596492726011856]}