{"labels": [0, 1, 2, 3, 4, 5, 6, 7, 8, 9, 10, 11, 12, 13, 14, 15, 16, 17, 18, 19, 20, 21, 22, 23, 24, 25, 26, 27, 28, 29, 30, 31, 32, 33, 34, 35, 36, 37, 38, 39], "data": [0.015069614121058424, 0.0, 0.0003655064490801474, 0.042331005619650704, 0.015775643124270614, 0.0, 0.0, 0.0, 0.0, 0.021118054115655198, 0.0016576583796927922, 0.0, 0.020036159385143068, 0.0, 0.0, 0.0, 0.0, 0.007685027501536505, 0.0, 0.0017947790326006668, 0.013254513265365692, 0.0006654625184233745, 0.0004552526304511828, 0.008141806829711775, 0.0015804186291733084, 0.0, 0.027776219765678893, 0.0, 0.0, 0.0, 0.0, 0.00014040498849835224, 0.0019074793196676705, 0.0024949739308456377, 0.007819477088016624, 0.0, 0.0, 0.015393257510268083, 0.0, 0.0]}