{"labels": [0, 1, 2, 3, 4, 5, 6, 7, 8, 9, 10, 11, 12, 13, 14, 15, 16, 17, 18, 19, 20, 21, 22, 23, 24, 25, 26, 27, 28, 29, 30, 31, 32, 33, 34, 35, 36, 37, 38, 39], "data": [0.0, 0.0, 0.0, 0.0, 0.00970812334122429, 0.0, 0.0, 0.033995725290016876, 0.0, 0.0, 0.0, 0.0, 0.0, 0.0, 0.0, 0.0, 0.0, 0.0, 0.0, 0.0015505527030762615, 0.0010977198660235765, 0.0, 0.0, 0.0, 0.0, 0.0, 0.0, 0.00019858523208883563, 0.0008654621512457087, 0.009785746125076652, 0.09052946140882386, 0.0, 0.0, 0.011110882516803698, 0.0, 0.0, 0.0, 0.0, 0.0020295118849553632, 0.0]}