{"labels": [0, 1, 2, 3, 4, 5, 6, 7, 8, 9, 10, 11, 12, 13, 14, 15, 16, 17, 18, 19, 20, 21, 22, 23, 24, 25, 26, 27, 28, 29, 30, 31, 32, 33, 34, 35, 36, 37, 38, 39], "data": [0.0, 0.0, 0.00016550867644372674, 0.020996842485515383, 0.029934782363842213, 0.09450395324079847, 0.003756616622239509, 0.0, 0.0, 0.0, 0.00010153355051531842, 0.0023199906664359347, 0.029303317717318318, 0.0, 0.0, 0.007788548005279827, 0.00014646786706975376, 0.013058020416013456, 0.004698593284608489, 0.0, 0.0, 0.0, 0.0, 0.0, 0.04645915618582747, 0.006364465918446574, 0.008152254874656036, 0.019978848663588435, 0.009708128936960566, 0.0, 0.03377154302877818, 0.009315174772679614, 0.021048038098454257, 0.007625735454388408, 0.0118521919756348, 0.008745124760491867, 0.0, 0.0540859126522993, 0.016486077189744604, 0.0]}