{"labels": [0, 1, 2, 3, 4, 5, 6, 7, 8, 9, 10, 11, 12, 13, 14, 15, 16, 17, 18, 19, 20, 21, 22, 23, 24, 25, 26, 27, 28, 29, 30, 31, 32, 33, 34, 35, 36, 37, 38, 39], "data": [0.008191372182197152, 0.0, 0.0, 0.008551419034726492, 0.02753655111780941, 0.00170733326586003, 8.592976848076491e-05, 0.024343107695148396, 0.0, 0.01618167077637777, 0.0, 0.0, 0.0, 0.0012458363166786299, 0.0, 0.0, 0.0, 0.018747847978573005, 0.0, 0.019248605915100234, 0.0, 0.0, 0.0004143813401307582, 0.012457979727109224, 0.0, 0.0, 0.0, 0.051134348967585286, 0.0, 0.011644690704519834, 0.0, 0.0, 0.0032216780320473573, 0.0, 0.0039324718204526606, 0.0, 0.09407043260231661, 0.022080047945776574, 0.031196600339407233, 0.0]}