{"labels": [0, 1, 2, 3, 4, 5, 6, 7, 8, 9, 10, 11, 12, 13, 14, 15, 16, 17, 18, 19, 20, 21, 22, 23, 24, 25, 26, 27, 28, 29, 30, 31, 32, 33, 34, 35, 36, 37, 38, 39], "data": [0.0011441121540987605, 0.04252030160774198, 0.014664874906810066, 0.0, 0.0017644921463713073, 0.0, 0.0, 0.019088662656555327, 0.0, 0.0, 0.0007546683536509501, 0.0, 0.012982921864621137, 0.003523208591319084, 0.0, 0.0018678675802255116, 0.0, 0.010798472743521127, 0.029817458974412975, 0.027029413146201487, 0.0, 0.0, 0.04493050510066886, 0.0, 0.011406788304133412, 0.006475500539642096, 0.00030369172611716203, 0.0021339487578024546, 0.0018972311552433543, 0.0, 0.0, 0.0020273195397464195, 0.004403917763559084, 0.008519945388508825, 0.008887954906705953, 0.0, 0.037672202657160654, 0.02352357353137382, 0.0, 0.0]}