{"labels": [0, 1, 2, 3, 4, 5, 6, 7, 8, 9, 10, 11, 12, 13, 14, 15, 16, 17, 18, 19, 20, 21, 22, 23, 24, 25, 26, 27, 28, 29, 30, 31, 32, 33, 34, 35, 36, 37, 38, 39], "data": [0.0, 0.008735917783835543, 0.0, 0.0, 0.0, 0.008543328981345662, 0.010214931603743028, 0.0, 0.0, 0.0, 0.0014088775703707456, 0.0, 0.0008929287004418722, 0.0, 0.07055915261175993, 0.00020406514054243613, 0.016468985991758524, 0.0, 0.008297777626478186, 0.0, 0.0, 0.0, 0.0022724531416845302, 0.0, 0.0, 0.0, 7.032324726739617e-05, 0.00039852002662300363, 0.0026967895958367764, 0.0971334430380099, 0.0, 0.0016734928162366514, 0.0, 0.006849530817431727, 0.0, 0.07758804829071692, 0.0, 0.0, 0.0, 0.04108770935117317]}