{"labels": [0, 1, 2, 3, 4, 5, 6, 7, 8, 9, 10, 11, 12, 13, 14, 15, 16, 17, 18, 19, 20, 21, 22, 23, 24, 25, 26, 27, 28, 29, 30, 31, 32, 33, 34, 35, 36, 37, 38, 39], "data": [0.005254645058408813, 0.0004938126808648992, 0.0, 0.024495760060280043, 0.0007182085177686345, 0.014586331891743954, 0.003563679818005064, 0.0, 0.0, 0.00019240612135102577, 0.0, 0.0, 0.002329377011143723, 0.05977551661758746, 0.0, 0.04258323120220394, 0.010691263778133264, 0.0, 0.017384382961763353, 1.074927682674214e-05, 0.00709242744417684, 0.00950463871421927, 0.0, 0.0, 0.0005503906833074075, 0.026119254794468836, 0.002480388032034064, 0.0030522597320461822, 0.001056846231371533, 0.0, 0.010577572209702159, 0.0, 0.027731118947351616, 0.0, 0.02084442095469135, 0.0, 0.0005446897101156388, 0.020604671563502996, 0.03782678458349688, 0.0005128883840674516]}