{"labels": [0, 1, 2, 3, 4, 5, 6, 7, 8, 9, 10, 11, 12, 13, 14, 15, 16, 17, 18, 19, 20, 21, 22, 23, 24, 25, 26, 27, 28, 29, 30, 31, 32, 33, 34, 35, 36, 37, 38, 39], "data": [0.0, 0.0, 0.0, 0.0, 0.03301942103905986, 0.00254160967679303, 0.04243406693566906, 0.0, 0.0, 0.0, 0.0, 0.02994868538580588, 0.04150671880393463, 0.0, 0.0, 0.0, 0.0, 0.0, 0.0, 0.020196447744313072, 0.10542269185843255, 0.0, 0.0, 0.025838621452553365, 0.0, 0.03515446444377767, 0.004032769003192948, 0.013647089912706935, 0.0028936015141832507, 0.0, 0.0, 0.0, 0.00044476309727599996, 0.0, 0.0, 0.0, 0.0, 0.018365126720594857, 0.0, 0.0076033324902394965]}