{"labels": [0, 1, 2, 3, 4, 5, 6, 7, 8, 9, 10, 11, 12, 13, 14, 15, 16, 17, 18, 19, 20, 21, 22, 23, 24, 25, 26, 27, 28, 29, 30, 31, 32, 33, 34, 35, 36, 37, 38, 39], "data": [0.0, 0.0, 0.0, 0.04880444085294321, 0.0, 0.0, 0.0, 0.0065680394772466115, 0.0073500170305027665, 0.0, 0.02688991254062919, 0.0064838873489107655, 0.012138266571457546, 0.0, 0.0, 0.0, 0.010625419288464272, 0.0035297460449324526, 0.0, 0.0, 0.028895469803360278, 0.004707654347670117, 0.0003769836155364733, 0.0, 0.009440722419604905, 0.0, 0.0, 0.0016194549355674666, 0.0, 0.0, 0.010629699239310909, 0.0012857594275895623, 0.0, 0.0008050506880511284, 0.020876964564157434, 0.00473008509062995, 0.009910566270681584, 0.0, 0.0, 0.0]}