{"labels": [0, 1, 2, 3, 4, 5, 6, 7, 8, 9, 10, 11, 12, 13, 14, 15, 16, 17, 18, 19, 20, 21, 22, 23, 24, 25, 26, 27, 28, 29, 30, 31, 32, 33, 34, 35, 36, 37, 38, 39], "data": [0.0, 0.0, 0.019626598482949825, 0.0, 0.0, 0.011590148099776489, 0.016883929462913005, 0.05794196028374573, 0.006846873804647033, 0.0, 0.08002985675477041, 0.0008538940949858897, 0.0, 0.0, 0.0, 0.0013655626928212909, 0.0, 0.0, 0.0, 0.0, 0.0020916003137795647, 0.0, 0.0, 0.0, 0.006031113616516327, 0.0, 0.0032227916286767227, 0.0, 0.0074252145328868, 0.027496713698747694, 0.0, 0.004448639246446031, 0.0007245029725356151, 0.01015714638053786, 0.01266677944874827, 0.002683518910529804, 0.0, 0.0183600983385019, 0.001916221549112406, 0.0]}