{"labels": [0, 1, 2, 3, 4, 5, 6, 7, 8, 9, 10, 11, 12, 13, 14, 15, 16, 17, 18, 19, 20, 21, 22, 23, 24, 25, 26, 27, 28, 29, 30, 31, 32, 33, 34, 35, 36, 37, 38, 39], "data": [0.0, 0.0, 0.0006296714538590472, 0.0, 4.157571161328817e-05, 0.060597172209729024, 0.04904574855311515, 0.02168181770774029, 0.0, 0.0036997102860336175, 0.0, 0.00042509909617187305, 0.0, 0.0, 0.0, 0.0, 0.0, 0.0, 0.0, 0.0, 0.0003121014380071599, 0.007717660742459819, 2.3787523373987955e-05, 0.0, 0.0707278648244903, 0.0, 0.07607949029490052, 0.022772518855050838, 0.0, 0.0, 0.0, 0.00021013400152703935, 0.0008424306973608426, 0.0, 0.0, 0.034430940054097144, 0.0, 0.0, 0.0021712459202007633, 0.0]}