{"labels": [0, 1, 2, 3, 4, 5, 6, 7, 8, 9, 10, 11, 12, 13, 14, 15, 16, 17, 18, 19, 20, 21, 22, 23, 24, 25, 26, 27, 28, 29, 30, 31, 32, 33, 34, 35, 36, 37, 38, 39], "data": [0.0, 0.0, 0.001408613648778031, 0.0, 0.0, 0.06592171539320213, 0.017299096032933163, 0.016251184573574228, 0.0, 0.0035437251382402003, 0.0012171818110212902, 0.0, 0.04049104587990558, 0.0, 0.0, 0.0, 0.0, 0.0016340206902377885, 0.07794383103266868, 0.0015354235609476613, 0.0020204148567010516, 0.004087897146074392, 0.0, 0.0, 0.007898839429236526, 0.0, 0.004612954363406155, 0.0014998909771090662, 0.0024932269001757294, 0.0, 0.003894620216028866, 0.001473564661567851, 0.0, 0.0, 0.0, 0.0, 0.0, 0.002259902197480016, 0.0, 0.0]}