{"labels": [0, 1, 2, 3, 4, 5, 6, 7, 8, 9, 10, 11, 12, 13, 14, 15, 16, 17, 18, 19, 20, 21, 22, 23, 24, 25, 26, 27, 28, 29, 30, 31, 32, 33, 34, 35, 36, 37, 38, 39], "data": [0.0023066449230513967, 0.00029960738076114643, 0.0, 0.0, 0.0, 0.0, 0.012444187199199134, 0.0024995181922019753, 0.0026860286580518166, 0.00359325022527377, 0.0, 0.005439039818980462, 0.0012962296420213697, 0.0, 0.0, 0.0, 0.01066102819827034, 0.0, 0.0, 0.0007750870390582782, 0.0, 0.0, 0.0032274305872059777, 0.014666518609663082, 0.0018434971002384327, 0.006550020095663416, 0.001715770127031616, 0.0022828729994030213, 0.0, 0.0004571460687679881, 0.0, 0.0041751763639211355, 0.0, 0.0, 0.0, 0.0042931391181431425, 0.004408683230676274, 0.0003186826969838902, 0.0, 0.0010854118656643686]}