{"labels": [0, 1, 2, 3, 4, 5, 6, 7, 8, 9, 10, 11, 12, 13, 14, 15, 16, 17, 18, 19, 20, 21, 22, 23, 24, 25, 26, 27, 28, 29, 30, 31, 32, 33, 34, 35, 36, 37, 38, 39], "data": [0.0, 0.0, 0.0, 0.0, 0.0, 0.0, 0.0, 0.010085701229292702, 0.0, 0.005921792159606356, 0.0, 0.0, 0.0, 0.0014614916900195357, 0.0, 0.0, 0.0, 0.0008077867380727885, 0.0, 0.0, 0.0, 0.0, 0.0, 0.010035880931475484, 0.0, 0.016605547300523018, 0.0, 0.0, 0.0, 0.0, 0.009694061572291643, 0.0, 0.0, 0.002550754182887595, 0.0, 0.07796399173917215, 0.0, 0.04456225005204209, 0.0, 0.0]}