{"labels": [0, 1, 2, 3, 4, 5, 6, 7, 8, 9, 10, 11, 12, 13, 14, 15, 16, 17, 18, 19, 20, 21, 22, 23, 24, 25, 26, 27, 28, 29, 30, 31, 32, 33, 34, 35, 36, 37, 38, 39], "data": [0.0048001538786258315, 0.013006584650584293, 0.0, 0.0, 0.04152485894666949, 0.0, 0.00894889588846382, 0.001940206559076581, 0.07039077389793956, 0.0, 0.002682155628908882, 0.0, 0.011044360350952557, 0.0, 0.0, 0.0043885043215773165, 0.0, 0.0, 0.003405699989397509, 0.0, 0.01357244895066676, 0.012941452832329213, 0.00021376853230691822, 0.0, 0.0, 0.0, 0.004357527161866829, 0.027676107515345008, 0.0, 0.0, 0.010759346900752888, 0.001654253400927193, 2.3891471248606657e-05, 0.07245862807202814, 0.005471070225214544, 0.03884357367501535, 0.0003775382289059983, 0.03075065805304633, 0.0, 0.04444054153125871]}