{"labels": [0, 1, 2, 3, 4, 5, 6, 7, 8, 9, 10, 11, 12, 13, 14, 15, 16, 17, 18, 19, 20, 21, 22, 23, 24, 25, 26, 27, 28, 29, 30, 31, 32, 33, 34, 35, 36, 37, 38, 39], "data": [0.0012758877065852864, 0.00793361479905831, 0.02804161257899557, 0.002754538331072619, 0.0, 0.0, 0.03888749378472939, 0.0, 0.0, 0.0, 0.0, 0.0, 0.0, 0.0012173891269108474, 0.025232078214728487, 0.0, 0.0, 0.0, 0.0049168296059736395, 0.0, 0.0, 0.0, 0.0, 0.0, 0.0, 0.0, 0.0, 0.0033997142528533666, 0.0017890842178093285, 0.014389949830745253, 0.0, 0.0, 0.0014683357685223, 0.01188070368275952, 0.005889014083516821, 0.008776753557862936, 0.0, 0.022159537619136083, 0.001999241098457498, 0.0]}