{"labels": [0, 1, 2, 3, 4, 5, 6, 7, 8, 9, 10, 11, 12, 13, 14, 15, 16, 17, 18, 19, 20, 21, 22, 23, 24, 25, 26, 27, 28, 29, 30, 31, 32, 33, 34, 35, 36, 37, 38, 39], "data": [0.0020632584345641187, 0.0, 0.0, 0.07378380715113596, 0.0, 0.06569003225841318, 0.0, 0.0, 0.0, 0.008289331022399989, 0.0, 0.0, 0.002011954046455101, 0.0, 0.0, 0.0017785279262938008, 0.0, 0.0036258360703134884, 0.006519440982436851, 0.0, 0.0, 0.0, 0.0, 0.00418849180986714, 0.0, 0.0, 0.000509344352537815, 0.01940841242543181, 0.0, 0.0, 0.0, 0.00513995660463116, 0.0, 0.0, 0.03794050609713025, 0.023236779997090878, 0.00992049083307028, 0.0003479847778959492, 0.0, 0.0009815604647384528]}