{"labels": [0, 1, 2, 3, 4, 5, 6, 7, 8, 9, 10, 11, 12, 13, 14, 15, 16, 17, 18, 19, 20, 21, 22, 23, 24, 25, 26, 27, 28, 29, 30, 31, 32, 33, 34, 35, 36, 37, 38, 39], "data": [0.004911471108542375, 0.00014909211553316659, 0.0, 0.0, 0.012249359288346874, 0.0, 0.0, 0.014420175270694686, 0.0, 0.01896383821066468, 0.0, 0.0, 0.046580272818750296, 0.001857630671842294, 0.0, 0.0, 0.0, 0.03335738975173758, 0.0, 0.0040657574310241, 0.0, 0.01826049886731947, 0.0337261979540663, 0.0011353860709396055, 0.0, 0.0, 0.0, 0.003946314669259378, 0.0, 0.01936600709630758, 0.018022296164438654, 0.001753994137674558, 0.0, 0.007628615120817863, 0.0, 0.0014886578137477964, 0.019019451098578374, 0.0744858321745991, 0.0, 0.0]}