{"labels": [0, 1, 2, 3, 4, 5, 6, 7, 8, 9, 10, 11, 12, 13, 14, 15, 16, 17, 18, 19, 20, 21, 22, 23, 24, 25, 26, 27, 28, 29, 30, 31, 32, 33, 34, 35, 36, 37, 38, 39], "data": [0.009073114320805185, 5.0407861763399735e-05, 0.0, 0.024746589605252257, 0.0, 0.06554777927564279, 0.008661623563383361, 0.0007270920717505193, 0.0, 0.003756179000880039, 0.0, 0.0, 0.0, 0.007090587588945725, 0.0, 0.0038284775317463287, 0.0, 0.024247675793382682, 0.0, 0.002904948759874027, 0.007932673190617407, 0.0008370144993661735, 0.04309564328542211, 0.0, 0.0, 0.03246153265047519, 0.0015008131243955023, 0.03352029788760366, 0.0, 0.0, 0.0, 0.0, 0.0, 0.007376480248843899, 0.004267339080749501, 0.0, 0.0, 0.004637248845018946, 0.006818887253905316, 0.0]}