{"labels": [0, 1, 2, 3, 4, 5, 6, 7, 8, 9, 10, 11, 12, 13, 14, 15, 16, 17, 18, 19, 20, 21, 22, 23, 24, 25, 26, 27, 28, 29, 30, 31, 32, 33, 34, 35, 36, 37, 38, 39], "data": [0.011114513916445056, 0.003423389671453706, 0.0008652164852792563, 0.0198961825325773, 0.0, 0.0, 0.01576617565308479, 0.01857295439618656, 0.0, 0.013948742472994742, 0.004344991842145123, 0.0, 0.021525612426067705, 0.003178379247822705, 0.0, 0.011290791650387452, 0.0021222053609504265, 0.008112096761893025, 0.009333520231114976, 0.001331256699529481, 0.004740177078646314, 0.0, 0.0, 0.00122494407764482, 0.0004759229461374769, 0.026887514263859706, 0.00025010499642413636, 0.016620127439275528, 0.0, 0.0, 0.02361540056856785, 0.0, 0.0, 0.0008258880650550035, 0.030332643519395144, 0.0003247337096069725, 0.0, 0.02586139462253312, 0.0, 0.0]}