{"labels": [0, 1, 2, 3, 4, 5, 6, 7, 8, 9, 10, 11, 12, 13, 14, 15, 16, 17, 18, 19, 20, 21, 22, 23, 24, 25, 26, 27, 28, 29, 30, 31, 32, 33, 34, 35, 36, 37, 38, 39], "data": [0.0015050166561406187, 0.0, 0.026791939864543902, 0.0, 0.0, 0.0, 0.006693603863282144, 0.00445498657976904, 0.0014187012865875983, 0.005622749976884861, 0.0, 0.001668246729676535, 0.0, 0.0, 0.0, 0.0015510932763844367, 0.019042504832862392, 0.0, 0.0, 0.0, 0.0, 0.0, 0.002150217255595479, 0.0, 0.0, 0.006383431156204039, 0.0, 0.0, 0.0, 0.01551703961152461, 0.0037908487904573314, 0.0, 0.0, 0.0, 0.0, 0.0, 0.0, 0.07166592368447376, 0.0, 0.0025194772367376416]}