{"labels": [0, 1, 2, 3, 4, 5, 6, 7, 8, 9, 10, 11, 12, 13, 14, 15, 16, 17, 18, 19, 20, 21, 22, 23, 24, 25, 26, 27, 28, 29, 30, 31, 32, 33, 34, 35, 36, 37, 38, 39], "data": [0.0, 0.002511159653009321, 0.000530416070123307, 0.0, 0.0, 0.0, 0.013400071319547756, 0.0, 0.010268165039946696, 0.0, 0.0, 0.0015347840760507247, 0.03466885427065691, 0.06704445966578625, 0.0, 0.007946107290375773, 0.0, 0.0006758022311444835, 0.0, 0.0, 0.0, 0.0, 0.0, 0.0, 0.002245828399764058, 0.0, 0.012817322384023902, 0.002269798127788023, 0.002814029449427637, 0.0, 0.0, 0.0, 0.004006993983671814, 0.0, 0.0, 0.0, 0.0, 0.0, 0.0, 0.0]}