{"labels": [0, 1, 2, 3, 4, 5, 6, 7, 8, 9, 10, 11, 12, 13, 14, 15, 16, 17, 18, 19, 20, 21, 22, 23, 24, 25, 26, 27, 28, 29, 30, 31, 32, 33, 34, 35, 36, 37, 38, 39], "data": [0.004721841550318803, 0.0, 0.0, 0.0, 0.01822094895403959, 0.01867817173817995, 0.05221378134951976, 0.0, 0.0, 0.0, 0.0, 0.0016146801064081666, 0.0, 0.03987610925807745, 0.0, 0.006403277394525663, 0.0, 0.023331039154747414, 0.0, 0.0, 0.0, 0.0, 0.0, 0.0, 0.0018879129097167473, 0.01309741983381786, 4.878579268656259e-05, 0.0, 0.0012912594611395056, 0.0, 0.0, 0.0, 0.0, 0.004102379670365656, 0.010469580527521703, 0.0, 0.014959271851666643, 0.0, 0.0021642419094058925, 0.0]}