{"labels": [0, 1, 2, 3, 4, 5, 6, 7, 8, 9, 10, 11, 12, 13, 14, 15, 16, 17, 18, 19, 20, 21, 22, 23, 24, 25, 26, 27, 28, 29, 30, 31, 32, 33, 34, 35, 36, 37, 38, 39], "data": [0.0, 0.0, 0.020304426180593513, 0.0, 0.03732786095086357, 0.027259549183594155, 0.008069294461061654, 0.0002390073942489451, 0.009797017570244981, 0.0, 0.0, 0.011619037021208613, 0.035116642929798214, 0.0, 0.0, 0.0015352829195315067, 0.0, 0.0, 0.0, 0.0, 0.0, 0.0018187884781807042, 0.0006543525754634456, 0.0, 0.0, 0.005131389174119885, 0.002520826219549323, 0.0, 0.004373334124277191, 0.0, 0.0005904988571756192, 0.0023849738127825317, 0.0, 0.03849616800977226, 0.015418696774676626, 0.0, 0.01293016720412741, 0.013778213049820931, 0.014269549041736855, 0.044904630560584656]}