{"labels": [0, 1, 2, 3, 4, 5, 6, 7, 8, 9, 10, 11, 12, 13, 14, 15, 16, 17, 18, 19, 20, 21, 22, 23, 24, 25, 26, 27, 28, 29, 30, 31, 32, 33, 34, 35, 36, 37, 38, 39], "data": [0.007485396471628458, 0.00631524944391805, 0.0, 0.0, 0.0, 0.0, 0.0, 0.030650611181299012, 0.002355751565386083, 0.0, 0.0, 0.0, 0.0, 0.0, 0.0, 0.0, 0.0, 0.0, 0.0, 0.0, 0.0, 0.0, 0.0, 0.0, 0.008443674342349107, 0.0, 0.0, 0.0, 0.02430593950649975, 0.0, 0.06491737806039018, 0.005970490098012955, 0.0, 0.008968050843402473, 0.0, 0.0, 0.0, 0.0, 0.06077221394353628, 0.0]}