{"labels": [0, 1, 2, 3, 4, 5, 6, 7, 8, 9, 10, 11, 12, 13, 14, 15, 16, 17, 18, 19, 20, 21, 22, 23, 24, 25, 26, 27, 28, 29, 30, 31, 32, 33, 34, 35, 36, 37, 38, 39], "data": [0.0, 0.0, 0.0, 0.0, 0.004368336657595848, 0.0, 0.0, 0.0, 0.005007054808741546, 0.0, 0.0, 0.0, 0.06687687978595087, 0.0, 0.0, 0.002784889969036186, 0.0022581057717458945, 0.0, 0.01772185133783327, 0.0, 0.0010357535338464696, 0.0690713955291112, 0.0, 0.0, 0.0, 0.0, 0.0, 0.0005270335501118818, 0.0031703522593964474, 0.0, 0.006321780729553954, 0.0, 0.0004672197037054226, 0.0004724276604915062, 0.0, 0.0, 0.0, 0.0, 0.002796559271322454, 0.0]}