{"labels": [0, 1, 2, 3, 4, 5, 6, 7, 8, 9, 10, 11, 12, 13, 14, 15, 16, 17, 18, 19, 20, 21, 22, 23, 24, 25, 26, 27, 28, 29, 30, 31, 32, 33, 34, 35, 36, 37, 38, 39], "data": [0.18707539752083507, 0.0, 0.0, 0.047850312526817464, 0.06044094096440002, 0.0, 0.0, 0.019834965893115918, 0.0, 0.0, 0.0, 0.0, 0.0, 0.04230630974195408, 0.0, 0.0, 0.0, 0.0, 0.0, 0.029274478820279295, 0.0, 0.0, 0.0020643353599420285, 0.002528377310146819, 0.0, 0.03034272258014967, 0.0, 0.0, 0.0, 0.011632783665265895, 0.0, 0.0031806190472384406, 0.0016380529625606773, 0.04107428410435612, 0.0, 0.0, 0.019748211883902494, 0.0, 0.0, 0.0]}