{"labels": [0, 1, 2, 3, 4, 5, 6, 7, 8, 9, 10, 11, 12, 13, 14, 15, 16, 17, 18, 19, 20, 21, 22, 23, 24, 25, 26, 27, 28, 29, 30, 31, 32, 33, 34, 35, 36, 37, 38, 39], "data": [0.008516682889921131, 0.003054955477432579, 0.0027797636838895823, 0.031242046079250577, 0.03256179489695179, 0.0, 0.007572475556098546, 0.0, 0.006924956718429916, 0.008769477817477236, 0.0, 0.0011578369746792132, 0.0, 0.02929880914246406, 0.0, 0.0, 0.02172739865802277, 0.0, 0.018072001548312927, 0.0, 0.0, 0.021222569318067843, 0.0, 0.0, 0.0, 0.0, 0.0007846295952060925, 0.032651075586507074, 0.0, 0.0, 0.0, 0.034682629580307815, 0.0, 0.0, 0.006901071864928185, 0.0, 0.0, 0.03527778563945365, 0.0016577138474745017, 0.0007945611819859227]}