{"labels": [0, 1, 2, 3, 4, 5, 6, 7, 8, 9, 10, 11, 12, 13, 14, 15, 16, 17, 18, 19, 20, 21, 22, 23, 24, 25, 26, 27, 28, 29, 30, 31, 32, 33, 34, 35, 36, 37, 38, 39], "data": [0.0033753098159495973, 0.007363145610334663, 0.002208527662560189, 0.0112607317791369, 0.04258990350161891, 0.0, 0.04363790766817634, 0.0, 0.0, 0.001733934728557868, 0.0, 0.0, 0.0, 0.0, 0.0046048614924206685, 0.0, 0.0, 0.0, 0.0, 0.0, 0.0, 0.0, 0.0010702149088904218, 0.0, 0.0, 0.0005842312524755688, 0.0, 6.394820263857612e-05, 0.0, 0.0, 0.0, 0.0, 0.00034157179798466444, 0.0, 0.0, 0.05706489845593216, 0.0, 0.02284282258314013, 0.0038852499544714614, 0.0]}