{"labels": [0, 1, 2, 3, 4, 5, 6, 7, 8, 9, 10, 11, 12, 13, 14, 15, 16, 17, 18, 19, 20, 21, 22, 23, 24, 25, 26, 27, 28, 29, 30, 31, 32, 33, 34, 35, 36, 37, 38, 39], "data": [0.0, 0.023857027135263248, 0.0012357318623967934, 0.01546940274390634, 0.011742054150401457, 0.0, 0.001284488925552946, 0.0, 0.0, 0.004553696526898324, 0.0, 0.0, 0.005306920124946292, 0.0, 0.0, 0.01684828605840433, 0.0, 0.004538798156766515, 0.0, 0.003108230772387773, 0.08646803469413378, 0.0, 0.04542499546626424, 0.06074371948443659, 0.004658609499631045, 0.0, 0.04233973900222935, 0.0, 0.009558557697541534, 0.014229578804434461, 0.0, 0.0, 0.0021532908046092134, 0.0, 0.004161447279415466, 0.0, 0.004224088340969211, 0.01928227978025872, 0.0, 0.0]}