{"labels": [0, 1, 2, 3, 4, 5, 6, 7, 8, 9, 10, 11, 12, 13, 14, 15, 16, 17, 18, 19, 20, 21, 22, 23, 24, 25, 26, 27, 28, 29, 30, 31, 32, 33, 34, 35, 36, 37, 38, 39], "data": [0.0, 0.004737083697526379, 0.0, 0.006017868035052618, 0.0006223093875873064, 0.0, 0.014534040178718661, 0.0, 0.0, 0.01617230529953356, 0.0, 0.0013776639741820786, 0.02869655414434217, 0.002856277922261953, 0.015016599795642276, 0.006529613803691526, 0.0, 0.07644389558917801, 0.0, 0.03590585877021152, 0.0, 0.011000004727678786, 0.0002121872537980877, 0.0022720528935900436, 0.0, 0.0008731310206777086, 0.02821383342395399, 0.0, 0.000379498554292389, 0.0, 0.015531124436360958, 0.0014617152109920484, 0.0, 0.0, 0.002468384595483331, 0.018330687257278593, 0.0, 0.0, 0.004863699733061187, 0.004962978340009036]}