{"labels": [0, 1, 2, 3, 4, 5, 6, 7, 8, 9, 10, 11, 12, 13, 14, 15, 16, 17, 18, 19, 20, 21, 22, 23, 24, 25, 26, 27, 28, 29, 30, 31, 32, 33, 34, 35, 36, 37, 38, 39], "data": [0.0, 0.03981025813818015, 0.00194539588579543, 0.0, 0.018819614113331818, 0.0, 0.021090214263587058, 0.0, 0.00615453604833689, 0.006533631003062915, 0.0, 0.0, 0.005028997435814891, 0.005937877058107703, 0.020981106091533246, 0.0026035168702376117, 0.0, 0.0, 0.0, 0.0, 0.0, 0.0, 0.0, 0.0, 0.033786085459885117, 0.01429202468247155, 0.0, 0.0, 0.006680552348149738, 0.0, 0.0, 0.0, 0.005935752470620058, 0.0, 0.0, 0.04997135349859182, 0.012689852307479354, 0.0, 0.0, 0.0]}