{"labels": [0, 1, 2, 3, 4, 5, 6, 7, 8, 9, 10, 11, 12, 13, 14, 15, 16, 17, 18, 19, 20, 21, 22, 23, 24, 25, 26, 27, 28, 29, 30, 31, 32, 33, 34, 35, 36, 37, 38, 39], "data": [0.024250229684096847, 0.09183152270190013, 0.0, 0.0, 0.0, 0.0076455761155769285, 0.0, 0.009196191927863305, 0.0, 0.0, 0.0, 0.004720853229816611, 0.0, 0.0, 0.0879981248942836, 0.0030501844174157843, 0.0, 0.0, 0.018764965094031204, 0.0, 0.019995520540718688, 0.0, 0.0, 0.02659456941433111, 0.0, 0.011183414075792833, 0.0, 0.0, 0.0, 0.012213359765994443, 0.07791113080474259, 0.0, 0.0, 0.0, 0.0, 0.0, 0.014335866988639775, 0.0, 0.0, 0.005142719338735697]}