{"labels": [0, 1, 2, 3, 4, 5, 6, 7, 8, 9, 10, 11, 12, 13, 14, 15, 16, 17, 18, 19, 20, 21, 22, 23, 24, 25, 26, 27, 28, 29, 30, 31, 32, 33, 34, 35, 36, 37, 38, 39], "data": [0.0, 0.003003287108557589, 0.0022234845606264007, 0.0, 0.0, 0.0, 0.0, 0.0, 0.0003327108297463366, 0.0, 0.004577136595410025, 0.0, 0.0, 0.006338653563940085, 0.0002865987125403042, 0.0, 0.0, 0.037536722435331446, 0.0, 0.0, 0.04779564903369182, 0.0, 0.0, 0.0, 0.0, 0.01986795194880595, 0.0, 0.0, 0.0, 0.0, 0.0093418767461957, 0.0, 0.0027297942951306285, 0.0, 0.0, 0.06786690266532847, 0.0, 0.021128218683576592, 0.0, 0.043457357232447556]}