{"labels": [0, 1, 2, 3, 4, 5, 6, 7, 8, 9, 10, 11, 12, 13, 14, 15, 16, 17, 18, 19, 20, 21, 22, 23, 24, 25, 26, 27, 28, 29, 30, 31, 32, 33, 34, 35, 36, 37, 38, 39], "data": [0.021287936769043204, 0.0005501437602180505, 0.0, 0.024784765464943053, 0.0, 0.0001691863576755238, 0.004389250940798695, 0.0, 0.0051923809836488906, 0.0, 0.0, 0.00771960017674984, 0.013103662563366328, 0.013586660409120432, 0.003309985607006538, 0.002121323979703237, 0.0, 0.0, 0.017270602672037456, 0.0, 0.0, 0.01190660579956747, 0.003005345099329411, 0.001242839850013746, 0.0, 0.06005195594663962, 0.0, 0.005273892341353003, 0.0, 0.0, 0.0, 0.0004579186003404263, 0.0, 0.0020880402253598855, 0.07488961795926279, 0.0, 0.0, 0.0, 0.0, 0.02691112829382976]}