{"labels": [0, 1, 2, 3, 4, 5, 6, 7, 8, 9, 10, 11, 12, 13, 14, 15, 16, 17, 18, 19, 20, 21, 22, 23, 24, 25, 26, 27, 28, 29, 30, 31, 32, 33, 34, 35, 36, 37, 38, 39], "data": [0.0, 0.0, 0.0, 0.005060975049549462, 0.045888858944489505, 0.0, 0.0, 0.0, 0.14136142256038262, 0.0, 0.0, 0.0, 0.27014932286630255, 0.0, 0.0, 0.0, 0.0, 0.0, 0.0, 0.0, 0.01458288698036541, 0.0, 0.0, 0.0, 0.0, 0.0, 0.0, 0.07294879177866138, 0.05220471626183435, 0.0, 0.0, 0.0, 0.0, 0.06681176345134826, 0.0, 0.057733120912093386, 0.014310100709594688, 0.0, 0.0, 0.005676892154054668]}