{"labels": [0, 1, 2, 3, 4, 5, 6, 7, 8, 9, 10, 11, 12, 13, 14, 15, 16, 17, 18, 19, 20, 21, 22, 23, 24, 25, 26, 27, 28, 29, 30, 31, 32, 33, 34, 35, 36, 37, 38, 39], "data": [0.004649993479990991, 0.0, 0.0, 0.0, 0.0, 0.0, 0.007368831818851566, 0.006878878706983595, 0.0, 0.0, 0.00782819643008907, 0.0, 0.008941237638838527, 0.0, 0.0, 0.0, 0.0, 0.0, 0.05072978310379408, 0.0, 0.0, 0.0, 0.0, 0.0069358365993785675, 0.0, 0.04346539894863035, 0.0, 0.0243848237790389, 0.0, 0.0, 0.02937023197615609, 0.0, 0.0, 0.01681817232712166, 0.01860684929572621, 0.0, 0.0, 0.044495516842542465, 0.02135421724612501, 0.006210210550852917]}