{"labels": [0, 1, 2, 3, 4, 5, 6, 7, 8, 9, 10, 11, 12, 13, 14, 15, 16, 17, 18, 19, 20, 21, 22, 23, 24, 25, 26, 27, 28, 29, 30, 31, 32, 33, 34, 35, 36, 37, 38, 39], "data": [0.007905880299473894, 0.0036033056351850944, 0.0, 0.0, 0.00273625010305971, 0.0, 0.0012279500086067514, 0.0, 0.0, 0.0, 0.0, 0.0009449478006738191, 0.0023981824467866077, 0.0, 0.0, 0.0, 0.0, 0.007372489403172526, 0.0, 0.0, 0.0, 0.0036161983922938477, 0.0, 0.07321254593627273, 0.0, 0.0, 0.0, 0.0, 0.0, 0.0, 0.0, 0.0, 0.0, 0.011749963712147544, 0.0, 0.0, 0.011355955874854058, 0.026286382782196534, 0.0, 0.0]}