{"labels": [0, 1, 2, 3, 4, 5, 6, 7, 8, 9, 10, 11, 12, 13, 14, 15, 16, 17, 18, 19, 20, 21, 22, 23, 24, 25, 26, 27, 28, 29, 30, 31, 32, 33, 34, 35, 36, 37, 38, 39], "data": [0.0, 0.0, 0.0, 0.0421447748605534, 0.0, 0.0, 0.04842144609462836, 0.0, 0.0, 0.0022942393371398486, 0.0, 0.0, 0.0, 0.00779454754714644, 0.0, 0.0, 0.0, 0.0, 0.0, 0.044690634750319196, 0.0026286292282029734, 0.0, 0.0028726171010175915, 0.0223939941062766, 0.0011989259273057112, 0.030248661009574816, 0.0, 0.0, 0.0, 0.0, 0.0, 0.0, 0.002352715731479733, 0.0, 0.013718758678442095, 0.0, 0.0, 0.0, 0.0, 0.0]}