{"labels": [0, 1, 2, 3, 4, 5, 6, 7, 8, 9, 10, 11, 12, 13, 14, 15, 16, 17, 18, 19, 20, 21, 22, 23, 24, 25, 26, 27, 28, 29, 30, 31, 32, 33, 34, 35, 36, 37, 38, 39], "data": [0.0, 0.0, 0.02898121267956746, 0.0, 0.0, 0.0051508400823920926, 0.0, 0.060547130140671965, 0.0, 0.0, 0.03276350841859789, 0.002792798472866179, 0.0, 0.0, 0.0, 0.0, 0.0, 0.008387185177211593, 0.0071646539115462005, 0.0, 0.0, 0.002633905758783088, 0.0018246137337777101, 0.0, 0.0006284296203464477, 0.0, 0.0, 0.0, 0.08354934059699022, 0.0010658733798962468, 0.0027724626059550473, 0.0, 0.0, 0.0, 0.009659122919947935, 0.0, 0.0, 0.010146890251777127, 0.0016431583341153704, 0.0]}