{"labels": [0, 1, 2, 3, 4, 5, 6, 7, 8, 9, 10, 11, 12, 13, 14, 15, 16, 17, 18, 19, 20, 21, 22, 23, 24, 25, 26, 27, 28, 29, 30, 31, 32, 33, 34, 35, 36, 37, 38, 39], "data": [0.0009637776025781299, 0.0, 0.0, 0.008067585745729555, 0.008954778401659678, 0.0, 0.005035540354272999, 0.01951613204330434, 0.0007124830851665101, 0.0, 0.0, 0.0, 0.0, 0.0, 0.0, 0.0, 0.0, 0.0, 0.0, 0.0, 0.0, 0.0, 0.0, 0.0, 0.0, 0.0, 0.0, 0.0, 0.0, 0.0, 0.049944762892996306, 0.00013349199190492347, 0.04891412983654689, 0.0, 0.0, 0.046328807949392085, 0.048868452122471796, 0.07457340703875648, 0.0, 0.0009579461495412168]}