{"labels": [0, 1, 2, 3, 4, 5, 6, 7, 8, 9, 10, 11, 12, 13, 14, 15, 16, 17, 18, 19, 20, 21, 22, 23, 24, 25, 26, 27, 28, 29, 30, 31, 32, 33, 34, 35, 36, 37, 38, 39], "data": [0.007321991825485395, 0.0, 0.004624037831161947, 0.0, 0.055960164468168865, 0.012514394337093936, 0.0017114833805845677, 0.00029395689929560354, 0.0010291528534961585, 0.003732616443810071, 0.0, 0.00034758956832725763, 0.008497315681213315, 0.0, 0.0, 0.0, 0.009619904319256722, 0.0025105842954364394, 0.0, 0.019990634635529213, 0.0, 0.0, 0.0, 0.010994674393285222, 0.0, 0.06102197373221622, 0.0, 0.012311427303792371, 0.007426825178086381, 0.0, 0.0008425586410186424, 0.000803526036567257, 0.0, 0.002522484666126323, 0.036802463947744155, 0.0, 0.0, 0.013260236330345308, 0.021558252381731986, 0.0]}