{"labels": [0, 1, 2, 3, 4, 5, 6, 7, 8, 9, 10, 11, 12, 13, 14, 15, 16, 17, 18, 19, 20, 21, 22, 23, 24, 25, 26, 27, 28, 29, 30, 31, 32, 33, 34, 35, 36, 37, 38, 39], "data": [0.0051738783816863, 0.007821333616288569, 0.0, 0.0, 0.0, 0.0005537238656472479, 0.01682540551843301, 0.06900977218464559, 0.00516774760897098, 0.03499155075110609, 0.0, 0.002145142942704467, 0.0, 0.0, 0.008126612189406728, 0.0016764045781659008, 0.0, 0.024985728223131217, 0.0, 0.0009391040414878896, 0.0, 0.016000071146407474, 0.0, 0.0, 0.028400149174636024, 0.0, 0.0, 0.014298985322622705, 0.0, 0.009513756285107578, 0.0, 0.0, 0.001218699633667894, 0.0, 0.0, 0.0, 0.0042359953783952815, 0.0, 0.006371057729701583, 0.0035972521062055465]}