{"labels": [0, 1, 2, 3, 4, 5, 6, 7, 8, 9, 10, 11, 12, 13, 14, 15, 16, 17, 18, 19, 20, 21, 22, 23, 24, 25, 26, 27, 28, 29, 30, 31, 32, 33, 34, 35, 36, 37, 38, 39], "data": [0.016264101051034922, 0.0050195765346415224, 0.002793709533402555, 0.006593085042699595, 0.02926513869317767, 0.0, 0.0049858601948623025, 0.0, 0.0, 0.010565813819590575, 0.022710447814165258, 0.0, 0.0, 0.0, 0.014032359796054225, 0.0, 0.0, 0.0, 0.0, 0.0011830431632174525, 0.0, 0.0, 0.005869102002880765, 0.0, 0.0, 0.0, 0.0, 0.002191041194592367, 0.0, 0.0, 0.0, 0.0, 0.0037320398541091666, 0.0, 0.0, 0.04486314370614737, 0.007441802989550614, 0.0, 0.00047469451938513435, 0.005186821697822763]}