{"labels": [0, 1, 2, 3, 4, 5, 6, 7, 8, 9, 10, 11, 12, 13, 14, 15, 16, 17, 18, 19, 20, 21, 22, 23, 24, 25, 26, 27, 28, 29, 30, 31, 32, 33, 34, 35, 36, 37, 38, 39], "data": [0.014558725770786091, 0.0, 0.0, 0.0, 0.028754629554321995, 0.0, 0.0, 0.005811078325444615, 0.0, 0.0, 0.0, 0.0, 0.0, 0.0033214387318911496, 0.0, 0.020043998474231075, 0.0, 0.010278650080716982, 0.00522775572081743, 0.0, 0.0035445249267213705, 0.0028563461144244405, 0.0007153767161669686, 0.0, 0.0036424167889628463, 0.017697109161628255, 0.0, 0.0, 0.0, 0.0, 0.0, 0.0024143210711812363, 0.0006202629068075367, 0.018547929512885985, 0.0, 0.00419794685502486, 0.0, 0.0, 0.0, 0.04205667606124855]}