{"labels": [0, 1, 2, 3, 4, 5, 6, 7, 8, 9, 10, 11, 12, 13, 14, 15, 16, 17, 18, 19, 20, 21, 22, 23, 24, 25, 26, 27, 28, 29, 30, 31, 32, 33, 34, 35, 36, 37, 38, 39], "data": [0.0001257191829298508, 8.28561375403562e-05, 0.0013473918083002905, 0.0, 0.019085029518251098, 0.006361436582655777, 0.024417088963713574, 0.0, 0.0, 0.004047646633788181, 0.001880209328944713, 0.0, 0.0, 0.0, 0.0, 0.015771917206286318, 0.003969243514333606, 0.0, 0.04779459940502171, 0.0, 0.0, 0.0, 0.0, 0.0, 0.0, 0.007738460712475306, 0.0, 0.0, 0.0009277191896477875, 0.0, 0.0012723075833035778, 0.0, 0.0, 0.008107794793396484, 0.03155362976350767, 0.0, 0.0, 0.016478889033696445, 0.0071298532234228655, 0.0]}