{"labels": [0, 1, 2, 3, 4, 5, 6, 7, 8, 9, 10, 11, 12, 13, 14, 15, 16, 17, 18, 19, 20, 21, 22, 23, 24, 25, 26, 27, 28, 29, 30, 31, 32, 33, 34, 35, 36, 37, 38, 39], "data": [0.0, 0.0, 0.001909323937541778, 0.0, 0.0170401276154972, 0.0, 0.02131076820089507, 0.0, 0.03800520608347479, 0.0032368323297674076, 0.0, 0.009439837149199807, 0.0, 0.0, 0.0, 0.0, 0.0068176091364736775, 0.02897313157906652, 0.0, 0.0, 0.006793393117459095, 0.0, 0.0, 0.0, 0.007625716776551256, 0.015084527827304486, 0.002026471024440681, 0.005496519561166586, 0.0, 0.0, 0.0, 0.0011017036852847256, 0.0, 0.0, 0.0, 0.0018705759792871045, 0.0, 0.006685112740966102, 0.0, 0.0005583883127337561]}