{"labels": [0, 1, 2, 3, 4, 5, 6, 7, 8, 9, 10, 11, 12, 13, 14, 15, 16, 17, 18, 19, 20, 21, 22, 23, 24, 25, 26, 27, 28, 29, 30, 31, 32, 33, 34, 35, 36, 37, 38, 39], "data": [0.0, 0.0, 0.0011329578777684978, 0.0, 0.039145456899559374, 0.0, 0.02085038806116304, 0.0, 0.0, 0.02868794982485364, 0.0, 0.0, 0.0, 0.002397900674970315, 0.0, 0.0, 0.0, 0.0, 0.0, 0.0, 0.0, 0.005119548684522003, 0.010101685824751438, 0.032356983866319945, 0.009258586518399852, 0.005836029785506476, 0.0, 0.0, 0.0, 0.0, 0.0, 0.0021688239175628485, 0.0031211210675825152, 0.0009087888276857959, 0.0, 0.0, 0.0, 0.0, 0.04253642638745567, 0.0]}