{"labels": [0, 1, 2, 3, 4, 5, 6, 7, 8, 9, 10, 11, 12, 13, 14, 15, 16, 17, 18, 19, 20, 21, 22, 23, 24, 25, 26, 27, 28, 29, 30, 31, 32, 33, 34, 35, 36, 37, 38, 39], "data": [0.005490955606422611, 0.012326231103723688, 0.03256167267775676, 0.0, 0.0, 0.012300962371461305, 0.003050110213075036, 0.0, 0.0026386669180352416, 0.03327357121516489, 0.0012887231881058571, 0.007880076858838602, 0.0, 1.4845902967500042e-05, 0.0046015373960924194, 0.0, 0.0, 0.0, 0.007299944216648427, 0.0, 0.0, 0.019918725617180055, 0.0, 0.0, 0.008183073641723411, 0.0, 0.0, 0.03738792956357226, 0.0, 0.04258735600767394, 0.0, 0.0018315835359148745, 0.007841986843076845, 0.0, 0.0, 0.03694573109845511, 0.0262701154717396, 0.019671747008183072, 0.003268878010561128, 0.0026791566092526434]}