{"labels": [0, 1, 2, 3, 4, 5, 6, 7, 8, 9, 10, 11, 12, 13, 14, 15, 16, 17, 18, 19, 20, 21, 22, 23, 24, 25, 26, 27, 28, 29, 30, 31, 32, 33, 34, 35, 36, 37, 38, 39], "data": [0.0015346454650090938, 0.005238414646991898, 0.011398626466948612, 0.0, 0.006035460743060183, 0.0, 0.0, 0.012519409972415916, 0.0, 0.014322816697775286, 0.0, 0.0, 0.00991320711552596, 0.02615115058750281, 0.0, 0.0, 0.0, 0.060589983031511925, 0.0, 0.01969493364993206, 0.0012225553933651165, 0.0026583608553980946, 0.08449482497453034, 0.0, 0.024333343609798167, 0.001131607762118291, 0.0, 0.0, 0.0, 0.03671829495606448, 0.0, 0.0, 0.0, 0.0018843320437135602, 0.004752507034089871, 0.019234314708253368, 0.021543041366418398, 0.015018446024044863, 0.04243338586781641, 0.04581048522429217]}