{"labels": [0, 1, 2, 3, 4, 5, 6, 7, 8, 9, 10, 11, 12, 13, 14, 15, 16, 17, 18, 19, 20, 21, 22, 23, 24, 25, 26, 27, 28, 29, 30, 31, 32, 33, 34, 35, 36, 37, 38, 39], "data": [0.0, 0.0, 0.0, 0.007085619471812067, 0.02750487311823085, 0.0, 0.0, 0.014654389104184257, 0.0, 0.0, 0.0, 0.0, 1.6235420047644332e-06, 0.018541816736146362, 0.012622549575469483, 0.006288983013246895, 0.0, 0.0, 0.06438239663866215, 0.0, 0.007241459516915108, 0.0010943731928645286, 0.0018669826010903928, 0.0, 0.0005437163512438621, 0.0454691897002885, 0.0, 0.00012887242403543394, 0.0019316346970795772, 0.0, 0.01440761554405165, 0.002528824448793827, 0.024855871863227654, 0.0032033095249316625, 0.0, 0.0, 0.0, 1.9397933672851064e-06, 0.0, 0.02680215393580079]}