{"labels": [0, 1, 2, 3, 4, 5, 6, 7, 8, 9, 10, 11, 12, 13, 14, 15, 16, 17, 18, 19, 20, 21, 22, 23, 24, 25, 26, 27, 28, 29, 30, 31, 32, 33, 34, 35, 36, 37, 38, 39], "data": [0.0, 0.003573305384105162, 0.0026227617739976385, 0.003780754616802222, 0.0035468524004027223, 0.0, 0.0071918982124633615, 0.012089877424326597, 0.0, 0.014341117770819742, 0.0, 0.0, 0.0, 0.0, 0.0, 0.0, 0.00017995312837500768, 0.011312436226743595, 0.0011383102128628177, 0.0, 0.00017239517924773777, 0.0, 0.004440582212506375, 0.0, 0.0012756945208537954, 0.0020960393808091156, 0.0007797989249224403, 0.002133341171855425, 0.0, 0.0029405287891387925, 0.0, 0.002986253939811698, 0.001586061357591143, 0.0, 0.0026575050699665505, 0.014618102602881015, 0.018646574961536082, 0.0, 0.0016368394770896043, 0.0]}