{"labels": [0, 1, 2, 3, 4, 5, 6, 7, 8, 9, 10, 11, 12, 13, 14, 15, 16, 17, 18, 19, 20, 21, 22, 23, 24, 25, 26, 27, 28, 29, 30, 31, 32, 33, 34, 35, 36, 37, 38, 39], "data": [0.0, 0.0, 0.0002802401578346611, 0.013948933585391137, 0.03666773299682406, 0.014764914820118345, 0.0, 0.002762857181086191, 0.0, 0.008815194089588887, 0.0027169424561304246, 0.0, 0.0, 0.0, 0.015211754949722411, 0.0, 0.0173467185720853, 0.031105708321634184, 0.0, 0.0, 0.013770819128867812, 0.0, 0.0, 0.006285693710916553, 0.0, 0.025921581816684615, 0.0, 0.0, 0.0, 0.0, 0.0, 0.0021972682712027205, 0.0019663707017423104, 0.0, 0.00692127436296063, 0.0, 0.0, 0.045741609535199186, 0.0, 0.0]}