{"labels": [0, 1, 2, 3, 4, 5, 6, 7, 8, 9, 10, 11, 12, 13, 14, 15, 16, 17, 18, 19, 20, 21, 22, 23, 24, 25, 26, 27, 28, 29, 30, 31, 32, 33, 34, 35, 36, 37, 38, 39], "data": [0.011283877343761675, 0.0, 0.01622883110269155, 0.0, 0.018292457402797384, 0.0, 0.0, 0.0, 0.0, 0.0, 0.0, 0.0, 0.0, 0.00261701294327344, 0.00024559168370864957, 0.002830483339346959, 0.012853505678362217, 0.0, 0.0, 0.02516463094848681, 0.011028064181693411, 0.004085920645587826, 0.0, 0.013769050911851178, 0.0031527771051326385, 0.0, 0.0005978257476823449, 0.0, 0.0, 0.0, 0.0053780740257036545, 0.0, 0.0, 0.06436563162858286, 0.0, 0.01101220459030002, 0.0, 0.012796732887837043, 0.0, 0.0]}