{"labels": [0, 1, 2, 3, 4, 5, 6, 7, 8, 9, 10, 11, 12, 13, 14, 15, 16, 17, 18, 19, 20, 21, 22, 23, 24, 25, 26, 27, 28, 29, 30, 31, 32, 33, 34, 35, 36, 37, 38, 39], "data": [0.0, 0.005389114122545152, 0.0, 0.0, 0.05880237161454949, 0.0, 0.0, 0.0, 0.0, 0.02074001475349722, 0.0, 0.0, 0.0, 0.0017033084967879703, 0.009406401069659094, 0.0007147896503377043, 0.0, 0.0, 0.0, 0.0, 0.0, 0.0, 0.0, 0.009826631532856794, 0.0, 0.0, 0.0, 0.0, 0.0, 0.0, 0.0, 0.0, 0.0, 0.05621553013451713, 0.0, 0.0, 0.0, 0.0014750361930732402, 0.0, 0.0]}