{"labels": [0, 1, 2, 3, 4, 5, 6, 7, 8, 9, 10, 11, 12, 13, 14, 15, 16, 17, 18, 19, 20, 21, 22, 23, 24, 25, 26, 27, 28, 29, 30, 31, 32, 33, 34, 35, 36, 37, 38, 39], "data": [0.0, 0.0005777319538760002, 0.0, 0.0012131176325287515, 0.0059521860474676894, 0.0, 0.0, 0.0, 0.0, 0.02981897937296781, 0.019311580430857764, 0.0, 0.0, 0.0, 0.0, 0.0, 0.0, 0.0, 0.0, 0.0046697046832217095, 0.0, 0.0, 0.00020968269978721585, 0.0, 0.0043971671575358, 0.0, 0.0017928949467062858, 0.0, 0.006076716556700657, 0.0, 0.0, 0.00483363402292483, 0.0, 0.0, 0.0, 0.08151654056591603, 0.00047503284918731244, 0.03637225234819645, 0.0, 0.0]}