{"labels": [0, 1, 2, 3, 4, 5, 6, 7, 8, 9, 10, 11, 12, 13, 14, 15, 16, 17, 18, 19, 20, 21, 22, 23, 24, 25, 26, 27, 28, 29, 30, 31, 32, 33, 34, 35, 36, 37, 38, 39], "data": [0.0, 0.0, 0.002654331533847498, 0.0, 0.0, 0.06183730378211163, 0.0159379855914119, 0.0457470728614561, 0.00020103032686785054, 0.0, 0.02042928691973096, 0.0, 0.0, 0.0, 0.0, 0.0, 0.0, 0.0, 0.013104629742845477, 0.032860912546483545, 0.0, 0.03369426185891328, 0.0011232862761679078, 0.0, 0.009550852051734266, 0.0, 0.0, 0.0, 0.0, 0.004561371536798089, 0.04189482341731035, 0.0005878844959866962, 0.0, 0.008086487166735224, 0.006480401480831704, 0.008040840073618811, 0.0, 0.0, 0.001464399615101056, 0.0]}