{"labels": [0, 1, 2, 3, 4, 5, 6, 7, 8, 9, 10, 11, 12, 13, 14, 15, 16, 17, 18, 19, 20, 21, 22, 23, 24, 25, 26, 27, 28, 29, 30, 31, 32, 33, 34, 35, 36, 37, 38, 39], "data": [0.0, 0.0, 0.0038553024121297974, 0.0, 0.0, 0.0, 0.01689613312078552, 0.0, 0.0, 0.0, 0.0, 0.0, 0.07402549352724143, 0.0, 0.0, 0.0, 0.003353729322163754, 0.0, 0.0, 0.0, 0.0, 0.0, 0.0, 0.0, 0.0020715491014180565, 0.0, 0.0026028840476126913, 0.06394672371345074, 0.0, 0.0, 0.0, 0.0, 0.08383060571113318, 0.0, 0.022197697212213895, 0.0, 0.019494806980690425, 0.002540366386280794, 0.0, 0.0]}