{"labels": [0, 1, 2, 3, 4, 5, 6, 7, 8, 9, 10, 11, 12, 13, 14, 15, 16, 17, 18, 19, 20, 21, 22, 23, 24, 25, 26, 27, 28, 29, 30, 31, 32, 33, 34, 35, 36, 37, 38, 39], "data": [0.0, 0.0, 0.0, 0.0, 0.04103793307007366, 0.0, 0.0368688000189283, 0.0, 0.0, 0.03918979063897223, 0.0079694351175829, 0.0, 0.0, 0.022335963385600902, 0.0, 0.0, 0.04086494819381817, 0.0, 0.0, 0.0, 0.0, 0.0, 0.0, 0.061365430628302235, 0.0, 0.021145986374222048, 0.0, 0.0, 0.0, 0.0, 0.01096340738801116, 0.0, 0.0, 0.0, 0.0, 0.0, 0.0, 0.01625084929567415, 0.0, 0.0]}