{"labels": [0, 1, 2, 3, 4, 5, 6, 7, 8, 9, 10, 11, 12, 13, 14, 15, 16, 17, 18, 19, 20, 21, 22, 23, 24, 25, 26, 27, 28, 29, 30, 31, 32, 33, 34, 35, 36, 37, 38, 39], "data": [0.006923317217107182, 0.015327130124715193, 0.010932123612436662, 0.0, 0.06643508512933641, 0.012313766084157435, 0.0, 0.0, 0.0, 0.03280013136076113, 0.001004219680580599, 0.0, 0.0, 0.0, 0.0017146410225109998, 0.0, 0.0011016177916396725, 0.01852830818092647, 0.00023677721536439388, 0.0, 0.0, 0.01693021178637182, 0.0, 0.0489904513504846, 0.025099005387135453, 0.0, 0.0, 0.0209289468812594, 0.0, 0.0, 0.0, 0.01613280397657396, 0.016925243786891503, 0.057156786190960415, 0.02418619043050772, 0.0, 0.0, 0.006182913184923901, 0.037009473808354176, 0.0029099516073745123]}