{"labels": [0, 1, 2, 3, 4, 5, 6, 7, 8, 9, 10, 11, 12, 13, 14, 15, 16, 17, 18, 19, 20, 21, 22, 23, 24, 25, 26, 27, 28, 29, 30, 31, 32, 33, 34, 35, 36, 37, 38, 39], "data": [0.0, 0.013851749379452506, 0.0, 0.0, 0.0, 0.0, 0.0, 0.0, 0.00036529745236939145, 0.0, 0.004024070565879726, 0.0, 0.0005091584872041422, 0.0, 0.0004972436520135655, 0.0, 0.0, 0.0030923531423510757, 0.03567432157947402, 0.0, 0.0, 0.006410869139797772, 0.1432386743759864, 0.0, 0.0, 0.010599995437076555, 0.0, 0.0, 0.0, 0.0, 0.04981466714898491, 0.0, 0.0, 0.0, 0.003585788478262716, 0.0, 0.0, 0.009956188657734446, 0.04474160281117073, 0.0036620306258248574]}