{"labels": [0, 1, 2, 3, 4, 5, 6, 7, 8, 9, 10, 11, 12, 13, 14, 15, 16, 17, 18, 19, 20, 21, 22, 23, 24, 25, 26, 27, 28, 29, 30, 31, 32, 33, 34, 35, 36, 37, 38, 39], "data": [0.0015981251556943838, 0.0, 0.0, 0.0, 0.0048197828605737745, 0.004012810856369788, 0.021118739287794633, 0.0, 0.010645381688511759, 0.0, 0.0017521411685777692, 0.0036188918154388327, 0.001129196441845669, 0.0, 0.0, 0.006425028486619376, 0.0072328290632321995, 0.0011576517559639123, 0.0, 0.0, 0.0, 0.0035882845390871484, 0.0, 0.0, 0.0014610866281690913, 0.0, 0.005064690560266562, 0.0, 0.0, 0.029133920378520205, 0.0, 0.0007644444292991531, 0.002954432681716181, 0.0052533187774978585, 0.0, 0.0, 0.0, 0.04148282406441128, 0.021608383661148572, 0.004643573108958354]}