{"labels": [0, 1, 2, 3, 4, 5, 6, 7, 8, 9, 10, 11, 12, 13, 14, 15, 16, 17, 18, 19, 20, 21, 22, 23, 24, 25, 26, 27, 28, 29, 30, 31, 32, 33, 34, 35, 36, 37, 38, 39], "data": [0.0117875509896552, 0.005608372737625662, 0.020077705781093334, 0.007899115645954656, 0.0025677983907667385, 0.0, 0.016288982637201344, 0.00047960510850047035, 0.0, 0.04222250644096496, 0.0014102641204084818, 5.464758664338652e-05, 0.055856475675051566, 0.016099929682610606, 0.0, 0.0, 0.0, 0.0005616370545590168, 0.0005755864671330739, 0.0, 0.005205779974714482, 0.0005903934206111365, 0.040690142114603124, 0.0, 0.005822431501946615, 0.004437185103063788, 0.0, 0.0007867079178973385, 0.0, 0.0, 0.005407072533777766, 0.0008422080985836506, 0.06863082347323629, 0.028264103476771045, 0.007389863807732167, 0.0007735884246685983, 0.020887570900947738, 0.0, 0.0, 0.0008356741857667888]}