{"labels": [0, 1, 2, 3, 4, 5, 6, 7, 8, 9, 10, 11, 12, 13, 14, 15, 16, 17, 18, 19, 20, 21, 22, 23, 24, 25, 26, 27, 28, 29, 30, 31, 32, 33, 34, 35, 36, 37, 38, 39], "data": [0.009197581182514136, 0.012643551033098471, 0.0, 0.0, 0.0023164223051364975, 0.006219376489796307, 0.0, 0.01753538682174309, 0.0, 0.010547696443406354, 0.0033247097523115454, 0.00534176447741338, 0.0, 0.028426259629384616, 0.0, 0.027496237661013643, 0.0, 0.016801936305283992, 0.002014707322253227, 0.019942182745416186, 0.0007048926606317757, 0.016482663875355137, 0.0032786358722608658, 0.027421412796920588, 0.0, 0.00041360625070951295, 0.0, 0.0008736446573109864, 0.0, 0.0, 0.021037616871232335, 0.0, 0.0, 0.018715963954214102, 0.011233299944378737, 0.004560431613746385, 0.044628859894425055, 0.013872680655234351, 0.008801145802021012, 0.006597067183433046]}