{"labels": [0, 1, 2, 3, 4, 5, 6, 7, 8, 9, 10, 11, 12, 13, 14, 15, 16, 17, 18, 19, 20, 21, 22, 23, 24, 25, 26, 27, 28, 29, 30, 31, 32, 33, 34, 35, 36, 37, 38, 39], "data": [0.0, 0.0, 0.021683166024951878, 0.0, 0.0, 0.010215371349397881, 0.010081565855193753, 0.00917273243156853, 0.0, 0.006025627650406838, 0.0, 0.0, 0.0, 0.007458228201451389, 0.006681324663034538, 0.0, 0.0, 0.011612077258673359, 0.0, 0.031771670830794844, 0.00925672999579432, 0.0, 0.0, 0.030723532327664834, 0.0001298395364217342, 0.0, 0.00011894119048325756, 0.0021681299628992104, 0.0, 0.0, 0.014598761840219342, 0.0, 0.0, 0.0, 0.0, 0.048126896759678815, 0.032031193868491646, 0.018209030985368732, 0.00918410426995547, 0.0]}