{"labels": [0, 1, 2, 3, 4, 5, 6, 7, 8, 9, 10, 11, 12, 13, 14, 15, 16, 17, 18, 19, 20, 21, 22, 23, 24, 25, 26, 27, 28, 29, 30, 31, 32, 33, 34, 35, 36, 37, 38, 39], "data": [0.03792896954564527, 0.0, 0.0009656370404606045, 0.05674196409100817, 0.006589721429284094, 0.0049597119588815275, 0.0, 0.0, 0.0, 0.0, 0.00045169738633848365, 0.0036145972260202574, 0.0, 0.0, 0.008998983778494944, 0.0, 0.0, 0.0, 0.0, 0.0, 0.0, 0.014564252344925949, 0.007368511984746966, 0.0, 0.0067341671013948666, 0.006856688173262812, 0.0, 0.027272170568923382, 0.0034324816298278893, 0.0006252687670620144, 0.0, 0.008165796069149786, 0.0, 0.0, 0.03224092487764678, 0.0, 0.004860538942144542, 0.01032114348589367, 0.006903414371027616, 0.0]}