{"labels": [0, 1, 2, 3, 4, 5, 6, 7, 8, 9, 10, 11, 12, 13, 14, 15, 16, 17, 18, 19, 20, 21, 22, 23, 24, 25, 26, 27, 28, 29, 30, 31, 32, 33, 34, 35, 36, 37, 38, 39], "data": [0.0, 0.0, 0.0, 0.01705541023507825, 0.0, 0.0, 0.0, 0.0, 0.0, 0.02002683505847974, 0.019677464858744755, 0.0024898423771306695, 0.0025592281513812927, 0.0021710209743122286, 0.0, 0.0, 0.018843927804915003, 0.003568445572895216, 0.004514892358681219, 0.00046126182871178537, 0.021505144569090792, 0.0, 0.001617061150804551, 0.03166795351204247, 0.0, 0.012255285581634174, 0.0, 0.0, 0.0, 0.0, 0.0, 0.0, 0.004887557954355834, 0.0, 0.01473945971286219, 0.0, 0.0008113948462339933, 0.0, 0.0, 0.0]}