{"labels": [0, 1, 2, 3, 4, 5, 6, 7, 8, 9, 10, 11, 12, 13, 14, 15, 16, 17, 18, 19, 20, 21, 22, 23, 24, 25, 26, 27, 28, 29, 30, 31, 32, 33, 34, 35, 36, 37, 38, 39], "data": [0.0, 0.0013200449097398915, 0.0, 0.0, 0.016933664139538854, 0.006094598272973371, 0.0, 0.0068036884426751374, 0.0, 0.0, 0.01837994422777648, 0.0006086952094683509, 0.0, 0.0, 0.0, 0.0, 0.0, 0.0, 0.0, 0.0, 0.0, 0.00010319094541389315, 0.0, 0.10380311569909767, 0.0028013421685984395, 0.0024606151676985375, 0.0, 0.0009711488192019763, 0.00015987271445788394, 0.0018304979786123558, 0.0016829715632696576, 0.0, 0.0, 0.013445373524338741, 0.0, 0.0016317957883144115, 0.000555569981352678, 0.011363411491748946, 0.0, 0.0006307406130492599]}