{"labels": [0, 1, 2, 3, 4, 5, 6, 7, 8, 9, 10, 11, 12, 13, 14, 15, 16, 17, 18, 19, 20, 21, 22, 23, 24, 25, 26, 27, 28, 29, 30, 31, 32, 33, 34, 35, 36, 37, 38, 39], "data": [0.033729087515522525, 0.0, 0.0, 0.01910640447920125, 0.0, 0.0, 0.0, 0.0, 0.0, 0.0178253224974425, 0.0, 0.0, 0.0, 0.0, 0.03082225137473567, 0.0, 0.0, 0.0, 0.0, 0.0022288098876019507, 0.0, 0.002964006527075658, 0.0, 0.0, 0.0, 0.0071105702637285625, 0.0, 0.0, 0.0, 1.490856091658832e-05, 0.0, 0.0, 0.0, 0.0, 0.0, 0.0, 0.0, 0.0, 0.0, 0.0]}