{"labels": [0, 1, 2, 3, 4, 5, 6, 7, 8, 9, 10, 11, 12, 13, 14, 15, 16, 17, 18, 19, 20, 21, 22, 23, 24, 25, 26, 27, 28, 29, 30, 31, 32, 33, 34, 35, 36, 37, 38, 39], "data": [0.0024565401595095984, 0.023075663599316575, 0.0, 0.0, 0.025131975208517624, 0.0, 0.005334406865044909, 0.0, 0.0009865563577284215, 0.0, 0.0, 0.0002719297132283698, 0.0, 0.019039325993728963, 0.01708960786730995, 0.0008672650611549322, 0.00312031989285758, 0.0, 0.0225725445322858, 0.01492265176332657, 0.0, 0.0, 0.0, 0.0, 0.0, 0.05261726300084067, 0.0317620934850894, 0.0, 0.0, 0.0, 0.0, 0.0, 0.0004672874796788294, 0.004819695097939951, 0.011952046513920804, 0.0, 0.0, 0.0067565338895372055, 0.023098009294057104, 0.05406143349775291]}