{"labels": [0, 1, 2, 3, 4, 5, 6, 7, 8, 9, 10, 11, 12, 13, 14, 15, 16, 17, 18, 19, 20, 21, 22, 23, 24, 25, 26, 27, 28, 29, 30, 31, 32, 33, 34, 35, 36, 37, 38, 39], "data": [0.0, 0.06217858197908053, 0.019473307942523867, 0.0, 0.0, 0.008926817643586448, 0.027134241180847844, 0.016301712889524613, 0.0, 0.0, 0.0, 0.0, 0.0, 0.0, 0.0, 0.000534362542967564, 0.0, 0.0, 0.0, 0.0, 0.0, 0.0, 0.0, 0.0, 0.0, 0.0, 0.0, 0.0, 0.0, 0.0, 0.0, 0.0, 0.0017399668269603217, 0.0, 0.0, 0.035817088846368354, 0.11631855638437419, 0.0, 0.0, 0.0]}