{"labels": [0, 1, 2, 3, 4, 5, 6, 7, 8, 9, 10, 11, 12, 13, 14, 15, 16, 17, 18, 19, 20, 21, 22, 23, 24, 25, 26, 27, 28, 29, 30, 31, 32, 33, 34, 35, 36, 37, 38, 39], "data": [0.0, 0.0, 0.0020415462726104667, 0.0, 0.00440982056131931, 0.0, 0.027708660671271042, 0.0005480950945296471, 0.0, 0.0, 0.0015138037316223354, 0.0012289939777858354, 0.0, 0.001142895467465732, 0.0, 0.02750674730557485, 0.0, 0.0006987787002163498, 0.04307015692312315, 0.0017224832531121457, 0.0038973677498522524, 0.00016704165337885695, 0.0016911424134573429, 0.0, 0.0031941394699051807, 0.007250977497658245, 0.002376053084281826, 0.0, 0.014313495206191027, 0.004696858978036799, 0.002147971367531384, 0.0, 0.001972926215197775, 0.0, 0.0, 0.009948854405719909, 0.0, 0.03871152911281651, 0.0, 0.002095940619836885]}