{"labels": [0, 1, 2, 3, 4, 5, 6, 7, 8, 9, 10, 11, 12, 13, 14, 15, 16, 17, 18, 19, 20, 21, 22, 23, 24, 25, 26, 27, 28, 29, 30, 31, 32, 33, 34, 35, 36, 37, 38, 39], "data": [0.0, 0.0, 0.0018240581604520127, 0.0, 0.03602737223622197, 0.0, 0.0013549866475901012, 0.0, 0.0, 0.015568107862898542, 0.0, 0.0, 0.0, 0.04386729337791166, 0.0, 0.0, 0.003537211163536057, 0.0, 0.0, 0.0, 0.0, 0.0, 0.0004449701933072775, 0.0, 0.0, 0.0, 0.0, 0.007146025957221304, 0.0, 0.0004303286235131683, 8.981430480250593e-05, 0.0, 0.0, 0.049145659106347835, 0.0, 0.0, 0.0, 0.0005456632640663929, 0.0, 0.0]}