{"labels": [0, 1, 2, 3, 4, 5, 6, 7, 8, 9, 10, 11, 12, 13, 14, 15, 16, 17, 18, 19, 20, 21, 22, 23, 24, 25, 26, 27, 28, 29, 30, 31, 32, 33, 34, 35, 36, 37, 38, 39], "data": [0.0, 0.001395031677564759, 0.0, 0.0, 0.023690906751090927, 0.0, 0.0015380411946437442, 0.0, 0.0, 0.0, 0.0, 0.0, 0.0019782725668142593, 0.0, 0.0, 0.0, 0.05414243343225422, 0.0, 0.0003179628974642541, 0.0, 0.0016011987169345628, 0.0, 0.0025662552126392937, 0.00684378305428776, 0.0, 0.0055320834580683065, 0.0, 0.005664648156631183, 0.10263495264346811, 0.00047064094539467604, 0.0018696386558731157, 0.0, 0.0, 0.0, 0.037631341203133314, 0.0, 0.0, 0.05988231508267182, 0.0, 0.0]}