{"labels": [0, 1, 2, 3, 4, 5, 6, 7, 8, 9, 10, 11, 12, 13, 14, 15, 16, 17, 18, 19, 20, 21, 22, 23, 24, 25, 26, 27, 28, 29, 30, 31, 32, 33, 34, 35, 36, 37, 38, 39], "data": [0.010249376006636161, 0.0, 0.00107570351142465, 0.01088294983260204, 0.01916085734045436, 0.008932891760577653, 0.001262499967247601, 0.001629409314203493, 0.0017291723143186457, 0.021122660553860032, 0.0012454095306563126, 0.0037562765348611985, 0.0013915809082131062, 0.003205322847309851, 0.00021585614275419524, 0.0, 0.00609148849337805, 0.03522353847490401, 0.0, 0.008904560552818335, 0.0, 0.022742894952737264, 0.03702318304481267, 0.038252649930844505, 0.000905591042629949, 0.0012414619911291312, 0.006052122221384217, 0.03203839522300094, 0.0, 0.0009485152528836429, 0.0005204414758661718, 0.0, 0.0, 0.008115586491265703, 0.0, 0.0, 0.0, 0.004851687211126966, 0.001765857954971093, 0.0]}