{"labels": [0, 1, 2, 3, 4, 5, 6, 7, 8, 9, 10, 11, 12, 13, 14, 15, 16, 17, 18, 19, 20, 21, 22, 23, 24, 25, 26, 27, 28, 29, 30, 31, 32, 33, 34, 35, 36, 37, 38, 39], "data": [0.0057844058088144, 0.0, 0.0, 0.0, 0.0, 0.0, 0.024759224283749038, 0.0, 0.0, 0.0008699330507042833, 0.015353981843965504, 0.0, 0.008195077678148137, 0.0, 0.016939580486091708, 0.0, 0.0, 0.009091894271920562, 0.015553808595686952, 0.00010295158537362792, 0.0, 0.0, 0.0, 0.0027432354676624636, 0.0, 0.006413750265451621, 0.0, 0.00016914871247919225, 0.0, 0.0, 0.06750693619746147, 0.0, 0.0, 0.0035956766072109416, 0.0, 0.006044328735166098, 0.0, 0.031705856603537926, 0.055257660565059326, 0.0]}