{"labels": [0, 1, 2, 3, 4, 5, 6, 7, 8, 9, 10, 11, 12, 13, 14, 15, 16, 17, 18, 19, 20, 21, 22, 23, 24, 25, 26, 27, 28, 29, 30, 31, 32, 33, 34, 35, 36, 37, 38, 39], "data": [0.0, 0.0, 0.0, 0.0, 0.0, 0.0, 0.014073882643624483, 0.0, 0.0, 0.0, 0.0, 0.0, 0.0, 0.0, 0.026984550495158507, 0.08999737017243313, 0.0, 0.003271452093041014, 0.005491761193024671, 0.0006343478451877962, 0.003822855946138548, 0.0, 0.0, 0.0003024431881891664, 0.0, 0.012692942879545517, 0.0, 0.030645751930134725, 0.0, 0.0, 0.0, 0.0, 0.0, 0.0, 0.0, 0.0, 0.003032385725070486, 0.0, 0.018403093354786352, 0.00013954771681739498]}