{"labels": [0, 1, 2, 3, 4, 5, 6, 7, 8, 9, 10, 11, 12, 13, 14, 15, 16, 17, 18, 19, 20, 21, 22, 23, 24, 25, 26, 27, 28, 29, 30, 31, 32, 33, 34, 35, 36, 37, 38, 39], "data": [0.003803924898039794, 0.0, 0.000560157159944848, 0.0, 0.0, 0.010920508937811078, 0.011411808995662851, 0.004354843070178709, 0.0025647435074340886, 0.0, 0.0, 0.0035683537956058284, 0.014335338836490241, 0.001131089495395899, 6.877602041248533e-05, 0.0032214699812844957, 0.04250853580337362, 0.01059565169813191, 0.006570459738830239, 0.0010701369538810798, 0.0, 0.0018765089695038989, 0.0015075524085851868, 0.0, 0.034718740447919345, 0.0, 0.013837581057828376, 0.003920235743670941, 0.0, 0.0, 0.0, 0.00819705201879671, 0.037754393238133656, 0.0, 0.0, 0.0068724581503319905, 0.0, 0.08328023168863996, 0.012080689841361819, 0.0]}