{"labels": [0, 1, 2, 3, 4, 5, 6, 7, 8, 9, 10, 11, 12, 13, 14, 15, 16, 17, 18, 19, 20, 21, 22, 23, 24, 25, 26, 27, 28, 29, 30, 31, 32, 33, 34, 35, 36, 37, 38, 39], "data": [0.006171772038622516, 0.008219175778752958, 0.03457287451216104, 0.0027688226407346383, 0.0066182033099178705, 0.003641732405644798, 0.00220501084779253, 0.0, 0.0, 0.0, 0.000153958975192728, 0.0, 0.0, 0.008990389932812256, 0.0, 0.004290080893375714, 0.001709303777081756, 0.0, 0.0, 0.000481251055531973, 0.0, 0.0, 0.001364686145600386, 0.0, 0.0022659479437891227, 0.0, 0.0, 0.0007320780443178413, 0.0021960533582434548, 0.01876738642613519, 0.0, 0.003060610660293928, 0.005746001447466746, 0.0009930716076337017, 0.0027306382693981506, 0.0, 0.0, 0.0, 0.005316556004016365, 0.0]}