{"labels": [0, 1, 2, 3, 4, 5, 6, 7, 8, 9, 10, 11, 12, 13, 14, 15, 16, 17, 18, 19, 20, 21, 22, 23, 24, 25, 26, 27, 28, 29, 30, 31, 32, 33, 34, 35, 36, 37, 38, 39], "data": [0.0, 0.0, 0.0, 0.02816117917620584, 0.021166249992686865, 0.0, 0.0, 0.02704445992174956, 0.001327246210602019, 0.0, 0.0, 0.0, 0.02332129120265025, 0.004508639692891282, 0.0, 0.0, 0.0, 0.012606219477454075, 0.03636760963156561, 0.0, 0.0, 0.0016246074163969002, 0.0005632584689763833, 0.006115116313414585, 0.0, 0.0, 0.04475167290480567, 0.0, 0.0, 0.07220455306604735, 0.0, 0.0, 0.0, 0.0, 0.006003384219552384, 0.014467098730312992, 0.0, 0.006453896154214297, 0.0, 0.0]}