{"labels": [0, 1, 2, 3, 4, 5, 6, 7, 8, 9, 10, 11, 12, 13, 14, 15, 16, 17, 18, 19, 20, 21, 22, 23, 24, 25, 26, 27, 28, 29, 30, 31, 32, 33, 34, 35, 36, 37, 38, 39], "data": [0.0, 0.0, 0.004485476969230005, 0.0, 0.0018561515928985502, 0.0, 0.0011951882498197777, 0.0074429258603373434, 0.00015599050438982917, 0.0, 0.012623587393450104, 0.0, 0.0, 0.0, 0.0, 0.0, 0.0, 0.0, 0.0, 0.0, 0.0, 0.006455463263840068, 0.001493860422220319, 0.0014960812173119137, 0.010440262721424367, 0.0, 0.0031690666970434116, 0.0005284911583996575, 0.006940014066989134, 0.0, 0.0, 0.0, 0.0, 0.0012878419574043625, 0.03575381027084725, 0.0038776837579826235, 0.0004160701155205783, 0.0, 0.0, 0.0]}