{"labels": [0, 1, 2, 3, 4, 5, 6, 7, 8, 9, 10, 11, 12, 13, 14, 15, 16, 17, 18, 19, 20, 21, 22, 23, 24, 25, 26, 27, 28, 29, 30, 31, 32, 33, 34, 35, 36, 37, 38, 39], "data": [0.0029121935392422914, 0.03510588670760862, 0.011891914150116391, 0.0, 0.0, 0.0, 0.020047424783616416, 0.015664981923352393, 0.0, 0.0, 0.041381926991201856, 0.0, 0.0, 0.015449617127730844, 0.1311912461974407, 0.0, 7.861184845881164e-05, 0.0, 0.019465436042463816, 0.028131030340292885, 0.0, 0.0, 0.0, 0.0, 0.0, 0.0, 0.0, 1.4555362637895409e-05, 0.0, 0.0, 0.0, 0.0, 1.494638613579174e-05, 0.0015058172614472777, 0.0, 0.06022491189968682, 0.0, 0.0, 0.02427848923123034, 0.0]}