{"labels": [0, 1, 2, 3, 4, 5, 6, 7, 8, 9, 10, 11, 12, 13, 14, 15, 16, 17, 18, 19, 20, 21, 22, 23, 24, 25, 26, 27, 28, 29, 30, 31, 32, 33, 34, 35, 36, 37, 38, 39], "data": [0.2511616554462696, 0.011936602202402453, 0.08359544831736013, 0.023704515850150636, 0.07728045580896763, 0.029518875019788417, 0.0, 0.0, 0.0, 0.10061799211106966, 0.039037234694931644, 0.004849988640688265, 0.0, 0.018835079624015035, 0.03649087772620142, 0.0, 0.0, 0.1410625026348736, 0.0036203893223673432, 0.0, 0.0, 0.0, 0.0, 0.044992558149999695, 0.010829771635767784, 0.03254214124011835, 0.041768047422499156, 0.03423122404024524, 0.0, 0.0004335778498066712, 0.0, 0.02788918992111804, 0.0, 0.11477877553814994, 0.0, 0.0, 0.0, 0.0, 0.0, 0.0]}