{"labels": [0, 1, 2, 3, 4, 5, 6, 7, 8, 9, 10, 11, 12, 13, 14, 15, 16, 17, 18, 19, 20, 21, 22, 23, 24, 25, 26, 27, 28, 29, 30, 31, 32, 33, 34, 35, 36, 37, 38, 39], "data": [0.0, 0.0, 0.0, 0.0, 0.0, 0.0018359833022317793, 0.009143559940084376, 0.0006444544186221683, 0.000544687479566499, 0.042980422951237565, 0.0038398584475895564, 0.0, 0.0, 0.0, 0.0, 0.0, 0.0, 0.013742091896397267, 0.0023728015964481273, 0.03192455488670266, 0.03248396811717503, 0.0, 0.0026723960369048998, 0.0025378041494396354, 0.0, 0.013802819575157943, 0.0, 0.03857168805444317, 0.0, 0.0, 0.03371127134089536, 0.0, 0.0068803097843115595, 0.0, 0.0, 0.0034166898583729115, 0.0023854611338830103, 0.0, 0.003285547278304553, 0.0]}