{"labels": [0, 1, 2, 3, 4, 5, 6, 7, 8, 9, 10, 11, 12, 13, 14, 15, 16, 17, 18, 19, 20, 21, 22, 23, 24, 25, 26, 27, 28, 29, 30, 31, 32, 33, 34, 35, 36, 37, 38, 39], "data": [0.0, 0.0, 0.0, 0.020671095234789952, 0.011532386346127547, 0.0, 0.0, 0.0, 0.0, 0.0, 0.0051865530455192585, 0.0008677229791475181, 0.0, 0.02021402958927111, 0.0, 0.0, 0.0, 0.006315912265279408, 0.0, 0.0, 0.002365445121356082, 0.0005595526104202967, 0.0012883055877631543, 0.005528894557777744, 0.0, 0.07691429131022205, 0.0, 0.03279010518656471, 0.006112069455623388, 0.00039622517942744696, 0.01215239096500389, 0.0, 0.0020941082062072495, 0.00354272519796733, 0.0017357440260243092, 0.005851238069511773, 0.0011294910860225316, 0.03821440866369568, 0.004482505762853146, 0.0]}