{"labels": [0, 1, 2, 3, 4, 5, 6, 7, 8, 9, 10, 11, 12, 13, 14, 15, 16, 17, 18, 19, 20, 21, 22, 23, 24, 25, 26, 27, 28, 29, 30, 31, 32, 33, 34, 35, 36, 37, 38, 39], "data": [0.0, 0.001391584139026647, 0.0017538487363660963, 0.014446009578693096, 0.0011613075066636974, 0.01479205795318488, 0.005022177055921007, 0.0, 0.0, 0.004920169439253059, 0.003343835369456558, 0.0, 0.0, 0.0, 0.006723069895412191, 0.0, 0.0, 0.00978733521380973, 0.002430281471980533, 0.0307818493624794, 0.013973481013115683, 0.0, 0.0, 0.0, 0.0027836082497028312, 0.043160626662301284, 0.00029548648772743274, 0.003967699331625089, 0.001330542180023075, 0.015224340157027326, 0.0, 0.00039360677295135213, 0.0, 0.005976584402211519, 0.0, 0.0009080242875413063, 0.0, 0.001160567309632132, 0.008511764322350512, 0.0]}