{"labels": [0, 1, 2, 3, 4, 5, 6, 7, 8, 9, 10, 11, 12, 13, 14, 15, 16, 17, 18, 19, 20, 21, 22, 23, 24, 25, 26, 27, 28, 29, 30, 31, 32, 33, 34, 35, 36, 37, 38, 39], "data": [0.010053048986265797, 0.004297702907040568, 0.0, 0.0, 0.0, 0.0, 0.0, 0.0, 0.0, 0.007804119894202495, 0.0, 0.0, 0.04281296508021746, 0.003881631951577119, 0.0, 0.0029978181820947895, 0.0, 0.044892882002742135, 0.0030061196127087715, 0.05721844192847694, 0.038964844465826355, 0.011085451792360423, 0.0026142724070599642, 0.004036410977484774, 0.0, 0.0, 0.0, 0.0, 0.0, 0.0016671549705187109, 0.0, 0.0, 0.0, 0.0, 0.0, 0.0, 0.0, 0.0, 0.009578552740464515, 0.04531438286282564]}