{"labels": [0, 1, 2, 3, 4, 5, 6, 7, 8, 9, 10, 11, 12, 13, 14, 15, 16, 17, 18, 19, 20, 21, 22, 23, 24, 25, 26, 27, 28, 29, 30, 31, 32, 33, 34, 35, 36, 37, 38, 39], "data": [0.0008224830033594029, 0.001983045091529719, 0.0, 0.0, 0.02211999852621697, 0.0, 0.036360426298190675, 0.0, 0.0, 0.011335350426349589, 0.01211271222029442, 0.0, 0.0, 0.004787773491868674, 0.0061379310591540975, 0.0, 0.0, 0.00948864307635474, 0.0008164620192331096, 0.0020428995325298617, 0.053314396100399834, 0.0, 0.0, 0.010560651226680774, 0.0, 0.024537529778936043, 0.0, 0.0, 0.0, 0.006440381172891989, 0.0046426660190496075, 0.0, 0.00927679160642724, 0.0, 0.004786665576661979, 0.0041768738915239, 0.0, 0.0, 0.003620291802489352, 0.0]}