{"labels": [0, 1, 2, 3, 4, 5, 6, 7, 8, 9, 10, 11, 12, 13, 14, 15, 16, 17, 18, 19, 20, 21, 22, 23, 24, 25, 26, 27, 28, 29, 30, 31, 32, 33, 34, 35, 36, 37, 38, 39], "data": [0.0, 0.039395536902102235, 0.04255441277186714, 0.0, 0.04063477475179221, 0.0, 0.0, 0.0008179355516817773, 0.0, 0.0, 0.0, 0.0, 0.012133070512876841, 0.003960993025587639, 0.0, 0.0, 0.009245504676408056, 0.0, 0.0, 1.8965997498462653e-05, 0.0038766667105719454, 0.0021593981312685827, 0.0, 0.0, 0.0, 0.0, 0.0, 0.0077705253989050795, 0.006182560595445266, 0.0, 0.0, 0.0, 0.0, 0.0, 0.010265504563020668, 1.0073769210474725e-05, 0.0, 0.0, 0.0, 0.0]}