{"labels": [0, 1, 2, 3, 4, 5, 6, 7, 8, 9, 10, 11, 12, 13, 14, 15, 16, 17, 18, 19, 20, 21, 22, 23, 24, 25, 26, 27, 28, 29, 30, 31, 32, 33, 34, 35, 36, 37, 38, 39], "data": [0.0, 0.0, 0.0015848782051804508, 0.01508268205347757, 0.0, 0.0, 0.022402512869156427, 0.0, 0.012905550595132584, 0.0007988278460563228, 0.00043982842838566653, 0.0016697395408401825, 0.0, 0.0, 0.0, 0.0, 0.05078649846212023, 0.005853496563958389, 0.0, 0.0, 0.002485449892681481, 0.0, 0.0, 0.0, 0.0, 0.01001820446061387, 0.0, 0.0, 0.0, 0.00039970244450088677, 0.0, 0.00082005483167157, 0.0, 0.03325519695861777, 0.0, 0.0, 0.0, 0.0, 0.0, 0.0]}