{"labels": [0, 1, 2, 3, 4, 5, 6, 7, 8, 9, 10, 11, 12, 13, 14, 15, 16, 17, 18, 19, 20, 21, 22, 23, 24, 25, 26, 27, 28, 29, 30, 31, 32, 33, 34, 35, 36, 37, 38, 39], "data": [0.004430843747244107, 0.0, 0.0, 0.009145675334101891, 0.11478579818062808, 0.0, 0.0, 0.0, 0.001652447308162197, 0.0, 0.0, 0.0, 0.0, 0.0025495840161766713, 0.0, 0.0, 0.0593848571632958, 0.0, 0.0, 0.0, 0.0, 0.0, 0.0, 0.0, 0.027063157368978047, 0.002101874365326882, 0.0, 0.02634698634618127, 0.0, 0.0, 0.0, 0.0, 0.0, 0.0007048730484742868, 0.014969208070997437, 0.0, 0.0, 0.007939046790121952, 0.002106900773372147, 0.0]}