{"labels": [0, 1, 2, 3, 4, 5, 6, 7, 8, 9, 10, 11, 12, 13, 14, 15, 16, 17, 18, 19, 20, 21, 22, 23, 24, 25, 26, 27, 28, 29, 30, 31, 32, 33, 34, 35, 36, 37, 38, 39], "data": [0.08855994750816899, 0.03091124966760525, 0.0, 0.0029942105715340863, 0.0, 0.006283268578029309, 0.029734855064637758, 0.0, 0.017898406496062176, 0.08413781204173326, 0.0, 0.010223330028567977, 0.01734394806413794, 0.002840306187270866, 0.0, 0.05257142437024311, 0.0, 0.0, 0.027754576057129804, 0.0, 0.0, 0.04383081984878594, 0.0, 0.0, 0.0, 0.01682963335984523, 0.012943741222781609, 0.0, 0.0, 0.008776902152723589, 0.0, 0.0, 0.0, 0.013226890756386531, 0.07918422175624315, 0.0, 0.004265896473738467, 0.0, 0.006022679083347934, 0.03347482463683928]}