{"labels": [0, 1, 2, 3, 4, 5, 6, 7, 8, 9, 10, 11, 12, 13, 14, 15, 16, 17, 18, 19, 20, 21, 22, 23, 24, 25, 26, 27, 28, 29, 30, 31, 32, 33, 34, 35, 36, 37, 38, 39], "data": [0.017998402175802775, 0.01963993394180647, 0.013911929343140365, 0.0, 0.024071371908972208, 0.08781518683564216, 0.022077091637593874, 0.0, 0.014187787866439806, 0.00465891100293134, 0.016489627874887825, 0.013350430485856163, 0.01199550058899017, 0.0, 0.009676369669657799, 0.01992603158035741, 0.0, 0.0026074044423548943, 0.03151892547796852, 0.0, 0.008951280214954246, 0.0, 0.0, 9.866213305041834e-05, 0.0, 0.008431839849245296, 0.017388553295275697, 0.0, 0.0, 0.006338975861414665, 0.0, 0.0, 0.006437454396067367, 0.01599863925120578, 0.0, 0.0, 0.0, 0.0, 0.005243812221714342, 0.0511789542537772]}