{"labels": [0, 1, 2, 3, 4, 5, 6, 7, 8, 9, 10, 11, 12, 13, 14, 15, 16, 17, 18, 19, 20, 21, 22, 23, 24, 25, 26, 27, 28, 29, 30, 31, 32, 33, 34, 35, 36, 37, 38, 39], "data": [0.009330346549883597, 0.006479492408739247, 0.019790959025388875, 0.0, 0.010584827720594017, 0.0, 0.0, 2.1070973462519225e-05, 0.01010278142476724, 0.0, 0.0, 0.004343774369971147, 0.0, 0.0, 0.0031491475121408394, 0.0, 0.0019263511491253332, 0.0028811414547201823, 0.0, 0.0, 0.0, 0.0, 0.005158940808725595, 0.0, 0.0009012083691339229, 0.01816198857455109, 0.0, 0.0, 0.0, 0.014746889060788563, 0.07362398525087487, 0.0017209784694666786, 0.0, 0.01631600317180948, 0.0, 0.0026934588354980745, 0.007735359591552074, 0.008208054340909874, 0.0, 0.0]}