{"labels": [0, 1, 2, 3, 4, 5, 6, 7, 8, 9, 10, 11, 12, 13, 14, 15, 16, 17, 18, 19, 20, 21, 22, 23, 24, 25, 26, 27, 28, 29, 30, 31, 32, 33, 34, 35, 36, 37, 38, 39], "data": [0.014165512227601434, 0.0, 0.0, 0.0, 0.0, 0.0, 0.0, 0.0, 0.0, 0.0, 0.014230823825593528, 0.0, 0.0, 0.008070867293887526, 0.07029979772680699, 0.0, 0.0, 0.0, 0.0, 0.0, 0.0, 0.0, 0.021801691064214857, 0.0, 0.19924962624499656, 0.013786872176084448, 0.0017111730464588338, 0.018494591772601664, 0.0, 0.0, 0.004257855831516468, 0.0, 0.015493609989583988, 0.005854912616106435, 0.0, 0.0, 0.0, 0.0, 0.0, 0.0]}