{"labels": [0, 1, 2, 3, 4, 5, 6, 7, 8, 9, 10, 11, 12, 13, 14, 15, 16, 17, 18, 19, 20, 21, 22, 23, 24, 25, 26, 27, 28, 29, 30, 31, 32, 33, 34, 35, 36, 37, 38, 39], "data": [0.013803154243774006, 0.002764276758195442, 0.0004978018172649659, 0.016655258600904235, 0.00031718976065798175, 0.008297838140514841, 0.02376365133425457, 0.0, 0.027793216698808743, 0.015906646262006892, 0.0050883486001845266, 0.0, 0.005101175273750388, 0.0018361675996272301, 0.0, 0.0, 0.009375476302052517, 0.0, 0.0066210225992041835, 0.0, 0.0, 0.0, 0.0, 0.015477835657108948, 0.001707109106960228, 0.00921576693815093, 0.06298159647302498, 0.00021457050530291098, 0.0, 0.0, 0.0, 0.0, 0.05362067862847716, 0.001864498804269746, 0.0, 0.0, 0.003601522673889211, 0.00955301191713176, 0.0, 0.0024338393872314025]}