{"labels": [0, 1, 2, 3, 4, 5, 6, 7, 8, 9, 10, 11, 12, 13, 14, 15, 16, 17, 18, 19, 20, 21, 22, 23, 24, 25, 26, 27, 28, 29, 30, 31, 32, 33, 34, 35, 36, 37, 38, 39], "data": [0.014916084774726102, 0.0, 0.0003959493312710141, 0.06361296405804594, 0.0, 0.0, 0.0, 0.0, 0.0016540735896075614, 0.0, 0.00145365318732471, 0.006947383520598157, 0.02287898860654992, 0.0, 0.0, 0.01739332690209984, 0.02024575636271376, 0.006404651901347051, 0.015119076382910943, 0.0, 0.0, 0.020305517306830938, 0.0, 0.004002245430948646, 0.0, 0.0, 0.0030911284579083855, 0.0006361845952457361, 0.0, 0.0019235228857499875, 0.0, 0.03077229715856978, 0.0036074273138747073, 0.0010315533382110696, 0.006756108915378277, 0.009036354699617924, 0.0, 0.01162170593545468, 0.0, 0.0]}