{"labels": [0, 1, 2, 3, 4, 5, 6, 7, 8, 9, 10, 11, 12, 13, 14, 15, 16, 17, 18, 19, 20, 21, 22, 23, 24, 25, 26, 27, 28, 29, 30, 31, 32, 33, 34, 35, 36, 37, 38, 39], "data": [0.0, 0.0, 0.02587933959624787, 0.0007806544259014254, 0.0019405863410934786, 0.0248290171007034, 0.0034844593028233884, 0.0, 0.0, 0.0, 0.0, 0.056878350771936974, 0.026708454182511537, 0.0010663018204569023, 0.006561606364498657, 0.0, 0.0, 0.0, 0.0, 0.0, 0.0, 0.0, 0.004577313655433886, 0.0, 0.0, 0.0, 0.0034248662976874233, 0.00035096614310707656, 0.023283012750699817, 0.006731669715138503, 0.003699076201605523, 0.0013448813943477266, 0.0, 0.014996056889012684, 0.0057297390580732755, 0.0, 0.0, 0.0374975138065725, 0.008836041065946591, 0.0]}