{"labels": [0, 1, 2, 3, 4, 5, 6, 7, 8, 9, 10, 11, 12, 13, 14, 15, 16, 17, 18, 19, 20, 21, 22, 23, 24, 25, 26, 27, 28, 29, 30, 31, 32, 33, 34, 35, 36, 37, 38, 39], "data": [0.00914007214155209, 0.0026749892724657353, 0.002175640045587518, 0.004729647506896023, 0.014737585352992393, 0.011594632720431612, 0.007142411802530059, 0.00019007602484570775, 0.0029187993686403497, 0.03143288804768429, 0.0, 0.0013396866271543596, 0.0, 0.02825253596361476, 0.0014770700925597713, 0.0, 0.0, 0.0, 0.004542898396336574, 0.0, 0.0, 0.0009609383164353608, 0.044320651108048954, 0.02998372667433289, 0.0, 0.00753399129680339, 0.0014164203259909478, 0.0005196160807206076, 0.0017142512196213833, 0.0, 0.0, 0.0, 0.0, 0.0018986112960065315, 0.009011974393761167, 0.0, 0.0017538147229712116, 0.0012169688740985072, 0.0018180209573754823, 0.0]}