{"labels": [0, 1, 2, 3, 4, 5, 6, 7, 8, 9, 10, 11, 12, 13, 14, 15, 16, 17, 18, 19, 20, 21, 22, 23, 24, 25, 26, 27, 28, 29, 30, 31, 32, 33, 34, 35, 36, 37, 38, 39], "data": [0.006368375787166575, 0.0, 0.0, 0.0, 0.02256940955085273, 0.0, 0.03836284193745475, 0.03320312969317519, 0.0, 0.0, 0.0, 0.0, 0.0, 0.003636357227971675, 0.0, 0.006243072403019857, 0.0, 0.030775186904901476, 0.0, 0.0, 0.006796313325719618, 0.0, 0.0, 0.0, 0.0, 0.03356727130316835, 0.0, 0.0, 0.0, 0.0, 0.06813577107952666, 0.0, 0.0, 0.0, 0.0, 0.004861620880209052, 0.0, 0.0, 0.0, 0.0]}