{"labels": [0, 1, 2, 3, 4, 5, 6, 7, 8, 9, 10, 11, 12, 13, 14, 15, 16, 17, 18, 19, 20, 21, 22, 23, 24, 25, 26, 27, 28, 29, 30, 31, 32, 33, 34, 35, 36, 37, 38, 39], "data": [0.006975776157645135, 0.0, 0.0, 0.011273834888726719, 0.002583500990731618, 0.0, 0.0, 0.0, 0.06706233948047462, 0.004674313380603508, 0.04462582077974887, 0.0, 0.0, 0.007589520945219668, 0.01852775696631454, 0.0, 0.0, 0.0, 0.0028291451250205876, 0.02243891346619364, 0.0, 0.002018084288292978, 0.026744790706306608, 0.003434423264261573, 0.0, 0.008785288230217791, 0.0, 0.0, 0.0, 0.0032213375882348687, 0.0016288251544508134, 0.0, 0.0012666136199926635, 0.011213557830840118, 0.0, 0.0, 0.0, 0.0028977716979758923, 0.018838396423453738, 0.04538955760004556]}