{"labels": [0, 1, 2, 3, 4, 5, 6, 7, 8, 9, 10, 11, 12, 13, 14, 15, 16, 17, 18, 19, 20, 21, 22, 23, 24, 25, 26, 27, 28, 29, 30, 31, 32, 33, 34, 35, 36, 37, 38, 39], "data": [0.0, 0.21513388964242972, 0.39549690153332107, 0.0, 0.0, 0.04294318338992484, 0.077378719278568, 0.0, 0.023933181651022747, 0.5031097618903996, 0.00770923927770669, 0.06503008615821566, 0.0, 0.0, 0.06602768514732141, 0.0, 0.0, 0.0, 0.0, 0.0, 0.0, 0.0, 0.0, 0.0, 0.0, 0.0, 0.0, 0.0, 0.01784349236598436, 0.0, 0.10590616291869166, 0.0, 0.0, 0.0, 0.05480927166767849, 0.0, 0.2530549217486102, 0.0, 0.051708703937500086, 0.0]}