{"labels": [0, 1, 2, 3, 4, 5, 6, 7, 8, 9, 10, 11, 12, 13, 14, 15, 16, 17, 18, 19, 20, 21, 22, 23, 24, 25, 26, 27, 28, 29, 30, 31, 32, 33, 34, 35, 36, 37, 38, 39], "data": [0.0, 0.018233142160677278, 0.0, 0.004267511043586664, 0.0017051932219005325, 0.053436618997138995, 0.012081272100019554, 0.0, 6.881924969555935e-05, 0.015149287703451223, 0.0, 0.0, 0.0, 0.012568046800427968, 0.0, 0.0, 0.018863859057131588, 0.008762665682102964, 0.002619047797051555, 0.0, 0.0, 0.0, 0.0, 0.0, 0.0007159636850238272, 0.03433176014664034, 0.0, 0.00022276360348692228, 0.0, 0.0, 0.0, 0.06463293122461845, 0.0, 0.006954265996029774, 0.016294514683453217, 0.002959283261645714, 0.015252867635868592, 0.010027554566866086, 0.015360051945132852, 0.002576350064900644]}