{"labels": [0, 1, 2, 3, 4, 5, 6, 7, 8, 9, 10, 11, 12, 13, 14, 15, 16, 17, 18, 19, 20, 21, 22, 23, 24, 25, 26, 27, 28, 29, 30, 31, 32, 33, 34, 35, 36, 37, 38, 39], "data": [0.0, 0.0021214496038670944, 0.018719495492770036, 0.0, 0.0, 0.0, 0.0012143274663111985, 0.0019071815139674834, 0.0012814737826433757, 0.014413725010931418, 0.0, 0.0013746495957766209, 0.0, 0.0, 0.0, 0.0, 0.0, 0.004227814009148183, 0.0, 0.0, 0.0, 4.506963708137247e-05, 0.001247843119222441, 0.0, 0.0, 0.0, 0.0008275990478629775, 0.015439439967548242, 0.0, 0.016535422410910175, 0.0, 0.06683738802761562, 0.0, 0.008519396105146869, 0.0, 0.0008246306526628356, 0.05347016039918553, 0.05051705400836645, 0.008111231046193608, 0.000754329675909922]}