{"labels": [0, 1, 2, 3, 4, 5, 6, 7, 8, 9, 10, 11, 12, 13, 14, 15, 16, 17, 18, 19, 20, 21, 22, 23, 24, 25, 26, 27, 28, 29, 30, 31, 32, 33, 34, 35, 36, 37, 38, 39], "data": [0.0, 0.0, 0.0012564057980729328, 0.0, 0.0, 0.0, 0.0, 0.0, 0.0015540659664327742, 0.023655236495501938, 0.0, 0.0, 0.0, 0.005160874523173714, 0.0, 0.0, 0.0001615546405156136, 0.016386905972527954, 0.00344429888781292, 0.0, 0.0, 0.10869040753063412, 0.0, 0.0, 0.006697827043790084, 0.0, 0.0, 0.03239184861208015, 0.0, 0.0, 0.0, 0.0002533400751812157, 0.0, 0.0, 0.0033961317721245463, 0.002437347764485233, 0.0, 0.0, 0.0, 0.0028102668147153885]}