{"labels": [0, 1, 2, 3, 4, 5, 6, 7, 8, 9, 10, 11, 12, 13, 14, 15, 16, 17, 18, 19, 20, 21, 22, 23, 24, 25, 26, 27, 28, 29, 30, 31, 32, 33, 34, 35, 36, 37, 38, 39], "data": [0.0011570498118368413, 0.0, 0.0, 0.0, 0.0, 0.0, 0.005138429509353225, 0.0, 0.00011052688464463715, 0.0, 0.0, 0.0009149553364036554, 0.0, 0.0, 0.008522176520113325, 0.0, 0.0, 0.0, 0.0009766954214518895, 0.047922953879853465, 0.0, 0.0, 0.0, 0.13178957617653822, 0.0, 0.0, 0.0, 0.0, 0.0, 0.0, 0.017814407762643047, 0.0, 0.0, 0.0, 0.0, 0.0, 0.0, 0.0, 0.01723343932439186, 0.0]}