{"labels": [0, 1, 2, 3, 4, 5, 6, 7, 8, 9, 10, 11, 12, 13, 14, 15, 16, 17, 18, 19, 20, 21, 22, 23, 24, 25, 26, 27, 28, 29, 30, 31, 32, 33, 34, 35, 36, 37, 38, 39], "data": [0.0, 0.0015901009188755177, 0.0, 0.0, 0.0023815911690304925, 0.03627689352128432, 0.0, 0.029667633659016354, 0.0, 0.0, 0.0, 0.0, 0.0, 0.0, 0.004370958181512068, 0.0, 0.0, 0.0, 0.0, 0.08955195458338545, 0.0, 0.04751141849861548, 0.0, 0.0, 0.0, 0.0, 0.0, 0.036926622619776465, 0.0, 0.0, 0.0, 0.0, 0.0008312695382436318, 0.08920309038693236, 0.0, 0.0, 0.0, 0.0, 0.0, 0.0]}