{"labels": [0, 1, 2, 3, 4, 5, 6, 7, 8, 9, 10, 11, 12, 13, 14, 15, 16, 17, 18, 19, 20, 21, 22, 23, 24, 25, 26, 27, 28, 29, 30, 31, 32, 33, 34, 35, 36, 37, 38, 39], "data": [0.22644547466952816, 0.06078530676591019, 0.0, 0.0, 0.0, 0.0, 0.0, 0.0, 0.0, 0.0, 0.0, 0.06702183023054302, 0.0, 0.0, 0.0, 0.0, 0.0361742271348079, 0.20801014399812667, 0.008714040750177596, 0.0, 0.0, 0.03941970175886816, 0.08556434190229806, 0.0, 0.0, 0.1903095875532442, 0.0, 0.021041985630122544, 0.0, 0.0, 0.0, 0.021837151900780047, 0.0, 0.0, 0.11560319854159347, 0.0, 0.02895822756884337, 0.053085809527434684, 0.10752653350057252, 0.0]}