{"labels": [0, 1, 2, 3, 4, 5, 6, 7, 8, 9, 10, 11, 12, 13, 14, 15, 16, 17, 18, 19, 20, 21, 22, 23, 24, 25, 26, 27, 28, 29, 30, 31, 32, 33, 34, 35, 36, 37, 38, 39], "data": [0.018273179223118396, 0.0038431382133450073, 0.0011959978058804798, 0.00370074700328487, 0.0, 0.0, 0.02899840409522957, 0.0, 0.0, 0.03430247247101979, 0.0062380009254016855, 0.0, 0.0, 0.006796923596891027, 0.012117475573773535, 0.0006303327685026824, 0.0, 0.0007997606547453189, 0.0, 0.0038209186518386724, 0.0003098349356659677, 0.0, 0.0016180425644303851, 0.023202273404834807, 0.006317683295050179, 0.04269821750367245, 0.0, 0.031034221378441064, 0.0, 0.0, 0.0009593728238481406, 0.0, 0.0274871630830784, 0.0, 0.0077023595853660766, 0.0, 0.005798383924561344, 0.0029806437662065074, 0.006638038790896179, 0.0]}