{"labels": [0, 1, 2, 3, 4, 5, 6, 7, 8, 9, 10, 11, 12, 13, 14, 15, 16, 17, 18, 19, 20, 21, 22, 23, 24, 25, 26, 27, 28, 29, 30, 31, 32, 33, 34, 35, 36, 37, 38, 39], "data": [0.0, 0.0, 0.0, 0.014556002970338168, 0.0, 0.0, 0.005345746836174307, 0.0, 0.006163463145437279, 0.03063520603781067, 0.0, 0.0046775363759500735, 0.0, 0.0, 0.0, 0.0, 0.0, 0.017650620214195573, 0.0, 0.026878303270034702, 0.04272077887808686, 0.005067576509755122, 0.08860123537750145, 0.008145658277366132, 0.0, 0.029478728071395583, 0.0, 0.017942938407526712, 0.0, 0.021346017068513717, 0.0, 0.004574474470537337, 0.0, 0.0, 0.0, 0.0021904071151422084, 0.0, 0.01065105746957721, 0.0, 0.0006408347818921575]}