{"labels": [0, 1, 2, 3, 4, 5, 6, 7, 8, 9, 10, 11, 12, 13, 14, 15, 16, 17, 18, 19, 20, 21, 22, 23, 24, 25, 26, 27, 28, 29, 30, 31, 32, 33, 34, 35, 36, 37, 38, 39], "data": [0.02419726313221835, 0.0, 0.008455181598173432, 0.008440549826967651, 0.0, 0.014261674243498756, 0.0, 0.0, 0.0063383455883420856, 0.014188554229791098, 0.0, 0.0, 0.0, 0.010229567050898657, 0.0, 0.0042146411107154376, 0.0, 0.04076666260963097, 0.010491378809036705, 0.019151103640697775, 0.0, 0.004326734820828492, 0.021420678660348913, 0.0, 0.0, 0.08107236998960263, 0.005381491825464365, 0.0, 0.001131557231027682, 0.0, 0.0, 0.0, 0.0, 0.00889080746946205, 0.0, 0.0, 0.01137647570323299, 0.0, 0.005469870965597494, 0.034433537062279834]}