{"labels": [0, 1, 2, 3, 4, 5, 6, 7, 8, 9, 10, 11, 12, 13, 14, 15, 16, 17, 18, 19, 20, 21, 22, 23, 24, 25, 26, 27, 28, 29, 30, 31, 32, 33, 34, 35, 36, 37, 38, 39], "data": [0.0, 0.02125251489496359, 0.0, 0.10826924952265023, 0.0, 0.0, 0.02882066205137489, 0.0, 0.009053934343808169, 0.0, 0.0, 0.0, 0.004751761332497099, 0.0, 0.0, 0.0, 0.0009236459686319656, 0.0, 0.013115415672405305, 0.0, 0.0, 0.001228998643153426, 0.0, 0.0, 0.0, 0.0, 0.0, 0.002406047604417784, 0.0016691365928998391, 0.0, 0.025693146022258324, 0.0, 0.0, 0.03127866332143785, 0.0013826511809211198, 0.012981978955272273, 0.0, 0.0, 0.0, 0.0]}