{"labels": [0, 1, 2, 3, 4, 5, 6, 7, 8, 9, 10, 11, 12, 13, 14, 15, 16, 17, 18, 19, 20, 21, 22, 23, 24, 25, 26, 27, 28, 29, 30, 31, 32, 33, 34, 35, 36, 37, 38, 39], "data": [0.0, 0.002797820116403189, 0.0, 0.0, 0.0, 0.0, 0.0, 0.0, 0.0, 0.00892485271707727, 0.0, 0.0, 0.0, 0.0, 0.0, 0.0, 0.0061047014689309355, 0.0, 0.0, 0.0, 0.0, 0.0, 0.0, 0.0, 0.0, 0.0, 0.07298675146577847, 0.001192186168894095, 0.0, 0.0, 0.0, 0.0, 0.0, 0.07669176761106206, 0.0, 0.0, 0.002107879047042076, 0.0, 0.0, 0.0]}