{"labels": [0, 1, 2, 3, 4, 5, 6, 7, 8, 9, 10, 11, 12, 13, 14, 15, 16, 17, 18, 19, 20, 21, 22, 23, 24, 25, 26, 27, 28, 29, 30, 31, 32, 33, 34, 35, 36, 37, 38, 39], "data": [0.0007403811144092564, 0.0002586450653464824, 0.0027096911024343403, 0.0, 0.0, 0.015398774590841213, 0.003999809503134952, 0.0, 0.0, 0.0012309552546629673, 0.0, 0.005492071282673952, 0.0, 0.0, 0.013323031326922308, 0.0, 0.0, 0.0, 0.009766090626486047, 0.0003720856166802167, 0.0, 0.00038378754214028033, 0.0008248796139785256, 0.0, 0.0, 0.0005829043921884585, 0.0007648724541189534, 0.0, 0.0, 0.0, 0.004877507826534146, 0.0, 0.050678009764904615, 0.0, 0.0, 0.04673987230173907, 0.03450584942547058, 0.0, 0.0, 0.00453538404891621]}