{"labels": [0, 1, 2, 3, 4, 5, 6, 7, 8, 9, 10, 11, 12, 13, 14, 15, 16, 17, 18, 19, 20, 21, 22, 23, 24, 25, 26, 27, 28, 29, 30, 31, 32, 33, 34, 35, 36, 37, 38, 39], "data": [0.028494991625207043, 0.0, 0.09817760602131385, 0.003548847510347858, 0.04274521808114571, 0.012934397402794806, 0.0, 0.0, 0.0, 0.0, 0.0, 0.01400328505151452, 0.0, 0.0, 0.0, 0.0, 0.017261132869885013, 0.013380283842125917, 0.04091366825627976, 0.015146434302249628, 0.003030760903796093, 0.0, 0.0, 0.01894711499101924, 0.0, 0.005057390169689182, 0.0016724465945684548, 0.057450661184492616, 0.04310294141007644, 0.0, 0.0, 0.020703042658297855, 0.0, 0.0, 0.013796072896846511, 0.0, 0.0, 0.0, 0.011460605833620291, 0.0]}