{"labels": [0, 1, 2, 3, 4, 5, 6, 7, 8, 9, 10, 11, 12, 13, 14, 15, 16, 17, 18, 19, 20, 21, 22, 23, 24, 25, 26, 27, 28, 29, 30, 31, 32, 33, 34, 35, 36, 37, 38, 39], "data": [0.011657234837038967, 0.0028956376922477135, 0.0, 0.0, 0.027822506632308227, 0.0, 0.015690424793814595, 0.004969557059266772, 0.0, 0.0, 0.004655612209297126, 0.003077674054881768, 0.0, 0.04115165561567846, 0.007454337047231211, 0.0034740891513257164, 0.03370765567943427, 0.018965995353622953, 0.03023966123003635, 0.0, 0.0, 0.0, 0.012495234362075459, 0.0010324085966239838, 0.01725099100494752, 0.05571561080788928, 0.0021114994310869814, 0.014765109252919496, 0.0, 2.0086387426721805e-05, 0.024213585153104126, 0.0, 0.00042105681661246385, 0.01945817899242371, 0.026262060599480413, 0.0, 0.002259836392239271, 0.0, 0.009671985798083467, 0.007021034771468071]}