{"labels": [0, 1, 2, 3, 4, 5, 6, 7, 8, 9, 10, 11, 12, 13, 14, 15, 16, 17, 18, 19, 20, 21, 22, 23, 24, 25, 26, 27, 28, 29, 30, 31, 32, 33, 34, 35, 36, 37, 38, 39], "data": [0.0, 0.0, 0.0, 0.0, 0.0, 0.0, 0.0, 0.021655876137702295, 0.0, 0.0, 0.017943140234561422, 0.0, 0.02310270524690336, 0.0, 0.015207403944611493, 0.0, 0.0, 0.036566049451534, 0.0, 0.0, 0.0, 0.02610681786485173, 0.022225322972237175, 0.0, 0.0, 0.0, 0.0, 0.0, 0.0, 0.0, 0.09321721738776785, 0.0, 0.0, 0.02270934019477529, 0.0, 0.0, 0.0, 0.0, 0.0, 0.0]}