{"labels": [0, 1, 2, 3, 4, 5, 6, 7, 8, 9, 10, 11, 12, 13, 14, 15, 16, 17, 18, 19, 20, 21, 22, 23, 24, 25, 26, 27, 28, 29, 30, 31, 32, 33, 34, 35, 36, 37, 38, 39], "data": [0.0, 7.78154314538313e-05, 0.0, 0.0, 0.0, 0.0, 0.015958132694321236, 0.05497902381875272, 0.0014755101608002784, 0.0, 0.03655939809194847, 0.0, 0.0, 0.0, 0.0, 0.0, 0.0019991775409054593, 0.0, 0.0, 0.0, 0.0030246682263062423, 0.0015807369836406287, 0.006953602518829631, 0.0, 0.0, 0.0, 0.0014416726863647215, 0.0, 0.0, 0.0, 0.0, 0.003144713714802828, 0.0003095270889525588, 0.0, 0.0, 0.0, 0.0, 0.0, 0.0018434596438729983, 0.0]}