{"labels": [0, 1, 2, 3, 4, 5, 6, 7, 8, 9, 10, 11, 12, 13, 14, 15, 16, 17, 18, 19, 20, 21, 22, 23, 24, 25, 26, 27, 28, 29, 30, 31, 32, 33, 34, 35, 36, 37, 38, 39], "data": [0.0008718252516206758, 0.019136053410442694, 0.013877433930146873, 0.0, 0.012574820853863102, 0.0, 0.0, 0.08340631396603203, 0.0010729692608873356, 0.0, 0.02704659700873646, 0.0, 0.0, 0.0, 0.026014383360116303, 0.0, 0.0, 0.0, 0.0, 0.0, 0.0, 0.0, 0.0, 0.0, 0.0, 0.0, 0.0, 0.0, 0.0, 0.0, 0.013213447404055433, 0.0, 0.0, 0.023850040527411465, 0.002411110816792154, 0.0, 0.0, 0.01598658507564292, 0.0, 0.0002472832747940971]}