{"labels": [0, 1, 2, 3, 4, 5, 6, 7, 8, 9, 10, 11, 12, 13, 14, 15, 16, 17, 18, 19, 20, 21, 22, 23, 24, 25, 26, 27, 28, 29, 30, 31, 32, 33, 34, 35, 36, 37, 38, 39], "data": [0.025057760051467173, 0.036044966457486435, 0.0, 0.013003525695649281, 0.005569960579760491, 0.003473268530005971, 0.0, 0.008334748425388458, 0.0, 0.002727830198133101, 0.0, 0.00035112821098789803, 0.0, 0.0009434978858993306, 0.003795364456016435, 0.034195786938797386, 0.0, 0.02166710738553942, 0.015043359579810288, 0.0008079775375538356, 0.0, 0.011207747318845374, 0.001217685802198397, 0.003462823452282871, 0.0, 0.02214303439375138, 0.0, 0.0, 0.0, 0.0, 0.0049956910775714606, 0.0, 0.0, 0.0, 0.0, 0.0, 0.0, 0.008270753608036693, 0.026959665800309052, 0.003687595706861684]}