{"labels": [0, 1, 2, 3, 4, 5, 6, 7, 8, 9, 10, 11, 12, 13, 14, 15, 16, 17, 18, 19, 20, 21, 22, 23, 24, 25, 26, 27, 28, 29, 30, 31, 32, 33, 34, 35, 36, 37, 38, 39], "data": [0.0, 0.0024853802013842597, 0.0, 0.0, 0.0024242301344050174, 0.0, 0.0, 0.0, 0.0, 0.0, 0.03574997743074103, 0.0, 0.0, 0.0, 0.0, 0.0016318332437553422, 0.0, 0.0, 0.0, 0.0, 0.0, 0.0, 0.0, 0.0, 0.0010664048205769566, 0.0, 0.004344157759444665, 0.0, 0.0, 0.0, 0.13760232219338864, 0.0, 0.0013202876249428846, 0.0, 0.0, 0.026192406235744314, 0.07337103757868704, 0.0, 0.0, 0.0]}