{"labels": [0, 1, 2, 3, 4, 5, 6, 7, 8, 9, 10, 11, 12, 13, 14, 15, 16, 17, 18, 19, 20, 21, 22, 23, 24, 25, 26, 27, 28, 29, 30, 31, 32, 33, 34, 35, 36, 37, 38, 39], "data": [0.004245178767979433, 0.0058679944509568574, 0.0, 0.0, 0.002348996204872913, 0.0, 0.008726759421320798, 0.0, 0.05413822478530308, 0.0, 0.053951353246487414, 0.0, 0.0, 0.003922558930605115, 0.009334358309256753, 0.0, 0.0, 0.0, 0.0, 0.0, 0.0, 0.0, 0.0, 0.0005653627453722827, 0.0, 0.0021264476927174117, 0.0, 0.0, 0.0, 0.012025257639005209, 0.0, 0.0, 0.004166897199707878, 0.007849607445791799, 0.0029474709739221905, 0.0009831485504567191, 0.0, 0.0, 0.0, 0.050757274635077655]}