{"labels": [0, 1, 2, 3, 4, 5, 6, 7, 8, 9, 10, 11, 12, 13, 14, 15, 16, 17, 18, 19, 20, 21, 22, 23, 24, 25, 26, 27, 28, 29, 30, 31, 32, 33, 34, 35, 36, 37, 38, 39], "data": [0.007410280139493873, 0.01177863417870035, 0.0, 0.0, 0.006856213516423387, 0.0008760106238149347, 0.008695231483909443, 0.0, 0.009521483043546643, 0.006347212150406643, 0.0, 0.0675984895839365, 0.0, 0.029523727658386983, 0.0097450033671366, 0.0, 0.0160796325334115, 0.04920936697832616, 0.0, 0.03681835652852138, 0.0, 0.041548754976094664, 0.055515324307081636, 0.0, 0.0, 0.003235543033552218, 0.0, 0.0, 0.0, 0.0, 0.0, 0.0, 0.0, 0.0004416535117783049, 0.013904886608427305, 0.0225291512902267, 0.0, 0.007719189205103857, 0.024868596394706538, 0.040682076467901285]}