{"labels": [0, 1, 2, 3, 4, 5, 6, 7, 8, 9, 10, 11, 12, 13, 14, 15, 16, 17, 18, 19, 20, 21, 22, 23, 24, 25, 26, 27, 28, 29, 30, 31, 32, 33, 34, 35, 36, 37, 38, 39], "data": [0.0, 0.0, 0.0, 0.0, 0.016425419279777205, 0.0, 0.010428484687430668, 0.0007327731452722104, 0.0, 0.05089093843173266, 0.005732540369232007, 0.0, 0.0026938558397473925, 0.0, 0.023193581259045297, 0.0010882514257993703, 0.0034648906139118055, 0.010840590699301956, 0.0, 0.0051398218312691205, 0.0, 0.0, 0.0, 0.002062823506205053, 0.003951861839514319, 0.010397327302258539, 0.0, 0.016962154318085024, 0.0, 0.005261898150551717, 0.0, 0.0, 0.0004239576515424308, 0.0, 0.022356263104713454, 0.0, 0.0, 0.0, 0.028379439547408684, 0.0]}