{"labels": [0, 1, 2, 3, 4, 5, 6, 7, 8, 9, 10, 11, 12, 13, 14, 15, 16, 17, 18, 19, 20, 21, 22, 23, 24, 25, 26, 27, 28, 29, 30, 31, 32, 33, 34, 35, 36, 37, 38, 39], "data": [0.009885417524311954, 0.0, 0.0019146077223011963, 0.037319612104388965, 0.0, 0.0019864071074878415, 0.0, 0.0, 0.0038224374339204817, 0.0058787053478580415, 0.0, 0.006629959573560794, 0.0, 0.0, 0.013317755988304576, 0.00020400767218367182, 0.0, 0.0072695857624710805, 0.006452555675019978, 0.0, 0.0, 0.031064799514993538, 0.0, 0.0, 0.0009378180490643208, 0.00039879499369770296, 0.007161738279970655, 0.0008222537925145259, 0.0, 0.0, 0.0, 0.0016916870233245078, 0.0, 0.018080624545511716, 0.0030269858923670174, 0.009764320316094612, 0.0, 0.004114847003855529, 0.013235694091146784, 0.003200313617734101]}