{"labels": [0, 1, 2, 3, 4, 5, 6, 7, 8, 9, 10, 11, 12, 13, 14, 15, 16, 17, 18, 19, 20, 21, 22, 23, 24, 25, 26, 27, 28, 29, 30, 31, 32, 33, 34, 35, 36, 37, 38, 39], "data": [0.0, 0.0021618920761474637, 0.0, 0.0, 0.0, 0.0, 0.03265211243738809, 0.0, 0.01836721287063104, 0.004410452256631891, 0.007075678076441213, 0.0, 0.0, 0.0, 0.0, 0.0, 0.0, 0.0, 0.0, 0.0, 0.001317717750346983, 0.0, 0.0018863304345235385, 0.0, 0.0, 0.016159681020268865, 0.04450181222021689, 0.0, 0.00048057862152982447, 0.02120068514809479, 0.0004931676216743189, 0.0, 0.0, 0.0, 0.012312236411678534, 0.048039824594845355, 0.0, 0.0, 0.0, 0.0]}