{"labels": [0, 1, 2, 3, 4, 5, 6, 7, 8, 9, 10, 11, 12, 13, 14, 15, 16, 17, 18, 19, 20, 21, 22, 23, 24, 25, 26, 27, 28, 29, 30, 31, 32, 33, 34, 35, 36, 37, 38, 39], "data": [0.009552331298627514, 0.0, 0.0, 0.016945286379386863, 0.003693648912304454, 0.0, 0.013122940169667016, 0.0, 0.0, 0.039545791630882204, 0.0, 0.0026410244363780965, 0.0, 0.04693579284578327, 0.0, 0.0, 0.0, 0.0, 0.0032870718583463757, 0.0010361620315171584, 0.004713044617637163, 0.0, 0.0, 0.0, 0.0, 0.027335285345194714, 0.0, 0.0, 0.0, 0.0, 0.0, 0.0, 0.0, 0.0, 0.018553782309032176, 0.024872969167280275, 0.019639700354986495, 0.0, 0.0, 0.0]}