{"labels": [0, 1, 2, 3, 4, 5, 6, 7, 8, 9, 10, 11, 12, 13, 14, 15, 16, 17, 18, 19, 20, 21, 22, 23, 24, 25, 26, 27, 28, 29, 30, 31, 32, 33, 34, 35, 36, 37, 38, 39], "data": [0.0, 0.0, 0.0, 2.626535557986597e-06, 0.0, 0.02810388320124059, 0.009636479612160178, 0.004603317191599175, 0.004296488369224214, 0.009185630053631794, 0.0, 0.0, 0.0, 0.0, 0.0, 0.004817004119370194, 0.0, 0.007685355720303182, 0.008912529926060665, 0.0024109875082482753, 0.0, 0.0, 0.003799112229396257, 0.0, 0.052863215375215024, 0.0, 0.055109541153453366, 0.0, 0.0, 0.01367994579974201, 0.0, 0.0, 0.0, 0.03556432884490628, 0.0, 0.0, 0.0, 0.0, 0.012055899650696264, 0.0]}