{"labels": [0, 1, 2, 3, 4, 5, 6, 7, 8, 9, 10, 11, 12, 13, 14, 15, 16, 17, 18, 19, 20, 21, 22, 23, 24, 25, 26, 27, 28, 29, 30, 31, 32, 33, 34, 35, 36, 37, 38, 39], "data": [0.0, 0.0, 0.0, 0.0, 0.0, 0.0008937295387090518, 0.007101569109200078, 0.0, 0.009705279935062771, 0.0197622892005902, 0.0, 0.05173380122533723, 0.0, 0.0, 0.0, 0.0, 0.0297582089752751, 0.002508386370750296, 0.005655823813250311, 0.0, 0.005251449655837379, 0.0009893709377845796, 0.0, 0.03507003241504123, 0.0, 0.0, 0.0, 0.0, 0.0, 0.0, 0.0, 0.0009133239064380382, 0.0, 0.023149746839213232, 0.01441266720818045, 0.0, 4.8759471341839574e-05, 0.004458351445893465, 0.008177199437296723, 0.0]}