{"labels": [0, 1, 2, 3, 4, 5, 6, 7, 8, 9, 10, 11, 12, 13, 14, 15, 16, 17, 18, 19, 20, 21, 22, 23, 24, 25, 26, 27, 28, 29, 30, 31, 32, 33, 34, 35, 36, 37, 38, 39], "data": [0.0, 0.0, 0.0, 0.029055897714854093, 0.0, 0.0, 0.0, 0.0, 0.0, 0.014180034532804956, 0.0, 4.9709159909085174e-05, 0.0, 0.0, 0.0, 0.0, 0.0, 0.0, 0.02854561388706485, 0.0008477204927998257, 0.0005287469695185561, 0.023085703313414165, 0.0, 0.0, 0.0, 0.003874721720017082, 0.0, 0.0, 0.0, 0.0, 0.0, 0.0, 0.0013285569631027933, 0.0, 0.0, 0.07297748074830293, 0.0, 0.0, 0.0, 0.001616145466875342]}