{"labels": [0, 1, 2, 3, 4, 5, 6, 7, 8, 9, 10, 11, 12, 13, 14, 15, 16, 17, 18, 19, 20, 21, 22, 23, 24, 25, 26, 27, 28, 29, 30, 31, 32, 33, 34, 35, 36, 37, 38, 39], "data": [0.0, 0.0, 0.0, 0.0, 0.0, 0.0, 0.012543655537744856, 0.0006930753191373398, 0.0008761372015308889, 0.0, 0.0, 0.0, 0.036451473114084344, 0.0, 0.0, 0.009488442586158113, 0.012754720619644565, 0.05570404295417587, 0.0, 0.0, 0.09326798334190234, 0.0, 0.07783525165334847, 0.0034779268731523986, 0.0, 0.00453023499223356, 0.0, 0.0056995673726246265, 0.0, 0.0, 0.0, 0.0, 0.0031978494520831426, 0.0, 1.77373693467399e-05, 0.023442168588413137, 0.0, 0.0, 0.0, 0.0]}