{"labels": [0, 1, 2, 3, 4, 5, 6, 7, 8, 9, 10, 11, 12, 13, 14, 15, 16, 17, 18, 19, 20, 21, 22, 23, 24, 25, 26, 27, 28, 29, 30, 31, 32, 33, 34, 35, 36, 37, 38, 39], "data": [0.009097833212617326, 0.0, 0.0, 0.0, 0.0, 0.0, 0.012840699291871068, 0.010109127508671607, 0.0, 0.0, 0.004364687164011728, 0.0835520487019385, 0.0, 0.021156674694904874, 0.0, 0.0, 0.0013823939355893712, 0.006611243491936417, 0.0, 0.021719787116750468, 0.006352320966669526, 0.0, 0.0015587032828942402, 0.0005582704836927885, 0.035249954399318335, 0.02314322650710975, 0.02935301179024512, 0.0, 0.0, 0.0025437003978957973, 0.024936403881195324, 0.0005639585339856373, 0.0011390860596911054, 0.007003132128822693, 0.0, 0.01601941139076366, 0.0, 0.006850269743062947, 0.026122986782357378, 0.0]}