{"labels": [0, 1, 2, 3, 4, 5, 6, 7, 8, 9, 10, 11, 12, 13, 14, 15, 16, 17, 18, 19, 20, 21, 22, 23, 24, 25, 26, 27, 28, 29, 30, 31, 32, 33, 34, 35, 36, 37, 38, 39], "data": [0.011081199877605709, 0.0009667245912913517, 0.0, 0.0006858561388970664, 0.0, 0.0, 0.0, 0.0, 0.0, 0.0, 0.05891923389029, 0.0, 0.0, 0.001129116782327531, 0.0, 0.0005390533424810403, 0.0, 0.0, 0.0, 0.0032031107187056413, 0.0, 0.0, 0.0, 0.0, 0.0, 0.0, 0.0, 0.00013728051312808634, 0.0, 0.0, 0.008872705760744969, 0.0, 0.00107002939148696, 0.0, 0.0, 0.0, 0.0, 0.0, 0.0, 0.0]}