{"labels": [0, 1, 2, 3, 4, 5, 6, 7, 8, 9, 10, 11, 12, 13, 14, 15, 16, 17, 18, 19, 20, 21, 22, 23, 24, 25, 26, 27, 28, 29, 30, 31, 32, 33, 34, 35, 36, 37, 38, 39], "data": [0.0014548688748245303, 0.02677010124441036, 0.0, 0.002563917115314189, 0.0429524215043316, 0.0, 0.022185192744783547, 0.0, 4.8281242415273084e-05, 0.00778464545052497, 0.0030187724365073406, 0.004407708726407758, 0.0, 0.0, 0.0, 0.002943939878411879, 0.0, 0.0024858694945229585, 0.0015146560404356239, 0.0021097505013946867, 0.0024380068666656394, 0.0, 0.003648751548209287, 0.02321235114327069, 0.0036315524357541876, 0.038175002772533564, 0.0, 0.014912593859725922, 0.0, 0.0, 0.014865011935842573, 0.0, 0.0, 0.0, 0.00726235247162539, 0.0, 0.0, 0.030255347695067453, 0.0, 0.006337672883699989]}