{"labels": [0, 1, 2, 3, 4, 5, 6, 7, 8, 9, 10, 11, 12, 13, 14, 15, 16, 17, 18, 19, 20, 21, 22, 23, 24, 25, 26, 27, 28, 29, 30, 31, 32, 33, 34, 35, 36, 37, 38, 39], "data": [0.0, 0.0, 0.0, 0.0, 0.0, 0.0, 0.02428033001981789, 0.005128312021062717, 0.0, 0.0, 0.0, 0.0, 0.06774601668588291, 0.0, 0.0, 0.0, 0.0, 0.0, 0.0, 0.0, 0.0, 0.0, 0.0006284019083450263, 0.0, 0.0, 0.0, 0.0, 0.0, 0.0, 0.0, 0.016334142651323786, 0.0, 0.0, 0.013089767760136562, 0.0007113206424325696, 0.04783294350229832, 0.0, 0.020801771696642005, 0.0, 0.0016383194808689268]}