{"labels": [0, 1, 2, 3, 4, 5, 6, 7, 8, 9, 10, 11, 12, 13, 14, 15, 16, 17, 18, 19, 20, 21, 22, 23, 24, 25, 26, 27, 28, 29, 30, 31, 32, 33, 34, 35, 36, 37, 38, 39], "data": [0.0, 0.0, 0.0, 0.009152691971175197, 0.014133128412499765, 0.0, 0.009383246717871876, 0.0, 0.00034045346552877834, 0.01878599393048471, 0.0, 0.0003732540790333715, 0.01595170152176596, 0.007023974602203181, 0.0, 0.0026710620960789075, 0.0, 0.0030496403624819296, 0.011284620624107988, 0.0017590426089661641, 0.007091886842252925, 0.0, 0.0, 0.0, 0.0008530130253487009, 0.0492042180476873, 0.0, 0.022714989096394845, 0.0, 0.0031956899280774177, 0.0, 0.0, 0.0510838572294481, 0.0, 0.029759478173999744, 0.003085944945935217, 0.0, 0.03512606004198257, 0.01290330891640648, 0.00040965803930802615]}