{"labels": [0, 1, 2, 3, 4, 5, 6, 7, 8, 9, 10, 11, 12, 13, 14, 15, 16, 17, 18, 19, 20, 21, 22, 23, 24, 25, 26, 27, 28, 29, 30, 31, 32, 33, 34, 35, 36, 37, 38, 39], "data": [0.0, 0.0, 0.0, 0.0, 0.0, 0.06139138908615616, 0.0, 0.0, 0.0486268564599951, 0.0, 0.07208951005485531, 0.030604249096841625, 0.0, 0.0, 0.0, 0.0, 0.0, 0.0, 0.0, 0.14688877530528527, 0.0, 0.0, 0.0, 0.0, 0.0, 0.0, 0.14578873878917195, 0.0, 0.06414244733567491, 0.008053713050283599, 0.01565371391368638, 0.0, 0.0, 0.42075765402459536, 0.0, 0.0, 0.04424596093448173, 0.03542675026961434, 0.0, 0.0]}