{"labels": [0, 1, 2, 3, 4, 5, 6, 7, 8, 9, 10, 11, 12, 13, 14, 15, 16, 17, 18, 19, 20, 21, 22, 23, 24, 25, 26, 27, 28, 29, 30, 31, 32, 33, 34, 35, 36, 37, 38, 39], "data": [0.0, 0.0298278909159178, 0.0, 0.0, 0.0, 0.01433169422553725, 0.010021352259723046, 0.026592360200139897, 0.0, 0.0, 0.0, 0.04714327386162269, 0.000662261040130824, 0.0, 0.0, 0.0, 0.0016951833762904147, 0.005252428290670731, 0.0, 0.0, 0.0, 0.0, 0.04625263888390045, 0.0, 0.0, 0.0, 0.0, 0.0, 0.0, 0.0, 0.0, 0.0007221886601058661, 0.0, 0.0, 0.009972877405998316, 0.0, 0.13016103599423132, 0.005546676006369321, 0.004117457560678731, 0.0005774482104539357]}