{"labels": [0, 1, 2, 3, 4, 5, 6, 7, 8, 9, 10, 11, 12, 13, 14, 15, 16, 17, 18, 19, 20, 21, 22, 23, 24, 25, 26, 27, 28, 29, 30, 31, 32, 33, 34, 35, 36, 37, 38, 39], "data": [0.0, 0.0, 0.018762607372691958, 0.0, 0.0182172305154463, 0.0, 0.039905101840069165, 0.0, 0.0, 0.0, 0.0, 0.0, 0.013645502426867169, 0.041484392787513764, 0.0, 0.0009147164665808572, 0.0, 0.0, 0.0, 0.0, 0.0, 0.0, 0.054687369036519565, 0.0, 0.0, 0.0, 0.0, 0.0, 0.0, 0.0, 0.0, 0.0, 0.0, 0.0428612527782022, 0.0, 0.03733649697922989, 0.0, 0.008399634193564624, 0.0, 0.0]}