{"labels": [0, 1, 2, 3, 4, 5, 6, 7, 8, 9, 10, 11, 12, 13, 14, 15, 16, 17, 18, 19, 20, 21, 22, 23, 24, 25, 26, 27, 28, 29, 30, 31, 32, 33, 34, 35, 36, 37, 38, 39], "data": [0.0, 0.0, 0.026747224991385134, 0.024658102820445376, 0.006134377900950831, 0.0, 0.0, 0.0, 0.0, 0.008276592393387195, 0.0, 0.0, 0.009384725548529739, 0.0007014429777906801, 0.0025703405429924955, 0.0, 0.040148086220360826, 0.0, 0.0, 0.0, 0.0, 0.0, 0.0, 0.0, 0.0, 0.0, 0.0, 0.00504612379469197, 0.0, 0.0, 0.0, 0.0, 0.0, 0.08253394786697958, 0.0, 0.0, 0.035957666296344566, 0.0, 0.00016587247482799337, 0.0]}