{"labels": [0, 1, 2, 3, 4, 5, 6, 7, 8, 9, 10, 11, 12, 13, 14, 15, 16, 17, 18, 19, 20, 21, 22, 23, 24, 25, 26, 27, 28, 29, 30, 31, 32, 33, 34, 35, 36, 37, 38, 39], "data": [0.0, 0.0, 0.0, 0.0, 0.0, 0.0, 0.03436208454861103, 0.0, 0.0, 0.006844290492162337, 0.04881950181130792, 0.0, 0.0, 0.0027983553918947473, 0.0, 0.0, 0.0, 0.0, 0.0, 0.0, 0.006580357850458122, 0.0011049254729494497, 6.421537273561542e-05, 0.0, 0.005433747011759888, 0.0, 0.0, 0.0, 0.0, 0.0, 0.0, 0.0, 0.0, 0.00752178321828612, 0.0, 0.05618734679601578, 0.0, 0.0006743450921626202, 0.0, 0.0]}