{"labels": [0, 1, 2, 3, 4, 5, 6, 7, 8, 9, 10, 11, 12, 13, 14, 15, 16, 17, 18, 19, 20, 21, 22, 23, 24, 25, 26, 27, 28, 29, 30, 31, 32, 33, 34, 35, 36, 37, 38, 39], "data": [0.0, 0.0, 0.0, 0.0, 0.0, 0.0, 0.05103174564436982, 0.03368523553337318, 3.6360326985307e-05, 0.030419723048126263, 0.0, 0.0, 0.0, 0.0, 0.0, 0.0, 0.02150248989015934, 0.0, 0.0, 0.0, 0.0, 0.009939632423333514, 0.0011944805420976647, 0.0, 0.032161929597145394, 0.0, 0.0021189074589108357, 0.0, 0.00035342171752217343, 0.0, 0.0, 0.004613191526497339, 0.006268071360501495, 0.0, 0.0, 0.001173625051611021, 0.014438858296334088, 0.010770846375506347, 0.0, 0.0]}