{"labels": [0, 1, 2, 3, 4, 5, 6, 7, 8, 9, 10, 11, 12, 13, 14, 15, 16, 17, 18, 19, 20, 21, 22, 23, 24, 25, 26, 27, 28, 29, 30, 31, 32, 33, 34, 35, 36, 37, 38, 39], "data": [0.0019457764840359992, 0.0030448923710462207, 0.0, 0.0, 0.0447451512459436, 0.0, 0.004549108341195583, 0.0, 0.0, 0.0, 0.011942620748798528, 0.0, 0.009011073935330764, 0.011440312962197953, 0.0, 0.0, 0.0, 0.0, 0.042316505138815776, 0.0, 0.0, 0.0, 0.0, 0.0, 0.0, 0.006623940129929699, 0.03351143922959534, 0.0, 0.0, 0.0, 0.011013054162034115, 0.0, 0.0, 0.0, 0.030409066234778855, 0.030209889264111032, 0.0, 0.0015446780719733154, 0.0, 0.005204484159179941]}