{"labels": [0, 1, 2, 3, 4, 5, 6, 7, 8, 9, 10, 11, 12, 13, 14, 15, 16, 17, 18, 19, 20, 21, 22, 23, 24, 25, 26, 27, 28, 29, 30, 31, 32, 33, 34, 35, 36, 37, 38, 39], "data": [0.026946459171124284, 0.019583109479480748, 0.0002490636756295002, 0.0, 0.0, 0.0, 0.001730606984567777, 0.0239984614942862, 0.0, 0.0, 0.0, 0.0, 0.0, 0.0, 0.016739605070344596, 0.03664789997648206, 0.00026571614014413554, 0.00036830047488504904, 0.012184463385088743, 0.0, 0.0001523138622372386, 0.0, 0.0, 0.0, 0.0, 0.0, 0.0, 0.0, 0.0, 0.0, 0.06188323719344509, 0.005563214704042374, 0.007287976517684086, 0.0, 0.0, 0.041643440199912674, 0.01821915151382977, 0.012753000821192274, 0.0, 0.0]}