{"labels": [0, 1, 2, 3, 4, 5, 6, 7, 8, 9, 10, 11, 12, 13, 14, 15, 16, 17, 18, 19, 20, 21, 22, 23, 24, 25, 26, 27, 28, 29, 30, 31, 32, 33, 34, 35, 36, 37, 38, 39], "data": [0.0016702007837964394, 0.018191758372521634, 0.0, 0.0, 0.0, 0.0, 0.0, 0.04642388251333002, 0.0, 0.006764148885068493, 0.0, 0.000809399779725535, 0.00684774071044079, 0.0, 0.0, 0.0, 0.005637868801774162, 0.012602503973360029, 0.007204775495063253, 0.021074019818718266, 0.03963325161770339, 0.0, 0.03791837402107164, 0.0, 0.03661098560474957, 0.006439717918965443, 0.001511144611002765, 0.016535628395192774, 0.0, 0.002868550863201379, 0.0, 0.0, 0.0, 0.007402873449740566, 0.008520280180694458, 0.002227090568938533, 0.0, 0.0, 0.0, 0.0]}