{"labels": [0, 1, 2, 3, 4, 5, 6, 7, 8, 9, 10, 11, 12, 13, 14, 15, 16, 17, 18, 19, 20, 21, 22, 23, 24, 25, 26, 27, 28, 29, 30, 31, 32, 33, 34, 35, 36, 37, 38, 39], "data": [0.0, 0.0, 0.005460794197054061, 0.01500095673762739, 0.002431075028512259, 0.03657188552308475, 0.004874489211544408, 0.03877242166193838, 0.004385524225872729, 0.025596370701853374, 0.017006935148474494, 0.0009584344383879469, 0.034054818754658676, 0.012143137947416793, 0.019482383800278266, 0.0, 0.011626006783558891, 0.030025764181076744, 0.0, 0.0, 0.0, 0.042276451739652825, 0.004234886156887694, 0.0, 0.006393491070184768, 0.00015343362738246092, 0.0017129053759555128, 0.01119129219630647, 0.0, 0.001149472437044729, 0.0, 0.012056387004936811, 0.0, 0.0007889488689530646, 0.01676759509398621, 0.0, 0.0, 0.01155111011191498, 0.0, 0.0]}