{"labels": [0, 1, 2, 3, 4, 5, 6, 7, 8, 9, 10, 11, 12, 13, 14, 15, 16, 17, 18, 19, 20, 21, 22, 23, 24, 25, 26, 27, 28, 29, 30, 31, 32, 33, 34, 35, 36, 37, 38, 39], "data": [0.006996770581026907, 0.0, 0.0, 0.0, 0.04277005234411621, 0.00762005143672355, 0.01777989924402899, 0.0, 0.0, 0.0, 0.04437045623920372, 0.0, 0.0007776733365045426, 0.0, 0.0, 0.0, 0.0, 0.0, 0.08689712447425492, 0.0, 0.0, 0.0, 0.0, 7.922404817678831e-05, 0.0, 0.007205788361856713, 0.0, 0.0, 0.0, 0.0, 0.0, 0.0, 0.023840598667926954, 0.011212835581706196, 0.007043626856071765, 0.0, 0.004641006238106888, 0.00907312239013149, 0.016481874480799467, 0.046660592747850914]}