{"labels": [0, 1, 2, 3, 4, 5, 6, 7, 8, 9, 10, 11, 12, 13, 14, 15, 16, 17, 18, 19, 20, 21, 22, 23, 24, 25, 26, 27, 28, 29, 30, 31, 32, 33, 34, 35, 36, 37, 38, 39], "data": [0.0, 0.0, 0.0, 0.0, 0.0, 0.0, 0.036371273731834144, 0.037150603634094684, 0.0, 0.0, 0.0, 0.0, 0.0, 0.0, 0.036537041898636886, 0.00579760343340538, 0.0, 0.0, 0.0, 0.0, 0.000376007167484261, 0.0, 0.004175001326736602, 0.004954172678944752, 0.0023049137547944513, 0.0, 0.009546452462556839, 0.0, 0.002972216097889197, 0.0, 0.0029622275851108764, 0.0037043345182768473, 0.000973470141647495, 0.0, 0.0, 0.0, 0.0, 0.03905224225446449, 0.0, 0.0]}