{"labels": [0, 1, 2, 3, 4, 5, 6, 7, 8, 9, 10, 11, 12, 13, 14, 15, 16, 17, 18, 19, 20, 21, 22, 23, 24, 25, 26, 27, 28, 29, 30, 31, 32, 33, 34, 35, 36, 37, 38, 39], "data": [0.0, 0.014211571798740363, 0.0, 0.03542029373109164, 0.0, 0.0600599892089698, 0.0, 0.006830243997937415, 0.00678422805259842, 0.0, 0.0, 0.03713694692513086, 0.009547010041651935, 0.0, 0.0, 0.006221815358658689, 0.0, 0.0, 0.1734634759857718, 0.0, 0.0, 0.0, 0.0, 0.0, 0.0, 0.0, 0.005389748933556627, 0.0, 0.009669166363682105, 0.003973573831473361, 0.0, 0.029545319404636703, 0.0, 0.05426265678078032, 0.0, 0.022463803073331696, 0.0, 0.0, 0.0, 0.012469854302167625]}