{"labels": [0, 1, 2, 3, 4, 5, 6, 7, 8, 9, 10, 11, 12, 13, 14, 15, 16, 17, 18, 19, 20, 21, 22, 23, 24, 25, 26, 27, 28, 29, 30, 31, 32, 33, 34, 35, 36, 37, 38, 39], "data": [0.25589004748075983, 0.0, 0.0, 0.0, 0.2601782189472143, 0.0, 0.0, 0.0, 0.0, 0.0, 0.02603831820934573, 0.0, 0.0, 0.0, 0.0, 0.0027366476953230713, 0.0, 0.0, 0.1620223091746295, 0.0, 0.0, 0.0, 0.0, 0.0, 0.0, 0.0, 0.0, 0.0, 0.0, 0.0, 0.0, 0.0, 0.017547778211778848, 0.0, 0.0, 0.0, 0.0, 0.0, 0.0, 0.0]}