{"labels": [0, 1, 2, 3, 4, 5, 6, 7, 8, 9, 10, 11, 12, 13, 14, 15, 16, 17, 18, 19, 20, 21, 22, 23, 24, 25, 26, 27, 28, 29, 30, 31, 32, 33, 34, 35, 36, 37, 38, 39], "data": [0.0, 0.0, 0.0, 0.0, 0.0, 0.0, 0.0, 0.0210095734490901, 0.0, 0.0, 0.0, 0.0, 0.03517222376993852, 0.0, 0.04301503131095264, 0.0, 0.0, 0.013065331992342558, 0.0, 0.0, 0.0, 0.05800482673931928, 0.04699178883430041, 0.0, 0.0, 0.0, 0.0009048407714989974, 0.0, 0.0, 0.0, 0.014512169046031944, 0.005057917448318768, 0.0, 0.0, 0.0, 0.0, 0.05452459362135196, 0.0, 0.024762142167822757, 0.0]}