{"labels": [0, 1, 2, 3, 4, 5, 6, 7, 8, 9, 10, 11, 12, 13, 14, 15, 16, 17, 18, 19, 20, 21, 22, 23, 24, 25, 26, 27, 28, 29, 30, 31, 32, 33, 34, 35, 36, 37, 38, 39], "data": [0.01241095487966845, 0.0, 0.0034158676360118876, 0.0548489205409762, 0.012185081412075081, 0.0, 0.0, 0.0017377777607461117, 0.028113475782981016, 0.0, 0.004098423381575882, 0.0, 0.0, 0.010211036503974447, 0.0, 0.002135731506441212, 0.02611826644415096, 0.016982808406253803, 0.009881860147790227, 0.000563066821422441, 0.0, 0.0, 0.0, 0.006283237284027718, 0.0005374520457966837, 0.015698043286729572, 0.040003115820966204, 5.599948448691339e-06, 0.0, 0.005751884253745897, 0.0010873734197232431, 0.005304231317328602, 0.0, 0.030473544221999754, 0.019124843938413693, 0.0, 0.0, 0.0, 0.0, 0.0036224977460229497]}