{"labels": [0, 1, 2, 3, 4, 5, 6, 7, 8, 9, 10, 11, 12, 13, 14, 15, 16, 17, 18, 19, 20, 21, 22, 23, 24, 25, 26, 27, 28, 29, 30, 31, 32, 33, 34, 35, 36, 37, 38, 39], "data": [0.0, 0.0, 0.0, 0.029693958376456654, 0.001961220843654944, 0.0, 0.0, 0.03869666267839658, 0.0, 0.00029305889646218916, 0.00020176313754507208, 0.0, 0.0, 0.0054719972226291306, 0.0013990964788132044, 0.0, 0.0, 0.0, 0.0038948566154935146, 0.0025051710043214525, 0.008316865870905844, 0.0, 0.0, 0.03377468973504174, 0.0, 0.0, 0.0, 0.0002441615131317682, 0.0, 0.0, 0.01419301087686329, 0.0, 0.0, 0.0, 0.0, 0.0350207346614596, 0.0, 0.0, 0.0, 0.0]}