{"labels": [0, 1, 2, 3, 4, 5, 6, 7, 8, 9, 10, 11, 12, 13, 14, 15, 16, 17, 18, 19, 20, 21, 22, 23, 24, 25, 26, 27, 28, 29, 30, 31, 32, 33, 34, 35, 36, 37, 38, 39], "data": [0.0, 0.0, 0.0, 0.04207696655774694, 0.06157818694201496, 0.0, 0.03279635375397839, 0.0009627678888886006, 0.0, 0.0, 0.0, 0.0, 0.0036135714428807936, 0.0, 0.0, 0.0, 0.0, 0.0, 0.01566809429711829, 0.0, 0.0029232527654553214, 0.0, 0.0, 0.0, 0.0, 0.0, 0.0, 0.0, 0.06148455653839055, 0.0, 0.0, 0.0, 0.0, 0.0, 0.009655325621036971, 0.005305008103887391, 0.0, 0.026269492612979645, 0.0, 0.03887561786966382]}