{"labels": [0, 1, 2, 3, 4, 5, 6, 7, 8, 9, 10, 11, 12, 13, 14, 15, 16, 17, 18, 19, 20, 21, 22, 23, 24, 25, 26, 27, 28, 29, 30, 31, 32, 33, 34, 35, 36, 37, 38, 39], "data": [0.0, 0.0, 0.0, 0.0, 0.0, 0.0, 0.0, 0.0, 0.0, 0.0, 0.0, 0.0, 0.0, 0.0, 0.0, 0.0, 0.045292746757329555, 0.0, 0.0, 0.0, 0.0, 0.07195389798277387, 0.0, 0.0007265517346713793, 0.0, 0.0, 0.05094459564119668, 0.029023058861874732, 0.0, 0.0, 0.0, 0.0, 0.0, 0.017917204216724932, 0.0, 0.0, 0.0, 0.0, 0.0, 0.0]}