{"labels": [0, 1, 2, 3, 4, 5, 6, 7, 8, 9, 10, 11, 12, 13, 14, 15, 16, 17, 18, 19, 20, 21, 22, 23, 24, 25, 26, 27, 28, 29, 30, 31, 32, 33, 34, 35, 36, 37, 38, 39], "data": [0.0024690255717092877, 0.0, 0.004948253091099462, 0.023524157865544116, 0.008247576773725854, 0.00020867283870441703, 0.0, 0.0262445134398551, 0.0, 0.0, 0.006288964903022626, 0.003639916108765666, 0.0, 0.0, 0.0, 0.003641069526653232, 0.0016848135116001737, 0.0, 0.010010772518223887, 0.00010489799196442833, 0.0, 0.06848623161996514, 0.0, 0.0026304668902523286, 0.0022333826734733026, 0.0, 0.0, 0.0, 0.0, 0.0, 0.003689205830200704, 0.0, 0.05687159543879056, 0.0, 0.0, 0.0, 0.0, 0.0, 0.0, 0.0]}