{"labels": [0, 1, 2, 3, 4, 5, 6, 7, 8, 9, 10, 11, 12, 13, 14, 15, 16, 17, 18, 19, 20, 21, 22, 23, 24, 25, 26, 27, 28, 29, 30, 31, 32, 33, 34, 35, 36, 37, 38, 39], "data": [0.010949539079622003, 0.08245996143731783, 0.07282403389744263, 0.0, 0.0, 0.02705758423846141, 0.009541273352571942, 0.0, 0.0, 0.04054701473849119, 0.024444143935857927, 0.0, 0.0, 0.0, 0.0, 0.0, 0.0, 0.0, 0.06786281970948049, 0.0023784663378596284, 0.0, 0.008715606617436466, 0.03906932775962335, 0.026550563806518327, 0.013130969478616097, 0.0, 0.0, 0.0, 0.0, 0.004522963460353074, 0.0, 0.0070877973301806275, 0.0, 0.0, 0.01817515246138744, 0.0, 0.0, 0.0, 0.014788175926704842, 0.025794216949388233]}