{"labels": [0, 1, 2, 3, 4, 5, 6, 7, 8, 9, 10, 11, 12, 13, 14, 15, 16, 17, 18, 19, 20, 21, 22, 23, 24, 25, 26, 27, 28, 29, 30, 31, 32, 33, 34, 35, 36, 37, 38, 39], "data": [4.1226856952377205e-05, 0.00323195650119805, 0.01845425777967588, 0.0, 0.0, 0.11682284221026075, 0.02847996015757444, 0.0, 0.027236048004495472, 0.0, 0.008744133968249081, 0.00016156852900569345, 0.0, 0.0, 0.00201270266518273, 0.0, 0.0, 0.0, 0.0, 0.0, 0.0, 0.0, 0.0, 0.0, 0.0, 0.005409497308186769, 0.0, 0.0, 0.0, 0.0, 0.0, 0.0, 0.0, 0.0, 0.0, 0.0, 0.0, 0.008988308311191295, 0.0, 0.0016974627008946354]}