{"labels": [0, 1, 2, 3, 4, 5, 6, 7, 8, 9, 10, 11, 12, 13, 14, 15, 16, 17, 18, 19, 20, 21, 22, 23, 24, 25, 26, 27, 28, 29, 30, 31, 32, 33, 34, 35, 36, 37, 38, 39], "data": [0.0002437561837397391, 0.0, 0.030601409506582602, 0.0, 0.0, 0.0, 0.00809749371066668, 0.08788454589883737, 0.0, 0.0, 0.0, 0.0, 0.0, 0.0, 0.00165431136034976, 0.002176691200371909, 0.0, 0.0, 0.0, 0.0, 0.0007492767282049516, 0.003931145128588552, 0.0, 0.0, 0.0, 0.007976423453340941, 0.0041206774492755565, 0.0, 0.0, 0.0, 0.00640577300853538, 0.002217941192142811, 0.0026982522789765363, 0.0, 0.0, 0.0036149708014411473, 0.0, 0.0, 0.0, 0.0]}