{"labels": [0, 1, 2, 3, 4, 5, 6, 7, 8, 9, 10, 11, 12, 13, 14, 15, 16, 17, 18, 19, 20, 21, 22, 23, 24, 25, 26, 27, 28, 29, 30, 31, 32, 33, 34, 35, 36, 37, 38, 39], "data": [0.0, 6.022159613545768e-05, 0.0, 0.0, 0.02873671008452221, 0.009461231898234314, 0.07290266285247116, 0.011438227376806512, 0.007338772659405865, 0.0018194111225448466, 0.018405806062672676, 0.0026318420665498816, 0.0, 0.00014296565545873148, 0.0, 0.0284458176366108, 0.0, 0.004128383352540135, 0.0023371692959052786, 0.0, 0.0, 0.0, 0.0, 0.0, 0.0, 0.0, 0.0, 0.0, 0.0030596235380213185, 0.0, 0.02884262686535119, 0.0, 0.0, 0.01147382819652728, 0.006807235478283321, 0.02356464363668419, 0.0, 0.028501872851126524, 0.007141232189556572, 0.00379046245039964]}