{"labels": [0, 1, 2, 3, 4, 5, 6, 7, 8, 9, 10, 11, 12, 13, 14, 15, 16, 17, 18, 19, 20, 21, 22, 23, 24, 25, 26, 27, 28, 29, 30, 31, 32, 33, 34, 35, 36, 37, 38, 39], "data": [0.0, 0.0026818476359407348, 0.0, 0.0, 0.0, 0.0, 0.0, 0.07843234060093021, 0.0, 0.0, 0.0, 0.0, 0.0, 0.07326023869420595, 0.0, 0.0, 0.006326673574211118, 0.0, 0.0, 0.06793668245086167, 0.0, 0.0, 0.0, 0.014521608963430223, 0.0, 0.0, 0.0, 0.004056852373955878, 0.0, 0.004180723019189835, 0.0, 0.0, 0.0, 0.0, 0.0, 0.0, 0.0, 0.0, 0.0, 0.0]}