{"labels": [0, 1, 2, 3, 4, 5, 6, 7, 8, 9, 10, 11, 12, 13, 14, 15, 16, 17, 18, 19, 20, 21, 22, 23, 24, 25, 26, 27, 28, 29, 30, 31, 32, 33, 34, 35, 36, 37, 38, 39], "data": [0.0, 0.006339745500826659, 0.0, 0.023043707596863132, 0.01892391094891828, 0.0, 0.017904472638204973, 0.020386406198660733, 0.09074839813654494, 0.0, 0.0372095139464292, 0.0, 0.0, 0.0, 0.0, 0.0, 0.0, 0.0, 0.0, 0.021855019783012106, 0.0, 0.0, 0.0, 0.0, 0.0, 0.0, 0.06825652952362325, 0.0, 0.0, 0.0, 0.0, 0.0, 0.0, 0.0, 0.0, 0.01229968578585164, 0.0, 0.0, 0.0, 0.0006711815556938358]}