{"labels": [0, 1, 2, 3, 4, 5, 6, 7, 8, 9, 10, 11, 12, 13, 14, 15, 16, 17, 18, 19, 20, 21, 22, 23, 24, 25, 26, 27, 28, 29, 30, 31, 32, 33, 34, 35, 36, 37, 38, 39], "data": [0.0, 0.002313871652911824, 0.0024028914882702566, 0.0013747046784466515, 0.0, 0.0021168779884536194, 6.010702799519541e-05, 0.0, 0.0, 0.007314310978344977, 0.0076190283562350735, 0.0, 0.0007697258380448503, 0.0, 0.00395376015668244, 0.0, 0.0030415750452163714, 0.0015570582053515702, 0.00330160468668459, 0.0, 0.0035865473721164976, 0.0, 0.0, 0.0, 0.007645629416992437, 0.0, 0.0006396254647039647, 0.0014051373208381654, 0.0, 0.0, 0.0, 0.0027613353202472946, 0.0007821884263791885, 0.0, 0.0, 0.0, 0.0, 0.005100969015920419, 0.0037973811650398722, 0.002800638490888686]}