{"labels": [0, 1, 2, 3, 4, 5, 6, 7, 8, 9, 10, 11, 12, 13, 14, 15, 16, 17, 18, 19, 20, 21, 22, 23, 24, 25, 26, 27, 28, 29, 30, 31, 32, 33, 34, 35, 36, 37, 38, 39], "data": [0.011158523334692312, 0.0018223534023128244, 0.0, 0.0, 0.0, 0.0032281888128762658, 0.0172269903316625, 0.021896530681750716, 0.0049589932240310915, 0.019371187428667138, 0.0, 0.006421324674199447, 0.0, 0.04890853563698601, 0.0, 0.0, 0.0, 0.0754571924995284, 0.0, 0.0, 0.0, 0.03419254219591473, 0.0, 0.001143773924029023, 0.0003426346743272799, 0.019209150082603602, 0.0008090886593122491, 0.00013691252875798016, 0.0, 0.0, 0.014612776590948928, 0.004941187950732996, 0.0, 0.03433418944959538, 0.012918708409701328, 0.011232700763889242, 0.0, 0.0038138054475721985, 0.0, 0.0]}