{"labels": [0, 1, 2, 3, 4, 5, 6, 7, 8, 9, 10, 11, 12, 13, 14, 15, 16, 17, 18, 19, 20, 21, 22, 23, 24, 25, 26, 27, 28, 29, 30, 31, 32, 33, 34, 35, 36, 37, 38, 39], "data": [0.0, 0.0005724989272859509, 0.006640312869601832, 0.0, 0.0006895345218647177, 0.0, 0.018478036841358004, 0.0, 0.0, 0.03369437595983204, 0.0026136351898381443, 0.0, 0.0, 0.0, 0.0, 0.0, 0.007676983536128027, 0.0, 0.0, 0.0, 0.0015666844379324464, 0.0, 0.04763756705590323, 0.0, 0.006287106887451645, 0.0, 0.0, 0.0001170832559231394, 0.0, 0.009188917229226457, 0.009060966857791536, 0.010386785826940168, 0.0886793563129864, 0.0, 0.010537439636816989, 0.0, 0.01628647627201324, 0.0, 0.0, 0.0]}