{"labels": [0, 1, 2, 3, 4, 5, 6, 7, 8, 9, 10, 11, 12, 13, 14, 15, 16, 17, 18, 19, 20, 21, 22, 23, 24, 25, 26, 27, 28, 29, 30, 31, 32, 33, 34, 35, 36, 37, 38, 39], "data": [0.0, 0.0, 0.0, 0.0, 0.008064169463113667, 0.0, 0.0, 0.0, 0.13563428144050538, 0.0, 0.0, 0.0, 0.017900596435608866, 0.0046712100845429936, 0.0, 0.0, 0.0, 0.0022276305631904647, 0.0, 0.0, 0.0, 0.010079581679859716, 0.0, 0.0015539925516624726, 0.004187188635853074, 0.0, 0.0, 0.05164341999160761, 0.014080318104993984, 0.0, 0.0008414757874298031, 0.0, 0.0, 0.03686147525048547, 0.0, 0.0, 0.0, 0.0007303115972439574, 0.0, 0.038463881622202385]}