{"labels": [0, 1, 2, 3, 4, 5, 6, 7, 8, 9, 10, 11, 12, 13, 14, 15, 16, 17, 18, 19, 20, 21, 22, 23, 24, 25, 26, 27, 28, 29, 30, 31, 32, 33, 34, 35, 36, 37, 38, 39], "data": [0.009904216770960799, 0.0059617669158007714, 0.0, 0.006545827969667981, 0.003755878621070954, 0.0, 0.008144975261427503, 0.028535745963178594, 0.0, 0.0, 0.0, 0.007870066150155213, 0.0, 0.0, 0.03393397836963142, 0.0, 0.007530937077093201, 0.012183836299289895, 0.0, 0.0, 0.0, 0.0, 0.007057274514009272, 0.0034553021165264364, 0.0011655287782818542, 0.0007864033123943782, 0.06091869929608602, 0.0027599352486233765, 0.0, 0.0, 0.0, 0.005373542658051148, 0.0, 0.004457737591000368, 0.014187314208569737, 0.0, 0.023770434185342887, 0.0, 0.0, 0.0]}