{"labels": [0, 1, 2, 3, 4, 5, 6, 7, 8, 9, 10, 11, 12, 13, 14, 15, 16, 17, 18, 19, 20, 21, 22, 23, 24, 25, 26, 27, 28, 29, 30, 31, 32, 33, 34, 35, 36, 37, 38, 39], "data": [0.0, 0.0003181665497834759, 0.0, 0.020047628301780026, 0.0, 0.07870734523947673, 0.018667081487272873, 0.02156613639183867, 0.000634241663758266, 0.0, 0.0, 0.0, 0.0, 0.02686616232905987, 0.0, 0.07247014929064928, 0.0, 0.024192220525283966, 0.0, 0.0, 0.0, 0.00031483826681284955, 0.0, 0.04722462778776002, 0.0, 0.0, 0.0009062858618451612, 0.0, 0.0, 0.0, 0.0, 0.0, 0.0011028426659212857, 0.0, 0.0, 0.0, 0.003689069070009177, 0.0, 0.0, 0.0]}