{"labels": [0, 1, 2, 3, 4, 5, 6, 7, 8, 9, 10, 11, 12, 13, 14, 15, 16, 17, 18, 19, 20, 21, 22, 23, 24, 25, 26, 27, 28, 29, 30, 31, 32, 33, 34, 35, 36, 37, 38, 39], "data": [0.1937844917273161, 0.0, 0.013947111999813846, 0.0, 0.0, 0.0, 0.0, 0.0, 0.01645502520299761, 0.018455845802180102, 0.02480845217463607, 0.0, 0.0032534587976406314, 0.002164240694408949, 0.006528463991901166, 0.0, 0.0, 0.0, 0.0, 0.03244817260070351, 0.005304758304798557, 0.0061122940674320225, 0.0, 0.0, 0.0, 0.02295757231210694, 0.0, 0.0018849441080297682, 0.0, 0.0, 0.0, 0.0, 0.010492392520160702, 0.0, 0.0503125868617447, 0.0, 0.0, 0.0, 0.014474920796866816, 0.0]}