{"labels": [0, 1, 2, 3, 4, 5, 6, 7, 8, 9, 10, 11, 12, 13, 14, 15, 16, 17, 18, 19, 20, 21, 22, 23, 24, 25, 26, 27, 28, 29, 30, 31, 32, 33, 34, 35, 36, 37, 38, 39], "data": [0.0, 0.0, 0.0, 0.0, 0.0, 0.0, 0.00014463428588002005, 0.0, 0.0008627513498358042, 0.012663120572039154, 0.0, 0.0, 0.0, 0.006492653098936986, 0.0, 0.0, 0.0, 0.0, 0.0, 0.0006051202305715032, 0.0, 0.0, 0.00043627803874015075, 0.018319034963847028, 0.0, 0.016814464202955133, 0.0, 0.08874460650170798, 0.0, 0.0, 0.0, 0.0, 0.0, 0.0, 0.022222413855049652, 0.0, 0.0, 0.0, 0.0, 0.0]}