{"labels": [0, 1, 2, 3, 4, 5, 6, 7, 8, 9, 10, 11, 12, 13, 14, 15, 16, 17, 18, 19, 20, 21, 22, 23, 24, 25, 26, 27, 28, 29, 30, 31, 32, 33, 34, 35, 36, 37, 38, 39], "data": [0.005073327814835961, 0.0, 0.01193175944371205, 0.06178982727818406, 0.04750839149071293, 0.0, 0.0007999147631508861, 0.005792139470130051, 0.03061052213018679, 0.0, 0.0, 0.004714351951114518, 0.0, 0.0, 0.011403065942571695, 0.022750281419172957, 0.0, 0.0, 0.008490543738716437, 0.02172708007499228, 0.0, 0.00016935108180020047, 0.0, 0.0, 0.020046260534177088, 0.0, 0.005108942067198729, 0.0, 0.0, 0.0052951313600257365, 0.0, 0.005459834399940905, 0.0, 0.003750032253150314, 0.005353337906702834, 0.00759446224072186, 0.0, 0.0425808429710776, 0.0, 0.0]}