{"labels": [0, 1, 2, 3, 4, 5, 6, 7, 8, 9, 10, 11, 12, 13, 14, 15, 16, 17, 18, 19, 20, 21, 22, 23, 24, 25, 26, 27, 28, 29, 30, 31, 32, 33, 34, 35, 36, 37, 38, 39], "data": [0.0, 0.0, 0.03211043656894692, 0.0, 0.0, 0.04097679463009869, 0.0, 0.011635832516155143, 0.0, 0.0, 0.0, 0.0, 0.0007153893996499178, 0.03531590348397328, 0.0, 0.0, 0.0, 0.0, 0.014445925012872401, 0.0, 0.0, 0.0, 0.0, 0.008966630989152622, 0.0, 0.0, 0.005134264222944406, 0.0, 0.0, 0.0, 0.015215067371595642, 0.0, 0.0, 0.04702706831926362, 0.0, 0.0, 0.0, 0.07849752352240946, 0.0, 0.03646914195672054]}