{"labels": [0, 1, 2, 3, 4, 5, 6, 7, 8, 9, 10, 11, 12, 13, 14, 15, 16, 17, 18, 19, 20, 21, 22, 23, 24, 25, 26, 27, 28, 29, 30, 31, 32, 33, 34, 35, 36, 37, 38, 39], "data": [0.0, 0.0, 0.0, 0.011092840723653808, 0.03944046945000421, 0.006184280228199604, 0.03376189756861911, 0.04991439064231091, 0.0, 0.0, 0.0, 0.003057613613307603, 0.0016784549490931053, 0.015374032814929774, 0.01715650265389322, 0.0, 0.003664610662396528, 0.030276677458856975, 0.028602304470873325, 0.0, 0.0, 0.0, 0.0, 0.0, 0.0, 0.0037376552404787163, 0.0, 0.0009112284503328136, 0.0022066813224799566, 0.0, 0.0, 0.0, 0.0, 0.02622730309124187, 0.0033268579583622697, 0.010360373287457893, 0.0, 0.003529090771646152, 0.025404312145412895, 0.0300630966051903]}