{"labels": [0, 1, 2, 3, 4, 5, 6, 7, 8, 9, 10, 11, 12, 13, 14, 15, 16, 17, 18, 19, 20, 21, 22, 23, 24, 25, 26, 27, 28, 29, 30, 31, 32, 33, 34, 35, 36, 37, 38, 39], "data": [0.0, 0.0, 0.03018060468575041, 0.0, 0.04280918212260738, 0.0, 0.0, 0.0, 0.00028048051179323713, 0.0, 0.0, 0.0, 0.007369508082543154, 0.0, 0.0, 0.0, 0.009682618448166026, 0.0, 0.0, 0.0, 0.0, 0.0, 0.0, 0.0, 0.0, 0.0, 0.0, 0.0, 0.0010103529396301267, 0.0028788360911064514, 0.0, 0.0, 0.0, 0.022930996654628596, 0.04452760206751725, 0.0, 0.0, 0.006500482030903734, 0.0, 0.0]}