{"labels": [0, 1, 2, 3, 4, 5, 6, 7, 8, 9, 10, 11, 12, 13, 14, 15, 16, 17, 18, 19, 20, 21, 22, 23, 24, 25, 26, 27, 28, 29, 30, 31, 32, 33, 34, 35, 36, 37, 38, 39], "data": [0.0, 0.0, 0.0, 0.0, 0.027611337811525354, 0.0, 0.0, 0.010082847313704062, 0.0, 0.007869732796702621, 0.0, 0.0, 0.0015952341516109589, 0.0, 0.0, 0.0, 0.00560194318452449, 0.006597868787625301, 0.025810169333234705, 0.0, 0.0, 0.016396988657800184, 0.0, 0.0, 0.0, 0.0019327719025563727, 0.0, 0.004763627544429614, 0.0, 5.72432981334201e-05, 0.0, 0.0, 0.007103928160400976, 0.0, 0.0, 0.0, 0.008651586258132497, 0.04281080048814947, 0.0, 0.0]}