{"labels": [0, 1, 2, 3, 4, 5, 6, 7, 8, 9, 10, 11, 12, 13, 14, 15, 16, 17, 18, 19, 20, 21, 22, 23, 24, 25, 26, 27, 28, 29, 30, 31, 32, 33, 34, 35, 36, 37, 38, 39], "data": [0.0, 0.002559895711972954, 0.0019763578177763737, 0.0, 0.0, 0.0, 0.027162402769654776, 0.0, 8.974238773255874e-05, 0.00958451327126109, 0.0, 0.0, 0.0, 0.008907874038272088, 0.0, 0.006236397307483968, 0.0, 0.0, 0.00033095878487031307, 0.0, 0.0, 0.0, 0.0, 0.04662079711528326, 0.0, 0.008335977802200804, 0.008976515924800256, 0.0, 0.0007579727018240899, 0.0, 0.0008229868541698211, 0.0, 0.058490646276124374, 0.0, 0.021530460188147617, 0.0025205010679179452, 0.0, 0.0027444058308929405, 0.05781663499189419, 0.0007904103282779102]}