{"labels": [0, 1, 2, 3, 4, 5, 6, 7, 8, 9, 10, 11, 12, 13, 14, 15, 16, 17, 18, 19, 20, 21, 22, 23, 24, 25, 26, 27, 28, 29, 30, 31, 32, 33, 34, 35, 36, 37, 38, 39], "data": [0.003101221845912357, 0.0, 0.0018958922583643943, 0.017635266439709245, 0.0, 0.073808591483199, 0.022810267008027015, 0.07041421789568084, 0.00795447043742012, 0.0, 0.011646520978014769, 0.0, 0.0, 0.002397580685644982, 0.0, 0.0, 0.0, 0.0, 0.0009861741670087322, 0.0010998881057129725, 0.0, 0.007292358763303534, 0.0, 0.0, 0.0, 0.0, 0.011996191621762147, 0.0, 0.0, 0.0, 0.01924833269593361, 0.0, 0.05910991511799659, 0.0, 0.0, 0.0007912949869945849, 0.0, 0.0, 0.0, 0.0]}