{"labels": [0, 1, 2, 3, 4, 5, 6, 7, 8, 9, 10, 11, 12, 13, 14, 15, 16, 17, 18, 19, 20, 21, 22, 23, 24, 25, 26, 27, 28, 29, 30, 31, 32, 33, 34, 35, 36, 37, 38, 39], "data": [0.013049931681056517, 0.0, 0.00012096612657676279, 0.0, 0.0027394745947204994, 0.0, 0.00027655924578741164, 0.007534346392941145, 0.0, 0.0, 0.0, 0.003304509207428312, 0.0, 0.0025528228356602855, 0.0032553835039195195, 0.0, 0.0, 0.0, 0.0, 0.0, 0.0, 0.0, 0.0, 0.0, 0.003702556958279338, 0.0, 0.0, 0.0, 0.075028921522907, 0.0, 0.0, 0.0792250365576455, 0.0012601248536083618, 0.0, 0.020033909885208975, 0.0, 0.0, 0.021663915869938873, 0.004989952500022717, 6.981799310256612e-05]}