{"labels": [0, 1, 2, 3, 4, 5, 6, 7, 8, 9, 10, 11, 12, 13, 14, 15, 16, 17, 18, 19, 20, 21, 22, 23, 24, 25, 26, 27, 28, 29, 30, 31, 32, 33, 34, 35, 36, 37, 38, 39], "data": [0.0053381563534062116, 0.0, 0.0, 0.0, 0.0033454018846918346, 0.0, 0.026568735714322018, 0.02073952300089205, 0.0, 0.003861823974409294, 0.0, 0.0, 0.0, 0.0009616950799432422, 0.0, 0.0, 0.0, 0.016851691835814916, 0.0, 0.001266785779771055, 0.0003669839281930678, 0.0, 0.0, 0.0, 0.0, 0.0, 0.0, 0.001177104881838837, 0.015553897444546584, 0.01874853401536013, 0.06257639131379894, 0.0, 0.0017746588631546727, 0.028221874626140366, 0.011694939158576978, 0.0, 0.0, 0.03798410660192926, 0.002527433934681409, 0.0]}