{"labels": [0, 1, 2, 3, 4, 5, 6, 7, 8, 9, 10, 11, 12, 13, 14, 15, 16, 17, 18, 19, 20, 21, 22, 23, 24, 25, 26, 27, 28, 29, 30, 31, 32, 33, 34, 35, 36, 37, 38, 39], "data": [0.004936755442139968, 0.006275178913621167, 0.0008372447309035526, 0.0, 0.017427524055441065, 0.00119512438855341, 0.0356555322332722, 0.0, 0.0016316585962847985, 0.028421902400655487, 0.0, 0.0, 0.0, 0.0, 0.019577791947429524, 0.001659511410302019, 0.0, 0.0, 0.001161277019656358, 0.0014836724922653733, 0.00179372651839862, 0.004754921318415847, 0.0, 0.008402698124905801, 0.0, 0.025423454888273668, 0.0015716259029143192, 0.001525870671932031, 0.003330839633486941, 0.0, 0.013854108409183696, 0.0, 0.0, 0.0, 0.0, 0.0, 0.0, 0.00046213116164384264, 0.0207120687670572, 0.00600006810038098]}