{"labels": [0, 1, 2, 3, 4, 5, 6, 7, 8, 9, 10, 11, 12, 13, 14, 15, 16, 17, 18, 19, 20, 21, 22, 23, 24, 25, 26, 27, 28, 29, 30, 31, 32, 33, 34, 35, 36, 37, 38, 39], "data": [0.006704286082321659, 0.0, 0.0016031500349195536, 0.0, 0.07587503735371053, 0.0, 0.03269079746546696, 0.0, 0.0, 0.006070083317893725, 0.0, 0.0, 0.0, 0.0035746898605670935, 0.0, 0.0, 0.03462436527391001, 0.0, 0.0, 0.0, 0.0018907917589511907, 0.0, 0.0, 0.003180631005880406, 0.0, 0.047383747213935956, 0.0, 0.0, 0.0, 0.0038942250476544046, 0.0012162057253291261, 0.0, 0.0, 0.0, 0.0, 0.0, 0.0, 0.0, 0.008553645517527495, 0.0]}