{"labels": [0, 1, 2, 3, 4, 5, 6, 7, 8, 9, 10, 11, 12, 13, 14, 15, 16, 17, 18, 19, 20, 21, 22, 23, 24, 25, 26, 27, 28, 29, 30, 31, 32, 33, 34, 35, 36, 37, 38, 39], "data": [0.0, 0.048017134393216365, 0.0, 0.0, 0.0, 0.0, 0.0, 0.0, 0.0, 0.0, 0.05721978342705371, 0.0, 0.0, 0.0, 0.0, 0.0, 0.0, 0.0, 0.004336547277042256, 0.02580059600990734, 0.0, 0.0, 0.0, 0.0, 0.0, 0.0, 0.0, 0.0, 0.0, 0.0, 0.07405961230361906, 0.0, 0.0, 0.0, 0.0, 0.03646591477625089, 0.0, 0.0, 0.0, 0.0]}