{"labels": [0, 1, 2, 3, 4, 5, 6, 7, 8, 9, 10, 11, 12, 13, 14, 15, 16, 17, 18, 19, 20, 21, 22, 23, 24, 25, 26, 27, 28, 29, 30, 31, 32, 33, 34, 35, 36, 37, 38, 39], "data": [0.0, 0.0, 0.00444929615094527, 0.0, 0.0, 0.0, 0.01587485979104356, 0.0, 0.0, 0.04774117938072567, 0.0, 0.0, 0.0, 0.0, 0.0, 0.0, 0.0, 0.0, 0.030558767297865882, 0.040619464040634136, 0.0, 0.0005308416016588103, 0.0, 0.0, 0.0, 0.0, 0.0001838142288056624, 0.0630378525861361, 0.0, 0.0, 0.0, 0.0009673424431653445, 0.0, 0.0, 0.0, 0.0, 0.0, 0.0, 0.0, 0.0]}