{"labels": [0, 1, 2, 3, 4, 5, 6, 7, 8, 9, 10, 11, 12, 13, 14, 15, 16, 17, 18, 19, 20, 21, 22, 23, 24, 25, 26, 27, 28, 29, 30, 31, 32, 33, 34, 35, 36, 37, 38, 39], "data": [0.25676775165863597, 0.0, 0.0, 0.0, 0.0, 0.0, 0.08653203370406325, 0.0, 0.0, 0.0, 0.0, 0.02491685841768401, 0.0, 0.0930645093989001, 0.017662951682492056, 0.11861694103158946, 0.0, 0.00038953442952903135, 0.0065609667715034676, 0.0038104636845205228, 0.0435604910970059, 0.0, 0.0, 0.02021446920218739, 0.0, 0.0, 0.0, 0.0, 0.0, 0.02391366139347255, 0.0, 0.0, 0.07376410831931327, 0.0, 0.0, 0.0, 0.0, 0.0, 0.0, 0.0]}