{"labels": [0, 1, 2, 3, 4, 5, 6, 7, 8, 9, 10, 11, 12, 13, 14, 15, 16, 17, 18, 19, 20, 21, 22, 23, 24, 25, 26, 27, 28, 29, 30, 31, 32, 33, 34, 35, 36, 37, 38, 39], "data": [0.006211908821691713, 0.003427428400863488, 0.0008236921013867586, 0.0007443781924259479, 0.0, 0.0, 0.0, 0.0, 0.0, 0.051547102726881885, 0.014511111618246473, 0.00019157780835460017, 0.0, 0.0010724203301100477, 0.0, 0.0, 0.0, 0.0, 0.024848969797065818, 0.0, 0.0, 0.0, 0.0, 0.0008289464465638037, 0.0, 0.0, 0.0026593619117290528, 0.0, 0.0, 0.036180461654814366, 0.0, 3.0722829847816245e-05, 0.001582052318015366, 0.0, 0.0, 0.0, 0.0, 0.0, 0.00016436995575860088, 0.0]}