{"labels": [0, 1, 2, 3, 4, 5, 6, 7, 8, 9, 10, 11, 12, 13, 14, 15, 16, 17, 18, 19, 20, 21, 22, 23, 24, 25, 26, 27, 28, 29, 30, 31, 32, 33, 34, 35, 36, 37, 38, 39], "data": [0.0, 0.0, 0.0, 0.0, 0.0, 0.0, 0.0, 0.0, 0.0, 0.0, 0.0038801986934175756, 0.0, 0.0, 0.0, 0.0, 0.0021627895532292884, 0.0, 0.05676772790581609, 0.0022203527906666473, 0.0016712496008019972, 0.0, 0.06208957416613526, 0.0, 0.0, 0.0006067799992796113, 0.0, 0.0, 0.00019524083399534735, 0.0, 0.0008536553981967219, 0.0, 0.000508900115133651, 0.0, 0.0, 0.0, 0.002918330050780568, 0.0, 0.019133637989594804, 0.005715132628315604, 0.0]}