{"labels": [0, 1, 2, 3, 4, 5, 6, 7, 8, 9, 10, 11, 12, 13, 14, 15, 16, 17, 18, 19, 20, 21, 22, 23, 24, 25, 26, 27, 28, 29, 30, 31, 32, 33, 34, 35, 36, 37, 38, 39], "data": [0.0009165362107991559, 0.0, 0.01005595034840664, 0.0, 0.0, 0.00912466107457744, 0.0, 0.0, 0.0, 0.0, 0.0, 0.013075396468902012, 0.0, 0.003876865740807714, 0.0, 0.0, 0.00321818475679079, 0.0, 0.05691385866279369, 0.0010894984235747594, 0.015249934665338517, 0.02895767635337921, 0.0, 0.004575332098002443, 0.0, 0.0362980270003268, 2.274204034130084e-05, 0.0014669935650525486, 0.0, 0.0008339469922048464, 0.02353958820368269, 0.0, 0.0022953850606517116, 0.0, 0.049102206533831814, 0.0, 0.0, 0.004260887079555766, 0.0, 0.06232052442105942]}