{"labels": [0, 1, 2, 3, 4, 5, 6, 7, 8, 9, 10, 11, 12, 13, 14, 15, 16, 17, 18, 19, 20, 21, 22, 23, 24, 25, 26, 27, 28, 29, 30, 31, 32, 33, 34, 35, 36, 37, 38, 39], "data": [0.0024620197235135635, 0.0, 0.0003713220889125654, 0.00884472635517276, 0.0, 0.0, 0.01794910158750347, 0.022656029698518244, 0.0, 0.0008981171440117138, 0.0008026970883857082, 0.0, 0.0, 0.0, 0.018979017887757445, 0.0, 0.02203021276253459, 0.0, 0.01753541174905767, 0.0005306415472029857, 0.0, 0.0016387979284692847, 0.0, 0.0032752356751713087, 0.0032967457978560913, 0.00876056305977871, 0.0, 5.547608457266108e-05, 0.13152397327480503, 0.0, 0.0, 0.005336745056456517, 0.001465628160715071, 0.011386937540861038, 0.0, 0.0002309018340888892, 0.0, 0.010078924801670455, 0.0018723596501730394, 0.0]}