{"labels": [0, 1, 2, 3, 4, 5, 6, 7, 8, 9, 10, 11, 12, 13, 14, 15, 16, 17, 18, 19, 20, 21, 22, 23, 24, 25, 26, 27, 28, 29, 30, 31, 32, 33, 34, 35, 36, 37, 38, 39], "data": [0.0, 0.005973033194611838, 0.002101722111898032, 0.0, 0.0026268162259673465, 0.0, 0.024240102759410458, 3.312804577503259e-05, 0.0037304668832655796, 0.016527639823655765, 0.0013981294572961262, 0.0, 0.0, 0.0, 0.034963972144535706, 0.0, 0.0023687960524191864, 0.0, 0.0, 0.0, 0.0, 0.0, 0.0021272654419311966, 0.0, 0.0, 0.008778211502567653, 0.0, 0.04353978641719482, 0.0006793408944511546, 0.02035161339152897, 0.0, 0.0, 0.002358693151099641, 0.0, 0.027880983862943704, 0.0, 0.0, 0.0, 0.0, 0.0]}