{"labels": [0, 1, 2, 3, 4, 5, 6, 7, 8, 9, 10, 11, 12, 13, 14, 15, 16, 17, 18, 19, 20, 21, 22, 23, 24, 25, 26, 27, 28, 29, 30, 31, 32, 33, 34, 35, 36, 37, 38, 39], "data": [0.0, 0.002207169853161598, 1.574592532428439e-05, 0.0002887131642660652, 0.04482320750934734, 0.0, 0.004826311180326334, 0.0, 0.0, 0.0, 0.003167405439693219, 0.0, 0.0, 0.0, 0.0, 0.0, 0.0, 0.0076838140601102126, 0.0, 0.0, 0.0, 0.0, 0.0, 0.00745703565857639, 0.0, 0.018330309881990768, 0.0, 0.002370112006109004, 0.006065454582819678, 0.016896783559743014, 0.0, 0.0, 0.0, 0.0543894703631999, 0.00019777201283474515, 0.0, 0.0, 0.010971480614573058, 0.0, 0.0]}