{"labels": [0, 1, 2, 3, 4, 5, 6, 7, 8, 9, 10, 11, 12, 13, 14, 15, 16, 17, 18, 19, 20, 21, 22, 23, 24, 25, 26, 27, 28, 29, 30, 31, 32, 33, 34, 35, 36, 37, 38, 39], "data": [0.0, 0.0018395875437050933, 0.004202319208905018, 0.007277268770593309, 0.0, 0.06706712760420808, 0.014523825908026528, 0.0, 0.0, 0.005376587851738881, 0.021188415989305185, 0.008690655265781578, 0.0, 0.0, 0.0, 0.0, 0.0, 0.0, 0.0, 0.04735173350679934, 0.0, 0.0004814641547462637, 0.0, 0.0, 0.04447219802458159, 0.00984373353409879, 0.0, 0.0, 0.1472130631746362, 0.009488349512358338, 0.0, 0.0, 0.006034357208729489, 0.0, 0.004080812972999597, 0.0, 0.011587885198099598, 0.003216870416344553, 0.0, 0.0]}