{"labels": [0, 1, 2, 3, 4, 5, 6, 7, 8, 9, 10, 11, 12, 13, 14, 15, 16, 17, 18, 19, 20, 21, 22, 23, 24, 25, 26, 27, 28, 29, 30, 31, 32, 33, 34, 35, 36, 37, 38, 39], "data": [0.0, 0.000480468785683884, 0.0, 0.0020706796080101003, 0.0, 0.0, 0.033763306845410464, 0.0, 0.0, 0.004632519699180405, 0.0, 0.0, 0.0, 0.037728271142525575, 0.015564114880027949, 0.02348121389701588, 0.0, 0.0, 0.038288697154944644, 4.456028133022311e-05, 0.003808491571919373, 0.0, 0.001291978661430879, 0.0, 0.0, 0.011293531298764628, 0.0, 0.0, 0.0, 0.0, 0.0, 0.0, 0.0, 0.0, 0.023055857685434035, 0.0, 0.0, 0.029252517277831454, 0.001691233611130931, 0.0011112671861854746]}