{"labels": [0, 1, 2, 3, 4, 5, 6, 7, 8, 9, 10, 11, 12, 13, 14, 15, 16, 17, 18, 19, 20, 21, 22, 23, 24, 25, 26, 27, 28, 29, 30, 31, 32, 33, 34, 35, 36, 37, 38, 39], "data": [0.0, 0.0, 0.0014468430166920299, 0.012224106932853246, 0.027731899747690726, 0.0, 0.0, 0.004140816673247958, 0.0, 0.0, 0.003752429326654189, 0.0, 0.0, 0.0, 0.0, 0.02984659443160852, 0.0, 0.0, 0.010895296929621627, 0.0, 0.007976188395518556, 0.0025075509102054604, 0.0006432140588589439, 0.0, 0.006073263302275959, 0.012767583554504833, 0.05927975214556791, 0.0037097245367835427, 0.004480757896608152, 0.0, 0.0, 0.01950273680975586, 0.0, 0.0, 0.0, 0.0, 0.0, 0.0560236186321761, 0.07768043373264194, 0.0]}