{"labels": [0, 1, 2, 3, 4, 5, 6, 7, 8, 9, 10, 11, 12, 13, 14, 15, 16, 17, 18, 19, 20, 21, 22, 23, 24, 25, 26, 27, 28, 29, 30, 31, 32, 33, 34, 35, 36, 37, 38, 39], "data": [0.0, 0.0, 0.01179173607854659, 0.0, 0.0166454460586049, 0.0, 0.016651192729918496, 0.005645168090708221, 0.0, 0.010983558556101636, 0.008986345239072949, 0.0, 0.0, 0.05836795334102885, 0.005173133618735433, 0.0, 0.0011842106810754645, 0.013978980848491002, 0.003724608273857168, 0.0, 0.0, 0.015196962086438483, 0.004141866206076091, 0.0, 0.0016846630162653743, 0.0, 0.027946146904722628, 0.003051263624187514, 0.001738794740438412, 0.0, 0.0, 0.001666095174411737, 0.032502948035763604, 0.015246069263325149, 0.0, 0.0, 0.024551093517777723, 0.0, 0.0, 0.05691949171483392]}