{"labels": [0, 1, 2, 3, 4, 5, 6, 7, 8, 9, 10, 11, 12, 13, 14, 15, 16, 17, 18, 19, 20, 21, 22, 23, 24, 25, 26, 27, 28, 29, 30, 31, 32, 33, 34, 35, 36, 37, 38, 39], "data": [0.013785940689886901, 0.0, 0.0, 0.0, 0.0, 0.0, 0.013533683851787054, 0.004342756839032574, 0.10675260342175766, 0.0, 0.0, 0.0, 0.0, 0.06354928407412062, 0.0, 0.0, 0.0, 0.0, 0.0064431960252668, 0.00033728566530023384, 0.0, 0.044654311984829616, 0.0, 0.003908562964992953, 0.0, 0.0, 0.0, 0.0, 0.0, 0.0, 0.0, 0.0, 0.025032512671237562, 0.0, 0.018911136943193196, 0.0, 0.0, 0.02774540689765247, 0.017252757371421824, 0.0003865431823950074]}