{"labels": [0, 1, 2, 3, 4, 5, 6, 7, 8, 9, 10, 11, 12, 13, 14, 15, 16, 17, 18, 19, 20, 21, 22, 23, 24, 25, 26, 27, 28, 29, 30, 31, 32, 33, 34, 35, 36, 37, 38, 39], "data": [0.0005895058076054671, 0.0, 0.0, 0.0027013641501004576, 0.06665720062323487, 0.019778322929675806, 0.019212017536090652, 0.0, 0.0, 0.0, 0.01077464362493997, 0.0004579466741350897, 0.0005086872328709804, 0.0, 0.0, 0.0, 0.0, 0.0037710420230289685, 0.0026899838791591634, 0.0001709739524569386, 0.0, 0.0014375007513114646, 0.0, 0.0, 0.0, 0.0, 0.002929440582547606, 0.0016209410424002915, 0.0, 0.0, 0.0, 0.0, 0.0, 0.004219257586487129, 0.011926458402407641, 0.0, 0.002594585040685882, 0.0, 0.059441237535993334, 0.004578121388409988]}