{"labels": [0, 1, 2, 3, 4, 5, 6, 7, 8, 9, 10, 11, 12, 13, 14, 15, 16, 17, 18, 19, 20, 21, 22, 23, 24, 25, 26, 27, 28, 29, 30, 31, 32, 33, 34, 35, 36, 37, 38, 39], "data": [0.001903667298360684, 0.0, 0.0049842469157703895, 0.060116006103394404, 0.0, 0.00018749189783958601, 0.0, 0.0, 0.0, 0.026954420571089103, 0.0005503386652649413, 0.0, 0.0030664178544428677, 0.002169337848305995, 0.017605122179506875, 0.00044604575369687965, 0.0044769007363398205, 0.0, 0.002907081332253583, 0.0036069436982285813, 0.0, 0.0039479641134969445, 0.0023732071318527926, 0.0, 0.0004542407612206512, 0.039254271244124485, 0.0, 0.0, 0.0, 0.0, 0.0014018086164956551, 0.0007130608886267253, 0.0, 0.0009420786424040442, 0.002030028932917137, 0.009145067736889969, 0.007397011851561106, 0.0, 0.004624194820125247, 0.0]}