{"labels": [0, 1, 2, 3, 4, 5, 6, 7, 8, 9, 10, 11, 12, 13, 14, 15, 16, 17, 18, 19, 20, 21, 22, 23, 24, 25, 26, 27, 28, 29, 30, 31, 32, 33, 34, 35, 36, 37, 38, 39], "data": [0.0, 0.007563009872765505, 0.009298738071369007, 0.018461643072876777, 0.0, 0.0, 0.0035250035393602002, 0.0017965977517232486, 0.0, 0.07798099270167605, 0.0, 0.0, 0.0, 0.0, 0.0, 0.0, 0.031247658135923537, 0.0, 0.0, 0.0, 0.0, 0.0, 0.027152133099187955, 0.0, 0.005403301712068692, 0.0, 0.0, 0.0, 0.0, 0.008900799001164349, 0.021660758243801655, 0.03078159712775453, 0.03317587060553327, 0.0, 0.004497902456254685, 0.0, 0.015275241986965496, 0.0, 0.0, 0.0]}