{"labels": [0, 1, 2, 3, 4, 5, 6, 7, 8, 9, 10, 11, 12, 13, 14, 15, 16, 17, 18, 19, 20, 21, 22, 23, 24, 25, 26, 27, 28, 29, 30, 31, 32, 33, 34, 35, 36, 37, 38, 39], "data": [0.0, 0.0, 0.007245673984818887, 0.0, 0.0, 0.0, 0.03280399211895195, 0.0, 0.0, 0.0, 0.037160163377154325, 0.0, 0.0, 0.002450921782410376, 0.0023312935730972423, 0.0, 0.0, 0.0, 0.0036933826219175264, 0.002750092816006436, 0.0, 0.0002655113339679463, 0.004035218097340658, 0.0, 0.0, 0.0, 0.00043095164794385786, 0.0, 0.0, 0.0, 0.07387243801769051, 0.0, 0.0, 0.0, 0.00346684183402452, 0.0, 0.0, 0.03502112205603727, 0.0005740676320736464, 0.0]}