{"labels": [0, 1, 2, 3, 4, 5, 6, 7, 8, 9, 10, 11, 12, 13, 14, 15, 16, 17, 18, 19, 20, 21, 22, 23, 24, 25, 26, 27, 28, 29, 30, 31, 32, 33, 34, 35, 36, 37, 38, 39], "data": [0.0, 0.0002669564812809829, 0.0, 0.0, 0.003677794283753582, 0.0, 0.045480166000540286, 0.0, 0.008530022054160058, 0.006926002027880848, 0.0, 0.0, 0.0, 0.0, 0.0, 0.003320919711820715, 0.0, 0.0, 0.0, 0.0, 0.0, 0.0, 0.0, 0.0, 0.0, 0.015649354550068852, 0.0, 0.029308068737569998, 0.0, 0.0, 0.00032681036317418986, 0.0, 0.0018506843011316975, 5.999015514507685e-05, 0.02689109677570408, 0.0, 0.0056990058961329205, 0.046629996598638764, 0.0, 0.0]}