{"labels": [0, 1, 2, 3, 4, 5, 6, 7, 8, 9, 10, 11, 12, 13, 14, 15, 16, 17, 18, 19, 20, 21, 22, 23, 24, 25, 26, 27, 28, 29, 30, 31, 32, 33, 34, 35, 36, 37, 38, 39], "data": [0.0111527386571084, 0.0, 0.0, 0.0, 0.0, 0.0, 0.06332584888272105, 0.0, 0.0, 0.0, 0.0, 0.0, 0.0, 0.0033862482763364543, 0.0, 0.0, 0.04091767822771283, 0.0012960949822978772, 0.0, 0.00043380859692923547, 0.0, 0.0, 0.001870775082355897, 0.0, 0.0, 0.0, 4.4754921333065516e-05, 0.0, 0.003593854251487626, 0.0, 0.0015477560770961994, 0.0, 0.004805480241796707, 0.0, 0.004199203472039548, 0.0, 0.0006546921302950686, 0.043350452759650555, 0.0, 0.0]}