{"labels": [0, 1, 2, 3, 4, 5, 6, 7, 8, 9, 10, 11, 12, 13, 14, 15, 16, 17, 18, 19, 20, 21, 22, 23, 24, 25, 26, 27, 28, 29, 30, 31, 32, 33, 34, 35, 36, 37, 38, 39], "data": [0.007082139830900951, 0.0, 0.0, 0.0, 0.013637827208946837, 0.0, 0.0038157320821688425, 0.024272559274941815, 0.004183187127933758, 0.01101493458074519, 0.0, 0.0027345573981810978, 0.0, 0.018988007046820528, 0.0, 0.002677508772997399, 0.0032304197496658164, 0.024622706093472464, 0.004219826408284271, 0.022295414809080254, 0.0, 0.0017191659714898906, 0.0, 0.0, 0.0, 0.0, 0.0038966852037758053, 0.0032545316604916928, 0.0, 0.0006757109279801178, 0.03215348569747178, 0.0, 0.0, 0.0, 0.0008246755276307379, 0.01430525764505935, 0.0, 0.04354859309023656, 9.233986331508909e-05, 0.0]}