{"labels": [0, 1, 2, 3, 4, 5, 6, 7, 8, 9, 10, 11, 12, 13, 14, 15, 16, 17, 18, 19, 20, 21, 22, 23, 24, 25, 26, 27, 28, 29, 30, 31, 32, 33, 34, 35, 36, 37, 38, 39], "data": [0.0, 0.0, 0.014725448605516521, 0.0, 0.0, 0.011457205348491976, 0.02408947290897, 0.03300958283196718, 0.002144261543579436, 0.0, 0.003941924374662857, 0.007923665023128879, 0.015819560423045775, 0.0459914313586471, 0.009343124106683554, 0.0, 0.0, 0.004854756463172237, 0.03656812521127164, 0.0, 0.0, 0.0, 0.0, 0.0, 0.006115637193720166, 0.005162223708010734, 0.0037429119034457226, 0.0, 0.014174532412236079, 0.0, 0.0, 0.0, 0.0, 0.017036476449522362, 0.014845664521307643, 0.0023370080293380613, 0.006772414392700608, 0.021313861329343948, 0.004919204913866011, 0.001794878721199123]}