{"labels": [0, 1, 2, 3, 4, 5, 6, 7, 8, 9, 10, 11, 12, 13, 14, 15, 16, 17, 18, 19, 20, 21, 22, 23, 24, 25, 26, 27, 28, 29, 30, 31, 32, 33, 34, 35, 36, 37, 38, 39], "data": [0.0, 0.0, 0.0, 0.0, 0.0, 0.0, 0.0037136898321570005, 0.020940984429186085, 0.0063228440187003895, 0.0, 0.0, 0.0, 0.03986824177285102, 0.0, 0.0, 0.0016678510394420008, 0.0, 0.0, 0.0, 0.0, 0.0, 0.031507410149159205, 0.0, 0.0, 0.0, 0.02964350788416856, 0.0009739436388911077, 0.0, 0.0, 0.0, 0.0, 0.0, 0.0, 0.0, 0.01918249022145536, 0.04943387332044669, 0.0, 0.022554075221076348, 0.0, 0.04701900206913014]}