{"labels": [0, 1, 2, 3, 4, 5, 6, 7, 8, 9, 10, 11, 12, 13, 14, 15, 16, 17, 18, 19, 20, 21, 22, 23, 24, 25, 26, 27, 28, 29, 30, 31, 32, 33, 34, 35, 36, 37, 38, 39], "data": [0.0034033147746755543, 0.0010479134992562409, 0.0013567511224618829, 0.0, 0.0, 0.0, 0.030333089708671875, 0.0, 0.0016814923071695406, 0.0, 0.0, 0.0, 0.0, 0.0026537204289625166, 0.0, 0.06741887227280648, 0.0, 0.0, 0.0, 0.0031658417250792917, 0.0, 0.0, 0.0, 0.01830675763664611, 0.04384494490243091, 0.0, 0.0, 7.993323927332879e-05, 0.0, 0.0, 0.0006574874893402893, 0.0, 0.00017551657454996746, 0.0, 0.0, 0.03594800903423351, 0.0, 0.0, 0.0, 0.0]}