{"labels": [0, 1, 2, 3, 4, 5, 6, 7, 8, 9, 10, 11, 12, 13, 14, 15, 16, 17, 18, 19, 20, 21, 22, 23, 24, 25, 26, 27, 28, 29, 30, 31, 32, 33, 34, 35, 36, 37, 38, 39], "data": [0.0022701987324776785, 0.0, 0.0, 0.0, 0.0, 0.0, 0.0, 0.0, 0.0, 0.0, 0.0, 0.0, 0.0, 0.0030177908803787376, 0.0, 0.0, 0.0, 0.0, 0.028884726911896762, 0.0, 0.0, 0.0, 0.17012103141234033, 0.0, 0.05103360261547727, 0.0, 0.0, 0.0, 0.0, 0.0, 0.0020525116945480084, 0.0, 0.0, 0.0, 0.0, 0.05161544595432942, 0.0, 0.0, 0.0, 0.0]}