{"labels": [0, 1, 2, 3, 4, 5, 6, 7, 8, 9, 10, 11, 12, 13, 14, 15, 16, 17, 18, 19, 20, 21, 22, 23, 24, 25, 26, 27, 28, 29, 30, 31, 32, 33, 34, 35, 36, 37, 38, 39], "data": [0.0, 0.0, 0.0, 0.0, 0.0, 0.0, 0.01142359053827877, 0.027387751016348303, 0.0, 0.0, 0.047706411954712626, 0.0, 0.0, 0.00023470950538168249, 0.0, 0.0, 0.0023730786309627398, 0.0, 0.031715286203348445, 0.0, 0.0, 0.0, 0.0, 0.0, 0.0045510336174089455, 0.0, 0.0, 0.0033991784434875927, 0.0, 0.0, 0.02802176152656791, 0.0010566481904532112, 0.0, 0.0, 0.001113493429874434, 0.0, 0.0, 0.0058138612162729275, 0.00032567109302083624, 0.0]}