{"labels": [0, 1, 2, 3, 4, 5, 6, 7, 8, 9, 10, 11, 12, 13, 14, 15, 16, 17, 18, 19, 20, 21, 22, 23, 24, 25, 26, 27, 28, 29, 30, 31, 32, 33, 34, 35, 36, 37, 38, 39], "data": [0.0013644864351586331, 0.0, 0.046545962033539126, 0.0, 0.02715905563138329, 0.0, 0.0, 0.0007297404436426694, 0.0, 0.009096138180471872, 0.014976260999160227, 0.0, 0.0, 0.0, 0.0, 0.0, 0.003158462092739553, 0.0, 0.0, 0.06592354506706243, 0.0, 0.0, 0.0, 0.04697237444094137, 0.0019945824826801744, 0.0, 0.0, 0.02654317071128073, 0.0, 0.0, 0.0, 0.0, 0.0, 0.0, 0.04146419786039523, 0.0003494232974337658, 0.0, 0.0, 0.0, 0.0]}