{"labels": [0, 1, 2, 3, 4, 5, 6, 7, 8, 9, 10, 11, 12, 13, 14, 15, 16, 17, 18, 19, 20, 21, 22, 23, 24, 25, 26, 27, 28, 29, 30, 31, 32, 33, 34, 35, 36, 37, 38, 39], "data": [0.008786136045095833, 0.0, 0.0, 0.0, 0.023082697540704543, 0.019909957797235343, 0.010637828279940455, 0.0, 0.006872630378660184, 0.0, 0.0005107969036921093, 0.006736548465608392, 0.0, 0.0, 0.0, 0.0, 0.0, 0.007473894914434772, 0.02462398441593965, 0.0, 0.0012174924429854347, 0.0, 0.007811188615148932, 0.0, 0.0, 0.0, 0.001240211255578356, 0.0, 0.0, 0.0, 0.0, 0.0033193400433081137, 0.0023291304350422436, 0.0, 0.002945614587366869, 0.0035569427485778204, 0.0, 0.03005579201511028, 0.03497303274744183, 0.0017872164425583583]}