{"labels": [0, 1, 2, 3, 4, 5, 6, 7, 8, 9, 10, 11, 12, 13, 14, 15, 16, 17, 18, 19, 20, 21, 22, 23, 24, 25, 26, 27, 28, 29, 30, 31, 32, 33, 34, 35, 36, 37, 38, 39], "data": [0.0, 0.0, 0.0, 0.0, 0.023047096911402037, 0.0017111855207776572, 0.005646713554667918, 0.0, 0.01669409212367955, 0.0, 0.002301826490773688, 0.000823168807101695, 0.0, 0.0, 0.0, 0.0028891828900812094, 0.0, 0.0, 0.0, 0.0, 0.0, 0.0, 0.0, 0.0, 0.0, 0.0003330167456882169, 0.0027431865184955996, 0.0, 0.0, 0.0, 0.0, 0.0, 0.0001652019137463743, 0.06749304172424972, 0.0004565600551110365, 0.0, 0.0, 0.03372637712163985, 0.005219306045838556, 0.0011445044957401121]}