{"labels": [0, 1, 2, 3, 4, 5, 6, 7, 8, 9, 10, 11, 12, 13, 14, 15, 16, 17, 18, 19, 20, 21, 22, 23, 24, 25, 26, 27, 28, 29, 30, 31, 32, 33, 34, 35, 36, 37, 38, 39], "data": [0.0076576022143660175, 0.004024061807209949, 0.00411312074604816, 0.01014505875156855, 0.007560950992913287, 6.881810468463885e-05, 0.017980832948591156, 0.0, 0.002980835972007844, 0.011351426965432763, 0.0, 0.0019124191057050698, 0.0, 0.010216338087943552, 0.0, 0.0, 0.020969395014860233, 0.008929363157175832, 0.0, 0.0, 0.0018276849095899958, 0.0038854580991379553, 0.0, 0.011839537712382034, 0.0008126880808523752, 0.01124142292957782, 0.013003303798671763, 0.01381191503384237, 0.0075958579083072655, 0.00010701765558702603, 0.007546674163677544, 0.008436426425684146, 0.0, 0.011308726921532038, 0.012638353422722544, 0.0, 0.006045962828437018, 0.02696951224124493, 0.002425894494207108, 0.0]}