{"labels": [0, 1, 2, 3, 4, 5, 6, 7, 8, 9, 10, 11, 12, 13, 14, 15, 16, 17, 18, 19, 20, 21, 22, 23, 24, 25, 26, 27, 28, 29, 30, 31, 32, 33, 34, 35, 36, 37, 38, 39], "data": [0.009583369032291723, 0.0, 0.027683369180582753, 0.017070189865819475, 0.014113869850688847, 0.0, 0.0, 0.0, 0.002454375789261968, 0.03368366952986348, 0.007945142064936517, 0.0, 0.01563341522511073, 0.0, 0.009594006526356093, 0.0, 0.0016359794855962482, 0.004937031035304366, 0.01722218804244236, 0.0036989387321079343, 0.002936745323138339, 0.0, 0.002161729330078859, 0.03562705178600134, 0.00047633571602269257, 0.021104362156428746, 0.02467265748392491, 0.0015986285326178842, 0.006521036000867759, 0.0, 0.007690999458963602, 0.0045838553203127715, 0.0, 0.008089274596545475, 0.004173712067433785, 0.010626674136361088, 0.0, 0.01885082420434304, 0.012967283530805245, 0.0]}