{"labels": [0, 1, 2, 3, 4, 5, 6, 7, 8, 9, 10, 11, 12, 13, 14, 15, 16, 17, 18, 19, 20, 21, 22, 23, 24, 25, 26, 27, 28, 29, 30, 31, 32, 33, 34, 35, 36, 37, 38, 39], "data": [0.0, 0.0, 0.0, 0.04280574131601897, 0.014399290600237338, 0.0, 0.0, 0.03646115499442753, 0.0, 0.0, 0.018639305492175504, 0.0, 0.02709606240538296, 0.0, 0.01300294694125402, 0.0, 0.001115035924485347, 0.011567731446906794, 0.011228150106828176, 0.014957494996249267, 0.0, 0.0, 0.0, 0.0, 0.001208781271705013, 0.03834732795732932, 0.0, 0.03667124260824948, 0.13611150583325723, 0.0, 0.03926182504113676, 0.0, 0.0, 0.0, 0.014859463192636462, 0.0, 0.0, 0.024176843454966453, 0.0, 0.021870778799523715]}