{"labels": [0, 1, 2, 3, 4, 5, 6, 7, 8, 9, 10, 11, 12, 13, 14, 15, 16, 17, 18, 19, 20, 21, 22, 23, 24, 25, 26, 27, 28, 29, 30, 31, 32, 33, 34, 35, 36, 37, 38, 39], "data": [0.0, 0.0, 0.00040437497812491634, 0.04458742284242294, 0.02156343947091707, 0.0020722188304000363, 0.0002184898220600068, 0.0, 0.0, 0.0, 0.002311808516785078, 0.0010052682336217644, 0.0, 0.0, 0.002551181639509383, 0.0, 0.0, 0.0012901040109409843, 0.026935536821108864, 0.0, 0.00012984157697567503, 0.0, 0.0, 0.0, 0.03071235234593314, 0.031224199963547243, 0.0, 0.0, 0.0, 0.0, 0.0, 9.85467027984876e-05, 0.042265135439469206, 0.0013242036316807098, 0.01077063491924291, 0.0, 0.004656964776293795, 0.017114555791829567, 0.0, 0.002900413945653162]}