{"labels": [0, 1, 2, 3, 4, 5, 6, 7, 8, 9, 10, 11, 12, 13, 14, 15, 16, 17, 18, 19, 20, 21, 22, 23, 24, 25, 26, 27, 28, 29, 30, 31, 32, 33, 34, 35, 36, 37, 38, 39], "data": [0.0, 0.0040088269818683376, 0.0019064181182446513, 0.0, 0.0010266641003090135, 0.0, 0.02792189446969696, 0.019775630168749465, 0.0, 0.0, 0.0, 0.0, 0.0, 0.0, 0.00047147915324195365, 0.0, 0.0, 0.0, 0.004299972225751349, 0.0, 0.0, 0.04641370341455631, 0.0, 0.0, 0.0, 0.0036086498065836183, 0.005002792413047881, 0.02340212333269361, 0.0, 0.0, 0.0, 0.0, 0.0015039197440914118, 0.002043802802417139, 0.003762405183586677, 0.0, 0.0, 0.023432223372362043, 0.05190371322998259, 0.008078668920235628]}