{"labels": [0, 1, 2, 3, 4, 5, 6, 7, 8, 9, 10, 11, 12, 13, 14, 15, 16, 17, 18, 19, 20, 21, 22, 23, 24, 25, 26, 27, 28, 29, 30, 31, 32, 33, 34, 35, 36, 37, 38, 39], "data": [0.007241606260283467, 0.000828689123543604, 0.0, 0.0, 0.0, 0.015417187766334443, 0.01366380136341805, 0.0, 0.0, 0.017118765703612673, 0.0, 0.001282373758105256, 0.0, 0.012577114187997859, 0.005103349711618699, 0.0, 0.0, 0.0, 0.0, 0.035710130179991154, 0.018159398231677375, 0.0, 0.0046205554894948936, 0.06610571812902057, 0.0010259498812978042, 0.04364131254604251, 0.0018253975981430517, 0.010174959243137934, 0.0, 0.0, 0.009739506946137145, 0.0, 0.023756999179792647, 0.0, 0.0, 0.0, 0.0, 0.0, 0.04942853471462691, 0.018056071566367418]}