{"labels": [0, 1, 2, 3, 4, 5, 6, 7, 8, 9, 10, 11, 12, 13, 14, 15, 16, 17, 18, 19, 20, 21, 22, 23, 24, 25, 26, 27, 28, 29, 30, 31, 32, 33, 34, 35, 36, 37, 38, 39], "data": [0.0, 0.0, 0.032479195526340654, 0.0, 0.0, 0.0, 0.018529733462513836, 0.0, 0.03805410568549507, 0.0, 0.01574700490096843, 0.0049228785053765335, 0.0, 0.0, 0.0, 0.001465421958210292, 0.0, 0.0, 0.0, 0.0, 0.0, 0.0, 0.0, 0.0006135068937431062, 0.0, 0.0, 0.05150619135805086, 0.0001385533787968562, 0.0, 0.017911099729076112, 0.0, 0.004506230954788827, 0.0015809015362987032, 0.004163015020354392, 0.0, 0.0540675798262956, 0.00041967337183138775, 0.005816002824190663, 0.0, 0.0]}