{"labels": [0, 1, 2, 3, 4, 5, 6, 7, 8, 9, 10, 11, 12, 13, 14, 15, 16, 17, 18, 19, 20, 21, 22, 23, 24, 25, 26, 27, 28, 29, 30, 31, 32, 33, 34, 35, 36, 37, 38, 39], "data": [0.0, 0.0, 0.0037919937732409092, 0.0, 0.00801949683250231, 0.0, 0.0, 0.08333633729319707, 0.0, 0.0, 0.044526136543514644, 0.0, 0.0, 0.0035236048578181386, 0.009468100739378621, 0.0014981403838124957, 0.0022456301693826787, 0.0, 0.0, 0.0, 0.0, 0.0, 0.0, 0.001369564167281138, 0.025508768347647863, 0.0, 0.0, 0.0, 0.005838626973002742, 0.0, 0.0, 0.0, 0.0, 0.0, 0.012141825447251437, 0.0, 0.0, 0.005219523356312549, 0.0, 0.0026510201386137676]}