{"labels": [0, 1, 2, 3, 4, 5, 6, 7, 8, 9, 10, 11, 12, 13, 14, 15, 16, 17, 18, 19, 20, 21, 22, 23, 24, 25, 26, 27, 28, 29, 30, 31, 32, 33, 34, 35, 36, 37, 38, 39], "data": [0.06171040089852816, 0.0, 0.004479943211667548, 0.0031573638911275587, 0.03468313477601506, 0.0, 0.014166102173380294, 0.0, 0.0, 0.0009585335528970614, 0.013073272170795801, 0.0, 0.0, 0.0, 0.0, 0.0, 0.016325868652234173, 0.0, 0.003918791634379358, 0.0, 0.0, 0.0, 0.0, 0.014635720713209566, 0.00042897245115927174, 0.0, 0.00026371510154101245, 0.0, 0.0, 0.0, 0.0009355262120553792, 0.0, 0.021946464198955407, 0.007326340801952304, 0.0, 0.0, 0.0, 0.0, 0.0, 0.0]}