{"labels": [0, 1, 2, 3, 4, 5, 6, 7, 8, 9, 10, 11, 12, 13, 14, 15, 16, 17, 18, 19, 20, 21, 22, 23, 24, 25, 26, 27, 28, 29, 30, 31, 32, 33, 34, 35, 36, 37, 38, 39], "data": [0.009906582690893024, 0.0, 0.0, 0.0, 0.002313816447935815, 0.0007119831842398242, 0.02893366752567941, 0.021910886428476835, 0.0, 0.0, 0.0, 0.00025644793306393317, 0.0, 0.0, 0.0025822881930593258, 0.0, 0.00810661228954069, 0.007824565046822494, 0.030395155055428193, 0.00060783648318399, 0.0, 0.0005855017044670922, 0.0, 0.0, 0.0, 0.00463986905329122, 0.00038748041573498273, 0.0003308166828500705, 0.0, 0.0, 0.0, 0.0007447107612145377, 0.0, 0.0, 0.0, 0.032177573536575015, 0.0, 0.008284691868994658, 0.014366539893125528, 0.0]}