{"labels": [0, 1, 2, 3, 4, 5, 6, 7, 8, 9, 10, 11, 12, 13, 14, 15, 16, 17, 18, 19, 20, 21, 22, 23, 24, 25, 26, 27, 28, 29, 30, 31, 32, 33, 34, 35, 36, 37, 38, 39], "data": [0.0018776753896349787, 0.0, 0.0033489226328685647, 0.0581691161591084, 0.0, 0.014238105355044576, 0.014731691053064582, 0.0, 0.0, 0.006610270833371052, 0.0, 0.0, 0.0, 0.0, 0.012453974650676084, 0.0015544532523386338, 0.06336675412494704, 0.030567915953859826, 0.000358294713906573, 0.0, 0.0, 0.0017729975844900836, 0.05289525281942923, 0.0, 0.0, 0.0, 0.009890604761505791, 0.0, 0.05352052959807313, 0.0, 0.002021504437063459, 0.07375360372545228, 0.025850230835963245, 0.004253375246918082, 0.011699421707905711, 0.0, 0.0, 0.015317859088122311, 0.002752664707916575, 0.0]}