{"labels": [0, 1, 2, 3, 4, 5, 6, 7, 8, 9, 10, 11, 12, 13, 14, 15, 16, 17, 18, 19, 20, 21, 22, 23, 24, 25, 26, 27, 28, 29, 30, 31, 32, 33, 34, 35, 36, 37, 38, 39], "data": [0.012109535417026827, 0.0, 0.0, 0.04702634411669529, 0.0, 0.0, 0.0, 0.0, 0.011971426097378184, 0.0, 0.005623586355266811, 0.0, 0.01237775214955648, 0.014347722341881732, 0.0, 0.0012453290839875286, 0.041638716162696106, 0.0, 0.0, 0.0, 0.0, 0.0, 0.0, 0.0, 0.0, 0.00041274665155458076, 0.07656719658988718, 6.686923522232387e-06, 0.002931340111260463, 0.007079803828430573, 0.0, 0.0, 0.0, 0.016534077244176902, 0.02819352610790913, 0.0, 0.0, 0.004251073006529069, 0.020186441769988992, 0.0019004535233380043]}