{"labels": [0, 1, 2, 3, 4, 5, 6, 7, 8, 9, 10, 11, 12, 13, 14, 15, 16, 17, 18, 19, 20, 21, 22, 23, 24, 25, 26, 27, 28, 29, 30, 31, 32, 33, 34, 35, 36, 37, 38, 39], "data": [0.004803520984529135, 0.01405325940050948, 0.0017616559909365203, 0.0, 0.0, 0.0, 0.02265886837876204, 0.0, 0.0, 0.03420634566960525, 0.0, 0.0006359800457127258, 0.0, 0.0, 0.0, 0.0, 0.00017092973721079111, 0.002967303506819615, 0.0015828744705960874, 0.00020754103155470936, 0.0, 0.0, 0.0043114518318407135, 0.01279937223791823, 0.00013588112966650954, 0.0, 0.0, 0.0, 0.0, 0.0, 0.007793564001447107, 0.0, 0.0010120370179035139, 0.00685532425108045, 0.0, 0.0, 0.004347000260691445, 0.0, 0.0048780552717223695, 0.0]}