{"labels": [0, 1, 2, 3, 4, 5, 6, 7, 8, 9, 10, 11, 12, 13, 14, 15, 16, 17, 18, 19, 20, 21, 22, 23, 24, 25, 26, 27, 28, 29, 30, 31, 32, 33, 34, 35, 36, 37, 38, 39], "data": [0.0033250762303741075, 0.03659711682014395, 0.03712790697847772, 0.0016755722394332555, 0.0, 0.006605770982890915, 0.005469795538663711, 0.0, 0.0, 0.0, 0.0007000259991364947, 0.0, 0.0, 0.0, 0.004382731166335787, 0.0, 0.000938618913800738, 0.0, 0.006756422872237905, 0.0021066813446536355, 0.0, 0.0, 0.0, 0.0, 0.00183350105118641, 0.0, 0.05894413107665922, 0.038952647767794245, 0.005817852533850055, 0.004107574459753527, 0.0, 0.0, 0.07005008591519851, 0.0034287638169767844, 0.0, 0.012347388731907558, 0.03730629519387064, 0.003790219907560947, 0.0006569886869297239, 0.0017243211293458522]}