{"labels": [0, 1, 2, 3, 4, 5, 6, 7, 8, 9, 10, 11, 12, 13, 14, 15, 16, 17, 18, 19, 20, 21, 22, 23, 24, 25, 26, 27, 28, 29, 30, 31, 32, 33, 34, 35, 36, 37, 38, 39], "data": [0.12462887673040944, 0.011233502087269028, 0.06505794564248207, 0.0, 0.005585552772469812, 0.0, 0.0, 0.003664141068079627, 0.007137281051342995, 0.11479885941706292, 0.0, 0.0023701905772796905, 0.0, 0.0, 0.0022365771703753475, 0.0, 0.03786536424739968, 0.0, 0.047381026922537484, 0.0, 0.0, 0.0, 0.003965883964441142, 0.0, 0.0, 0.0, 0.0, 0.08556917613360782, 0.0, 0.0, 0.0, 0.0, 0.0, 0.0, 0.15971524377627155, 0.0, 0.0, 0.06853863430546851, 0.0, 0.0]}