{"labels": [0, 1, 2, 3, 4, 5, 6, 7, 8, 9, 10, 11, 12, 13, 14, 15, 16, 17, 18, 19, 20, 21, 22, 23, 24, 25, 26, 27, 28, 29, 30, 31, 32, 33, 34, 35, 36, 37, 38, 39], "data": [0.0, 0.004252445471620064, 0.0, 0.0, 0.03578048967261689, 0.012391019328169498, 0.0, 0.0, 0.0, 0.0, 0.0011636773708399457, 0.0, 0.061378092527331125, 0.0, 0.00259121029314433, 0.0, 0.08434891188195008, 0.0, 0.0, 0.0, 0.0, 0.03485864429407968, 0.0, 0.0, 0.04928690067323464, 0.0, 0.0, 0.00121952641590316, 0.0, 0.0, 0.0, 0.0, 0.0014836110248620576, 0.0, 0.0, 0.0, 0.0, 0.0, 0.04222285060925781, 0.0032340977632640848]}