{"labels": [0, 1, 2, 3, 4, 5, 6, 7, 8, 9, 10, 11, 12, 13, 14, 15, 16, 17, 18, 19, 20, 21, 22, 23, 24, 25, 26, 27, 28, 29, 30, 31, 32, 33, 34, 35, 36, 37, 38, 39], "data": [0.015177100127118173, 0.0, 0.0015452161926281145, 0.0, 0.0051695123728118155, 0.024612474307338466, 0.018330495557701543, 0.0, 0.0015975615636498479, 0.009975327977488707, 0.003923914932489445, 0.007934637385335092, 0.0, 0.0, 0.0, 0.0, 0.0, 0.01357618203862026, 0.0, 0.0011466547605834929, 0.008951115468940556, 0.0, 0.0015176791353644773, 0.051078391225572645, 0.001311293773924745, 0.0, 0.0, 0.031315808602687026, 0.0, 0.0, 0.0027212870657915386, 0.0, 0.0, 0.010637024832468638, 0.00029373396239987514, 0.0, 0.0, 0.0, 0.0, 0.0005014726209095626]}