{"labels": [0, 1, 2, 3, 4, 5, 6, 7, 8, 9, 10, 11, 12, 13, 14, 15, 16, 17, 18, 19, 20, 21, 22, 23, 24, 25, 26, 27, 28, 29, 30, 31, 32, 33, 34, 35, 36, 37, 38, 39], "data": [0.0005572579854279385, 0.00613181943961045, 0.0, 0.0, 0.0, 0.0, 0.017416843841586656, 0.0, 0.0, 0.015053331123998436, 0.0018935554942088692, 0.0, 0.0, 0.00022783648476086625, 0.0022520801207558828, 0.0, 0.000893951747311754, 0.0, 0.0, 0.0003126153589665916, 0.0, 0.0, 0.0, 0.013849990993336175, 0.00024004742709739292, 0.030177689153856158, 0.0, 0.0, 0.0, 0.0, 0.0, 0.0002746223109906788, 5.690863623158483e-06, 0.0, 0.00423810583138904, 0.008466494827712268, 0.0, 0.03754165297733982, 0.0, 0.0023570131490016706]}