{"labels": [0, 1, 2, 3, 4, 5, 6, 7, 8, 9, 10, 11, 12, 13, 14, 15, 16, 17, 18, 19, 20, 21, 22, 23, 24, 25, 26, 27, 28, 29, 30, 31, 32, 33, 34, 35, 36, 37, 38, 39], "data": [0.0, 0.028959010489730538, 0.0, 0.0, 0.009167120413238887, 0.05630353074487432, 0.009260327136743853, 0.04510028647633547, 0.002493551942868658, 0.05253177479497739, 0.0, 0.0, 0.005024507452037434, 0.0, 0.004562262322693655, 0.0, 0.0, 9.671250498749196e-05, 0.0, 0.02649912862959823, 0.0, 0.007468243997967324, 0.007414631618773089, 0.006626672921023259, 0.0, 0.0, 0.0, 0.01570639047209344, 0.0, 0.0, 0.00434799332700401, 0.0, 0.0, 0.0, 0.0, 0.026962139866357468, 0.0006756857655326984, 0.0, 0.0, 0.0]}