{"labels": [0, 1, 2, 3, 4, 5, 6, 7, 8, 9, 10, 11, 12, 13, 14, 15, 16, 17, 18, 19, 20, 21, 22, 23, 24, 25, 26, 27, 28, 29, 30, 31, 32, 33, 34, 35, 36, 37, 38, 39], "data": [0.0, 0.0, 0.0, 0.0, 0.0, 0.11220498701031677, 0.03622825207129169, 0.0, 0.034585323897710185, 0.0037116326674423985, 0.0030696674426044872, 0.06821362677836813, 0.0, 0.0, 0.0, 0.0, 0.045409308440839374, 0.0, 0.0, 0.0, 0.0, 0.0, 0.0, 0.0, 0.015505012778424553, 0.0, 0.004058389919505428, 0.0, 0.0031989405012225747, 0.0, 0.0, 0.0, 0.0, 0.007517979890725567, 0.0, 0.0, 0.0, 0.0, 0.0, 0.0009217730816470699]}