{"labels": [0, 1, 2, 3, 4, 5, 6, 7, 8, 9, 10, 11, 12, 13, 14, 15, 16, 17, 18, 19, 20, 21, 22, 23, 24, 25, 26, 27, 28, 29, 30, 31, 32, 33, 34, 35, 36, 37, 38, 39], "data": [0.00278459521511508, 0.004975181425436279, 0.005430915490056621, 0.0, 0.006153127943915424, 0.0, 0.002397184692064799, 0.0, 0.0, 0.02022321170716845, 0.0, 0.0009810626956563056, 0.0, 0.004066899375634031, 0.0, 7.739940765544172e-05, 0.0, 0.0, 0.0, 0.0, 0.006600414360792005, 0.009153991973246916, 0.002643721247924206, 0.0, 0.005366228279238218, 0.009573116200422449, 0.0, 0.0, 0.004084717936029354, 0.0, 0.0, 0.0022584120435384667, 0.0, 0.0, 0.0018943954184227822, 0.0, 0.002301103618853093, 0.0015878658787088801, 0.00793744484536647, 0.0]}