{"labels": [0, 1, 2, 3, 4, 5, 6, 7, 8, 9, 10, 11, 12, 13, 14, 15, 16, 17, 18, 19, 20, 21, 22, 23, 24, 25, 26, 27, 28, 29, 30, 31, 32, 33, 34, 35, 36, 37, 38, 39], "data": [0.0, 0.000993364533136262, 0.0015703631774561578, 0.0, 0.002235158691198876, 0.0, 0.035544144701163766, 0.0008209826746925958, 0.006488387117988531, 0.0023363209077139624, 0.0, 0.0, 0.0, 3.3401060856992413e-06, 0.0, 0.0, 0.0025411646535587373, 0.0, 0.0, 0.0, 0.0, 0.0, 0.0, 0.0, 0.0005135506786394972, 0.0, 0.0, 0.0004232678416690898, 0.0, 0.0, 0.0, 0.0, 0.0, 0.0, 0.039425958639114016, 0.0, 0.0, 0.0, 0.0, 0.0]}