{"labels": [0, 1, 2, 3, 4, 5, 6, 7, 8, 9, 10, 11, 12, 13, 14, 15, 16, 17, 18, 19, 20, 21, 22, 23, 24, 25, 26, 27, 28, 29, 30, 31, 32, 33, 34, 35, 36, 37, 38, 39], "data": [0.0, 0.08433335769946688, 0.04024636535479062, 0.016738184605451418, 0.0, 0.005213951912826342, 0.0, 0.0, 0.0, 0.0, 0.0, 0.0019004964840830414, 0.0, 0.0, 0.0, 0.00017362117675009868, 0.0, 0.0, 0.0, 0.0, 0.0, 0.0, 0.0, 0.0024268595512437208, 0.010889479213285673, 0.001296175618218896, 0.0, 0.03335039930040611, 0.0, 0.0, 0.0, 0.0, 0.0035607570603159635, 0.0, 0.0, 0.0, 0.07763985787026668, 0.0, 0.0, 0.0]}