{"labels": [0, 1, 2, 3, 4, 5, 6, 7, 8, 9, 10, 11, 12, 13, 14, 15, 16, 17, 18, 19, 20, 21, 22, 23, 24, 25, 26, 27, 28, 29, 30, 31, 32, 33, 34, 35, 36, 37, 38, 39], "data": [0.0, 0.0010157784439714496, 0.002741414008776787, 0.0, 0.0, 0.016436478057245615, 0.03260467564472082, 0.0, 0.00013920229917986786, 0.002407248386757347, 0.0005115244774513509, 0.0, 0.0, 0.05500338285923255, 0.0026673356130857795, 0.0, 0.0, 0.0, 0.03593965727567583, 0.0020534999648561467, 0.0, 0.0, 0.005165514917612463, 0.027895831017625546, 0.01887006141465667, 0.0, 0.0, 0.0, 0.0, 0.01928512063671615, 0.0, 0.0, 0.0, 0.021513158793679633, 0.0, 0.0, 0.0, 0.0, 0.0, 0.0]}