{"labels": [0, 1, 2, 3, 4, 5, 6, 7, 8, 9, 10, 11, 12, 13, 14, 15, 16, 17, 18, 19, 20, 21, 22, 23, 24, 25, 26, 27, 28, 29, 30, 31, 32, 33, 34, 35, 36, 37, 38, 39], "data": [0.0, 0.0005381861292679588, 0.0, 0.06487322810336221, 0.0, 0.0, 0.0, 0.0, 0.0, 0.001932989080991093, 1.4883967911432391e-05, 8.644787798085654e-05, 0.009719349132255153, 0.0, 0.003575928197757834, 0.0, 0.0, 0.034119965440037765, 0.002774229343050846, 0.0025618744842453847, 0.01236381889784848, 0.0, 0.0050827890934401114, 0.0, 0.0, 0.015183747476526248, 0.0038294929619778558, 0.03489175198469968, 0.0, 0.0, 0.0, 0.0, 0.0011482590404760218, 0.0, 0.0076433810574202555, 0.005115977089981222, 0.011379205395540474, 0.0010433568316865684, 0.0, 0.0]}