{"labels": [0, 1, 2, 3, 4, 5, 6, 7, 8, 9, 10, 11, 12, 13, 14, 15, 16, 17, 18, 19, 20, 21, 22, 23, 24, 25, 26, 27, 28, 29, 30, 31, 32, 33, 34, 35, 36, 37, 38, 39], "data": [0.0, 0.0, 0.0, 0.0, 0.0, 0.0, 0.0009298321834223073, 0.0, 2.1520907501862015e-05, 0.05493358757249554, 0.0, 0.0, 0.0, 0.005817300866083149, 0.0, 0.0, 0.0, 0.05129794236815116, 0.0, 0.00598702789885848, 0.012101321179341989, 0.0, 0.11995238155181916, 0.002527157693257027, 0.035763413699399914, 0.0, 0.0, 0.0, 0.0, 0.0, 0.0, 0.0, 0.0, 0.024500436192582027, 0.0, 0.0, 0.0, 0.0, 0.003640702891092052, 0.0]}