{"labels": [0, 1, 2, 3, 4, 5, 6, 7, 8, 9, 10, 11, 12, 13, 14, 15, 16, 17, 18, 19, 20, 21, 22, 23, 24, 25, 26, 27, 28, 29, 30, 31, 32, 33, 34, 35, 36, 37, 38, 39], "data": [0.0, 0.0699773165344449, 0.0018748264424855074, 4.739637992639952e-05, 0.0, 0.0, 0.0, 0.0, 0.0, 0.0, 0.0, 0.0, 0.010744833797497414, 0.0, 0.0, 0.0, 0.0, 0.001730523201408935, 0.0, 0.00041701073941752313, 0.0, 0.0, 0.0, 0.0, 0.0028848922126123015, 0.0, 0.0, 0.0, 0.010950469530137683, 0.0, 0.012142476018222628, 0.003101908714446355, 0.0, 0.017428794772025483, 0.015737401749835934, 0.0, 0.0765783381623152, 0.0, 0.0, 0.0]}