{"labels": [0, 1, 2, 3, 4, 5, 6, 7, 8, 9, 10, 11, 12, 13, 14, 15, 16, 17, 18, 19, 20, 21, 22, 23, 24, 25, 26, 27, 28, 29, 30, 31, 32, 33, 34, 35, 36, 37, 38, 39], "data": [0.019991164348453633, 0.00035456570861170056, 0.002636915764214295, 0.035950033516187356, 0.005042196293948943, 0.01940933367898612, 0.006123338086050534, 0.0, 0.0, 0.013164808406147392, 0.0, 0.0, 0.03882342045439886, 0.002981073577833566, 0.0, 0.0, 0.0197395977957216, 0.02353117981172482, 0.0, 0.0, 0.0, 0.0010413090750309528, 0.0, 0.006648301359060943, 0.004971869759425441, 0.01531199757696881, 0.0, 0.010948118773590023, 0.0, 0.004760076258842093, 0.002357380281999499, 0.0024862002747038686, 0.0, 0.02151151676558423, 0.026287638150380703, 0.0, 0.0, 0.006478002546375538, 0.020468762090109862, 0.023625045688661455]}