{"labels": [0, 1, 2, 3, 4, 5, 6, 7, 8, 9, 10, 11, 12, 13, 14, 15, 16, 17, 18, 19, 20, 21, 22, 23, 24, 25, 26, 27, 28, 29, 30, 31, 32, 33, 34, 35, 36, 37, 38, 39], "data": [0.0, 0.0, 0.0001378883207326442, 0.023090558037274243, 0.02058614507392608, 0.0, 0.0060931722029095026, 0.0008192084431682911, 0.0011851912626100632, 0.01273742833433817, 0.001224331449949068, 0.0, 0.0015731725126602212, 0.006919784463024697, 0.0, 0.0, 0.0, 0.008896326723607845, 0.0, 0.0016891044004328341, 0.001874417280760929, 0.006324378042733834, 0.0002230912725894039, 0.007834560786805285, 0.0, 0.0401527552006478, 0.0311253565712929, 0.0, 0.0, 0.10534035254642463, 0.023867685871072387, 0.05192783008132032, 0.0, 0.0, 0.006357081016627355, 0.012488952175162106, 0.006281029781993799, 0.03128432548370182, 0.0045347054877702825, 0.030639085237940844]}