{"labels": [0, 1, 2, 3, 4, 5, 6, 7, 8, 9, 10, 11, 12, 13, 14, 15, 16, 17, 18, 19, 20, 21, 22, 23, 24, 25, 26, 27, 28, 29, 30, 31, 32, 33, 34, 35, 36, 37, 38, 39], "data": [0.0020063347166915644, 0.013109509964064918, 0.026058205359451223, 0.0006121309827772353, 0.0023319292315571094, 0.0, 0.018230987305042648, 0.0, 0.0015780988473814914, 0.0, 0.005235414908071518, 0.0, 0.0, 0.0, 0.0, 0.0024999730740535896, 0.0, 0.0008415755310767326, 0.0035657497738360955, 0.0, 0.007565945458404738, 0.0, 0.0, 0.0, 0.0, 0.022467383592345517, 0.0549049963755649, 0.0020829302009778743, 0.0, 0.0, 0.015203197630445585, 0.0, 0.0024763255485255897, 0.012565041500193472, 0.0010551145826656965, 0.00027407365805093, 0.0034332753333813984, 0.009178167497297829, 0.007005451077048875, 0.0]}