{"labels": [0, 1, 2, 3, 4, 5, 6, 7, 8, 9, 10, 11, 12, 13, 14, 15, 16, 17, 18, 19, 20, 21, 22, 23, 24, 25, 26, 27, 28, 29, 30, 31, 32, 33, 34, 35, 36, 37, 38, 39], "data": [0.0, 0.013161579838684592, 0.0022182748152333996, 0.0, 0.004872850420483909, 0.0, 0.01451348429203808, 0.03446882306458553, 0.0, 0.0, 0.01495446261284598, 0.0, 0.0015161815662125817, 0.00027174957419604, 0.0, 0.0, 0.00010138528186834617, 0.0003902580397296666, 0.002991016020281341, 0.0, 0.0, 0.0, 0.006356962403207085, 0.0008195998164896826, 0.007377093591748077, 0.0, 0.005329126848767296, 0.0, 0.00529225237114895, 0.012373101645374324, 0.016585237491849206, 0.0, 9.164406130703901e-05, 0.0, 0.0, 0.08430197314071408, 0.0, 0.0, 0.0, 0.0]}