{"labels": [0, 1, 2, 3, 4, 5, 6, 7, 8, 9, 10, 11, 12, 13, 14, 15, 16, 17, 18, 19, 20, 21, 22, 23, 24, 25, 26, 27, 28, 29, 30, 31, 32, 33, 34, 35, 36, 37, 38, 39], "data": [0.0, 0.007446539730272527, 0.0, 0.0, 0.03295917271705472, 0.0, 0.0, 0.0, 0.0027469149450965926, 0.015830007883853064, 0.015038827624766287, 0.0, 0.0, 0.07582885617418292, 0.0, 0.0, 0.0, 0.0, 0.0, 0.0, 0.0028553015306926758, 0.0012701308308693034, 0.0, 0.09716021403940156, 0.0, 0.006338718937162837, 0.0, 0.0, 0.0, 0.017110220184834418, 0.0005874356886052588, 0.0, 0.0, 0.0, 0.0, 0.0, 0.0, 0.01597979501129524, 0.0, 0.0006739636510879421]}