{"labels": [0, 1, 2, 3, 4, 5, 6, 7, 8, 9, 10, 11, 12, 13, 14, 15, 16, 17, 18, 19, 20, 21, 22, 23, 24, 25, 26, 27, 28, 29, 30, 31, 32, 33, 34, 35, 36, 37, 38, 39], "data": [0.0, 0.0, 0.003596786401583129, 0.0, 0.0, 0.0, 0.0014594773291532366, 0.0, 0.0, 0.03357902530094312, 0.0065127672681650805, 0.0, 0.002468629487419014, 0.003557962409662135, 0.0, 0.0, 0.0, 0.0, 0.0, 0.08252332793516143, 0.0, 0.0, 0.003475766822505266, 0.0, 0.027272984332118964, 0.003922838783700961, 5.358164864868056e-05, 0.04987099306696685, 0.0, 0.009206660130728406, 0.0, 0.00032851487299221413, 0.0, 0.0, 0.0, 0.0, 0.0, 0.0, 0.0, 0.0]}