{"labels": [0, 1, 2, 3, 4, 5, 6, 7, 8, 9, 10, 11, 12, 13, 14, 15, 16, 17, 18, 19, 20, 21, 22, 23, 24, 25, 26, 27, 28, 29, 30, 31, 32, 33, 34, 35, 36, 37, 38, 39], "data": [0.0, 0.003838030252737122, 0.025526549223085917, 0.02405938242621309, 0.001652663517004775, 0.0, 0.016981294016467266, 0.019141293675167263, 0.0, 0.005698920652631388, 0.0, 0.0, 0.009000008823560205, 0.0, 0.014210303698747165, 0.0, 0.0, 0.013992004970013894, 0.0, 0.0, 0.0, 0.0, 0.055333980434223703, 0.0, 0.0027245263994863053, 0.0047533791943262385, 0.0, 0.0014105514795846204, 0.0009388614898386559, 0.0, 0.04052609990931575, 0.0, 0.0, 0.0, 0.0, 0.0, 0.004810136831220642, 0.0030574053810311346, 0.0, 0.0]}