{"labels": [0, 1, 2, 3, 4, 5, 6, 7, 8, 9, 10, 11, 12, 13, 14, 15, 16, 17, 18, 19, 20, 21, 22, 23, 24, 25, 26, 27, 28, 29, 30, 31, 32, 33, 34, 35, 36, 37, 38, 39], "data": [0.0, 0.002030048972283093, 0.0, 0.0, 0.0, 0.0, 0.011527402191471612, 0.0, 0.012629585138882569, 0.0, 0.016379433730415085, 0.0017463592056982276, 0.031138988248169745, 0.0003744643513585497, 0.0, 0.0057753669934812995, 0.0, 0.00012367876088984725, 0.0, 0.0, 0.010605066975023609, 0.0, 0.0, 0.0, 0.0, 0.005156233940535373, 0.0, 0.0, 0.0, 0.017786496624356683, 0.0, 0.0, 0.0, 0.0, 0.0, 0.0, 0.0022710931049474943, 0.003850163634881295, 0.016909621858935898, 0.0]}