{"labels": [0, 1, 2, 3, 4, 5, 6, 7, 8, 9, 10, 11, 12, 13, 14, 15, 16, 17, 18, 19, 20, 21, 22, 23, 24, 25, 26, 27, 28, 29, 30, 31, 32, 33, 34, 35, 36, 37, 38, 39], "data": [0.005959501739085026, 0.004176922346251499, 0.045671493413271466, 0.0, 0.007029362119244813, 0.0, 0.0, 0.008705011129128738, 0.0, 5.468148229415608e-05, 0.007790232756978776, 0.0, 0.0, 0.0, 0.020353375920962678, 0.0, 0.0, 0.012030067601277807, 0.0407497816863141, 0.0, 0.0, 0.016372689446615935, 0.0, 0.003019934219015263, 0.0014478821813744235, 0.0, 0.06940572742802475, 0.060622547093398205, 0.0, 0.0, 0.0, 0.0, 0.08357863697406025, 0.007121278202407863, 0.0, 0.0, 0.0, 0.0, 0.0042469934669550746, 0.0]}