{"labels": [0, 1, 2, 3, 4, 5, 6, 7, 8, 9, 10, 11, 12, 13, 14, 15, 16, 17, 18, 19, 20, 21, 22, 23, 24, 25, 26, 27, 28, 29, 30, 31, 32, 33, 34, 35, 36, 37, 38, 39], "data": [0.01665551619435587, 0.007053331817021097, 0.0, 0.0, 0.0, 0.0, 0.013883896156144963, 0.011157297712393151, 0.0013905679026886572, 0.012700417215516681, 0.0, 0.0018877941157037323, 0.0, 0.0, 0.004934066801082125, 0.0, 0.00013593617866639125, 0.0, 0.0, 0.0, 0.02118874145116794, 0.0, 0.0010198281420859471, 0.0, 0.0, 0.046413985875235944, 0.0, 0.0, 0.000433917203886923, 0.0, 0.0026527810395009267, 0.0, 0.0002927766489076861, 0.0, 0.02071485830582987, 0.0, 0.0, 0.0, 0.014203365275515498, 0.03482837753444494]}