{"labels": [0, 1, 2, 3, 4, 5, 6, 7, 8, 9, 10, 11, 12, 13, 14, 15, 16, 17, 18, 19, 20, 21, 22, 23, 24, 25, 26, 27, 28, 29, 30, 31, 32, 33, 34, 35, 36, 37, 38, 39], "data": [0.0, 0.013790474414699501, 0.0, 0.004009105951404356, 0.011549026260213686, 0.0, 0.0, 0.015641816037177445, 0.0, 0.02806501624154741, 0.0, 0.0, 0.0, 0.03172357670824076, 0.005050626401395361, 0.0, 0.0, 0.005413263104752203, 0.0, 0.028609060902973306, 0.007353178608806682, 0.00913884706561745, 0.0013362205444885872, 0.05899462530581654, 0.015355792944893976, 0.018144951379875488, 0.00642600675792786, 0.026473643174027686, 0.0, 0.0, 0.0, 0.0053619010717086855, 0.04920224113623842, 0.05474556691769034, 0.0, 0.0, 0.0033419299517147, 0.0, 0.009085786784450725, 0.00024877072100171]}