{"labels": [0, 1, 2, 3, 4, 5, 6, 7, 8, 9, 10, 11, 12, 13, 14, 15, 16, 17, 18, 19, 20, 21, 22, 23, 24, 25, 26, 27, 28, 29, 30, 31, 32, 33, 34, 35, 36, 37, 38, 39], "data": [0.0, 0.0009998259128119, 0.006866460400466003, 0.0, 0.0, 0.0, 0.0, 0.036423094114480456, 0.0, 0.0, 0.0, 0.0, 0.0, 0.0, 0.0, 0.0, 0.0, 0.09258191410450048, 0.0, 0.0, 0.0, 0.0, 0.0, 0.0008759213255487354, 0.0013704395650653046, 0.0, 0.0, 0.0, 0.0, 0.0, 0.0, 0.0, 0.08039987390089015, 0.0, 0.0, 0.011498592215521356, 0.0, 0.0, 0.0, 0.0]}