{"labels": [0, 1, 2, 3, 4, 5, 6, 7, 8, 9, 10, 11, 12, 13, 14, 15, 16, 17, 18, 19, 20, 21, 22, 23, 24, 25, 26, 27, 28, 29, 30, 31, 32, 33, 34, 35, 36, 37, 38, 39], "data": [0.0, 0.0, 0.0, 0.0, 0.0, 0.0, 0.0, 0.0, 0.007004325603567958, 0.0, 0.005995111064035712, 0.0, 0.026640186627093446, 0.0024258592096331687, 0.005574988773346108, 0.004200730700684621, 0.0, 0.0, 0.0, 0.004623261710159875, 0.0, 0.0, 0.0, 0.0, 0.0, 0.0, 0.0014684554656843912, 0.035168501642531026, 0.0, 0.0, 0.0035166259272018676, 0.0, 0.0, 0.052957413280103754, 0.002156490520806289, 0.01090511838705327, 0.00761509882474495, 0.0, 0.002945605137337701, 0.0011870988829699874]}