{"labels": [0, 1, 2, 3, 4, 5, 6, 7, 8, 9, 10, 11, 12, 13, 14, 15, 16, 17, 18, 19, 20, 21, 22, 23, 24, 25, 26, 27, 28, 29, 30, 31, 32, 33, 34, 35, 36, 37, 38, 39], "data": [0.0, 0.0, 0.0, 0.0, 0.014568558264881938, 0.021183536362011538, 0.008224702330055523, 0.0, 0.0, 0.009199958451586547, 0.0, 0.0, 0.0, 0.0, 0.0, 0.0, 0.0, 0.03828403422978155, 0.019660845066166624, 0.0, 0.02634446970939901, 0.019713885487588362, 0.0036090796346509653, 0.020986036522479153, 0.009958027049475992, 8.919332528835714e-06, 0.0, 0.03880376755477309, 0.0, 0.019215849245196388, 0.0, 0.0, 0.004385867856268064, 0.013970049328583532, 0.013993416971852014, 0.06224289898066407, 0.0, 0.02561517789460398, 0.0, 0.0]}