{"labels": [0, 1, 2, 3, 4, 5, 6, 7, 8, 9, 10, 11, 12, 13, 14, 15, 16, 17, 18, 19, 20, 21, 22, 23, 24, 25, 26, 27, 28, 29, 30, 31, 32, 33, 34, 35, 36, 37, 38, 39], "data": [0.0, 0.0, 0.0, 0.0, 0.0, 0.0, 0.0061220404797642704, 0.0, 0.0, 0.0, 0.029169497462067945, 0.0, 0.0378187960748409, 0.0, 0.0, 0.0, 0.0024452962728036412, 0.005404403173591092, 0.0, 0.03773751379984202, 0.0, 0.0036662934603853017, 0.005333087009303123, 0.0, 0.0009674631519173483, 0.0, 0.0, 0.0, 0.0, 0.0, 0.0, 0.0010015568876838518, 0.0, 0.029771542086308164, 0.010877279242307077, 0.0, 0.030783395278016372, 0.0, 0.0, 0.0]}