{"labels": [0, 1, 2, 3, 4, 5, 6, 7, 8, 9, 10, 11, 12, 13, 14, 15, 16, 17, 18, 19, 20, 21, 22, 23, 24, 25, 26, 27, 28, 29, 30, 31, 32, 33, 34, 35, 36, 37, 38, 39], "data": [0.0, 0.0, 0.0, 0.005236340132127115, 0.0, 0.0, 0.0, 0.0, 0.0, 0.0, 0.05287629646655734, 0.0, 0.035834606679523165, 0.12065393418195985, 0.0, 0.0, 0.0, 0.0, 0.0, 0.0, 0.0, 0.0, 0.002415003425042521, 0.024666080622827404, 0.0, 0.0, 0.0, 0.0, 0.0, 0.0, 0.0, 0.0, 0.06050129162847056, 0.0, 0.0, 0.0007833661490642517, 0.0, 0.0, 0.048089879921239434, 0.0]}