{"labels": [0, 1, 2, 3, 4, 5, 6, 7, 8, 9, 10, 11, 12, 13, 14, 15, 16, 17, 18, 19, 20, 21, 22, 23, 24, 25, 26, 27, 28, 29, 30, 31, 32, 33, 34, 35, 36, 37, 38, 39], "data": [0.007628746605016397, 0.0, 0.0, 0.013110994385365277, 0.04181140176954494, 0.002307964728682507, 0.0032862926922106322, 0.0, 0.0013630688374454416, 0.014727308748931899, 0.006800808837902738, 0.002647374456566091, 0.008630138883267113, 0.006380236915836386, 0.0, 0.01435560666063705, 0.000623545947255382, 0.0, 0.0, 0.016317351120026902, 0.002546705317904301, 0.0024483860427630295, 0.0, 0.005531846109107753, 0.0, 0.03167933879427037, 0.0009098273916011773, 0.010713042193176352, 0.00108047354087243, 0.0026411498246411962, 0.0, 0.0012808587788806411, 0.0011540867167244737, 0.0389211339855097, 0.046824426320648746, 0.02539825360881335, 0.0014444461780688388, 0.0, 0.0, 0.0]}