{"labels": [0, 1, 2, 3, 4, 5, 6, 7, 8, 9, 10, 11, 12, 13, 14, 15, 16, 17, 18, 19, 20, 21, 22, 23, 24, 25, 26, 27, 28, 29, 30, 31, 32, 33, 34, 35, 36, 37, 38, 39], "data": [0.0, 0.06252145459371099, 0.0, 0.0, 0.0, 0.0, 0.0, 0.13821569193311303, 0.0, 0.004631356225453475, 0.0, 0.0017440986897393246, 0.0, 0.0, 0.0, 0.0, 0.0, 0.0, 0.07824107645056541, 0.047887575036375814, 0.02917060364046684, 0.027044689527170505, 0.025135995955693064, 0.0, 0.0, 0.0, 0.0, 0.0008819116160273929, 0.020405067275158104, 0.028370808638812566, 0.02368887313611526, 0.0, 0.0, 0.26830582552339705, 0.0, 0.0, 0.0, 0.0, 0.0, 0.0]}