{"labels": [0, 1, 2, 3, 4, 5, 6, 7, 8, 9, 10, 11, 12, 13, 14, 15, 16, 17, 18, 19, 20, 21, 22, 23, 24, 25, 26, 27, 28, 29, 30, 31, 32, 33, 34, 35, 36, 37, 38, 39], "data": [0.0001977264823524254, 0.0015572594546694786, 0.0009361271154572046, 0.000903009000232938, 0.0, 0.0, 0.0, 0.0, 0.0, 0.0007038221491932915, 0.0027866058206842317, 0.0, 0.001647137071326455, 0.0, 0.0, 0.0, 0.002211848835363373, 0.0, 0.0, 0.0009124778085079345, 0.0, 0.0, 0.0, 0.0, 0.0, 0.0005024132081203881, 0.0008788090559029027, 0.0016052798775152307, 0.0, 0.00525313224454836, 0.002698080521601969, 0.0, 0.0, 0.014765254427603144, 0.0, 0.0, 0.0, 0.0, 0.0, 0.0]}