{"labels": [0, 1, 2, 3, 4, 5, 6, 7, 8, 9, 10, 11, 12, 13, 14, 15, 16, 17, 18, 19, 20, 21, 22, 23, 24, 25, 26, 27, 28, 29, 30, 31, 32, 33, 34, 35, 36, 37, 38, 39], "data": [0.005822231599039434, 0.0, 0.0, 0.0, 0.051029971216878606, 0.0, 0.00013246467874435577, 0.0, 0.0019789707804223145, 0.01851989777686178, 0.0, 0.0004891211457885701, 0.0, 0.0, 0.0, 0.0, 0.0, 0.0344770787913521, 0.0025611107865079422, 0.0, 0.001226104326891113, 0.0, 0.0, 0.0, 0.0, 0.01741034741016091, 0.0, 0.0359188222109055, 0.0, 0.0, 0.0, 0.0, 0.0016747917408568391, 0.0, 0.032497511199415734, 0.0, 0.007451439448612452, 0.011879887982913674, 0.0, 0.0]}