{"labels": [0, 1, 2, 3, 4, 5, 6, 7, 8, 9, 10, 11, 12, 13, 14, 15, 16, 17, 18, 19, 20, 21, 22, 23, 24, 25, 26, 27, 28, 29, 30, 31, 32, 33, 34, 35, 36, 37, 38, 39], "data": [0.0, 0.0, 0.0, 0.0, 0.0, 0.0, 0.007497440944109415, 0.0204880541253633, 0.001376127128108837, 0.0, 0.0, 0.0005044880090005798, 0.0, 0.0, 0.02968207832136898, 0.0, 0.0, 0.0, 0.0, 0.0, 0.00029236923043716084, 0.04478442951954948, 0.0, 0.0, 0.0, 0.0, 0.0016871033959730973, 0.0, 0.1203808567204174, 0.0002481516896542938, 0.0, 0.0017819690505130415, 0.0, 0.0, 0.03130537808036699, 0.0, 0.0, 0.0, 0.0014476894761686662, 0.0]}