{"labels": [0, 1, 2, 3, 4, 5, 6, 7, 8, 9, 10, 11, 12, 13, 14, 15, 16, 17, 18, 19, 20, 21, 22, 23, 24, 25, 26, 27, 28, 29, 30, 31, 32, 33, 34, 35, 36, 37, 38, 39], "data": [0.0042173860204251625, 0.0, 0.0036525731350830763, 0.0, 0.0, 0.0, 0.005707716544256197, 0.0, 0.0012817850518961175, 0.0, 0.014046494387703687, 0.0, 0.0, 0.0, 0.0, 0.0, 0.0, 0.0, 0.0, 0.0, 0.0, 0.0, 0.08397088784923096, 0.0, 0.0, 0.0, 0.0, 0.02359070005984722, 0.010837398273709364, 0.015060072075692928, 0.0007557057549067707, 0.0, 0.04333366844093539, 0.031805934963312806, 0.01656688889785816, 0.0, 0.03765610632153947, 0.0011290886670035417, 0.0, 0.0]}