{"labels": [0, 1, 2, 3, 4, 5, 6, 7, 8, 9, 10, 11, 12, 13, 14, 15, 16, 17, 18, 19, 20, 21, 22, 23, 24, 25, 26, 27, 28, 29, 30, 31, 32, 33, 34, 35, 36, 37, 38, 39], "data": [0.0, 0.0, 0.0, 0.0, 0.0, 0.0, 0.0, 0.0, 0.005689164893530702, 0.0, 0.052616846039787044, 0.030310420734907823, 0.0, 0.0, 0.0, 0.03948484969902328, 0.04088832280670536, 0.0, 0.0, 0.0026673258411144952, 0.0, 0.0, 0.0005437142634468202, 0.0, 0.0, 0.04642225111142376, 0.012605535633780024, 0.0, 0.017394612385007963, 0.0, 0.0, 0.003826983250782393, 0.0, 0.035056417437180055, 0.0, 0.02669691403409238, 0.0, 0.00341283224716211, 0.0, 0.0]}