{"labels": [0, 1, 2, 3, 4, 5, 6, 7, 8, 9, 10, 11, 12, 13, 14, 15, 16, 17, 18, 19, 20, 21, 22, 23, 24, 25, 26, 27, 28, 29, 30, 31, 32, 33, 34, 35, 36, 37, 38, 39], "data": [0.002688899311736234, 0.0, 0.03732100906371262, 0.0, 0.02635803311190613, 0.0, 0.041265466218564535, 0.0, 0.0, 0.002054177140599732, 0.0025708588881171906, 0.0, 0.0010799889907913184, 0.0, 0.0, 0.0, 0.0, 0.0, 0.0, 0.0005661079626844784, 0.0, 0.0, 0.0, 0.00019644010717449043, 0.003442362573739061, 0.0, 0.0, 0.0022842779193688544, 0.0030917374611968466, 0.0, 0.0, 0.0, 0.0, 0.001767827726514994, 0.0, 0.0, 0.0, 0.0, 0.0, 0.0]}