{"labels": [0, 1, 2, 3, 4, 5, 6, 7, 8, 9, 10, 11, 12, 13, 14, 15, 16, 17, 18, 19, 20, 21, 22, 23, 24, 25, 26, 27, 28, 29, 30, 31, 32, 33, 34, 35, 36, 37, 38, 39], "data": [0.01082161110736049, 0.0, 0.003426207173293197, 0.0, 0.0, 0.0, 0.006686826808943208, 0.0028415333509697726, 0.009254163907331947, 0.0, 0.0, 0.003667155862014343, 0.0, 0.0, 0.0010610333863617124, 0.0, 0.0003197858708243082, 0.00023840885232095767, 0.023734361856579355, 0.0010312482502024998, 0.005717489773283866, 0.0023799411248759026, 0.0, 0.0006548506698694454, 0.0, 0.0, 0.0, 0.002294767987990641, 0.0, 0.005200542756968469, 0.0031020683003051986, 0.0, 0.0, 0.006275374105075573, 0.010683117282908645, 0.013948937948345707, 0.004929435863472688, 0.004230611640580621, 0.0017657644497157013, 0.0]}