{"labels": [0, 1, 2, 3, 4, 5, 6, 7, 8, 9, 10, 11, 12, 13, 14, 15, 16, 17, 18, 19, 20, 21, 22, 23, 24, 25, 26, 27, 28, 29, 30, 31, 32, 33, 34, 35, 36, 37, 38, 39], "data": [0.0, 0.0, 0.0, 0.0199898562644133, 0.0, 0.0, 0.0, 0.0, 0.0, 0.05319420904824893, 0.006139712181141421, 0.0, 0.0, 0.0, 0.0, 0.0, 0.0, 0.01544119629323088, 0.0, 0.023508945862718057, 0.041935264148978565, 0.0, 0.09786847125289826, 0.02349478684587023, 0.0023951219686295577, 0.0, 0.0, 0.0, 0.0, 0.0, 0.0, 0.0014313452405595958, 0.0, 0.0, 0.02815058484740533, 0.0, 0.0, 0.005523299893402823, 0.0, 0.0]}