{"labels": [0, 1, 2, 3, 4, 5, 6, 7, 8, 9, 10, 11, 12, 13, 14, 15, 16, 17, 18, 19, 20, 21, 22, 23, 24, 25, 26, 27, 28, 29, 30, 31, 32, 33, 34, 35, 36, 37, 38, 39], "data": [0.003019155451814184, 0.0009104130660119203, 0.0010415898409220038, 0.0, 0.01174807065926326, 0.01656245220603436, 0.0, 0.046662847492553686, 0.0, 0.008515150109873429, 0.02254286848413911, 0.005718833582968287, 0.0, 0.04032952239883629, 0.007515537998240273, 0.0, 0.0036894264184257693, 0.03682272155844824, 0.0, 0.021518863658217216, 0.01207462367942809, 0.002300322170040918, 0.00048251028425542786, 0.0, 0.0, 0.0, 0.00015437090750789446, 0.0, 0.05895257083584842, 0.0, 0.0, 0.001442586340085258, 0.0, 0.031001806549888315, 0.0048205281967376125, 0.010244306675495666, 0.0, 0.0, 0.06198373693355441, 0.0]}