{"labels": [0, 1, 2, 3, 4, 5, 6, 7, 8, 9, 10, 11, 12, 13, 14, 15, 16, 17, 18, 19, 20, 21, 22, 23, 24, 25, 26, 27, 28, 29, 30, 31, 32, 33, 34, 35, 36, 37, 38, 39], "data": [0.0, 0.0, 0.02363235140807676, 0.004496699074727112, 0.0292926163575843, 0.06700585525755193, 0.0036032821042162625, 0.004074620867548102, 0.003815725934727223, 0.0, 0.0, 0.0006432048304918093, 0.027838179249621047, 0.0, 0.01155815638141627, 0.00011980354186348043, 0.006987725892956695, 0.019455754844843243, 0.010062935598429194, 0.0, 0.0019097161260497272, 0.0024417503220621754, 0.0, 0.0, 0.0, 0.02475100992746106, 0.0, 0.0021677689062133054, 0.0, 0.0, 0.0, 0.0, 0.0, 0.0070420191000070895, 0.004676276256170855, 0.002021199948591561, 0.0, 0.03839036125765108, 0.0, 0.00015884063717671337]}