{"labels": [0, 1, 2, 3, 4, 5, 6, 7, 8, 9, 10, 11, 12, 13, 14, 15, 16, 17, 18, 19, 20, 21, 22, 23, 24, 25, 26, 27, 28, 29, 30, 31, 32, 33, 34, 35, 36, 37, 38, 39], "data": [0.004596937825698061, 0.002949052750082194, 0.001829125747687026, 0.00941716836954585, 0.0008166435385207624, 0.0, 0.0, 0.0, 0.0, 0.0037090766616651115, 0.0, 0.0, 0.022106093251869508, 0.0, 0.0, 0.0, 0.09975011301424999, 0.006012814525788218, 0.0, 0.0, 0.0, 0.012287170713051746, 0.0, 0.00660711798344564, 0.038648122922041575, 0.0012188218906981755, 0.0, 0.024411241931317215, 0.0, 0.0, 0.0, 0.0, 0.0, 0.0, 0.04757342874219405, 0.0, 0.0, 0.026521287232575595, 0.004477830010011939, 0.04086546651897397]}