{"labels": [0, 1, 2, 3, 4, 5, 6, 7, 8, 9, 10, 11, 12, 13, 14, 15, 16, 17, 18, 19, 20, 21, 22, 23, 24, 25, 26, 27, 28, 29, 30, 31, 32, 33, 34, 35, 36, 37, 38, 39], "data": [0.0, 0.0, 0.000300773044855755, 0.0, 0.0, 0.0, 0.0, 0.02240612702099268, 0.0, 0.006913951167896258, 0.0021582342363959677, 0.0, 0.0, 0.003688997481156011, 0.00178535072533762, 0.00014349366333698434, 0.0, 0.004077337411628984, 0.0, 0.0019261306425737625, 0.0, 0.009284990881658194, 0.0004968109441131763, 0.002340104658445301, 0.0, 0.007847415979559253, 0.0, 0.0, 0.0, 0.0, 0.004019647099753815, 0.0, 0.0019394996862588372, 0.014942321761093967, 0.02728335546207856, 0.0, 0.0, 0.01332633173100546, 0.0, 0.0]}