{"labels": [0, 1, 2, 3, 4, 5, 6, 7, 8, 9, 10, 11, 12, 13, 14, 15, 16, 17, 18, 19, 20, 21, 22, 23, 24, 25, 26, 27, 28, 29, 30, 31, 32, 33, 34, 35, 36, 37, 38, 39], "data": [0.007933051435052418, 0.0, 0.0014156949614219246, 0.0, 0.015046159727627932, 0.0, 0.0, 0.0029945559066384846, 0.0, 0.027486244478625806, 0.0, 0.0, 0.0, 0.006241428628945801, 0.0, 0.0, 0.0, 0.010715108288548682, 0.0, 0.0030725307702258228, 0.0, 0.0, 0.05567831396272409, 0.015682903643762302, 0.0, 0.000760420795822667, 0.0, 0.024935646511196844, 0.0015635909979407558, 0.0, 0.00908611124105628, 0.0016831425803315908, 0.0, 0.0, 0.014291614149632214, 0.0, 0.0, 0.0020946548527780323, 0.0013555975658751283, 0.0]}