{"labels": [0, 1, 2, 3, 4, 5, 6, 7, 8, 9, 10, 11, 12, 13, 14, 15, 16, 17, 18, 19, 20, 21, 22, 23, 24, 25, 26, 27, 28, 29, 30, 31, 32, 33, 34, 35, 36, 37, 38, 39], "data": [0.0, 0.0, 0.0, 0.0, 0.005638825453539051, 0.0, 0.0, 0.004253807237728325, 0.004347829415475811, 0.0, 0.0, 0.0, 0.0, 0.0, 0.0, 0.008987118093864021, 0.017844796652319184, 0.0, 0.0, 0.0, 0.0, 0.051983295150154506, 0.0, 0.0, 0.004738970820752406, 0.0, 0.002829686822080068, 0.006251051235652742, 0.0032256342815826598, 0.0, 0.0, 0.00777167143848417, 0.0, 0.0, 0.03915387324986959, 0.0, 0.0, 0.04270069301613013, 0.0, 0.0]}