{"labels": [0, 1, 2, 3, 4, 5, 6, 7, 8, 9, 10, 11, 12, 13, 14, 15, 16, 17, 18, 19, 20, 21, 22, 23, 24, 25, 26, 27, 28, 29, 30, 31, 32, 33, 34, 35, 36, 37, 38, 39], "data": [0.000735844086111432, 0.0, 0.0379614891684161, 0.010937865018370215, 0.0, 0.0010280723527833575, 0.026134073109446567, 0.0, 0.0, 0.01085484226662491, 0.0175953000952859, 0.00018136028664507414, 0.03034704941180444, 6.157999969678777e-05, 0.009724181368218343, 0.040562441017108396, 0.0, 0.008227652938893996, 0.001900197590657578, 0.0, 0.003501468285693181, 0.0, 0.033411649089834385, 0.0010538467886967863, 0.0, 0.02795585446632637, 0.00841800705718084, 0.014722945432894652, 0.0174186790884671, 0.0, 0.0, 0.0, 0.0, 0.0, 0.0, 0.0, 0.0, 0.016705753189417798, 0.010480679725605579, 0.0035989884897930425]}