{"labels": [0, 1, 2, 3, 4, 5, 6, 7, 8, 9, 10, 11, 12, 13, 14, 15, 16, 17, 18, 19, 20, 21, 22, 23, 24, 25, 26, 27, 28, 29, 30, 31, 32, 33, 34, 35, 36, 37, 38, 39], "data": [0.0015689343025527044, 0.004815914863217159, 0.01746677257121536, 0.011740765848263874, 0.005339348509116172, 0.0, 0.0, 0.0, 0.0, 0.0, 0.0067288767549686474, 0.0, 0.0, 0.0, 0.012565815852525633, 0.0, 0.002044889399457813, 0.01692366063567874, 0.0, 0.025651241157648608, 0.0016206458248614647, 0.0, 0.0, 0.0008776383266488293, 0.0, 0.0028861867251076807, 0.05517274724101593, 0.02063457156079721, 0.0, 0.0, 0.0, 0.0, 0.0, 0.0, 0.0021285943062870354, 0.0, 0.10043340326184083, 0.0025794139385208817, 0.0, 0.0006349515125805341]}