{"labels": [0, 1, 2, 3, 4, 5, 6, 7, 8, 9, 10, 11, 12, 13, 14, 15, 16, 17, 18, 19, 20, 21, 22, 23, 24, 25, 26, 27, 28, 29, 30, 31, 32, 33, 34, 35, 36, 37, 38, 39], "data": [0.0, 0.0031725059635426566, 0.0, 0.0, 0.00747156669044112, 0.0, 0.03731201947019808, 0.051008591017394196, 0.0, 0.0, 0.0, 0.0, 0.0, 0.0, 0.013389054507041635, 0.0, 0.022040513641154495, 0.0, 0.00030944121798726776, 0.0, 0.006583572417231394, 0.019336662136163866, 0.00020098993385022948, 0.0, 0.0, 0.0, 0.0, 0.01018512649299629, 0.07254693303192153, 0.0, 0.0, 0.0, 0.0, 0.040480550500341966, 0.016999941824053573, 0.0, 0.0, 0.014232805106936846, 0.0013522725155373232, 0.0]}