{"labels": [0, 1, 2, 3, 4, 5, 6, 7, 8, 9, 10, 11, 12, 13, 14, 15, 16, 17, 18, 19, 20, 21, 22, 23, 24, 25, 26, 27, 28, 29, 30, 31, 32, 33, 34, 35, 36, 37, 38, 39], "data": [0.0032515014404451447, 0.0, 0.0018845140052363213, 0.0, 0.0314076504658194, 0.0, 0.021665376702514356, 0.0, 0.0, 0.0072401215851959876, 0.004639819793440158, 0.0, 0.0, 0.0, 0.011113024815005824, 0.0, 0.0, 0.005446854752757813, 0.0, 0.0, 0.0, 0.0, 0.001726805646971299, 0.0, 0.0, 0.0, 0.0006407316037949089, 0.0037627361451202075, 0.003997038363707026, 0.0, 0.0, 0.0, 0.0, 0.0, 0.01529780248779687, 0.014462545781868934, 0.0, 0.0002770845875198434, 0.010233358096139653, 0.0004013971261956238]}