{"labels": [0, 1, 2, 3, 4, 5, 6, 7, 8, 9, 10, 11, 12, 13, 14, 15, 16, 17, 18, 19, 20, 21, 22, 23, 24, 25, 26, 27, 28, 29, 30, 31, 32, 33, 34, 35, 36, 37, 38, 39], "data": [0.002660332295247794, 0.03145244348169927, 0.0, 0.0, 0.0, 0.0, 0.038945882683199394, 0.02827987218251462, 0.02612982494457319, 0.0, 0.0, 0.0064100667332027605, 0.0025017428994700487, 0.0, 0.00043474185160462416, 0.0, 0.0, 0.0, 0.0, 0.0, 0.0, 0.0, 0.0, 0.0, 0.0, 0.0, 0.0, 0.0, 0.0, 0.0, 0.0, 0.0, 0.0, 0.03865637117180423, 0.0, 0.0030596690643825376, 0.007545249609182504, 0.04580415285727915, 0.0, 0.000522444973573292]}