{"labels": [0, 1, 2, 3, 4, 5, 6, 7, 8, 9, 10, 11, 12, 13, 14, 15, 16, 17, 18, 19, 20, 21, 22, 23, 24, 25, 26, 27, 28, 29, 30, 31, 32, 33, 34, 35, 36, 37, 38, 39], "data": [0.00217340618685592, 0.0, 0.013335710190377218, 0.028080485623228728, 0.03200289641182085, 0.0, 0.0031534270500960877, 0.0, 0.0, 0.0, 0.0, 0.0, 0.002543710103225256, 0.0, 0.0, 0.0, 0.006091484328116481, 0.03616029233345239, 0.0, 0.0, 0.012775345094606925, 0.008837618048906898, 0.0, 0.0037285668066678397, 0.0, 0.0005834337829416709, 0.025050073710661647, 0.01785078961134188, 0.08321750495011868, 0.00035714297998919, 0.0, 0.0, 0.002040980359462176, 0.0, 0.005796637810589815, 0.0, 0.0010399343925855745, 0.007839076050857376, 0.0, 0.0]}