{"labels": [0, 1, 2, 3, 4, 5, 6, 7, 8, 9, 10, 11, 12, 13, 14, 15, 16, 17, 18, 19, 20, 21, 22, 23, 24, 25, 26, 27, 28, 29, 30, 31, 32, 33, 34, 35, 36, 37, 38, 39], "data": [0.0, 0.0035782077151319336, 0.025026678940436125, 0.0, 0.0, 0.0, 0.0035611268934969344, 0.0, 0.0, 0.0, 0.05841944516150879, 0.0, 0.0, 0.0, 0.0021170728222157068, 0.0, 0.027019832300956424, 0.003189799586774493, 0.0, 0.06463413748265907, 0.0, 0.0036166546060256706, 0.0, 0.0, 0.0, 0.0, 0.00032066111570126733, 0.0, 0.0, 0.0, 0.0, 0.0, 0.0, 0.0028395055598232606, 0.0, 0.0, 0.0, 0.007917224222275816, 0.004128985169309233, 0.0031615389914598393]}