{"labels": [0, 1, 2, 3, 4, 5, 6, 7, 8, 9, 10, 11, 12, 13, 14, 15, 16, 17, 18, 19, 20, 21, 22, 23, 24, 25, 26, 27, 28, 29, 30, 31, 32, 33, 34, 35, 36, 37, 38, 39], "data": [0.0075717272306621815, 0.0, 0.0, 0.000280317269384086, 0.003516550978590587, 0.0004515316589882688, 0.0320764203139529, 0.01839061037174613, 0.0, 0.04834079574898829, 0.0, 0.0, 0.0, 0.008118204915884946, 0.0, 0.0, 0.0, 0.0, 0.0023728435837651668, 0.0028942643548237755, 0.001914503646750652, 0.0, 0.0, 0.01019440468409699, 0.0, 0.014273372132775776, 0.0, 0.0, 0.0, 0.0, 0.0, 0.0, 0.0, 0.0, 0.0029012152549257146, 0.0, 0.0, 0.0, 0.0057799115565806925, 0.0007153326249100854]}