{"labels": [0, 1, 2, 3, 4, 5, 6, 7, 8, 9, 10, 11, 12, 13, 14, 15, 16, 17, 18, 19, 20, 21, 22, 23, 24, 25, 26, 27, 28, 29, 30, 31, 32, 33, 34, 35, 36, 37, 38, 39], "data": [0.0026716199554054406, 0.006909458435738255, 0.0, 0.0, 0.016735062333873642, 0.010907795119203862, 0.03035946041046755, 0.03949761830438439, 0.0, 0.022934912434388586, 0.0, 0.0, 0.0, 0.05643342037501607, 0.02746887515717842, 0.001622015170246793, 0.0, 0.0, 0.0, 0.007692869379308542, 0.0008863962721477457, 0.0, 0.0, 0.0, 0.0, 0.005951532990557579, 0.0012459334229538682, 0.0, 0.0, 0.010227480758819792, 0.0, 0.0, 0.00404270221151654, 0.002155680936683595, 0.002912369450354944, 0.008375895644163927, 0.0, 0.008299754033026381, 0.0, 0.0]}