{"labels": [0, 1, 2, 3, 4, 5, 6, 7, 8, 9, 10, 11, 12, 13, 14, 15, 16, 17, 18, 19, 20, 21, 22, 23, 24, 25, 26, 27, 28, 29, 30, 31, 32, 33, 34, 35, 36, 37, 38, 39], "data": [0.014378947812793332, 0.0, 0.00267423073462187, 0.04661943828158719, 0.0, 0.0005475248573494486, 0.0009843763909866726, 0.00544015091103373, 0.001133833282585785, 0.011626801627036177, 0.0, 0.0013275533275995805, 0.0005154712038633651, 0.004526943977239417, 0.0, 1.7799932736371767e-07, 0.0, 0.0016728028864470056, 0.0, 0.0016914812487632065, 0.0, 0.00028020893091798327, 0.0, 0.01247119494653319, 0.00795378242254105, 0.0, 0.000918456580599328, 0.019904483282600798, 0.0, 0.014409749437320502, 0.0, 0.06105973750061188, 0.000742623789153919, 0.00249228686258381, 0.020918477790109295, 0.0, 0.0, 0.0, 0.0, 0.00495084576512371]}