{"labels": [0, 1, 2, 3, 4, 5, 6, 7, 8, 9, 10, 11, 12, 13, 14, 15, 16, 17, 18, 19, 20, 21, 22, 23, 24, 25, 26, 27, 28, 29, 30, 31, 32, 33, 34, 35, 36, 37, 38, 39], "data": [0.0, 0.0, 0.0, 0.010073129710519373, 0.0, 0.010530824071592771, 0.0, 0.0, 0.0, 0.0, 0.0, 0.0444671931107025, 0.026257831160861514, 0.0, 0.0, 0.0, 0.04511693945487929, 0.0, 0.0, 0.0, 0.003781236880294184, 0.0, 0.0, 0.0, 0.0, 0.0, 0.040978272761031, 0.0, 0.0, 0.0, 0.0, 0.06406525221158202, 0.0, 0.015691127768060587, 0.0004207284091348436, 0.0, 0.0, 0.017138504612935715, 0.0, 0.0008496505550955276]}