{"labels": [0, 1, 2, 3, 4, 5, 6, 7, 8, 9, 10, 11, 12, 13, 14, 15, 16, 17, 18, 19, 20, 21, 22, 23, 24, 25, 26, 27, 28, 29, 30, 31, 32, 33, 34, 35, 36, 37, 38, 39], "data": [0.007552359430406418, 0.0, 0.024985459660484762, 0.0, 0.0053603699036413755, 0.0, 0.0, 0.002312563070771722, 0.0008851305788526627, 0.010269014622934763, 0.0019695014444816475, 0.0, 0.0029383431703433544, 0.010706381127772129, 0.038998366423571414, 0.004849055647308227, 0.0024061777419415137, 0.0, 0.0, 0.0026586066836263213, 0.0, 0.019264156005548642, 0.0, 0.007306054166401396, 0.011191705746602085, 0.0069925164399128326, 0.0, 0.03608461043156997, 0.0, 0.0, 0.0, 0.0, 0.03668701116668679, 0.007082587983736137, 0.0, 0.0005348494888692208, 0.009829191305567397, 0.02575024108899709, 0.023260800561344136, 0.0]}