{"labels": [0, 1, 2, 3, 4, 5, 6, 7, 8, 9, 10, 11, 12, 13, 14, 15, 16, 17, 18, 19, 20, 21, 22, 23, 24, 25, 26, 27, 28, 29, 30, 31, 32, 33, 34, 35, 36, 37, 38, 39], "data": [0.0, 0.0, 0.02588227161925116, 0.0, 0.024527636827145826, 0.00040079216372045784, 0.0212214265690995, 0.0, 0.0, 0.003613942820131123, 0.01744239892826044, 0.002076376482053869, 2.618574337112226e-05, 0.0, 0.004860849827699163, 0.0, 0.06473774395481935, 0.005582895814009101, 0.0, 0.007004996714976871, 0.02251383941881544, 0.0, 0.0022264698357794127, 0.0, 0.010674873825223887, 0.004429916334432208, 0.004363114807530327, 0.0036471177224114914, 0.0, 0.0, 0.0001274578204067143, 0.0030974192501340247, 0.0010312107993803409, 0.0, 0.0, 0.013217503659462043, 0.0, 0.0, 0.0, 0.005931253979180921]}