{"labels": [0, 1, 2, 3, 4, 5, 6, 7, 8, 9, 10, 11, 12, 13, 14, 15, 16, 17, 18, 19, 20, 21, 22, 23, 24, 25, 26, 27, 28, 29, 30, 31, 32, 33, 34, 35, 36, 37, 38, 39], "data": [0.001337655796544811, 0.0027718401271605107, 0.0, 0.0, 0.0, 0.0, 0.0, 0.014757045456396705, 0.000536779309880011, 0.017638828903139402, 0.003475243152009464, 0.0, 0.024318117409673323, 0.0, 0.0, 0.0013018245538125423, 0.007778724925107143, 0.001619692196236242, 0.0, 0.0, 0.0, 0.010524269524286272, 0.0, 0.024653058278455924, 0.0, 0.011460552896365953, 0.039683749679730325, 0.02709990925522766, 0.005385653334577304, 0.0, 0.007064499346094684, 0.0, 0.0, 0.03266116573145508, 0.006157800924760536, 0.0, 0.0, 0.0, 0.0, 0.0]}