{"labels": [0, 1, 2, 3, 4, 5, 6, 7, 8, 9, 10, 11, 12, 13, 14, 15, 16, 17, 18, 19, 20, 21, 22, 23, 24, 25, 26, 27, 28, 29, 30, 31, 32, 33, 34, 35, 36, 37, 38, 39], "data": [0.0016390874042618451, 0.0, 0.0, 0.0011666188796889455, 0.0008106416321855136, 0.0, 0.0, 0.0, 0.0, 0.021026882723985788, 0.0, 0.0, 0.0, 0.0, 0.02968975909581452, 0.0, 0.0, 0.0, 0.02065049907231731, 0.04972388487665337, 0.0, 0.011872396268938844, 0.0, 0.0, 0.0, 0.012508650508228192, 0.00033350146874253165, 0.0, 0.0, 0.0, 0.0, 0.016742253682526673, 0.0, 0.007036006090916046, 0.002208881689057002, 0.0, 0.0, 0.0, 0.0, 0.0004756337944161451]}