{"labels": [0, 1, 2, 3, 4, 5, 6, 7, 8, 9, 10, 11, 12, 13, 14, 15, 16, 17, 18, 19, 20, 21, 22, 23, 24, 25, 26, 27, 28, 29, 30, 31, 32, 33, 34, 35, 36, 37, 38, 39], "data": [0.0, 0.0, 0.032953590960947715, 0.0, 0.0, 0.0005144600494787916, 0.0, 0.0, 0.00349020887870877, 0.0, 0.0, 0.0, 0.0, 0.003186982654830342, 0.0, 0.0015968942892244965, 0.0, 0.0, 0.0, 0.0007298890439730304, 0.0008484608207111902, 0.0, 0.005849276311051173, 0.025750739709694742, 0.007087311369912568, 0.0006921327729323286, 0.0009046107030053861, 0.06908677553627787, 0.0, 0.0, 0.0, 0.0, 0.002016841757938435, 0.0023983813039192095, 0.0020846274935292486, 0.0, 0.028871656445266843, 0.012862991667630778, 0.004947302877388798, 0.0017176540677151112]}