{"labels": [0, 1, 2, 3, 4, 5, 6, 7, 8, 9, 10, 11, 12, 13, 14, 15, 16, 17, 18, 19, 20, 21, 22, 23, 24, 25, 26, 27, 28, 29, 30, 31, 32, 33, 34, 35, 36, 37, 38, 39], "data": [0.00241140543426407, 0.0, 0.02023319327477216, 0.0, 0.03476884113065839, 0.07698871044053268, 0.0, 0.0, 0.0, 0.04529789378782069, 0.0, 0.0013921172846385625, 0.0, 0.0052830318046118915, 0.0, 0.0, 0.0, 0.008697159309535882, 0.0010629637274726905, 0.0028706104560546186, 0.0, 0.0, 0.0, 0.0, 0.0, 0.015272463754872208, 0.025899982121458155, 0.0, 0.0, 0.0, 0.0013355833463440537, 0.0, 0.0, 0.0012455965121695577, 0.028382689847023457, 0.001358138569764517, 0.0013441060703137957, 0.0, 0.0, 0.0015418022018685933]}