{"labels": [0, 1, 2, 3, 4, 5, 6, 7, 8, 9, 10, 11, 12, 13, 14, 15, 16, 17, 18, 19, 20, 21, 22, 23, 24, 25, 26, 27, 28, 29, 30, 31, 32, 33, 34, 35, 36, 37, 38, 39], "data": [0.0040903705099603815, 0.0, 0.0017720429058132178, 0.0005805449135072647, 0.01265154717217094, 0.0, 0.003082253932327837, 0.0, 0.0, 0.0, 0.0, 0.0, 0.0, 0.0, 0.0, 0.03689114576711603, 0.0, 0.0, 0.004478080200303044, 0.0, 0.0, 0.005904663369876769, 0.0, 0.00014950545102869868, 0.00011624484986772643, 0.0, 0.0003552190230529655, 0.0006714398163271022, 0.0, 0.008789000454308664, 0.001283360653882158, 0.0032052181417817054, 0.0, 0.04075497049562545, 0.0062992180799312306, 0.0039380579894958585, 0.004785739669997518, 0.04364651003499472, 0.0, 0.0]}