{"labels": [0, 1, 2, 3, 4, 5, 6, 7, 8, 9, 10, 11, 12, 13, 14, 15, 16, 17, 18, 19, 20, 21, 22, 23, 24, 25, 26, 27, 28, 29, 30, 31, 32, 33, 34, 35, 36, 37, 38, 39], "data": [0.001617936611721202, 0.0, 0.0, 0.018258016030163565, 0.0, 0.0007742554911017107, 0.0, 0.0, 0.0, 0.0, 0.0, 0.0, 0.017422160788801874, 0.0, 0.0, 0.0, 0.0, 0.0, 0.0, 0.00017569429980389517, 0.005630241095536039, 0.0, 0.0, 0.0, 0.0068749387162510825, 0.0, 0.0034032686764561, 0.029395793681866973, 0.10751687639902889, 0.000995375747617961, 0.0030420450342079474, 0.0017051920129141347, 0.0, 0.0, 0.0, 0.0, 0.0, 0.014599913071981538, 0.0, 0.0]}