{"labels": [0, 1, 2, 3, 4, 5, 6, 7, 8, 9, 10, 11, 12, 13, 14, 15, 16, 17, 18, 19, 20, 21, 22, 23, 24, 25, 26, 27, 28, 29, 30, 31, 32, 33, 34, 35, 36, 37, 38, 39], "data": [0.0020319287620638293, 0.0, 0.0012878601787805275, 0.0, 0.040542076767208765, 0.0, 0.0, 0.021892139065755278, 0.0, 0.0, 0.0, 0.0, 0.0, 0.0020847622508364163, 0.0, 0.023172822406277657, 0.0, 0.005193150070906145, 0.057227452745385855, 0.003513461907296279, 0.0, 0.0, 0.003116179971769735, 0.0, 0.014767419296807418, 0.0, 0.0, 0.0014773538069080975, 0.0016696202258093325, 0.002977858103455649, 0.001871847723324915, 0.0074360534385296065, 0.0, 0.0, 0.0, 0.0, 0.0, 0.0, 0.0, 0.0]}