{"labels": [0, 1, 2, 3, 4, 5, 6, 7, 8, 9, 10, 11, 12, 13, 14, 15, 16, 17, 18, 19, 20, 21, 22, 23, 24, 25, 26, 27, 28, 29, 30, 31, 32, 33, 34, 35, 36, 37, 38, 39], "data": [0.004262510193922997, 0.002672280107631052, 0.002633459846728464, 0.047944454764939526, 0.0, 0.0, 0.002965987776863667, 0.023003955495033857, 0.0, 0.0, 0.0, 0.0008276966247351694, 0.0, 0.0, 0.0, 0.0, 0.0, 0.0, 0.0, 0.0, 0.0, 0.040289836220316635, 0.0, 0.028420387192289582, 0.0, 0.0, 0.0023300452480403857, 0.0, 0.0, 0.0015525619086282755, 0.0, 0.007173239757241498, 0.0, 0.009139068460198992, 0.0, 0.010591049617642864, 0.004362208553437872, 0.0011350239946573534, 0.0, 0.0]}