{"labels": [0, 1, 2, 3, 4, 5, 6, 7, 8, 9, 10, 11, 12, 13, 14, 15, 16, 17, 18, 19, 20, 21, 22, 23, 24, 25, 26, 27, 28, 29, 30, 31, 32, 33, 34, 35, 36, 37, 38, 39], "data": [0.0, 0.0, 0.00013154273208368055, 0.025363847345841316, 0.0, 0.0, 0.060323478921228, 0.0, 0.0061832094411954485, 0.0, 0.0, 0.002219311076372426, 0.0, 0.003702356508920447, 0.014015076090254099, 0.0, 0.0013875655434616686, 0.0, 0.0, 0.002181220201101485, 0.0, 0.009440244114360319, 0.0007352978192159896, 0.0021034740206109575, 0.002146782923579334, 0.0, 0.0011487061547904693, 0.0, 0.0, 0.0, 0.0, 0.0, 0.0, 0.0, 0.0, 0.0, 0.007547030868239083, 0.0, 0.0011572385067065937, 0.0]}