{"labels": [0, 1, 2, 3, 4, 5, 6, 7, 8, 9, 10, 11, 12, 13, 14, 15, 16, 17, 18, 19, 20, 21, 22, 23, 24, 25, 26, 27, 28, 29, 30, 31, 32, 33, 34, 35, 36, 37, 38, 39], "data": [0.0, 0.0, 0.0, 0.0, 0.0, 0.0, 0.0, 0.0, 0.0, 0.002437793195113082, 0.0, 0.0, 0.0, 0.0015940036066730684, 0.0, 0.0, 0.07241702342201184, 0.0, 0.0, 0.0, 0.0, 0.0, 0.0, 0.007729702347647315, 0.0, 0.016062894465784645, 0.0026610203381127774, 0.005408749071501579, 0.0, 0.009592330622771641, 0.0, 0.09404945687199659, 0.0, 0.0, 0.0, 0.0, 0.0, 0.01930127330320951, 0.0, 0.0]}