{"labels": [0, 1, 2, 3, 4, 5, 6, 7, 8, 9, 10, 11, 12, 13, 14, 15, 16, 17, 18, 19, 20, 21, 22, 23, 24, 25, 26, 27, 28, 29, 30, 31, 32, 33, 34, 35, 36, 37, 38, 39], "data": [0.0007145322690737455, 0.0022327278756267502, 0.0, 0.0, 0.0, 0.0, 0.0031669397374434753, 0.0, 0.0, 0.0, 0.0005926723924083823, 0.0, 0.0, 0.0, 0.0, 0.0, 0.0008077301699498772, 0.0, 0.0, 0.0, 0.0, 0.0, 0.0, 0.11605435011989543, 0.0, 0.0, 0.0, 0.0005270601773999857, 0.0, 0.0008420895077626169, 0.0, 0.0, 0.0, 0.0, 0.007112075128958224, 0.0011820731410563073, 0.0, 0.0, 0.05571171629236683, 0.0]}