{"labels": [0, 1, 2, 3, 4, 5, 6, 7, 8, 9, 10, 11, 12, 13, 14, 15, 16, 17, 18, 19, 20, 21, 22, 23, 24, 25, 26, 27, 28, 29, 30, 31, 32, 33, 34, 35, 36, 37, 38, 39], "data": [0.0, 0.0, 0.0017155180621814964, 0.0, 0.0, 0.0002840422304296758, 0.010206976459591581, 0.00044930273045075127, 0.0, 0.0, 0.061578897590803545, 0.0, 0.0, 0.0, 0.0, 0.0, 0.0, 0.0, 0.0, 0.05046531072525899, 0.0, 0.0, 0.0, 0.0, 0.0012524750859345278, 0.0, 0.0, 0.0, 0.019905855628876677, 0.0028889419304387425, 0.0, 0.0, 0.0, 0.0, 0.0, 0.0, 0.0, 0.014830499305422433, 0.0, 0.0]}