{"labels": [0, 1, 2, 3, 4, 5, 6, 7, 8, 9, 10, 11, 12, 13, 14, 15, 16, 17, 18, 19, 20, 21, 22, 23, 24, 25, 26, 27, 28, 29, 30, 31, 32, 33, 34, 35, 36, 37, 38, 39], "data": [0.0007906138321698958, 0.001872788506055554, 0.01768875279619722, 0.0, 0.003169815679002288, 0.0014318009997382184, 0.0, 0.0, 0.0, 0.022486342506736142, 0.004785210820856769, 0.0, 0.0, 0.0, 0.0036753915527886773, 0.005555344520390653, 0.0, 0.05513815352852815, 0.0005668798730578849, 0.06358315965879992, 0.0004357231242538141, 0.0, 0.0, 0.0, 0.0033689165768117616, 0.00032735222591170524, 0.006076084909124894, 0.019631001928838307, 0.0, 0.012753398078944825, 0.0, 0.0, 8.020558403627608e-05, 0.0, 0.0, 0.0023541857936342113, 0.0, 0.02619241247321912, 0.0, 0.002631253965855524]}