{"labels": [0, 1, 2, 3, 4, 5, 6, 7, 8, 9, 10, 11, 12, 13, 14, 15, 16, 17, 18, 19, 20, 21, 22, 23, 24, 25, 26, 27, 28, 29, 30, 31, 32, 33, 34, 35, 36, 37, 38, 39], "data": [0.0029971362160955113, 0.0019491507015577385, 0.0, 0.03833253713440625, 0.0, 0.0017158278245072722, 0.0002862074455251244, 0.0, 0.006586534334342109, 0.0, 0.0025319351609585363, 0.003040582076643202, 0.00469530341084189, 0.0, 0.0, 0.0, 0.0005023855610025274, 0.0, 0.0, 0.0, 0.0, 0.0, 0.0, 0.0, 0.0, 0.0, 0.0685792557445032, 0.0, 0.07355392149121459, 0.0, 0.0, 0.012218178322935555, 0.0, 0.04791931743117788, 0.014611335649345575, 0.0, 0.007875592754491614, 0.006440280548649607, 0.0, 0.0016826370360401772]}