{"labels": [0, 1, 2, 3, 4, 5, 6, 7, 8, 9, 10, 11, 12, 13, 14, 15, 16, 17, 18, 19, 20, 21, 22, 23, 24, 25, 26, 27, 28, 29, 30, 31, 32, 33, 34, 35, 36, 37, 38, 39], "data": [0.007373322066168951, 0.00033207912867245923, 0.0014605458253963521, 0.0, 0.0, 0.0, 0.023692086081523997, 0.02017350635852914, 0.00162493386818008, 0.002034849225781013, 0.0, 0.107195712785703, 0.0, 0.0, 0.0, 0.0, 0.0, 0.009435550892532743, 0.0, 0.00035095156240858727, 0.0, 0.0143625940305807, 0.001066132721936245, 0.0, 0.00033348118556648096, 0.0, 0.0, 0.0, 0.0, 0.0, 0.0, 0.0, 0.0, 0.0, 0.03513310836201913, 0.0, 0.007384648161612707, 0.0, 0.0, 0.0008919599460436132]}