{"labels": [0, 1, 2, 3, 4, 5, 6, 7, 8, 9, 10, 11, 12, 13, 14, 15, 16, 17, 18, 19, 20, 21, 22, 23, 24, 25, 26, 27, 28, 29, 30, 31, 32, 33, 34, 35, 36, 37, 38, 39], "data": [0.012123038584823801, 0.0063843187378027815, 0.0, 0.0, 0.011328558987500147, 0.0, 0.018770303714672445, 0.0014089926836074725, 0.0, 0.009315663712206301, 0.0, 0.0, 0.04783536223481498, 0.0, 0.0, 0.0, 0.0, 0.0, 0.0029795259545340336, 0.0, 0.0, 0.001271191273012547, 0.0, 0.0, 0.0, 0.0, 0.0, 0.0, 0.0, 0.0, 0.0, 0.0, 0.04312345071462685, 0.0006609776189515874, 0.005702331163826621, 0.0, 0.0, 0.02352669532883416, 0.04278443171115372, 0.0029340182313515057]}