{"labels": [0, 1, 2, 3, 4, 5, 6, 7, 8, 9, 10, 11, 12, 13, 14, 15, 16, 17, 18, 19, 20, 21, 22, 23, 24, 25, 26, 27, 28, 29, 30, 31, 32, 33, 34, 35, 36, 37, 38, 39], "data": [0.0, 0.0, 0.0, 0.0, 0.0, 0.0, 0.01583628401199107, 0.014639901137387825, 0.0, 0.005348239807968053, 0.0, 0.007637184695757781, 0.0, 0.0, 0.0, 0.06786710304924293, 0.0, 0.019799948205636204, 0.07296583416048653, 0.0, 0.002223221653891033, 0.0, 0.0, 8.880196293195954e-05, 0.0, 0.01315138077015982, 0.0, 0.0, 0.0, 0.0, 0.004004375269358727, 0.0, 0.0, 0.0, 0.0, 0.03811440639962155, 0.0, 0.0, 0.0033228292808951026, 0.06924363914718681]}