{"labels": [0, 1, 2, 3, 4, 5, 6, 7, 8, 9, 10, 11, 12, 13, 14, 15, 16, 17, 18, 19, 20, 21, 22, 23, 24, 25, 26, 27, 28, 29, 30, 31, 32, 33, 34, 35, 36, 37, 38, 39], "data": [0.3041722090831133, 0.04613744188028281, 0.10260581296235609, 0.023385658450404814, 0.0, 0.0, 0.0, 0.0, 0.0, 0.0, 0.1304126517631163, 0.0, 0.0, 0.0, 0.0, 0.0, 0.0, 0.0, 0.0, 0.0, 0.05074894631789621, 0.0, 0.0, 0.0, 0.0, 0.03477273733898174, 0.0, 0.0, 0.0, 0.0, 0.034236099174750984, 0.0, 0.0, 0.0, 0.0, 0.0, 0.0, 0.0, 0.0, 0.0]}