{"labels": [0, 1, 2, 3, 4, 5, 6, 7, 8, 9, 10, 11, 12, 13, 14, 15, 16, 17, 18, 19, 20, 21, 22, 23, 24, 25, 26, 27, 28, 29, 30, 31, 32, 33, 34, 35, 36, 37, 38, 39], "data": [0.05424158243706599, 0.03103427341017445, 0.0, 0.003637648704441111, 0.00113064668626948, 0.0, 0.20936519127769387, 0.0, 0.0, 0.31773957339241404, 0.0, 0.015932972821057306, 0.014777967311494609, 0.03404786972692548, 0.0252862038287361, 0.03937868969260459, 0.0, 0.0, 0.0, 0.061688846692547976, 0.0, 0.0031745430110303426, 0.01686291298064684, 0.08947075882961424, 0.0, 0.08729050493633804, 0.002265617945033431, 0.0, 0.00418915839005047, 0.019544851503796208, 0.009372677374284733, 0.0, 0.008819197296570913, 0.0, 0.025220770914511477, 0.0, 0.005913699715647638, 0.0, 0.0, 0.04878903786452681]}