{"labels": [0, 1, 2, 3, 4, 5, 6, 7, 8, 9, 10, 11, 12, 13, 14, 15, 16, 17, 18, 19, 20, 21, 22, 23, 24, 25, 26, 27, 28, 29, 30, 31, 32, 33, 34, 35, 36, 37, 38, 39], "data": [0.0, 0.07852621887567207, 0.03443218876242929, 0.0, 0.0, 0.001670592260222238, 0.0, 0.0, 0.0, 0.0, 0.0, 0.0, 0.009816793967200138, 0.0, 0.014648376963681518, 0.0, 0.007456185922807738, 0.0, 0.0, 0.0012604226312619106, 0.003682173063742873, 0.0, 0.0, 5.252649266274511e-05, 0.00015918891692037868, 0.0, 0.0, 0.0, 0.0, 0.0, 0.0, 0.0, 0.0, 0.0, 0.0, 0.0, 0.07786205992740734, 0.0, 0.0048155619725553005, 0.0]}