{"labels": [0, 1, 2, 3, 4, 5, 6, 7, 8, 9, 10, 11, 12, 13, 14, 15, 16, 17, 18, 19, 20, 21, 22, 23, 24, 25, 26, 27, 28, 29, 30, 31, 32, 33, 34, 35, 36, 37, 38, 39], "data": [0.0015613519783709093, 0.0, 0.013784437358645587, 0.030696856312335322, 0.0, 0.0028383038171854555, 0.006190708267184144, 0.0, 0.0, 0.0, 0.001580194722316515, 0.0, 0.0, 0.0, 0.0, 0.0, 0.0, 0.0, 0.0, 0.0, 0.0, 0.027432374612414955, 0.0, 0.0, 0.0, 0.0, 0.05911503742216894, 0.016205235945107192, 0.0, 0.0, 0.0, 0.061375614301946824, 0.03616707436132982, 0.0, 0.026118106380567826, 0.0014515981530300816, 0.0967279944229817, 0.0, 0.0, 0.0]}