{"labels": [0, 1, 2, 3, 4, 5, 6, 7, 8, 9, 10, 11, 12, 13, 14, 15, 16, 17, 18, 19, 20, 21, 22, 23, 24, 25, 26, 27, 28, 29, 30, 31, 32, 33, 34, 35, 36, 37, 38, 39], "data": [0.0, 0.014099306419496168, 0.0, 0.0, 0.0, 0.0, 0.037903057899210835, 0.002721771630202699, 0.0, 0.0737924477013641, 0.011259694064438264, 0.0, 0.008473321102591509, 0.0, 0.0, 0.0, 0.0, 0.0020271366319867556, 0.0, 0.0, 0.0, 0.0, 0.0, 0.0, 0.0, 0.0, 0.0003896217213672223, 0.0, 0.0, 0.010732163612173638, 0.0, 0.0, 0.0013067434993719416, 0.0, 2.008266889495984e-05, 0.0, 0.010165457729798313, 0.005038946812775991, 0.0, 0.0]}