{"labels": [0, 1, 2, 3, 4, 5, 6, 7, 8, 9, 10, 11, 12, 13, 14, 15, 16, 17, 18, 19, 20, 21, 22, 23, 24, 25, 26, 27, 28, 29, 30, 31, 32, 33, 34, 35, 36, 37, 38, 39], "data": [0.0, 0.0, 0.002799475829652613, 0.0055728129112929785, 0.005466610108863629, 0.0, 0.00570185212332836, 0.004958841711007801, 0.0, 0.0, 0.0, 0.0027167082405041352, 0.07300799510463832, 0.0008964644111829111, 0.008441531725178962, 0.06302851038451618, 0.0, 0.017123903919454987, 0.00839114965091566, 0.0, 0.05061938554221669, 0.01602443586707177, 0.028343532654609302, 0.0, 0.0, 0.0, 0.0, 0.0, 0.04936433735482837, 0.0, 0.02561517856283025, 0.0609789053011101, 0.023880215339368415, 0.0, 0.0028556598066176737, 0.0, 0.0, 0.008199486639957931, 0.0, 0.02737718437476788]}