{"labels": [0, 1, 2, 3, 4, 5, 6, 7, 8, 9, 10, 11, 12, 13, 14, 15, 16, 17, 18, 19, 20, 21, 22, 23, 24, 25, 26, 27, 28, 29, 30, 31, 32, 33, 34, 35, 36, 37, 38, 39], "data": [0.008580098772688952, 0.0, 0.003779112077672366, 0.0, 0.0, 0.0, 0.0, 0.0, 0.0, 0.0, 0.0, 0.0, 0.0, 0.0, 0.0, 0.0, 0.0019781910044736396, 0.04679603533735877, 0.0, 5.060110953125407e-05, 0.0, 0.0, 0.0, 0.009985495358424116, 0.0009026755492733806, 0.0, 0.0, 0.0630946063675226, 0.0010951217854199922, 0.0, 0.0, 0.0, 0.0, 0.0, 0.020679379550618153, 0.041685760186248345, 0.0, 0.02418731793443508, 0.0, 0.0]}