{"labels": [0, 1, 2, 3, 4, 5, 6, 7, 8, 9, 10, 11, 12, 13, 14, 15, 16, 17, 18, 19, 20, 21, 22, 23, 24, 25, 26, 27, 28, 29, 30, 31, 32, 33, 34, 35, 36, 37, 38, 39], "data": [0.011772089533092873, 0.0, 0.0, 0.0, 0.025042396743789577, 0.0022496272657852906, 0.03288104797924972, 0.0, 0.0, 0.04435300188290419, 0.0057259844845451505, 0.0, 0.0, 0.0008819929238343314, 0.011726581749519916, 0.006103079957513267, 0.00492218653431984, 0.0, 0.02591707372490447, 0.026712493803558928, 0.002065186504061269, 0.0, 0.0011776574175062797, 0.05360093596838678, 0.0, 0.0034849403875409075, 0.0, 0.001425504906292894, 0.0, 0.0, 0.0, 0.0004297799349329951, 0.03601620106769785, 0.0, 0.0, 0.0, 0.0, 0.0, 0.0051532905756434995, 0.0]}