{"labels": [0, 1, 2, 3, 4, 5, 6, 7, 8, 9, 10, 11, 12, 13, 14, 15, 16, 17, 18, 19, 20, 21, 22, 23, 24, 25, 26, 27, 28, 29, 30, 31, 32, 33, 34, 35, 36, 37, 38, 39], "data": [0.0, 0.0, 0.0, 0.0, 0.0, 0.0, 0.0, 0.005125198387452171, 0.3794817881182362, 0.0, 0.0, 0.03518135192893209, 0.0, 0.0, 0.0, 0.21104507588547838, 0.0, 0.021095491644865554, 0.013275029714100644, 0.0, 0.047689530906855314, 0.0, 0.0, 0.0, 0.0, 0.0, 0.0, 0.0, 0.0, 0.028412836261202806, 0.0, 0.029945588942267412, 0.010364774917464625, 0.0, 0.0031145045450324225, 0.0898506302877114, 0.03619910392833989, 0.018263762410045604, 0.0, 0.0]}