{"labels": [0, 1, 2, 3, 4, 5, 6, 7, 8, 9, 10, 11, 12, 13, 14, 15, 16, 17, 18, 19, 20, 21, 22, 23, 24, 25, 26, 27, 28, 29, 30, 31, 32, 33, 34, 35, 36, 37, 38, 39], "data": [0.001368042115190456, 0.002957870809191337, 0.0018584093243111885, 0.0, 0.0019042026649377824, 0.0, 0.017301000928517014, 0.0009495549367353282, 0.003868618812810773, 0.009303088410094168, 0.002374189021085793, 0.09707471079335903, 0.0, 0.01699183081485415, 0.0, 0.0, 0.003029198668337062, 0.005407047888799525, 0.0, 0.0, 0.0, 0.0, 0.0, 0.0, 0.0009053035090839472, 0.0, 0.0006094619684588656, 0.0004759714321266467, 0.0, 0.014553990933799185, 0.0, 0.003043650080442078, 0.0006871959281015089, 0.003117518567824181, 0.016205368623912333, 0.0, 0.0, 0.025590673743939, 0.06193715285640191, 0.0026295748759694914]}