{"labels": [0, 1, 2, 3, 4, 5, 6, 7, 8, 9, 10, 11, 12, 13, 14, 15, 16, 17, 18, 19, 20, 21, 22, 23, 24, 25, 26, 27, 28, 29, 30, 31, 32, 33, 34, 35, 36, 37, 38, 39], "data": [0.00918826026368914, 0.0, 0.0, 0.0, 0.0, 0.0, 0.009478561888881087, 0.0, 0.0, 0.04085265446037124, 0.001730268071008578, 0.0, 0.027046964150638706, 0.00768700633852995, 0.010418641230353671, 0.0, 0.08969573126389849, 0.010819457342215757, 0.001280290409941572, 0.0, 0.0, 0.0, 0.004961170129896853, 0.0065936274233647126, 0.003242121130675973, 0.034902087241818355, 0.0, 0.0007780757202926528, 0.0, 0.00037286596145890446, 0.0, 0.0, 0.027249736174644167, 0.0, 0.008935079485873253, 0.0, 0.0, 0.0, 0.001388877436653172, 0.026108203948315464]}