{"labels": [0, 1, 2, 3, 4, 5, 6, 7, 8, 9, 10, 11, 12, 13, 14, 15, 16, 17, 18, 19, 20, 21, 22, 23, 24, 25, 26, 27, 28, 29, 30, 31, 32, 33, 34, 35, 36, 37, 38, 39], "data": [0.0, 0.0, 0.023585874060911168, 0.0, 0.026295522961733514, 0.007168503188415308, 0.003964338255013591, 0.0, 8.606029790757154e-05, 0.0, 0.003268776016062172, 0.0013113601331145356, 0.0, 0.0824872401126058, 0.0, 0.0, 0.0, 0.0, 0.0, 0.0, 0.0, 0.0, 0.0024523477801842585, 0.11434092778344568, 0.0048975878030891, 0.0, 0.0, 0.0, 0.001748471017727364, 0.0, 0.005041617802368318, 0.0, 0.0, 0.0, 0.0, 0.0, 0.0, 0.0, 0.0012876173177335042, 0.000396344126196697]}