{"labels": [0, 1, 2, 3, 4, 5, 6, 7, 8, 9, 10, 11, 12, 13, 14, 15, 16, 17, 18, 19, 20, 21, 22, 23, 24, 25, 26, 27, 28, 29, 30, 31, 32, 33, 34, 35, 36, 37, 38, 39], "data": [0.03139403806995183, 0.016310362584871473, 0.0, 0.0, 0.0, 0.006889826455598487, 0.014703641107176956, 0.0, 0.0, 0.024512305486705348, 0.0, 0.0004590383182198097, 0.005358042443424089, 0.0005885991821522113, 0.000480869535960632, 0.0, 0.0, 0.012893455471080362, 0.02074501645229311, 0.01618865142344761, 0.0, 0.026741431113011978, 0.0, 0.0, 0.0, 0.01686032364017279, 0.0022442578762881587, 0.010880784976047025, 0.0, 0.00010168483659460766, 0.06406409721479218, 0.0, 0.0, 0.0, 0.005149354160140636, 0.0023034715052800384, 0.04425258941234967, 0.004669107592809191, 0.008288592729693555, 0.004074165017017604]}