{"labels": [0, 1, 2, 3, 4, 5, 6, 7, 8, 9, 10, 11, 12, 13, 14, 15, 16, 17, 18, 19, 20, 21, 22, 23, 24, 25, 26, 27, 28, 29, 30, 31, 32, 33, 34, 35, 36, 37, 38, 39], "data": [0.0, 0.0014266814443107411, 0.00017804022239837527, 0.025766154855854043, 0.0, 0.0, 0.0, 0.0, 0.0, 0.005216968639236681, 0.0, 0.0, 0.03294764720316437, 0.0036298064215419925, 0.0, 0.0, 0.0016447594650972571, 0.01057942760578753, 0.0, 0.0, 0.0, 0.00013451249044370476, 0.04032345923415103, 0.0, 0.006712940628503959, 0.0020564239601889947, 0.0, 0.053755496508693795, 0.0, 0.056229986013043694, 0.009470049092799354, 0.0, 0.0, 0.00775935712107234, 0.0, 0.10529035784553883, 0.0, 0.01203632125824167, 0.0030788754057936856, 0.0]}