{"labels": [0, 1, 2, 3, 4, 5, 6, 7, 8, 9, 10, 11, 12, 13, 14, 15, 16, 17, 18, 19, 20, 21, 22, 23, 24, 25, 26, 27, 28, 29, 30, 31, 32, 33, 34, 35, 36, 37, 38, 39], "data": [0.006371281178440052, 0.0, 0.0, 0.014029460959828655, 0.026897734857463943, 0.025611559767207182, 0.004348801707602017, 0.011905279033916687, 0.0, 0.0, 0.0, 0.0, 0.00220109419354061, 0.035031856774390656, 0.010221663401200487, 0.010831313380586828, 0.0142852042186686, 0.016536147091590517, 0.004289318594806401, 0.035596282499502634, 0.0032383652881593453, 0.015771898698853728, 0.022471142354114928, 0.011013843900127036, 0.0063931057721577445, 0.047910960827598145, 0.0, 0.0, 0.02576856594793688, 0.0014752842376421639, 0.026554501181930125, 0.003256006955727379, 0.0, 0.0016631180121047752, 0.0, 0.0, 0.0, 0.06620119058521017, 0.020603395176255833, 0.0]}