{"labels": [0, 1, 2, 3, 4, 5, 6, 7, 8, 9, 10, 11, 12, 13, 14, 15, 16, 17, 18, 19, 20, 21, 22, 23, 24, 25, 26, 27, 28, 29, 30, 31, 32, 33, 34, 35, 36, 37, 38, 39], "data": [0.005326700297425262, 0.013669702381161246, 0.0007254459717332867, 0.0, 0.023117077439847453, 0.024514780156931062, 0.01791956856493697, 0.0, 0.0, 0.019986711045699036, 0.02094389523234819, 0.0013712084140717104, 0.0037045581279160186, 0.04202996554507938, 0.0, 0.0, 0.07220826616525426, 0.0, 0.0, 0.03517264734816053, 0.0, 0.0, 0.0, 0.01582947462952252, 0.039696683689609255, 0.0, 0.0020874547438004356, 6.509567290449334e-05, 0.011377707294215379, 0.0006467956581866646, 0.0, 0.0006676665015095142, 0.004091784085938012, 0.02503476321584708, 0.0235171508886258, 0.0, 0.0, 0.0, 0.0, 0.0036631793684141095]}