{"labels": [0, 1, 2, 3, 4, 5, 6, 7, 8, 9, 10, 11, 12, 13, 14, 15, 16, 17, 18, 19, 20, 21, 22, 23, 24, 25, 26, 27, 28, 29, 30, 31, 32, 33, 34, 35, 36, 37, 38, 39], "data": [0.006550376661987843, 0.0, 0.0, 0.02949059752698474, 0.008744771072824143, 0.0, 0.0, 0.009258286656927699, 0.0044731081802731765, 0.005021854978847318, 0.0, 0.0, 0.04219453215282701, 0.00703523597616306, 0.0, 0.0, 0.04968760280966593, 0.009264517944850092, 0.0, 0.0018584967477479558, 0.0, 0.0, 0.0298053375992126, 0.0006471239715845177, 0.0, 0.013074714747648708, 0.0, 0.013401576733840119, 0.0, 0.0, 0.0067584301116919866, 0.0, 0.0, 0.0028149173700409797, 0.01695267892407077, 0.0, 0.002959203902430108, 0.027898211449322665, 0.0, 0.0]}