{"labels": [0, 1, 2, 3, 4, 5, 6, 7, 8, 9, 10, 11, 12, 13, 14, 15, 16, 17, 18, 19, 20, 21, 22, 23, 24, 25, 26, 27, 28, 29, 30, 31, 32, 33, 34, 35, 36, 37, 38, 39], "data": [0.0, 0.0, 0.030110114404053524, 0.0, 0.017310378111591366, 0.05779614813060175, 0.0, 0.0, 0.0, 0.0, 0.0, 0.0, 0.0, 0.0, 0.0, 0.0, 0.0, 0.0, 0.0, 0.0, 0.0, 0.0, 0.0, 0.0, 0.0011536960525342166, 0.0, 0.0, 0.03746930026456045, 0.0, 0.0, 0.05828970889884521, 0.0, 0.0, 0.0030157112766886684, 0.042108310955769473, 0.0, 0.0, 0.0, 0.004547704171403644, 0.0025259599920328074]}