{"labels": [0, 1, 2, 3, 4, 5, 6, 7, 8, 9, 10, 11, 12, 13, 14, 15, 16, 17, 18, 19, 20, 21, 22, 23, 24, 25, 26, 27, 28, 29, 30, 31, 32, 33, 34, 35, 36, 37, 38, 39], "data": [0.008628786002094354, 0.0016368131985561797, 0.028395155614848195, 0.007718911684484233, 0.0, 0.0005950760512422057, 0.0, 0.0, 0.0, 0.009208556177261037, 0.0, 0.0024890315448765723, 0.026694824868853054, 0.0, 0.0030173379220914446, 0.0, 0.004672539874398452, 0.0, 0.0, 0.013586299751268016, 0.022496672055586843, 0.008176288656885926, 0.0, 0.03703059056154373, 0.0, 0.0025620280354453806, 0.0, 0.009540137017611356, 0.0, 0.0, 0.0007958268441545891, 0.05434444673641994, 0.05819285397887319, 0.01170898864056445, 0.016568519236956396, 0.0, 0.08839782777823553, 0.009519928547608997, 0.0006357088648195426, 0.0004658071700971415]}