{"labels": [0, 1, 2, 3, 4, 5, 6, 7, 8, 9, 10, 11, 12, 13, 14, 15, 16, 17, 18, 19, 20, 21, 22, 23, 24, 25, 26, 27, 28, 29, 30, 31, 32, 33, 34, 35, 36, 37, 38, 39], "data": [0.0, 0.0, 0.021928181090824027, 0.0034703596964465364, 0.0, 0.0, 0.0, 0.0, 0.0, 0.020077571349336364, 0.0, 0.0, 0.0, 0.0, 0.0022366975609267948, 0.0, 0.0, 0.0, 0.0, 0.0024427934095140684, 0.1202707382061281, 0.0, 0.1125548237037818, 0.009820924115843344, 0.004087519931357238, 0.00258080748029902, 0.0, 0.0, 0.0, 0.0, 0.0, 0.0, 0.0, 0.0, 0.018256040115906202, 0.04499689005413356, 0.0, 0.0, 0.0, 0.0]}