{"labels": [0, 1, 2, 3, 4, 5, 6, 7, 8, 9, 10, 11, 12, 13, 14, 15, 16, 17, 18, 19, 20, 21, 22, 23, 24, 25, 26, 27, 28, 29, 30, 31, 32, 33, 34, 35, 36, 37, 38, 39], "data": [0.0, 0.0, 0.0, 0.022424985383074594, 0.0, 0.0679959843145688, 0.002069424190746446, 0.053209240169079235, 0.0, 0.0, 0.00330279550181213, 0.0, 0.0, 0.0, 0.0, 0.0, 0.004137637110786946, 0.025672693967354422, 0.036775344303301746, 0.0, 0.0, 0.00432938779359831, 0.0, 0.0, 0.0, 0.025525720484384663, 0.001692019544482967, 0.001752042080545128, 0.007499394245533007, 0.0, 0.0, 0.007617462185160663, 0.0, 0.01956730556035124, 0.0, 0.004155246021695699, 0.0, 0.022037826903264557, 0.0, 0.043249645438281595]}