{"labels": [0, 1, 2, 3, 4, 5, 6, 7, 8, 9, 10, 11, 12, 13, 14, 15, 16, 17, 18, 19, 20, 21, 22, 23, 24, 25, 26, 27, 28, 29, 30, 31, 32, 33, 34, 35, 36, 37, 38, 39], "data": [0.006238265231897035, 0.0, 0.0, 0.0007362827436501751, 0.007404419945851421, 0.0, 0.0, 0.019516070528182248, 0.0, 0.009842852836272694, 0.0, 0.09683380141098291, 0.0, 0.0, 0.0, 0.032109386922440954, 0.0, 0.005645482801001797, 0.029251059093874498, 0.0024123904156062043, 0.0, 0.0, 0.0, 0.0007684999500796662, 0.0023625783088737223, 0.0, 0.002003490343158269, 0.0, 0.0, 0.0, 0.0017571037143736478, 0.003482634024660184, 0.0, 0.0, 0.0, 0.03917868076686625, 0.01581270049100105, 0.00016182268884296867, 0.0, 0.048196927053314895]}