{"labels": [0, 1, 2, 3, 4, 5, 6, 7, 8, 9, 10, 11, 12, 13, 14, 15, 16, 17, 18, 19, 20, 21, 22, 23, 24, 25, 26, 27, 28, 29, 30, 31, 32, 33, 34, 35, 36, 37, 38, 39], "data": [0.0, 0.0007003528582898446, 0.03676820988601702, 0.0, 0.0, 0.0, 0.03367790152232572, 0.0, 0.0, 0.018021522853783917, 0.012793488483067723, 0.0, 0.0, 0.016341121375385716, 0.0001678324629358054, 0.0, 0.0, 0.0, 0.0, 0.0, 0.0, 0.0, 0.0, 0.011163428746244139, 0.0, 0.0, 0.0, 0.0, 0.003722495407868146, 0.009608501198702955, 0.0, 0.0, 0.0007379484909539195, 0.0, 0.0, 0.0, 0.0, 0.0, 0.0, 0.0]}