{"labels": [0, 1, 2, 3, 4, 5, 6, 7, 8, 9, 10, 11, 12, 13, 14, 15, 16, 17, 18, 19, 20, 21, 22, 23, 24, 25, 26, 27, 28, 29, 30, 31, 32, 33, 34, 35, 36, 37, 38, 39], "data": [0.0, 0.0, 0.0, 0.004705780505003992, 0.0, 0.04703287317241027, 0.02173084803997048, 0.0, 0.0, 0.0, 0.004183773519928297, 0.001471969443546916, 0.009755862389406034, 0.0, 0.00436828923662099, 0.0, 0.008580143788128014, 0.0, 0.0, 0.0, 0.014246557021083331, 0.0, 0.0, 0.0, 0.14210035365853982, 0.0, 0.0, 0.0010848266873222823, 0.0008840729456409773, 0.0, 0.012262809688693919, 0.0, 0.0, 0.0, 0.0, 0.0, 0.0025525263976052953, 0.0, 0.0, 0.0]}