{"labels": [0, 1, 2, 3, 4, 5, 6, 7, 8, 9, 10, 11, 12, 13, 14, 15, 16, 17, 18, 19, 20, 21, 22, 23, 24, 25, 26, 27, 28, 29, 30, 31, 32, 33, 34, 35, 36, 37, 38, 39], "data": [0.0017099181747488744, 0.0, 0.0007281824640694016, 0.017869181853240903, 0.0, 0.0, 0.010002023323657848, 0.0, 0.0, 0.06030768230327636, 0.009646209668043462, 0.0, 2.8112391724719054e-06, 0.0, 0.00479147042494089, 0.0, 0.09952656901766428, 0.014892360871724315, 0.006317543834350493, 0.0, 0.01296101749136237, 0.018207761074899666, 0.0, 0.010346867931952266, 0.0, 0.0, 0.0, 0.0, 0.0, 0.0, 0.0, 0.0029964595371443545, 0.0005028181737103593, 0.0, 0.014857276797492646, 0.0, 0.013838986191996713, 0.006749450177199429, 0.02248871401528301, 0.0010315224413035848]}