{"labels": [0, 1, 2, 3, 4, 5, 6, 7, 8, 9, 10, 11, 12, 13, 14, 15, 16, 17, 18, 19, 20, 21, 22, 23, 24, 25, 26, 27, 28, 29, 30, 31, 32, 33, 34, 35, 36, 37, 38, 39], "data": [0.0, 0.0, 0.0005409412809304796, 0.003593776951154122, 0.01287682288238708, 0.0, 0.0, 0.03492950641465576, 0.0, 0.0, 0.007777538042980875, 0.0, 0.002337828252293288, 0.0, 0.0, 0.0, 0.0010805673006711908, 0.0, 0.007305770454075692, 0.0, 0.003555128528566169, 0.0, 0.10074994078823914, 0.0, 0.09237542412405271, 0.0, 0.0, 0.0026619876366299608, 0.0, 0.003319101061272956, 0.0, 0.0, 0.0, 0.0041608243364717416, 0.02166871133137214, 0.0, 0.0, 0.0, 0.0, 0.0]}