{"labels": [0, 1, 2, 3, 4, 5, 6, 7, 8, 9, 10, 11, 12, 13, 14, 15, 16, 17, 18, 19, 20, 21, 22, 23, 24, 25, 26, 27, 28, 29, 30, 31, 32, 33, 34, 35, 36, 37, 38, 39], "data": [0.0, 0.0, 0.0, 0.0016542819261784547, 0.0, 0.002779529099134183, 0.0, 0.0, 0.0, 0.0, 0.0, 0.007664978794099463, 0.0, 0.0, 0.0, 0.0, 0.012620543679511324, 0.0193204161661326, 0.0, 0.0, 0.013707282184832992, 0.018419363392663323, 0.021504295380561343, 0.0, 0.0, 0.008878077111440844, 0.0, 0.019395411701400463, 0.0, 0.0, 0.0, 0.0, 0.0, 0.06133522848608146, 0.03703757963518442, 0.0, 0.0, 0.0, 0.0, 0.0]}