{"labels": [0, 1, 2, 3, 4, 5, 6, 7, 8, 9, 10, 11, 12, 13, 14, 15, 16, 17, 18, 19, 20, 21, 22, 23, 24, 25, 26, 27, 28, 29, 30, 31, 32, 33, 34, 35, 36, 37, 38, 39], "data": [0.00401086260503019, 0.0, 0.0024621689905083206, 0.01017833649884734, 0.0, 0.0, 0.013104231848113476, 0.0, 0.0, 0.001762271701261008, 0.0007333101107460624, 0.0, 0.0, 0.0, 0.0, 0.0, 0.0, 0.0, 0.0, 0.0, 0.0035208794559093612, 0.0, 0.0014378059241300569, 0.0012680410575282386, 0.002114607806026624, 0.0, 0.0011232759780155689, 0.0, 0.0, 0.0, 0.0, 0.000843908760571743, 0.00018032123453003805, 0.13981644021141582, 0.0, 0.0, 0.0, 0.0, 0.0, 0.0]}