{"labels": [0, 1, 2, 3, 4, 5, 6, 7, 8, 9, 10, 11, 12, 13, 14, 15, 16, 17, 18, 19, 20, 21, 22, 23, 24, 25, 26, 27, 28, 29, 30, 31, 32, 33, 34, 35, 36, 37, 38, 39], "data": [0.004511902255066054, 0.0048938554827052585, 0.03185907387480142, 0.0, 0.0, 0.0014117298935586115, 0.004949928876575443, 0.024150396530851926, 0.0, 0.0, 0.011051137627804342, 0.0, 0.0, 0.0, 0.0, 0.030114444349284217, 0.0, 0.0, 0.0, 0.08713184129066319, 0.004208402263355189, 0.005337174143615032, 0.00048126830676051367, 0.0, 0.0, 0.0, 0.0036929426254741246, 0.029163872726060306, 0.0, 0.0, 0.0, 0.0008304101637257716, 0.0, 0.0, 0.0025669708756771875, 0.0, 0.021791864442213905, 0.0, 0.006463520852852251, 0.007737357054070716]}