{"labels": [0, 1, 2, 3, 4, 5, 6, 7, 8, 9, 10, 11, 12, 13, 14, 15, 16, 17, 18, 19, 20, 21, 22, 23, 24, 25, 26, 27, 28, 29, 30, 31, 32, 33, 34, 35, 36, 37, 38, 39], "data": [0.0, 0.0, 0.0, 0.0, 0.0, 0.0, 0.003877393829511688, 0.0, 0.002279058381151876, 0.0, 0.0, 0.0, 0.0, 0.01664656216771482, 0.0, 0.0, 0.0, 0.0, 0.0, 0.0015692450475510212, 0.0, 0.0, 0.0, 0.011795059819168294, 0.031092512805763247, 0.0007518203057329058, 0.1097659457460966, 0.0, 0.0, 0.0, 0.0, 0.07199183360455116, 0.0, 0.01693043352101583, 0.0062083434707692325, 0.0, 0.0, 0.0007748155897025217, 0.0, 0.0]}