{"labels": [0, 1, 2, 3, 4, 5, 6, 7, 8, 9, 10, 11, 12, 13, 14, 15, 16, 17, 18, 19, 20, 21, 22, 23, 24, 25, 26, 27, 28, 29, 30, 31, 32, 33, 34, 35, 36, 37, 38, 39], "data": [0.007366773862510779, 0.0, 0.0, 0.0, 0.037364385586233326, 0.0, 0.0, 0.05777006956890402, 0.0, 0.029494889584642855, 0.0, 0.0, 0.0, 7.064286096866744e-06, 0.0, 0.0, 0.0, 0.0, 0.0, 0.0033605745716098153, 0.0, 0.0, 0.0, 0.0, 0.0, 0.0, 0.0, 0.038236617997374364, 0.0006250505564801178, 0.0, 0.0003854013105255415, 0.0, 0.0012847892509031812, 0.0, 0.0, 0.0, 0.0, 0.0, 0.0, 0.0]}