{"labels": [0, 1, 2, 3, 4, 5, 6, 7, 8, 9, 10, 11, 12, 13, 14, 15, 16, 17, 18, 19, 20, 21, 22, 23, 24, 25, 26, 27, 28, 29, 30, 31, 32, 33, 34, 35, 36, 37, 38, 39], "data": [0.0018056783108556758, 0.0, 0.0, 0.025515619659056975, 0.0, 0.0, 0.035255797991701955, 0.0, 0.0, 0.0007887266823045567, 0.0, 0.0, 0.0, 0.018457198787240135, 0.0010713454042958921, 0.0, 0.0, 0.0, 0.0008527872612319266, 0.0, 0.0, 0.0, 0.0002965495282161925, 0.0026870993190497776, 0.0, 0.0017191877887835218, 0.0, 0.0008189455493153179, 0.0, 0.0, 0.0, 0.0, 0.0, 0.01242557042679144, 0.043674505901009644, 0.0005076628886138405, 0.0002994472553662848, 0.0, 0.003899409366419557, 0.0]}