{"labels": [0, 1, 2, 3, 4, 5, 6, 7, 8, 9, 10, 11, 12, 13, 14, 15, 16, 17, 18, 19, 20, 21, 22, 23, 24, 25, 26, 27, 28, 29, 30, 31, 32, 33, 34, 35, 36, 37, 38, 39], "data": [0.0, 0.0, 0.0021917047319395372, 0.0, 0.01657410472840351, 0.012629202416488673, 0.0, 0.0017639595745438826, 0.0, 0.0, 0.004639696281237111, 9.558526745793645e-05, 0.0, 0.0, 0.003558792088494023, 0.009252520437198734, 0.0017852059485160877, 0.0, 0.021675416015362964, 0.002801390487365038, 0.0, 0.0, 0.0, 0.00016601057182113847, 0.005168460209060604, 0.0, 0.0, 0.0004277233765819338, 0.0, 0.0, 0.007426316698748594, 0.0, 0.0, 0.007041897494471012, 0.0, 0.0, 0.005285418621691594, 0.0, 0.0, 0.0]}