{"labels": [0, 1, 2, 3, 4, 5, 6, 7, 8, 9, 10, 11, 12, 13, 14, 15, 16, 17, 18, 19, 20, 21, 22, 23, 24, 25, 26, 27, 28, 29, 30, 31, 32, 33, 34, 35, 36, 37, 38, 39], "data": [0.00039239857352288773, 0.0, 0.02710641871194818, 0.0, 0.0, 0.0, 0.0, 0.01638488574421105, 0.0, 0.003134526279066933, 0.0, 0.0, 0.0196039344100084, 0.011360980263772554, 0.0, 0.0, 0.0, 0.004758714704503516, 0.011202584694376733, 0.0, 0.0, 0.0, 0.0, 0.0, 0.0, 0.007685876399513758, 0.0, 0.020171358515765563, 0.0, 0.0, 0.0, 0.0, 0.06731007807935964, 0.01272910417771874, 0.024492229733165862, 0.026998108322893816, 0.10194172310602365, 0.0, 0.001406412132368517, 0.0]}