{"labels": [0, 1, 2, 3, 4, 5, 6, 7, 8, 9, 10, 11, 12, 13, 14, 15, 16, 17, 18, 19, 20, 21, 22, 23, 24, 25, 26, 27, 28, 29, 30, 31, 32, 33, 34, 35, 36, 37, 38, 39], "data": [0.018245454168853967, 0.0071506445135732805, 0.016671641153092772, 0.0, 0.001664035088397765, 0.0, 0.0, 0.003605069594996831, 0.0, 0.0, 0.04278776178503811, 0.0, 0.0, 0.0, 0.13929104870792836, 0.0, 0.0, 0.0, 0.0021458958387967323, 0.027063620697792064, 0.0, 0.0, 0.0, 0.0, 0.0, 0.0, 0.0, 0.026427745797573864, 0.0, 0.0, 0.04774367057169862, 0.001061399618072658, 0.004121670549301491, 0.0, 0.0, 0.013605050076917735, 0.0, 0.0, 0.034017385487305145, 0.00010848210089017972]}