{"labels": [0, 1, 2, 3, 4, 5, 6, 7, 8, 9, 10, 11, 12, 13, 14, 15, 16, 17, 18, 19, 20, 21, 22, 23, 24, 25, 26, 27, 28, 29, 30, 31, 32, 33, 34, 35, 36, 37, 38, 39], "data": [0.0, 0.0, 0.0, 0.0, 0.0, 0.06008717743186972, 0.0, 0.02103131584867847, 0.0, 0.0, 0.025112932314984116, 0.0, 0.0, 0.0040676266129802754, 0.0, 0.0, 0.00031433709097432934, 0.0, 0.0, 0.03394256697660571, 0.0, 0.0, 0.0, 0.0030277396496234347, 0.03847018447712287, 0.0, 0.038431721896323164, 0.000985487552316954, 0.0, 0.0, 0.0, 0.0, 0.0, 0.04239019324734514, 0.0, 0.0, 0.0, 0.00450384063992813, 0.03142380935323902, 0.0]}