{"labels": [0, 1, 2, 3, 4, 5, 6, 7, 8, 9, 10, 11, 12, 13, 14, 15, 16, 17, 18, 19, 20, 21, 22, 23, 24, 25, 26, 27, 28, 29, 30, 31, 32, 33, 34, 35, 36, 37, 38, 39], "data": [0.003490064339858876, 0.0037119836282735238, 0.021175249758001245, 0.0, 0.0003271714806492123, 0.0, 0.003347550517580628, 0.0, 0.0164279469813682, 0.004031773508666777, 0.0786168919533672, 0.0, 0.04220208639986601, 0.00046660151458637446, 0.011721486770623384, 0.0, 0.034100364570588786, 0.0, 0.0021004053350758673, 0.0, 0.0, 0.003398930375159837, 0.0007519383370716034, 0.0, 0.0, 0.0, 0.006712667899152203, 0.0, 0.0, 0.0, 0.0, 0.0, 0.0, 0.0, 0.0, 1.2792962042147221e-05, 0.0, 0.0, 0.01414250841631666, 0.003342593815778815]}