{"labels": [0, 1, 2, 3, 4, 5, 6, 7, 8, 9, 10, 11, 12, 13, 14, 15, 16, 17, 18, 19, 20, 21, 22, 23, 24, 25, 26, 27, 28, 29, 30, 31, 32, 33, 34, 35, 36, 37, 38, 39], "data": [0.006368644160532566, 0.0, 0.0, 0.011340899592444175, 0.0, 0.0157713078057514, 0.002176612445129951, 0.0, 0.0, 0.03409465741719781, 0.0034218679863012883, 0.0, 0.03144101525457712, 0.08540008212637103, 0.0002574869776310489, 0.0046745480354849775, 0.0, 0.00107596815564273, 0.0, 0.016839437217622228, 0.0, 0.0017751349692215052, 0.0, 0.05691969217788484, 0.0, 0.014562175593206005, 0.0, 0.0, 0.0, 0.0, 0.0, 0.0, 0.04120145930831844, 0.0, 0.0, 0.0, 0.0, 0.0, 0.026991349900816308, 0.0]}