{"labels": [0, 1, 2, 3, 4, 5, 6, 7, 8, 9, 10, 11, 12, 13, 14, 15, 16, 17, 18, 19, 20, 21, 22, 23, 24, 25, 26, 27, 28, 29, 30, 31, 32, 33, 34, 35, 36, 37, 38, 39], "data": [0.0, 0.0, 0.0, 0.0, 0.0042357691173608445, 0.0, 0.010856276309605591, 0.0, 0.0, 0.0, 0.0, 0.0, 0.0010884282188244184, 0.0, 0.0, 0.0, 0.0028685400499294383, 0.0, 0.0, 0.0, 0.0, 0.0, 0.0, 0.0, 0.11896883776807197, 0.0, 0.0, 0.002115428288800769, 0.0, 0.0, 0.0, 0.0, 0.0, 0.0, 0.0022372768423518704, 0.0, 0.0, 0.027994330636415196, 0.0, 0.0007380146952722905]}