{"labels": [0, 1, 2, 3, 4, 5, 6, 7, 8, 9, 10, 11, 12, 13, 14, 15, 16, 17, 18, 19, 20, 21, 22, 23, 24, 25, 26, 27, 28, 29, 30, 31, 32, 33, 34, 35, 36, 37, 38, 39], "data": [0.0, 0.0, 0.00021561732394731863, 0.0, 0.0, 0.0, 0.00191203495429553, 0.0, 0.0, 0.0, 0.051692847074266204, 0.0, 0.0021246506267594725, 0.0, 0.0, 0.0, 0.0, 0.0, 0.0, 0.0, 0.0011387653945364737, 0.0, 0.003710635313642126, 0.0, 0.0, 0.003862956660274315, 0.0, 0.0, 0.0, 0.0, 0.0, 0.0, 0.0008013437258342891, 0.0, 0.0, 0.002987089102989727, 0.0, 0.006549446809434623, 0.00018130013370849216, 0.00152999389037656]}