{"labels": [0, 1, 2, 3, 4, 5, 6, 7, 8, 9, 10, 11, 12, 13, 14, 15, 16, 17, 18, 19, 20, 21, 22, 23, 24, 25, 26, 27, 28, 29, 30, 31, 32, 33, 34, 35, 36, 37, 38, 39], "data": [0.00022802984963700236, 0.0029024464223443985, 0.0013869932166423653, 3.8384138934022175e-05, 0.0, 0.0009387849783537464, 0.029582609323915335, 0.0, 0.0, 0.012494881353375344, 0.00034820145215500747, 0.0, 0.0, 0.007060892141485991, 0.0, 0.0004917885614631475, 2.4332645352565966e-05, 0.0, 0.0001606419647919065, 0.0, 0.00298906883026627, 0.006456724745760674, 0.0, 0.0, 0.005580084852297079, 0.0, 0.0013652881381486237, 0.0, 0.0, 0.027177778755944175, 0.0, 0.0023180023984623213, 0.007661393453580403, 0.0, 0.0006458529414653313, 0.0, 0.0, 0.01255349944200466, 0.0, 0.0007412072475815217]}