{"labels": [0, 1, 2, 3, 4, 5, 6, 7, 8, 9, 10, 11, 12, 13, 14, 15, 16, 17, 18, 19, 20, 21, 22, 23, 24, 25, 26, 27, 28, 29, 30, 31, 32, 33, 34, 35, 36, 37, 38, 39], "data": [0.0008501036615962414, 0.01790342843870404, 0.014042537528678633, 0.0, 0.00919474656742649, 0.05976800081212594, 0.0, 0.01533481581757253, 0.0, 0.0, 0.0011250891598873617, 0.0, 0.03065527493105664, 0.0, 0.0, 0.001958578931881462, 0.0013211371229583473, 0.0, 0.07264818349947023, 0.0, 0.0020394269786801426, 0.003608771371467091, 0.03773328013826683, 0.001343437758555055, 0.011227585325745842, 0.0, 0.0, 0.026968754582581283, 0.06084668025795064, 0.0, 0.019629435223876657, 0.0, 0.0, 0.0, 0.0073337096601412384, 0.0, 0.0, 0.0, 0.026876692269418422, 0.03449500632680396]}