{"labels": [0, 1, 2, 3, 4, 5, 6, 7, 8, 9, 10, 11, 12, 13, 14, 15, 16, 17, 18, 19, 20, 21, 22, 23, 24, 25, 26, 27, 28, 29, 30, 31, 32, 33, 34, 35, 36, 37, 38, 39], "data": [0.004929867655578922, 0.0, 2.926732453921034e-05, 0.0, 0.0, 0.0, 0.0, 0.0005421429445865119, 0.005330175799853065, 0.0014079941411215202, 0.0, 0.0, 0.0, 0.005221723447911296, 0.0, 0.0, 0.0, 0.04088973711486653, 0.012362891267323118, 0.03071183426607568, 0.0, 0.0, 0.052629545573013456, 0.001669005474660246, 0.0, 0.03066256412309804, 0.0, 0.0, 0.0, 0.0, 0.0, 0.0029100359437562047, 0.045033213530128714, 0.0, 0.010109302601384706, 0.0, 0.0, 0.0005056145795855789, 0.0424678801419234, 0.001039394106490211]}