{"labels": [0, 1, 2, 3, 4, 5, 6, 7, 8, 9, 10, 11, 12, 13, 14, 15, 16, 17, 18, 19, 20, 21, 22, 23, 24, 25, 26, 27, 28, 29, 30, 31, 32, 33, 34, 35, 36, 37, 38, 39], "data": [0.014566514976105773, 0.0, 0.010675193793184908, 0.05580578816918597, 0.0, 0.0, 0.018790111840131744, 0.029660834737976195, 0.0, 0.0, 0.004897914015105096, 0.0006881655959359227, 0.040337418823178775, 0.0, 0.03322378140745446, 0.0, 0.0, 0.0, 0.012510985345821901, 0.0, 0.0, 0.00021592796290825065, 0.017372801047286352, 0.00697123496293118, 0.0035901357576382143, 0.0, 0.0, 0.0, 0.0, 0.005881910005828846, 0.0031938144958778172, 0.043870384223063115, 0.05026016971877418, 0.03928747856046486, 0.028150292301101262, 0.02752500769746239, 0.01210406558822789, 0.0, 0.00036467868890438916, 0.0021457625572875536]}