{"labels": [0, 1, 2, 3, 4, 5, 6, 7, 8, 9, 10, 11, 12, 13, 14, 15, 16, 17, 18, 19, 20, 21, 22, 23, 24, 25, 26, 27, 28, 29, 30, 31, 32, 33, 34, 35, 36, 37, 38, 39], "data": [0.016265304243082868, 0.002813863998595838, 0.0009683326566737193, 0.030517093641031237, 0.007361991179500057, 0.0, 8.766364651784623e-05, 0.0, 0.0, 0.028399212969557233, 0.0, 0.0, 0.0, 0.0, 0.002003661067126378, 0.0, 0.0, 0.006972228064471541, 0.0, 0.0037900889947528214, 0.014948151708983634, 0.0, 0.0, 0.0, 0.0, 0.018565497865397507, 0.0, 0.013913643004459584, 0.0, 0.0, 0.0, 0.04371545996472601, 0.000894053663770037, 0.019706238945276625, 0.004890077327677512, 0.010196083244252037, 0.0, 0.031220118197612536, 0.0, 0.0025769635831242735]}