{"labels": [0, 1, 2, 3, 4, 5, 6, 7, 8, 9, 10, 11, 12, 13, 14, 15, 16, 17, 18, 19, 20, 21, 22, 23, 24, 25, 26, 27, 28, 29, 30, 31, 32, 33, 34, 35, 36, 37, 38, 39], "data": [0.00751174973006374, 0.0, 0.0016103313266837135, 0.0, 0.0, 0.0, 0.0005067980440616559, 0.013306377073251201, 0.0011391215710271172, 0.0, 0.03184960020896349, 0.0, 0.0, 0.031111157730301278, 0.0, 0.027467242810802796, 0.0023591879569079695, 0.0073481901453703105, 0.021188359662351407, 0.00012907096548130974, 0.0017684385290722704, 0.0, 0.03891929539566435, 0.04307623970760844, 0.026950928943519144, 0.0, 0.0021404118551599104, 0.017426769039700044, 0.0, 0.0, 0.03174895166869476, 0.00246803680118629, 0.004473275279998832, 0.001660930312052712, 0.0, 0.0, 0.0, 0.009769606017970804, 0.0005033479228018576, 0.0]}