{"labels": [0, 1, 2, 3, 4, 5, 6, 7, 8, 9, 10, 11, 12, 13, 14, 15, 16, 17, 18, 19, 20, 21, 22, 23, 24, 25, 26, 27, 28, 29, 30, 31, 32, 33, 34, 35, 36, 37, 38, 39], "data": [0.0, 0.0002803800495827844, 0.004112552714280224, 0.0, 0.023037305768851206, 0.0, 0.0023265851158053076, 0.03354066897149065, 0.0, 0.004564896995123361, 0.0, 0.0022363445302285303, 0.01579631377756342, 0.0, 0.0, 0.0, 0.0010656716348332236, 0.00026308830120026934, 0.0, 0.0, 0.0, 0.03036381818463831, 0.00023530278961098733, 0.0, 0.0005203096663854335, 0.0011868136221154717, 0.0, 0.00021918502625161657, 0.006584324994325121, 0.0, 0.0, 0.0, 0.0, 0.003566207015905818, 0.009609925499791604, 0.003754597780789933, 0.006580512387552701, 0.0, 0.0, 0.0]}