{"labels": [0, 1, 2, 3, 4, 5, 6, 7, 8, 9, 10, 11, 12, 13, 14, 15, 16, 17, 18, 19, 20, 21, 22, 23, 24, 25, 26, 27, 28, 29, 30, 31, 32, 33, 34, 35, 36, 37, 38, 39], "data": [0.0008702664840431995, 0.0, 0.0, 0.0, 0.0, 0.0, 0.07330414223725583, 0.0, 0.007049884078870996, 0.0, 0.0, 0.0, 0.0, 0.0030676771330599675, 0.0, 0.0, 0.0, 0.0, 0.0, 0.04243841376422998, 0.0, 0.0008331272536372585, 0.0, 0.0, 0.05001255220870584, 0.0, 0.0, 0.0, 0.0027975652141112185, 0.0, 0.0, 0.0, 0.0, 0.01059649016981561, 0.0, 0.0, 0.0, 0.012686902937373026, 0.0, 0.05885452409484792]}