{"labels": [0, 1, 2, 3, 4, 5, 6, 7, 8, 9, 10, 11, 12, 13, 14, 15, 16, 17, 18, 19, 20, 21, 22, 23, 24, 25, 26, 27, 28, 29, 30, 31, 32, 33, 34, 35, 36, 37, 38, 39], "data": [0.0, 0.03785842087502863, 0.02423921441286615, 0.0, 0.0, 0.0, 0.0077119265900261365, 0.0, 0.0, 0.0, 0.0, 0.002624275744929564, 0.0, 0.0, 0.0, 0.0, 0.0008735580857658523, 0.010330681793754022, 0.0, 0.0, 0.001962435489867889, 0.0, 0.0, 0.018716710457175607, 0.00822927374738973, 0.0, 0.0, 0.0, 0.003875617523282014, 0.0, 0.04879657222760796, 0.0015548379576913642, 0.0, 0.0, 0.0, 0.00019485453828888133, 0.028598390400067755, 0.0123121047945128, 0.0, 0.00026030395148378193]}