{"labels": [0, 1, 2, 3, 4, 5, 6, 7, 8, 9, 10, 11, 12, 13, 14, 15, 16, 17, 18, 19, 20, 21, 22, 23, 24, 25, 26, 27, 28, 29, 30, 31, 32, 33, 34, 35, 36, 37, 38, 39], "data": [0.0, 0.00034321438296492626, 0.0, 0.011888427930972764, 0.0, 0.026080960270497614, 0.030455208856661035, 0.0021347589565696577, 0.01205908248483362, 0.04058507527170245, 0.0, 0.004337553343287589, 0.0, 0.004277306219278148, 0.023840859668712765, 0.0, 0.0, 0.0, 0.0, 0.0008129406112757974, 0.0, 0.016785211911774327, 0.001688709483147368, 0.0, 0.0, 0.0, 0.0, 0.0, 0.0, 0.0, 0.0028642516646213605, 0.0, 0.0, 0.044424771115749294, 0.0, 0.0, 0.005301640968481172, 0.008463683237724931, 0.0026667303951345305, 0.0]}