{"labels": [0, 1, 2, 3, 4, 5, 6, 7, 8, 9, 10, 11, 12, 13, 14, 15, 16, 17, 18, 19, 20, 21, 22, 23, 24, 25, 26, 27, 28, 29, 30, 31, 32, 33, 34, 35, 36, 37, 38, 39], "data": [0.01885631847938524, 0.005771879457251648, 0.0, 0.05339927551923881, 0.017718170006617625, 0.0028549456151619546, 0.003239863840011287, 0.0, 0.0, 0.016868212003892963, 0.0, 0.0026143441989869847, 0.008093650969510025, 0.012249935717029708, 0.008542289941579493, 0.0, 0.0010067148997510208, 0.014807949038266092, 0.021911592976034726, 0.0, 0.017817926359510166, 0.025183357549341437, 0.0, 0.0005937421689236013, 6.534823563864817e-05, 0.057134138091473136, 0.00024085868702616056, 0.0, 0.0, 0.0, 0.009740478834056876, 0.006325806003175135, 0.0009034640506451812, 0.0, 0.010105771393743983, 0.0, 0.0, 0.0, 0.008196849605418725, 0.018992307172102364]}