{"labels": [0, 1, 2, 3, 4, 5, 6, 7, 8, 9, 10, 11, 12, 13, 14, 15, 16, 17, 18, 19, 20, 21, 22, 23, 24, 25, 26, 27, 28, 29, 30, 31, 32, 33, 34, 35, 36, 37, 38, 39], "data": [0.0010681173387167102, 0.001706766410481565, 0.0005287272817250765, 0.0, 0.014311193203931124, 0.003195445336970561, 0.012752355289937081, 0.0, 0.0, 0.0, 0.0, 0.0, 0.0032554648539978278, 0.0, 0.0, 0.024254266057764488, 0.03651394542730327, 0.022743820516306416, 0.004995875136663612, 0.001080192206066797, 0.0, 0.0017643135976075734, 0.07440609488629091, 0.0, 0.0, 0.016472284225840798, 0.0004061833033429611, 7.622400034623104e-05, 0.012747604475016487, 0.0, 0.0, 0.0, 0.0, 0.010424423426522533, 0.012246132167114157, 0.0020213686558595793, 0.0, 0.01354306736032114, 0.0, 0.00045143232577700285]}