{"labels": [0, 1, 2, 3, 4, 5, 6, 7, 8, 9, 10, 11, 12, 13, 14, 15, 16, 17, 18, 19, 20, 21, 22, 23, 24, 25, 26, 27, 28, 29, 30, 31, 32, 33, 34, 35, 36, 37, 38, 39], "data": [0.036694882825765246, 0.0, 0.0, 0.0005238068466431567, 0.0, 0.0, 0.016531691359424942, 0.011414813754191733, 0.0, 0.0, 0.0, 0.0, 0.0, 0.0, 0.0, 0.002251226703579599, 0.0, 0.0012985538627345529, 0.004200488117953349, 0.0037823513126510728, 0.0, 0.0028046656322097017, 0.0017888327234460647, 0.0, 0.0, 0.0067240988090178245, 0.0, 1.5567100207118236e-05, 0.0, 0.0, 0.0, 0.0, 0.031223134910419864, 0.0, 0.005841411787964129, 0.021492439378455006, 0.0, 0.03076373669781405, 0.0, 0.0]}