{"labels": [0, 1, 2, 3, 4, 5, 6, 7, 8, 9, 10, 11, 12, 13, 14, 15, 16, 17, 18, 19, 20, 21, 22, 23, 24, 25, 26, 27, 28, 29, 30, 31, 32, 33, 34, 35, 36, 37, 38, 39], "data": [0.0, 0.011987054353786296, 0.004774550161107689, 0.0, 0.006811570221482908, 0.024584135449460708, 0.020889878685091533, 0.0, 0.0, 0.016154403781689097, 0.0013942599055671236, 0.03727535349610389, 0.019549052563484666, 0.0, 0.0, 0.0, 0.0027081748633922993, 0.0, 0.014516643974378603, 0.0, 0.0, 0.003034797241089173, 0.0012762904969079642, 0.0, 0.0, 0.0, 0.005347086948927252, 0.0002946969137618097, 0.000913179668761001, 0.0, 0.04400373875966094, 0.0007019351831442348, 0.00038954707556229347, 0.0, 0.01504087406412669, 0.0, 0.0, 0.01318580014472152, 0.03881036853587286, 0.0034006161530556528]}