{"labels": [0, 1, 2, 3, 4, 5, 6, 7, 8, 9, 10, 11, 12, 13, 14, 15, 16, 17, 18, 19, 20, 21, 22, 23, 24, 25, 26, 27, 28, 29, 30, 31, 32, 33, 34, 35, 36, 37, 38, 39], "data": [0.0, 0.0, 0.0, 0.03390943588843434, 0.0, 0.0, 0.009030924907861499, 0.0, 0.0028619135192417653, 0.006184617579349346, 0.0, 0.0033690117001449935, 0.0, 0.0, 0.0002175748067434669, 0.0, 0.0, 0.0, 0.0, 0.0, 0.0, 0.0, 0.0, 0.012780033523640676, 0.0024591089781111517, 0.0, 0.0, 0.052421852801456045, 0.0, 0.0, 0.0, 0.0, 0.0, 0.01947757098714954, 0.0, 0.0428825890573619, 0.0, 0.0017648218908338758, 0.008896884667259365, 0.0]}