{"labels": [0, 1, 2, 3, 4, 5, 6, 7, 8, 9, 10, 11, 12, 13, 14, 15, 16, 17, 18, 19, 20, 21, 22, 23, 24, 25, 26, 27, 28, 29, 30, 31, 32, 33, 34, 35, 36, 37, 38, 39], "data": [0.002418644008580103, 0.0, 0.0, 0.0, 0.058240324228734965, 0.0, 0.03580775156941305, 0.0, 0.0, 0.00569410452514732, 0.0, 0.0, 0.004283673212490102, 0.008921134788290498, 0.0, 0.0011920646720382858, 0.017435195196025686, 0.0, 0.006427311036342821, 0.0, 0.0, 0.0, 0.0, 0.0, 0.0, 0.0, 0.0, 0.0, 0.0, 0.0, 0.0, 0.0, 0.0, 0.01243235300766211, 0.0016289164044932952, 0.0, 0.0, 0.0, 0.012023859175001799, 0.0]}