{"labels": [0, 1, 2, 3, 4, 5, 6, 7, 8, 9, 10, 11, 12, 13, 14, 15, 16, 17, 18, 19, 20, 21, 22, 23, 24, 25, 26, 27, 28, 29, 30, 31, 32, 33, 34, 35, 36, 37, 38, 39], "data": [0.0, 0.005300652924605708, 0.0043576873215647625, 0.0, 0.0, 0.020783820964355992, 0.0, 0.0, 0.0, 0.0, 0.000900349732404045, 0.0, 0.0, 0.00021358802236240426, 0.002387256206752078, 0.0, 0.0, 0.0, 0.0002617486928799653, 0.00239471613577018, 0.0, 0.022682968785632782, 0.04727588662086861, 0.0, 0.0, 0.0, 0.001400009546065251, 0.02040968132955341, 0.0, 0.0, 0.03208727368487313, 0.0, 0.0, 0.005554021532021851, 0.0, 0.0, 0.15102466231083161, 0.007339833910086943, 6.041468587823856e-05, 0.003100179474904133]}