{"labels": [0, 1, 2, 3, 4, 5, 6, 7, 8, 9, 10, 11, 12, 13, 14, 15, 16, 17, 18, 19, 20, 21, 22, 23, 24, 25, 26, 27, 28, 29, 30, 31, 32, 33, 34, 35, 36, 37, 38, 39], "data": [0.0, 0.0, 0.003923897534738312, 0.0, 0.0, 0.0015995814200412898, 0.0, 0.030613072928465313, 0.0, 0.0, 0.02315502350749766, 0.0, 0.0008158162362557554, 0.0, 0.000620087950040638, 0.00045649843129078537, 0.0024266505938186403, 0.0, 0.005336413058013086, 0.0012988872348345475, 0.0, 0.0, 0.05729167507276002, 0.0, 0.005338027070276051, 0.008634185625530316, 0.0, 0.003529455512149669, 0.0, 0.007463874550160472, 0.0, 0.0005933485893954185, 0.0, 0.0006807576500219186, 0.0, 0.0, 0.0, 0.0, 0.0027754658888946336, 0.0006371444153876165]}