{"labels": [0, 1, 2, 3, 4, 5, 6, 7, 8, 9, 10, 11, 12, 13, 14, 15, 16, 17, 18, 19, 20, 21, 22, 23, 24, 25, 26, 27, 28, 29, 30, 31, 32, 33, 34, 35, 36, 37, 38, 39], "data": [0.0, 0.018390276245160483, 0.0015824693357825656, 0.04349146928049715, 0.012199342087753072, 0.0, 0.0, 0.01874488104439082, 0.0, 0.0010675572558092828, 0.0020446490567696094, 0.002765069755673555, 0.003790732477361419, 0.02303772197873137, 0.0, 0.0008225157524747164, 0.005930739263492403, 0.00816437440794729, 0.0, 0.0, 0.009501557951187026, 0.0, 0.0, 0.0, 0.0037503865011725315, 0.009080260603256916, 0.0, 0.015508119554616992, 0.012775279787626994, 0.006354258144965104, 0.026860093890669817, 0.0495696412829134, 0.004442382571052248, 0.0, 0.024743526056852795, 0.0, 0.0, 0.025537978365035047, 0.0, 0.003064040986024668]}