{"labels": [0, 1, 2, 3, 4, 5, 6, 7, 8, 9, 10, 11, 12, 13, 14, 15, 16, 17, 18, 19, 20, 21, 22, 23, 24, 25, 26, 27, 28, 29, 30, 31, 32, 33, 34, 35, 36, 37, 38, 39], "data": [0.01063125914014429, 0.0, 0.018609049730466565, 0.0, 0.014234081653474126, 0.06955571834952523, 0.009498824885770436, 0.02351152262190465, 0.0, 0.0, 0.0, 0.002331611733598021, 0.0, 0.019068834130006252, 0.0, 0.0, 0.0, 0.025963350138010932, 0.0, 0.017194701150428267, 0.0, 0.004039230250431413, 0.0, 0.0, 0.08615886394308714, 0.004235851448425427, 0.06016768114914142, 0.0, 0.0, 0.0, 0.0, 0.0, 0.0, 0.0, 0.0, 0.0010283499412080898, 0.0, 0.049312763890378586, 0.0, 0.023898539365979056]}