{"labels": [0, 1, 2, 3, 4, 5, 6, 7, 8, 9, 10, 11, 12, 13, 14, 15, 16, 17, 18, 19, 20, 21, 22, 23, 24, 25, 26, 27, 28, 29, 30, 31, 32, 33, 34, 35, 36, 37, 38, 39], "data": [0.0, 0.0, 0.0006379127449829597, 0.0, 0.0, 0.0, 0.074035251963393, 0.0004345124625234489, 0.0, 0.0, 0.0028418365435818995, 0.0, 0.0471021304306474, 0.0, 0.0, 0.0024309151828661446, 0.0, 0.0, 0.0, 0.0, 0.0, 0.000781758243587017, 0.0, 0.0, 0.0, 0.0, 0.0, 0.0, 0.0, 0.02220393200308726, 0.0, 0.001789397600370216, 0.011734473370315595, 0.0, 0.014854186246055574, 0.0, 0.049506983244185926, 0.0, 0.0, 0.0005075705353784101]}