{"labels": [0, 1, 2, 3, 4, 5, 6, 7, 8, 9, 10, 11, 12, 13, 14, 15, 16, 17, 18, 19, 20, 21, 22, 23, 24, 25, 26, 27, 28, 29, 30, 31, 32, 33, 34, 35, 36, 37, 38, 39], "data": [0.040461779465883065, 0.0, 0.0, 0.0, 0.0, 0.0, 0.0, 0.0, 0.0, 0.1539432886555973, 0.0, 0.0, 0.0, 0.00594488973451039, 0.0, 0.0, 0.05986315617217598, 0.012437239906079603, 0.0, 0.0, 0.0, 0.0, 0.0, 0.0, 0.00040873550457879267, 0.0, 0.0, 0.00011963966035758037, 0.0, 0.0, 0.0, 0.0, 0.0, 0.0, 0.007679112010881574, 0.0, 0.0, 0.0, 0.0, 0.01918202329818158]}