{"labels": [0, 1, 2, 3, 4, 5, 6, 7, 8, 9, 10, 11, 12, 13, 14, 15, 16, 17, 18, 19, 20, 21, 22, 23, 24, 25, 26, 27, 28, 29, 30, 31, 32, 33, 34, 35, 36, 37, 38, 39], "data": [0.00043030748642049167, 0.002665307503327883, 0.014144827293079008, 0.017451591070817056, 0.004679124350394492, 0.0, 0.0, 0.0034126246588221834, 0.0, 0.010017591520774628, 0.0, 0.0, 0.015052440941084821, 0.000563577642341265, 0.0013061788551866507, 0.0, 0.0, 0.005168450364437016, 0.0, 0.002014911905502034, 0.0, 0.05681532405179517, 0.0, 0.0, 0.06063691565958623, 0.0, 0.0, 0.0, 0.0, 0.0, 0.02757696835863352, 0.08289881382979586, 0.03174686323052707, 0.0, 0.0, 0.0, 0.0, 0.0, 0.03086179063415513, 0.036327768478392586]}