{"labels": [0, 1, 2, 3, 4, 5, 6, 7, 8, 9, 10, 11, 12, 13, 14, 15, 16, 17, 18, 19, 20, 21, 22, 23, 24, 25, 26, 27, 28, 29, 30, 31, 32, 33, 34, 35, 36, 37, 38, 39], "data": [0.02138275211559774, 0.0, 0.0, 0.0, 0.005340065293654754, 0.0, 0.0, 0.0, 0.0, 0.017444294685245793, 0.0, 0.0016202429948222016, 0.04020270089336994, 0.01880011459744863, 0.0, 0.02934747695591522, 0.0, 0.006152719104591251, 0.0006967673229082715, 0.0027459258639931853, 0.0, 0.05238281644961677, 0.04898432322482552, 0.0, 0.0, 0.01871015521456867, 0.0, 0.0, 0.0, 0.00048664165557487065, 0.0, 0.02609958807482689, 0.0008247554679231796, 0.007153146423191771, 0.012494281926646306, 0.0, 0.0, 0.0, 0.0, 0.006726390914202691]}