{"labels": [0, 1, 2, 3, 4, 5, 6, 7, 8, 9, 10, 11, 12, 13, 14, 15, 16, 17, 18, 19, 20, 21, 22, 23, 24, 25, 26, 27, 28, 29, 30, 31, 32, 33, 34, 35, 36, 37, 38, 39], "data": [0.005751953999222599, 0.0, 4.9929254939634517e-05, 0.00025748101752253496, 0.02806735993550976, 0.000651569769566154, 0.01633280530794319, 0.0, 0.0, 0.03563825512397984, 0.0181944753997817, 0.0043537152138441865, 0.0, 0.03829031427385385, 0.0, 0.0017992857516158645, 0.0, 0.0, 0.0, 0.02415945712759145, 0.0, 0.0, 0.0, 0.004436915828318771, 0.0017572636584175655, 0.01629029784365559, 0.0, 0.0008356153214283364, 0.0, 0.008559121545703641, 0.0, 0.004541138309748631, 0.004018858774116935, 0.0027192349598031333, 0.006523712994020712, 0.0, 0.0, 0.0, 0.02857590017104622, 0.007138428104357062]}