{"labels": [0, 1, 2, 3, 4, 5, 6, 7, 8, 9, 10, 11, 12, 13, 14, 15, 16, 17, 18, 19, 20, 21, 22, 23, 24, 25, 26, 27, 28, 29, 30, 31, 32, 33, 34, 35, 36, 37, 38, 39], "data": [0.010477086138751259, 0.0, 0.0008614752704938132, 0.0, 0.0, 0.0, 0.0, 0.0016827169102036311, 0.0, 0.0, 0.0, 0.0, 0.005817080885399374, 0.0, 0.0, 0.0, 0.0, 0.0, 0.0, 0.0, 0.0, 0.001066713681213052, 0.0, 0.0, 0.0018470004522425955, 0.06262022415705662, 0.0, 0.0, 0.0036931717678677194, 0.0010965430254225282, 0.0012304893300812685, 0.0, 0.0, 0.0157475142928105, 0.017822125051278614, 0.001885560671766457, 0.0, 0.0, 0.0, 0.0]}