{"labels": [0, 1, 2, 3, 4, 5, 6, 7, 8, 9, 10, 11, 12, 13, 14, 15, 16, 17, 18, 19, 20, 21, 22, 23, 24, 25, 26, 27, 28, 29, 30, 31, 32, 33, 34, 35, 36, 37, 38, 39], "data": [0.0, 0.0, 0.0, 0.0, 0.007251541624179361, 0.0, 0.007875162993608312, 0.0027717956979574744, 0.0, 0.0, 0.0, 0.0008854858325552094, 0.0, 0.0, 0.0, 0.0, 0.007411561144218591, 0.0057821981460294235, 0.006182537916914548, 0.00013792374193676805, 0.0, 0.0, 0.0023071967448996364, 0.0, 0.00042621368618699903, 0.0, 0.0, 0.036628522206468415, 0.0, 0.0, 4.0065494865743995e-05, 0.00391448454857209, 0.0, 0.0, 0.0, 0.057294365135534465, 0.0338266979008785, 0.01921152964288144, 0.008879670203134115, 0.0]}