{"labels": [0, 1, 2, 3, 4, 5, 6, 7, 8, 9, 10, 11, 12, 13, 14, 15, 16, 17, 18, 19, 20, 21, 22, 23, 24, 25, 26, 27, 28, 29, 30, 31, 32, 33, 34, 35, 36, 37, 38, 39], "data": [0.0, 0.0, 0.020846509334866106, 0.0, 0.0, 0.0, 0.006935948213621271, 0.02404100052041028, 0.003283639428716984, 0.007628921245520151, 0.0, 0.00020317449841131266, 0.0, 0.0, 0.0, 0.0018166503226426057, 0.0, 0.015674593712668137, 0.0, 0.0, 0.0077981704831377955, 0.014102044359445657, 0.0020922592150724615, 0.0, 0.005377463695384093, 0.0, 0.0, 0.026786519992925605, 0.0, 0.01602101206878287, 0.0, 0.004263519658537302, 0.0, 0.019348954413737452, 0.01117260755240209, 0.0, 0.03224084420501593, 0.0018189470053747037, 0.0, 5.705046294768005e-05]}