{"labels": [0, 1, 2, 3, 4, 5, 6, 7, 8, 9, 10, 11, 12, 13, 14, 15, 16, 17, 18, 19, 20, 21, 22, 23, 24, 25, 26, 27, 28, 29, 30, 31, 32, 33, 34, 35, 36, 37, 38, 39], "data": [0.008037382749362616, 0.0, 0.0, 0.0, 0.003025546229066128, 0.0, 0.036129283855359726, 0.000694410424273352, 0.0, 0.0, 0.0, 0.0, 0.0, 0.0, 0.0, 0.0, 0.0021543789811400214, 0.009460328430807494, 0.0, 0.052132422515634894, 0.0, 0.0011987030683499695, 0.0, 0.0, 0.0, 0.004240604572283741, 0.0, 0.0, 0.0017844617743284009, 0.0, 0.0, 0.0, 0.0, 0.0, 0.035142312272367505, 0.0, 0.0, 0.011280317887123156, 0.0, 0.0]}