{"labels": [0, 1, 2, 3, 4, 5, 6, 7, 8, 9, 10, 11, 12, 13, 14, 15, 16, 17, 18, 19, 20, 21, 22, 23, 24, 25, 26, 27, 28, 29, 30, 31, 32, 33, 34, 35, 36, 37, 38, 39], "data": [0.0, 0.04865559491370163, 0.01780609700124961, 0.0, 0.0, 0.005912852279433396, 0.025137806226830702, 0.0, 1.3575944259099305e-05, 0.0, 0.0, 0.0, 0.006661707571189978, 0.0, 0.0, 0.0, 0.0, 0.0, 0.0021487478426219435, 0.001844759678753537, 0.0, 0.0, 0.0, 0.0, 0.0, 0.0, 0.001103182272445766, 0.0, 0.0, 0.0, 0.0, 0.0, 0.007861591361569598, 0.00632265514794272, 0.0, 0.0, 0.12024847199693316, 0.0011223539861489136, 0.0, 0.0]}