{"labels": [0, 1, 2, 3, 4, 5, 6, 7, 8, 9, 10, 11, 12, 13, 14, 15, 16, 17, 18, 19, 20, 21, 22, 23, 24, 25, 26, 27, 28, 29, 30, 31, 32, 33, 34, 35, 36, 37, 38, 39], "data": [0.0029190998120831747, 0.0, 0.0, 0.0, 0.0, 0.0, 0.0, 0.00685098235800737, 0.09669702710851497, 0.0, 0.0, 0.0016640787948805026, 0.0, 0.00043326404463648086, 0.0, 0.0, 0.0, 0.0, 0.0, 0.0, 0.049805696437305445, 0.0, 0.0, 0.03550223050779253, 0.0, 0.0, 0.003982995573381546, 0.025622448765567123, 0.0, 0.0, 0.0, 0.0008264391764343701, 0.0014046130648099103, 0.03388171283653716, 0.0009727966787780979, 0.006168095044055918, 0.0, 0.05582556404303238, 0.004515706361586545, 0.01073501768668564]}