{"labels": [0, 1, 2, 3, 4, 5, 6, 7, 8, 9, 10, 11, 12, 13, 14, 15, 16, 17, 18, 19, 20, 21, 22, 23, 24, 25, 26, 27, 28, 29, 30, 31, 32, 33, 34, 35, 36, 37, 38, 39], "data": [0.022865403105169862, 0.0, 0.014928624794580759, 0.010074680119981205, 0.03707048088221883, 0.0, 0.006395823482670282, 0.0, 0.0023492397559717357, 0.0, 0.0018261814450238067, 0.0028110383009735986, 0.05393244189189241, 0.0, 0.0070178782146156264, 0.002376442752124024, 0.0, 0.01401925307079402, 0.01489298083926643, 0.0016053503371878293, 0.0019496470175411858, 0.009563993161575466, 0.0, 0.0, 0.018259186829874145, 0.01869533503134332, 0.0031606553049659445, 0.0011787988007454788, 0.0, 0.0, 0.04669804779896839, 0.008622131742179491, 0.0, 0.005842040211627579, 0.0, 0.004037312501727819, 0.0, 0.01744394780487129, 0.0, 0.0]}