{"labels": [0, 1, 2, 3, 4, 5, 6, 7, 8, 9, 10, 11, 12, 13, 14, 15, 16, 17, 18, 19, 20, 21, 22, 23, 24, 25, 26, 27, 28, 29, 30, 31, 32, 33, 34, 35, 36, 37, 38, 39], "data": [0.0, 0.0, 0.0, 0.0, 0.0, 0.0, 0.019072271133651668, 0.0, 0.004734382960492681, 0.0, 0.0, 0.0032402231025184716, 0.0, 0.036141962618343834, 0.0, 0.022306340870891138, 0.0015313329059796579, 0.022853731426673032, 0.0, 0.0015905624595709798, 0.0, 0.0021634493711219765, 0.0, 0.007486439082360209, 0.0023985553906005607, 0.0, 0.0, 0.0010640897032766791, 0.003823722393233907, 0.0, 0.0, 0.0, 0.0001336936363332216, 0.02921690440190238, 0.0, 0.03696338080277189, 0.0019529399016732865, 0.03763139595068663, 0.0, 0.0]}