{"labels": [0, 1, 2, 3, 4, 5, 6, 7, 8, 9, 10, 11, 12, 13, 14, 15, 16, 17, 18, 19, 20, 21, 22, 23, 24, 25, 26, 27, 28, 29, 30, 31, 32, 33, 34, 35, 36, 37, 38, 39], "data": [0.0, 0.0, 0.0, 0.004381412952376876, 0.0, 0.0, 0.010881760490439164, 0.03593864493105902, 0.0008631960028599138, 0.014165777705450827, 0.0, 0.002642015492112615, 0.011251648480701853, 0.060447194094530504, 0.0, 0.021227561645111206, 0.0, 0.008849416145466015, 0.018434731700307214, 0.04541862426287733, 0.008542324138586292, 0.01921671264903696, 0.0, 0.02412760930877312, 0.0, 0.010872054752990055, 0.00047409405506140855, 0.019191184686807354, 0.0, 0.0, 0.0, 0.010368552958206314, 0.0, 0.0, 0.0023318364729322826, 0.0021243579114335076, 0.0, 0.0, 0.000370577931045072, 0.0]}