{"labels": [0, 1, 2, 3, 4, 5, 6, 7, 8, 9, 10, 11, 12, 13, 14, 15, 16, 17, 18, 19, 20, 21, 22, 23, 24, 25, 26, 27, 28, 29, 30, 31, 32, 33, 34, 35, 36, 37, 38, 39], "data": [0.0, 0.0, 0.017229663687184166, 0.012340582812895731, 0.0, 0.0, 0.016438392298842083, 0.0, 0.001968804837919974, 0.0, 0.045464325927238924, 0.0010223623677407968, 0.0, 0.0, 0.0, 0.02258410017880719, 0.013802018049351918, 0.0, 0.0, 0.038306208276481596, 0.0231378085888948, 0.0, 0.0, 0.005634186860067964, 0.0, 0.14999311636174642, 0.0, 0.0, 0.0, 0.0, 0.0, 0.0, 0.008052915746651935, 0.006477839564560842, 0.06978033228405724, 0.0, 0.0, 0.0, 0.0, 0.0]}