{"labels": [0, 1, 2, 3, 4, 5, 6, 7, 8, 9, 10, 11, 12, 13, 14, 15, 16, 17, 18, 19, 20, 21, 22, 23, 24, 25, 26, 27, 28, 29, 30, 31, 32, 33, 34, 35, 36, 37, 38, 39], "data": [0.005615037811008343, 0.011632980826909839, 0.0, 0.007145176039907244, 0.008229367022301204, 0.007270748694766258, 0.0020285877960834393, 0.0, 0.0, 0.0016440150608791517, 0.0, 0.002432514676916298, 7.827409232100122e-05, 0.00015085804461603626, 0.0, 0.0, 0.0, 0.011124200290177319, 0.00036815475972453424, 0.003372547056533456, 0.0064395490647327, 0.000333223513655635, 0.001259306288562567, 0.0021643633725992734, 1.4449569013506775e-05, 0.0015616353557082953, 0.0011889568680755322, 0.023767017917047464, 0.0018838525320580936, 0.006286856754555058, 0.008116909497020836, 0.0036816411515740947, 0.0012463289492880736, 0.07412656150587615, 0.009844898403571828, 0.0, 0.0, 0.0022592255871065666, 0.03366876699289341, 0.0]}