{"labels": [0, 1, 2, 3, 4, 5, 6, 7, 8, 9, 10, 11, 12, 13, 14, 15, 16, 17, 18, 19, 20, 21, 22, 23, 24, 25, 26, 27, 28, 29, 30, 31, 32, 33, 34, 35, 36, 37, 38, 39], "data": [0.0, 0.008443499116127818, 0.0, 0.0, 0.02963092036048691, 0.0, 0.029771816024487974, 0.07164621860012227, 0.0, 0.029167498567763604, 0.0, 4.3138907564277026e-05, 0.0, 0.003374163043874562, 0.011009851766194347, 0.0, 0.0, 0.0, 0.00044098061255741906, 0.028972906471180115, 0.04764717723295172, 0.0, 0.0, 0.0, 0.009343502705115995, 0.0, 0.0, 0.0, 0.0, 0.022109707398390778, 0.0, 0.0, 0.003334702798336803, 0.0, 0.0, 0.0, 0.0, 0.0, 0.0, 0.0016560735226120369]}