{"labels": [0, 1, 2, 3, 4, 5, 6, 7, 8, 9, 10, 11, 12, 13, 14, 15, 16, 17, 18, 19, 20, 21, 22, 23, 24, 25, 26, 27, 28, 29, 30, 31, 32, 33, 34, 35, 36, 37, 38, 39], "data": [0.0, 0.0, 0.0, 0.0, 0.008349872419505836, 0.0, 0.015126222222591535, 0.00423228562314645, 0.007477395351084772, 0.0, 0.0, 0.006896313851493987, 0.0, 0.0, 0.005175928020650634, 0.006549289366051387, 0.10111289740782445, 0.012386423167818825, 0.0, 0.0, 0.0006773888200477107, 0.00981122776330521, 0.0, 0.0, 0.0, 0.02288458461623024, 0.0006852796619413335, 0.0, 6.039280109753472e-05, 0.0, 0.029131201187753232, 0.0024546682886246686, 0.0, 0.0, 0.032838170127002166, 0.0, 0.0, 0.004893485139768511, 0.050460936724286046, 0.07230894567014949]}