{"labels": [0, 1, 2, 3, 4, 5, 6, 7, 8, 9, 10, 11, 12, 13, 14, 15, 16, 17, 18, 19, 20, 21, 22, 23, 24, 25, 26, 27, 28, 29, 30, 31, 32, 33, 34, 35, 36, 37, 38, 39], "data": [5.439886620955052e-05, 0.0, 0.027203752864558093, 0.010652122213147965, 0.010847345212266888, 0.0, 0.010925144586755317, 0.007822088128705506, 0.013201250853181213, 0.0, 0.0015700210436372572, 0.007784574582856098, 0.017997665070844923, 0.0, 0.0, 0.0, 0.016626169132849884, 0.0, 0.0, 0.03975648733410734, 0.0, 0.0036247820010918167, 0.0, 0.0, 0.002212421759805309, 0.0, 0.0010697728799505596, 0.0, 0.0, 0.017124372667580448, 0.0, 0.0035928518200448742, 0.012083502426825153, 0.010950040424601484, 0.0035230042589308474, 0.007521772767327928, 0.009187913067809606, 0.018086804874488608, 0.0, 0.0]}