{"labels": [0, 1, 2, 3, 4, 5, 6, 7, 8, 9, 10, 11, 12, 13, 14, 15, 16, 17, 18, 19, 20, 21, 22, 23, 24, 25, 26, 27, 28, 29, 30, 31, 32, 33, 34, 35, 36, 37, 38, 39], "data": [0.0, 0.0007730603880317906, 0.0, 0.03272775196099907, 0.0, 0.002150662676941197, 0.0, 0.010856323517394134, 0.0, 0.0, 0.0, 0.0, 0.0, 0.03692067421272979, 0.0, 0.0, 0.017844492445596553, 0.0, 7.71293515078692e-05, 0.0, 0.0, 0.03426857474428716, 0.03206711440827759, 0.0, 0.0, 0.0, 0.0, 0.0, 0.0, 0.0, 0.01803835278561884, 0.06450460876604028, 0.00017420910950821747, 0.025705205713628606, 0.0, 0.0, 0.0, 0.040246521759330536, 0.0, 0.0]}