{"labels": [0, 1, 2, 3, 4, 5, 6, 7, 8, 9, 10, 11, 12, 13, 14, 15, 16, 17, 18, 19, 20, 21, 22, 23, 24, 25, 26, 27, 28, 29, 30, 31, 32, 33, 34, 35, 36, 37, 38, 39], "data": [0.022461204284879417, 0.000519671111039171, 0.0, 0.0, 0.0, 0.0, 0.0, 0.0, 0.0, 0.0030701581084262557, 0.0029756428393191772, 0.0, 0.0, 0.0, 0.0, 0.016335641804292006, 0.0, 0.006823358730011965, 0.0, 0.029813391173199567, 0.003796471849910522, 0.026975251393269117, 0.0017936283823770968, 0.01706833841189264, 0.0, 0.02760437769592429, 0.0, 0.008509830001942928, 0.0, 0.0, 0.0, 0.0, 0.0012176121259007916, 0.0, 0.00014716962796979387, 0.057334402617755756, 0.0, 0.07051059008026543, 0.0, 0.0013707215323801873]}