{"labels": [0, 1, 2, 3, 4, 5, 6, 7, 8, 9, 10, 11, 12, 13, 14, 15, 16, 17, 18, 19, 20, 21, 22, 23, 24, 25, 26, 27, 28, 29, 30, 31, 32, 33, 34, 35, 36, 37, 38, 39], "data": [0.0, 0.0, 0.0, 0.0, 0.0, 0.017760968413106183, 0.06006539092671575, 0.0, 0.033017500140814275, 0.0, 0.0, 0.005737833142375217, 0.0, 0.0, 0.0, 0.0011925010237955449, 0.0, 0.012650619549123316, 0.0, 0.0, 0.03898398249319406, 0.0, 0.0, 0.0, 0.0, 0.033551244948217644, 0.0, 0.0, 0.0, 0.0, 0.0, 0.0, 0.0, 0.0, 0.0, 0.05026318832550757, 0.00045171508881490134, 0.0, 0.0, 0.0]}