{"labels": [0, 1, 2, 3, 4, 5, 6, 7, 8, 9, 10, 11, 12, 13, 14, 15, 16, 17, 18, 19, 20, 21, 22, 23, 24, 25, 26, 27, 28, 29, 30, 31, 32, 33, 34, 35, 36, 37, 38, 39], "data": [0.003579891678315752, 0.0, 0.0, 0.06522418819385085, 0.003947918949742801, 0.010454523721451881, 0.0041967586000579045, 0.0, 0.0, 0.014674785885528728, 0.005120486946909527, 0.0, 0.0016849499656990366, 0.03359031650496817, 0.005791796704790762, 0.0005824504998238612, 0.008148135079499528, 0.0, 0.011852511383837422, 0.0, 0.006670568629358907, 0.0007805376495295597, 0.0008949397670405646, 0.02671285446071362, 0.0, 0.012188809858428837, 0.026673513536029772, 0.01869426570428835, 0.017990929162158293, 5.779735842670385e-06, 0.0003806289650939528, 0.0479647962590254, 0.0, 0.0, 0.018475513507588498, 0.0, 0.0, 0.03628830105049729, 0.00535719699526927, 0.0016209690495901058]}