{"labels": [0, 1, 2, 3, 4, 5, 6, 7, 8, 9, 10, 11, 12, 13, 14, 15, 16, 17, 18, 19, 20, 21, 22, 23, 24, 25, 26, 27, 28, 29, 30, 31, 32, 33, 34, 35, 36, 37, 38, 39], "data": [0.0028844658809453225, 0.0, 0.0, 0.026198798736183304, 0.0, 0.0, 0.0, 0.0, 0.0, 0.004239645315975244, 0.005427007863785518, 0.0, 0.0028581634822643807, 0.0, 0.002321579924604738, 0.0, 0.007207588759602023, 0.0, 0.0, 0.0, 0.0, 0.0, 0.0, 0.026666554315252222, 0.0, 0.0, 0.0, 0.002304581709420478, 0.0, 0.0, 0.030569604288124212, 0.0, 0.06925005721046956, 0.0, 0.0, 0.0, 0.0, 0.0, 0.0, 0.0]}