{"labels": [0, 1, 2, 3, 4, 5, 6, 7, 8, 9, 10, 11, 12, 13, 14, 15, 16, 17, 18, 19, 20, 21, 22, 23, 24, 25, 26, 27, 28, 29, 30, 31, 32, 33, 34, 35, 36, 37, 38, 39], "data": [0.06118677661072449, 0.0, 0.0, 0.0, 0.0, 0.005378488951162038, 0.019246716736548323, 0.00636831395209317, 0.0, 0.0, 0.0, 0.04450771808462991, 0.0, 5.014536962306069e-05, 0.0, 0.0, 0.0, 0.003614164044578818, 0.0, 0.0, 0.0, 0.043796697318097946, 0.0, 0.0, 0.00020769122924670484, 0.0, 0.0, 0.0, 0.0014085038303291463, 0.0, 0.0, 0.0016994191306285273, 0.0, 0.0, 0.0054867347047947365, 0.0, 0.0, 0.00803249347057634, 0.0, 0.0]}