{"labels": [0, 1, 2, 3, 4, 5, 6, 7, 8, 9, 10, 11, 12, 13, 14, 15, 16, 17, 18, 19, 20, 21, 22, 23, 24, 25, 26, 27, 28, 29, 30, 31, 32, 33, 34, 35, 36, 37, 38, 39], "data": [0.0, 0.0, 0.0, 0.009423912950709783, 0.011624791454344592, 0.0, 0.0031328350482607153, 0.002649584706569682, 0.005719196776847328, 0.019588454216383513, 0.0, 0.0, 0.0, 0.0, 0.0005760591020900893, 0.0, 0.05699465844065155, 0.03321138799840385, 0.0, 0.0, 0.0, 0.002922822030773893, 0.0, 0.005055769435919738, 0.0052120430307656986, 0.011032302657685927, 9.274279271125188e-05, 0.0, 0.002556028858952361, 0.0010693603292645465, 0.0, 0.0, 0.03194985021461622, 0.0006283015422687351, 0.013323509517618693, 0.0013422522037280578, 0.002118629410172514, 0.017287075158999052, 0.0, 0.001460792375613189]}