{"labels": [0, 1, 2, 3, 4, 5, 6, 7, 8, 9, 10, 11, 12, 13, 14, 15, 16, 17, 18, 19, 20, 21, 22, 23, 24, 25, 26, 27, 28, 29, 30, 31, 32, 33, 34, 35, 36, 37, 38, 39], "data": [0.006490917835201339, 0.007539355459116088, 0.003645817428106545, 0.0, 0.03760428287243798, 0.0, 0.03487098001668805, 0.0, 0.0, 0.01965087330990975, 0.0, 0.00017265380534249404, 0.0, 0.0021463954618867586, 0.003841140726697333, 0.0016527935917606633, 0.0, 0.0, 0.003942718491555815, 0.0, 0.00357360893351294, 0.004839993660973432, 0.03959160269685985, 0.06023058353618197, 0.0011146556620342126, 0.010112182671964074, 0.0, 0.0, 0.0, 0.008944307374788492, 0.0, 0.0, 0.001624712322662711, 0.007594647414643585, 0.010767407853647585, 0.0, 0.0, 0.018263129726147867, 0.0025345351894263753, 0.002550340460762316]}