{"labels": [0, 1, 2, 3, 4, 5, 6, 7, 8, 9, 10, 11, 12, 13, 14, 15, 16, 17, 18, 19, 20, 21, 22, 23, 24, 25, 26, 27, 28, 29, 30, 31, 32, 33, 34, 35, 36, 37, 38, 39], "data": [0.0022697032471763238, 0.0034516345780298183, 0.0016748504906043207, 0.0056144967900097105, 0.011534718081010373, 0.0, 0.0033110881942403424, 0.001311552847306449, 0.0, 0.02939529069486273, 0.0, 0.0, 0.0037316864397902265, 0.0, 0.0, 0.004082062590971812, 0.05788316822613094, 0.0, 0.0017177060648889343, 0.0, 0.0, 0.0, 0.051168041176900894, 0.0, 0.012803022508668547, 0.0, 0.0012957593841768846, 0.0732345804815256, 0.0, 0.0, 0.0, 0.027940356840420254, 0.06141034875021381, 0.008735079253874914, 0.0, 0.0, 0.0, 0.005981008834556716, 0.0033860564968665775, 0.0]}