{"labels": [0, 1, 2, 3, 4, 5, 6, 7, 8, 9, 10, 11, 12, 13, 14, 15, 16, 17, 18, 19, 20, 21, 22, 23, 24, 25, 26, 27, 28, 29, 30, 31, 32, 33, 34, 35, 36, 37, 38, 39], "data": [0.01047329379049427, 0.008886070748883456, 0.00424325449257848, 0.0020160076929539718, 0.0037591930102454604, 0.0, 0.010746084750573466, 0.03070124741907083, 0.0, 0.02417432282011686, 0.0, 0.0, 0.014527270732485319, 0.0, 0.0, 0.0, 0.0013198967083519234, 0.0, 0.01533544377277474, 0.016603318067048168, 0.0, 0.0, 0.0001826432152851238, 0.0, 0.0, 0.007149547306157687, 0.00044808400966367553, 0.004908432129576637, 0.0, 0.0, 0.021362316481235266, 0.00016818817124354755, 0.0, 0.0, 0.005619125851814857, 0.03475342993827421, 0.014914504765892497, 0.009586372310815017, 0.021963959855848893, 0.0]}