{"labels": [0, 1, 2, 3, 4, 5, 6, 7, 8, 9, 10, 11, 12, 13, 14, 15, 16, 17, 18, 19, 20, 21, 22, 23, 24, 25, 26, 27, 28, 29, 30, 31, 32, 33, 34, 35, 36, 37, 38, 39], "data": [0.0, 0.0, 0.004505259682357808, 0.021919718004802302, 0.0017225724649901776, 0.0, 0.0, 0.0, 0.007538266281742244, 0.007392353208999541, 0.0, 0.0, 0.001564310679336097, 0.0, 0.0, 0.005319188738282843, 0.007049603976187531, 0.005596803123411837, 0.0, 0.0, 0.0, 0.00047248999854468355, 0.0009133203862344516, 0.0, 8.98486074300219e-05, 0.0, 0.0, 0.0042949330179156585, 0.0007458495065724083, 0.0008301867941251433, 0.0, 0.010739013503799891, 0.01646513637533935, 0.0, 0.006453248066135109, 0.0015719990526545954, 0.02845546468467246, 0.004618721750431273, 0.0, 0.0]}