{"labels": [0, 1, 2, 3, 4, 5, 6, 7, 8, 9, 10, 11, 12, 13, 14, 15, 16, 17, 18, 19, 20, 21, 22, 23, 24, 25, 26, 27, 28, 29, 30, 31, 32, 33, 34, 35, 36, 37, 38, 39], "data": [0.004660064106954622, 0.0, 0.01009143576325069, 0.0, 0.008277313706331174, 0.07514371452897944, 0.0034548443355630065, 0.010836012522210298, 0.0, 0.002463071240659779, 0.018848580696308383, 0.0, 0.0334848221623546, 0.0, 0.0, 0.0026679975648013906, 0.006952399952692097, 0.0, 0.08970880015059508, 0.0, 0.0, 0.027271483219689637, 0.024278016016368635, 0.0015902134274958467, 0.009428877342030828, 0.0, 0.00022024185166012622, 0.0, 0.043351201264939535, 0.0009316990983661671, 0.017258965372156657, 0.0016623376284738854, 0.0, 0.01624747312966087, 0.0001189424472214108, 0.0, 0.0, 0.001773336275571516, 0.058252625931053965, 0.0]}