{"labels": [0, 1, 2, 3, 4, 5, 6, 7, 8, 9, 10, 11, 12, 13, 14, 15, 16, 17, 18, 19, 20, 21, 22, 23, 24, 25, 26, 27, 28, 29, 30, 31, 32, 33, 34, 35, 36, 37, 38, 39], "data": [0.0038976276578698683, 0.0, 0.0, 0.04843011024811835, 0.007756098178592308, 0.0, 0.0034680726572643285, 0.0, 0.0, 0.0, 0.04152547384912077, 0.0, 0.0012874531657618793, 0.0, 0.0, 0.0, 0.0002529463154915432, 0.0, 0.0, 0.0, 0.0, 0.0, 0.0, 0.04964835821684096, 0.0, 0.002923420162980712, 0.0, 0.0009072249667150164, 0.0, 0.0025255577174281936, 0.0, 0.0, 0.0, 0.0, 0.0007689215973241923, 0.0, 0.0, 0.0, 0.0, 0.0]}