{"labels": [0, 1, 2, 3, 4, 5, 6, 7, 8, 9, 10, 11, 12, 13, 14, 15, 16, 17, 18, 19, 20, 21, 22, 23, 24, 25, 26, 27, 28, 29, 30, 31, 32, 33, 34, 35, 36, 37, 38, 39], "data": [0.0, 0.0, 0.03270679874736172, 0.022973800039207844, 0.0, 0.0, 0.0, 0.0, 0.0, 0.007044649224869085, 0.0, 0.0, 0.0, 0.004457073449371381, 0.004248520203929685, 0.0018208464708703198, 0.0, 0.006439624746068615, 0.0, 0.0027824936565480542, 0.001791603258730562, 0.0, 0.0, 0.03641150326698603, 0.0, 0.0, 0.0, 0.0, 0.0, 0.0, 0.0, 0.0, 0.0, 0.0, 0.0, 0.0, 0.0, 0.0, 0.005202172056071739, 0.0]}