{"labels": [0, 1, 2, 3, 4, 5, 6, 7, 8, 9, 10, 11, 12, 13, 14, 15, 16, 17, 18, 19, 20, 21, 22, 23, 24, 25, 26, 27, 28, 29, 30, 31, 32, 33, 34, 35, 36, 37, 38, 39], "data": [2.6412423699126982e-05, 0.0, 0.0, 0.0, 0.01288051833780252, 0.004303471242204973, 0.017763763585382678, 0.0, 0.004651040828701418, 0.04998761683048544, 0.0, 0.006463347942519721, 0.0, 0.0009606859703235518, 0.0, 0.0, 0.00013286042399110137, 0.0, 0.0, 0.028145229809811507, 0.0, 0.0, 0.0075421491985219104, 0.03981322517860567, 0.018862217947930887, 0.014756229962193243, 0.0, 0.0, 0.0, 0.0, 0.0, 0.0006059852805351554, 0.001173219922388862, 0.0, 0.0, 0.0005874305575164296, 0.0, 0.03284723408285066, 0.003506317212819043, 0.00024887760697306084]}