{"labels": [0, 1, 2, 3, 4, 5, 6, 7, 8, 9, 10, 11, 12, 13, 14, 15, 16, 17, 18, 19, 20, 21, 22, 23, 24, 25, 26, 27, 28, 29, 30, 31, 32, 33, 34, 35, 36, 37, 38, 39], "data": [0.0, 0.0, 0.024235453209497524, 0.0, 0.0, 0.0, 0.024028749315299046, 0.0, 0.0, 0.0, 0.015648507866119463, 0.0, 0.0, 0.0, 0.002681335462466418, 0.0, 0.0, 0.0, 0.0, 0.0008795641558134572, 0.0035816293777840083, 0.0, 0.0026746068949699154, 0.0, 0.0, 0.0, 0.0, 0.0, 0.004771664554446567, 0.00339782290989975, 0.00142219708881142, 0.0, 0.0, 0.06714908565650762, 0.0, 0.0, 0.0006251358854872735, 0.0, 0.0, 0.0]}