{"labels": [0, 1, 2, 3, 4, 5, 6, 7, 8, 9, 10, 11, 12, 13, 14, 15, 16, 17, 18, 19, 20, 21, 22, 23, 24, 25, 26, 27, 28, 29, 30, 31, 32, 33, 34, 35, 36, 37, 38, 39], "data": [0.0, 0.0, 0.01311121525477368, 0.0, 0.03406136158394522, 0.030890143229146693, 0.023909544319369546, 0.0, 0.0064342367170129875, 0.0, 0.0, 0.005698813008446268, 0.001109693335226557, 0.0, 0.0, 0.055975184769411636, 0.0, 0.0, 0.0, 0.0, 0.0, 0.0, 0.0, 0.0, 0.025402727904542552, 0.0, 0.011510955534814987, 0.018531294458419317, 0.06187890371535906, 0.0, 0.0, 0.0, 0.0, 0.0, 0.034024749173342, 0.0, 0.011844905365951447, 0.026407894553983367, 0.0011066400669244784, 0.0]}