{"labels": [0, 1, 2, 3, 4, 5, 6, 7, 8, 9, 10, 11, 12, 13, 14, 15, 16, 17, 18, 19, 20, 21, 22, 23, 24, 25, 26, 27, 28, 29, 30, 31, 32, 33, 34, 35, 36, 37, 38, 39], "data": [0.011367244021185908, 0.003605121257083158, 0.02389483765598777, 0.0, 0.0, 0.0, 0.004392328569666181, 0.0, 0.0013632399215628415, 0.020420599296995693, 0.012881287016731323, 0.0, 0.0, 0.0, 0.017449156945721165, 0.0, 0.0, 0.03596005891262044, 0.0, 0.0, 0.030309713906124986, 0.02259941667526638, 0.0, 0.0, 0.0, 0.02416410417137992, 0.0, 0.0002650117110573483, 0.0, 0.007308207865933582, 0.0, 0.0, 3.607425935048994e-05, 0.0, 0.0, 0.0, 2.3746311823730278e-05, 0.0, 0.0, 0.0021251086720119167]}