{"labels": [0, 1, 2, 3, 4, 5, 6, 7, 8, 9, 10, 11, 12, 13, 14, 15, 16, 17, 18, 19, 20, 21, 22, 23, 24, 25, 26, 27, 28, 29, 30, 31, 32, 33, 34, 35, 36, 37, 38, 39], "data": [0.0, 0.0, 0.0, 0.0, 0.0017257081933846037, 0.0, 0.0, 0.003776149495319885, 0.0, 0.006308199832881965, 0.0, 0.0, 0.0, 0.0044812086729238525, 0.0, 0.002409605085075573, 0.00024076934212501538, 0.0, 0.0, 0.0023281623069606786, 0.0024712304630773096, 0.005273954225760717, 0.0, 0.04413938281668297, 0.0, 0.0076132832365866845, 0.0, 0.0004885869325260975, 0.006627997377672894, 0.0, 0.0, 0.0, 0.0, 0.012318851564062205, 0.0, 0.00020269910626366874, 0.0, 0.0, 0.005276212542107481, 0.0006121339220887149]}