{"labels": [0, 1, 2, 3, 4, 5, 6, 7, 8, 9, 10, 11, 12, 13, 14, 15, 16, 17, 18, 19, 20, 21, 22, 23, 24, 25, 26, 27, 28, 29, 30, 31, 32, 33, 34, 35, 36, 37, 38, 39], "data": [0.010058141142808487, 0.0, 0.0, 0.0032067046970922245, 0.016791862591926603, 0.008242943404069248, 0.0, 0.0, 0.0, 0.03092663131320361, 0.0014624754672644038, 0.0, 0.0, 0.0, 0.0, 0.0, 0.009094042750653888, 0.012860102665499371, 0.010193124949629005, 0.0021018789842199657, 0.0, 0.001456316905309141, 0.00038743503367622115, 0.0, 0.0, 0.042291202395657285, 0.0071055262927024404, 0.019277922634912813, 0.003413214564593832, 0.0, 0.0018710783714091165, 0.002391779449963375, 0.0, 0.04653692033984128, 0.0, 0.0, 0.0, 0.009118783036046995, 0.0, 0.0]}