{"labels": [0, 1, 2, 3, 4, 5, 6, 7, 8, 9, 10, 11, 12, 13, 14, 15, 16, 17, 18, 19, 20, 21, 22, 23, 24, 25, 26, 27, 28, 29, 30, 31, 32, 33, 34, 35, 36, 37, 38, 39], "data": [0.158054713341184, 0.0, 0.0, 0.0, 0.06328109533133901, 0.0, 0.01249264113138054, 0.0, 0.0, 0.11498851105800335, 0.0, 0.0, 0.0, 0.0, 0.0, 0.0, 0.01991520703796339, 0.08027158056047427, 0.0, 0.003996180946190984, 0.0, 0.0, 0.0, 0.0, 0.0, 0.11496361137605476, 0.0, 0.0, 0.030376862003401478, 0.0, 0.014436879925286604, 0.0, 0.0, 0.0, 0.04808457214946706, 0.0, 0.0, 0.25705250164945803, 0.02962867515312352, 0.0]}