{"labels": [0, 1, 2, 3, 4, 5, 6, 7, 8, 9, 10, 11, 12, 13, 14, 15, 16, 17, 18, 19, 20, 21, 22, 23, 24, 25, 26, 27, 28, 29, 30, 31, 32, 33, 34, 35, 36, 37, 38, 39], "data": [0.0019014946106348082, 0.0006746760843084757, 0.027924919794171513, 0.0, 0.0005500251067399574, 6.948246534133817e-05, 0.0, 0.00023723109194433723, 0.0, 0.011590689359580316, 0.00021691100954146676, 0.0, 0.0, 0.003293067378834367, 0.0, 0.0, 0.0, 0.0, 0.0, 8.232100260836354e-05, 0.0, 0.0, 0.0013371547722979319, 0.011763806733623145, 0.0020660780953376794, 0.013467692255989667, 0.0, 0.03645946552491406, 0.0, 0.004319088143424632, 0.0, 0.0, 0.0, 0.01307186143291259, 0.0, 0.00017049657824879234, 0.0, 0.0031234355243997818, 0.0, 0.0004800272301409688]}