{"labels": [0, 1, 2, 3, 4, 5, 6, 7, 8, 9, 10, 11, 12, 13, 14, 15, 16, 17, 18, 19, 20, 21, 22, 23, 24, 25, 26, 27, 28, 29, 30, 31, 32, 33, 34, 35, 36, 37, 38, 39], "data": [0.005272775587670685, 0.0, 0.0003096165672922255, 0.0, 0.0, 0.0, 0.010339706195303383, 0.0, 0.014336170272648795, 0.007209000264298751, 0.006019623822234956, 0.0, 0.0, 0.00796936768811534, 0.0, 0.0, 0.025514921170608156, 0.026408895450231278, 0.02829884228020012, 0.0, 0.04475456029069945, 0.0, 0.0, 0.0, 0.0, 0.012910471020183978, 0.013596044152289044, 0.012947644119993643, 0.04008987515314113, 0.0, 0.0, 0.0, 0.0014870345110607277, 0.0, 0.009048550017853162, 0.10721935048337257, 0.0, 0.0, 0.004335973651273698, 0.0]}