{"labels": [0, 1, 2, 3, 4, 5, 6, 7, 8, 9, 10, 11, 12, 13, 14, 15, 16, 17, 18, 19, 20, 21, 22, 23, 24, 25, 26, 27, 28, 29, 30, 31, 32, 33, 34, 35, 36, 37, 38, 39], "data": [0.0, 0.0003402090569812239, 0.0038982169430620394, 0.0, 0.0, 0.0031840774958502944, 0.0001783732363762722, 0.0003920217092861743, 0.0019548449740158947, 0.011966733255160188, 0.0, 0.0046547500847057615, 0.0, 0.0, 0.0, 0.006163175479682214, 0.0, 0.0023407323841749964, 0.03508215689140246, 0.0, 0.002410677291931241, 0.0, 0.0, 0.0009993788896652605, 0.001617419285949958, 0.0368009142811845, 0.007925859124406387, 0.017609309740751845, 0.014123177264823322, 0.023896109181836895, 0.004227753197328003, 0.0, 0.006907144969651305, 0.0036386778645140882, 0.003012473994971413, 0.0, 0.0018663291314345745, 0.019240935623192148, 0.009122252791511281, 0.007552461562795641]}