{"labels": [0, 1, 2, 3, 4, 5, 6, 7, 8, 9, 10, 11, 12, 13, 14, 15, 16, 17, 18, 19, 20, 21, 22, 23, 24, 25, 26, 27, 28, 29, 30, 31, 32, 33, 34, 35, 36, 37, 38, 39], "data": [0.0, 0.0, 0.0, 0.026495574162681296, 0.0, 0.0, 0.0007062725023163715, 0.07302090257872448, 0.002352683107357702, 0.0016330170547526636, 0.03811949545660878, 0.004666365955428456, 0.0, 0.0, 0.0, 0.0, 0.025068642271705268, 0.0, 0.0005545210348010803, 0.001351582923099904, 0.00288253903988698, 0.0017216831775585773, 0.0, 0.0004620655588385099, 0.0026828635311924066, 0.00200727244667856, 0.0, 0.004561558574662543, 0.009661642028851758, 0.0, 0.010734063715222267, 0.005096413978693623, 0.0, 0.026352515357728687, 0.0, 0.0, 0.0, 0.012971083098043124, 0.0, 0.0]}