{"labels": [0, 1, 2, 3, 4, 5, 6, 7, 8, 9, 10, 11, 12, 13, 14, 15, 16, 17, 18, 19, 20, 21, 22, 23, 24, 25, 26, 27, 28, 29, 30, 31, 32, 33, 34, 35, 36, 37, 38, 39], "data": [0.013671834107286656, 0.0027976931391216287, 0.013588127026051739, 0.017361563299594488, 0.1063209844345698, 0.0, 0.010768740977163429, 0.0017770944130139639, 0.0011891147976106802, 0.008404851685040404, 0.0, 0.0, 0.0, 0.0, 0.0, 0.0, 0.02037081525070396, 0.0003900646322285875, 0.014741216679477441, 0.0, 0.004379335694383058, 0.0, 0.0, 0.0038780068075624876, 0.0, 0.0, 0.0, 0.0008325919287457316, 0.0445534486668444, 0.0, 0.0060337466683942605, 0.0, 0.0, 0.023594753166649447, 0.05114954318606572, 0.0, 0.0, 0.0007005055846918265, 0.00023538229993530738, 0.022845881235506228]}