{"labels": [0, 1, 2, 3, 4, 5, 6, 7, 8, 9, 10, 11, 12, 13, 14, 15, 16, 17, 18, 19, 20, 21, 22, 23, 24, 25, 26, 27, 28, 29, 30, 31, 32, 33, 34, 35, 36, 37, 38, 39], "data": [0.0, 0.013291432436018826, 0.0, 0.0, 0.0, 0.00030860929900468803, 0.0, 0.04354854516423968, 0.010905150055827229, 0.057442223570392276, 0.0, 0.0, 0.0, 0.0, 0.0, 0.00912556102120325, 0.0, 0.04890572738717664, 0.0, 0.03243841079647658, 0.0, 0.08205204695541315, 0.054949152391410384, 0.020051584198469898, 0.0, 0.0, 0.0, 0.0, 0.0, 0.0, 0.0, 0.0030057751796681237, 0.0024455781032640417, 0.0, 0.0, 0.0, 0.0, 0.0, 0.0, 0.0]}