{"labels": [0, 1, 2, 3, 4, 5, 6, 7, 8, 9, 10, 11, 12, 13, 14, 15, 16, 17, 18, 19, 20, 21, 22, 23, 24, 25, 26, 27, 28, 29, 30, 31, 32, 33, 34, 35, 36, 37, 38, 39], "data": [0.006332452314412697, 0.0, 0.0, 0.0, 0.02086283273612679, 0.0, 0.0010755563937343048, 0.06064878340539407, 0.006806478071454322, 0.0, 0.0, 0.0028283182871344024, 0.011493700599511825, 0.0, 0.0, 0.0, 0.04257787948808473, 0.0012434965516306838, 0.0, 0.0, 0.0, 0.003096134477901123, 0.0, 0.0, 0.0, 0.0, 0.0, 0.0, 0.0, 0.0, 0.03143222582405412, 0.0005526714034361205, 0.0, 0.0, 0.012073757415662375, 0.0, 0.00412921690141207, 0.025481557194843473, 0.0, 0.0031771402757539815]}