{"labels": [0, 1, 2, 3, 4, 5, 6, 7, 8, 9, 10, 11, 12, 13, 14, 15, 16, 17, 18, 19, 20, 21, 22, 23, 24, 25, 26, 27, 28, 29, 30, 31, 32, 33, 34, 35, 36, 37, 38, 39], "data": [0.0, 0.038440330888034765, 0.0, 0.008143057935120407, 0.0, 0.0, 0.0, 0.0, 0.0, 0.010271427242004765, 0.01843803293332033, 0.0, 0.0, 0.0, 0.00021892649832423787, 0.003943282260296053, 0.0, 0.0, 0.0, 0.0, 0.007613753215174467, 0.0, 0.0, 0.0004884696973413441, 0.0, 0.0, 0.0016276960893228387, 0.0, 0.0021751367644957833, 0.0, 0.01509915412351774, 0.0, 0.0, 0.0, 0.0, 0.035483157258574455, 0.01543120738887444, 0.0, 0.005132041032482242, 0.0]}