{"labels": [0, 1, 2, 3, 4, 5, 6, 7, 8, 9, 10, 11, 12, 13, 14, 15, 16, 17, 18, 19, 20, 21, 22, 23, 24, 25, 26, 27, 28, 29, 30, 31, 32, 33, 34, 35, 36, 37, 38, 39], "data": [0.016676476824414737, 0.0016957527777797512, 0.02671820938101802, 0.0, 0.0042732198802545715, 0.0, 0.0015770255354330604, 0.0029107848455867972, 0.0019720490830027037, 0.0, 0.012755938354942207, 0.004628461436689472, 0.010549056432995233, 0.0, 0.006295538835749747, 0.0, 0.0, 0.0, 0.014467393888278982, 0.0011696952192868503, 0.018818540024937654, 0.0, 0.023506859716841237, 0.0, 0.0022596881861842786, 0.0024552740227672862, 0.010888789293564698, 0.010769945445956289, 0.0026328701191158494, 0.0, 0.006101691176863448, 0.0736447880112328, 0.0, 0.0036584043446191645, 0.015189331214719316, 0.02970146257217846, 0.003066371633578386, 0.03093995497221207, 0.0, 0.003831380483752493]}