{"labels": [0, 1, 2, 3, 4, 5, 6, 7, 8, 9, 10, 11, 12, 13, 14, 15, 16, 17, 18, 19, 20, 21, 22, 23, 24, 25, 26, 27, 28, 29, 30, 31, 32, 33, 34, 35, 36, 37, 38, 39], "data": [0.004367917828585422, 0.0028472630070866716, 0.0020060484537853243, 0.006265575463409668, 0.010344311754326405, 0.0, 0.004123894169450604, 0.0, 0.0, 0.0084224603684479, 0.001977990544628901, 0.0005353652260863712, 0.0, 0.0014117584808218575, 0.0, 0.0, 0.0, 0.0, 0.0, 0.05920607200986146, 0.0, 0.002375591564094557, 0.0, 0.03913119380055798, 0.0, 0.00012527033783207338, 0.0006541063605394757, 0.0016504824423175407, 0.0, 0.009442591647981224, 0.0, 0.00556000377258112, 0.0, 0.0, 0.0, 0.0012229712557556378, 0.0, 0.0, 0.002074311056992876, 0.0]}