{"labels": [0, 1, 2, 3, 4, 5, 6, 7, 8, 9, 10, 11, 12, 13, 14, 15, 16, 17, 18, 19, 20, 21, 22, 23, 24, 25, 26, 27, 28, 29, 30, 31, 32, 33, 34, 35, 36, 37, 38, 39], "data": [0.00014585146576852378, 0.0, 0.03634945298913701, 0.0, 0.0, 0.00028093629668058935, 0.0, 0.0, 0.0025699290544923523, 0.0, 0.0, 0.0, 0.0, 0.0, 0.0, 0.0, 0.003873041196879278, 0.012754252073526979, 0.0031434519403381596, 2.2684280212945852e-05, 0.037018770349316214, 0.0, 0.0, 0.0, 0.0, 0.0, 0.0077900485710946455, 0.03797745212443908, 0.004329988858204205, 0.0002864629829193805, 0.0, 0.0, 0.0009900089750610732, 0.0, 0.0, 0.0, 0.0, 0.0, 0.013767253863178555, 0.0021885700694682293]}