{"labels": [0, 1, 2, 3, 4, 5, 6, 7, 8, 9, 10, 11, 12, 13, 14, 15, 16, 17, 18, 19, 20, 21, 22, 23, 24, 25, 26, 27, 28, 29, 30, 31, 32, 33, 34, 35, 36, 37, 38, 39], "data": [0.0, 0.0, 0.0, 0.003251574560437458, 0.024379001390014265, 0.0012964007247097719, 0.010379782477100313, 0.0, 0.006044419533695679, 0.0, 0.0, 0.0, 0.0, 0.0, 0.0, 9.248470266271996e-05, 0.0, 0.0, 0.0, 0.001649183034172738, 0.0, 0.0, 0.000764180468052202, 0.0, 0.0, 0.0009450999148429985, 0.008056596395814653, 0.0, 0.0, 0.0, 0.0, 0.0052689461788146255, 0.0, 0.10097997935041106, 0.0, 0.0, 0.0, 0.012515526768561675, 0.004103568723933429, 0.001997844916844049]}