{"labels": [0, 1, 2, 3, 4, 5, 6, 7, 8, 9, 10, 11, 12, 13, 14, 15, 16, 17, 18, 19, 20, 21, 22, 23, 24, 25, 26, 27, 28, 29, 30, 31, 32, 33, 34, 35, 36, 37, 38, 39], "data": [0.006752855862043291, 0.0, 0.0, 0.0, 0.06464165242961492, 0.021276800285288392, 0.017005779619430714, 0.0, 0.0, 0.0, 0.0, 0.0, 0.011343119675504217, 0.0, 0.020188440014096486, 0.00872075836800629, 0.033188561730307334, 0.004597090867298113, 0.0, 0.0006524826773222528, 0.0, 0.0, 0.000941415809433316, 0.015843240880579527, 0.0, 0.0137761703060391, 0.0, 0.0, 0.0, 0.0, 0.0, 0.0016868808537875617, 0.0, 0.0, 0.01157563400305277, 0.03294758289370039, 0.0, 0.030524538844749174, 0.002578363734101621, 0.04921939319995556]}