{"labels": [0, 1, 2, 3, 4, 5, 6, 7, 8, 9, 10, 11, 12, 13, 14, 15, 16, 17, 18, 19, 20, 21, 22, 23, 24, 25, 26, 27, 28, 29, 30, 31, 32, 33, 34, 35, 36, 37, 38, 39], "data": [0.0, 0.0, 0.0, 0.0, 0.0007981204919231917, 0.0, 0.0, 0.0, 0.0, 0.0, 0.006535715368713704, 0.0, 0.0, 0.0, 0.0, 0.0, 0.004909962305521009, 0.0, 0.0, 0.0, 0.0, 0.06550688425835896, 0.0, 0.05613494841738304, 0.0, 0.02970933747243384, 0.0, 0.005477113331059482, 0.0, 0.0, 0.0, 0.0, 0.0, 0.008862668758678017, 0.048094993223459157, 0.0, 0.0, 0.0, 0.0, 0.0]}