{"labels": [0, 1, 2, 3, 4, 5, 6, 7, 8, 9, 10, 11, 12, 13, 14, 15, 16, 17, 18, 19, 20, 21, 22, 23, 24, 25, 26, 27, 28, 29, 30, 31, 32, 33, 34, 35, 36, 37, 38, 39], "data": [0.003728306448862169, 0.0015321073617456918, 0.029162380360251285, 0.00048275681554215766, 0.01268431712120652, 0.002352538610899426, 0.018300721777478077, 0.0, 0.0, 0.007544476211789142, 0.011074927750657033, 0.0, 0.0, 0.0, 0.0, 0.03295006544567161, 0.011781821183062716, 0.0055188742144232986, 0.011448901752624743, 0.0, 0.0, 0.0, 0.0, 0.0, 0.0, 0.0009190070697220496, 0.0017975155856806142, 0.0, 0.0022839018392567553, 0.0, 0.0, 0.0, 0.005149849062506284, 0.00228575452462592, 0.004516556697656422, 0.0, 0.0001156777979180092, 0.015260914293469392, 0.0004061466122102101, 0.0037323029955783796]}