{"labels": [0, 1, 2, 3, 4, 5, 6, 7, 8, 9, 10, 11, 12, 13, 14, 15, 16, 17, 18, 19, 20, 21, 22, 23, 24, 25, 26, 27, 28, 29, 30, 31, 32, 33, 34, 35, 36, 37, 38, 39], "data": [0.002470212806573428, 0.0, 0.0002866781255712671, 0.012205215559462601, 0.0, 0.0, 0.00174241096899308, 0.0, 0.0, 0.0, 0.0, 0.0, 0.04275459623693178, 0.00101298193739642, 0.0, 0.0, 0.0, 0.0, 0.0009467154260266762, 0.0013653688373694588, 0.0, 0.038290512744791484, 0.0, 0.0, 0.0, 0.014542130668349938, 0.0027593527321184766, 0.0, 0.0, 4.143034536997018e-05, 0.0001323399165299095, 0.04723863354320924, 0.0013621166006279049, 0.0, 0.005591868494898535, 0.0024394624849426666, 0.0, 0.05107017046928468, 0.002823896020300644, 0.0]}