{"labels": [0, 1, 2, 3, 4, 5, 6, 7, 8, 9, 10, 11, 12, 13, 14, 15, 16, 17, 18, 19, 20, 21, 22, 23, 24, 25, 26, 27, 28, 29, 30, 31, 32, 33, 34, 35, 36, 37, 38, 39], "data": [0.0, 0.009632372572399454, 0.0, 0.0, 0.0, 0.0, 0.04676550467297998, 0.0, 0.0, 0.011981856908062968, 0.006480726169875067, 0.0, 0.0, 0.0, 0.0, 0.0, 0.0, 0.0, 0.01695556298456724, 0.0, 0.0, 0.0, 0.0, 0.0, 0.0, 0.0, 0.0, 0.0048422530008549085, 0.0, 0.0050641947603990945, 0.03636946995098937, 0.0, 0.0, 0.0, 0.033863615340170586, 0.0, 0.0, 0.00348195099631987, 0.0028641897576595072, 0.002266537467366273]}