{"labels": [0, 1, 2, 3, 4, 5, 6, 7, 8, 9, 10, 11, 12, 13, 14, 15, 16, 17, 18, 19, 20, 21, 22, 23, 24, 25, 26, 27, 28, 29, 30, 31, 32, 33, 34, 35, 36, 37, 38, 39], "data": [0.0, 0.017446507189079617, 0.0, 0.028277435376030325, 0.019286724059726448, 0.01041109615980869, 0.0, 0.0, 0.0, 0.0, 0.0015441190278137572, 0.0, 0.0, 0.009835707500160896, 0.0, 0.0, 0.0, 0.0019245842760102307, 0.0009220117374199111, 0.001650308616524412, 0.001016788671368931, 0.0, 0.0, 0.0, 0.0, 0.01739442976954834, 0.0027438088820739785, 0.0016880019611286703, 0.0, 0.0, 0.0015529549023778687, 0.0075435609439510505, 0.0, 0.0, 0.015341310607924503, 0.014472178826839125, 0.0, 0.02149354509987323, 0.0002472095738113017, 0.0]}