{"labels": [0, 1, 2, 3, 4, 5, 6, 7, 8, 9, 10, 11, 12, 13, 14, 15, 16, 17, 18, 19, 20, 21, 22, 23, 24, 25, 26, 27, 28, 29, 30, 31, 32, 33, 34, 35, 36, 37, 38, 39], "data": [0.0, 0.0, 0.03729441335167347, 0.0, 0.0076261129113960584, 0.0, 0.0062086226786684994, 0.0, 0.0, 0.0, 0.0, 0.0, 0.0, 0.0, 0.0, 0.0, 0.0, 0.0033889197782868787, 0.0, 0.0, 0.0, 0.0008842841970128734, 0.0, 0.0, 0.005978082962957214, 0.011578604167834444, 0.0, 0.0008900559027124162, 0.0, 0.0, 0.005750210113712578, 0.0007305878210634418, 0.007141268308712203, 0.0, 0.0, 0.05276615099966795, 0.06743811492478177, 0.014933772453140379, 0.0, 0.0]}