{"labels": [0, 1, 2, 3, 4, 5, 6, 7, 8, 9, 10, 11, 12, 13, 14, 15, 16, 17, 18, 19, 20, 21, 22, 23, 24, 25, 26, 27, 28, 29, 30, 31, 32, 33, 34, 35, 36, 37, 38, 39], "data": [0.0, 0.004178548430675952, 0.0, 0.0, 0.0, 0.0, 0.0, 0.0, 0.0, 0.0, 0.0, 0.0, 0.0, 0.001499404288718141, 0.0, 0.0, 0.03669210900297724, 0.0, 0.0, 0.0, 0.0, 0.03089094266932975, 0.05550537010404182, 0.0, 0.0, 0.0, 0.0, 0.0, 0.0, 0.0, 0.0, 0.0, 0.0, 0.0856347953534806, 0.0, 0.0, 0.06252350117206085, 0.0, 0.0, 0.0]}