{"labels": [0, 1, 2, 3, 4, 5, 6, 7, 8, 9, 10, 11, 12, 13, 14, 15, 16, 17, 18, 19, 20, 21, 22, 23, 24, 25, 26, 27, 28, 29, 30, 31, 32, 33, 34, 35, 36, 37, 38, 39], "data": [0.017656767101860142, 0.0, 0.0, 0.01599558100319777, 0.0, 0.0023206972679297687, 0.0, 0.0, 0.0, 0.0, 0.014204946766532651, 0.004706983965401643, 0.0, 0.0, 0.0017922618943966527, 0.004857239339360926, 0.005981768735203651, 0.015634213188686432, 0.005949055985856261, 0.0, 0.003107588477844225, 0.007777499804602857, 0.004719062137805278, 0.011754398334746754, 0.006211748540181788, 0.0, 0.0, 0.04136821916809125, 0.0, 0.0, 0.0, 0.0, 0.0, 0.01229819618188095, 0.0, 0.011964907632053783, 0.0, 0.018656456997568214, 0.0, 0.002459155487793695]}