{"labels": [0, 1, 2, 3, 4, 5, 6, 7, 8, 9, 10, 11, 12, 13, 14, 15, 16, 17, 18, 19, 20, 21, 22, 23, 24, 25, 26, 27, 28, 29, 30, 31, 32, 33, 34, 35, 36, 37, 38, 39], "data": [0.0, 0.0002480278288219531, 0.0, 0.07734935888242526, 0.024783849126775528, 0.0, 0.0, 0.01715994234112644, 0.0, 0.0, 0.0, 0.0, 0.0, 0.0, 0.0, 0.0, 0.0, 0.0, 0.0, 0.0, 0.0, 0.0, 0.0011675557602579697, 0.07141427953849976, 0.0, 0.00215613574396646, 7.643626214726273e-05, 0.030390768934901422, 0.0, 0.00184997984953337, 0.0, 0.0, 0.0, 0.0, 0.03496311949420486, 0.0, 0.0, 0.0029141515922662072, 0.0, 0.0]}