{"labels": [0, 1, 2, 3, 4, 5, 6, 7, 8, 9, 10, 11, 12, 13, 14, 15, 16, 17, 18, 19, 20, 21, 22, 23, 24, 25, 26, 27, 28, 29, 30, 31, 32, 33, 34, 35, 36, 37, 38, 39], "data": [4.722170133663948e-05, 0.0, 0.0, 0.0, 0.0, 0.0, 0.0, 0.0, 0.0, 0.0, 0.0, 0.0, 0.0, 0.005222488851505117, 0.0, 0.0, 0.004661131689023652, 0.0, 0.0, 0.0, 0.01492115603884389, 0.0, 0.0, 0.025016066736870197, 0.0, 0.0, 0.0, 0.0, 0.0, 0.0, 0.0, 0.000401397327582297, 0.0013483098137028469, 0.002703457991392261, 0.0, 0.0, 0.0, 0.0, 3.1299642101401156e-05, 0.0]}