{"labels": [0, 1, 2, 3, 4, 5, 6, 7, 8, 9, 10, 11, 12, 13, 14, 15, 16, 17, 18, 19, 20, 21, 22, 23, 24, 25, 26, 27, 28, 29, 30, 31, 32, 33, 34, 35, 36, 37, 38, 39], "data": [0.0022474055995426586, 0.0013671746418177746, 0.002719541294515034, 0.0, 0.08168472223370117, 0.0042760597998113044, 0.0, 0.0, 0.0, 0.0, 0.001732042360938366, 0.0, 0.0, 0.030874751947033853, 0.0, 0.0, 0.003124030201623826, 0.0, 0.0629689641435214, 0.05045740841714479, 0.0, 0.023643769109240247, 0.0, 0.0015371731224514246, 0.004998703969185269, 0.021498088750403464, 0.0009213875299114533, 0.00036628092984877623, 0.0, 0.0002105027507547493, 2.6928926661263755e-05, 0.011216002220076562, 0.003745079646199797, 0.0, 0.017006836902935762, 0.0, 0.0, 0.002384949357213903, 0.021204854177209447, 0.0]}