{"labels": [0, 1, 2, 3, 4, 5, 6, 7, 8, 9, 10, 11, 12, 13, 14, 15, 16, 17, 18, 19, 20, 21, 22, 23, 24, 25, 26, 27, 28, 29, 30, 31, 32, 33, 34, 35, 36, 37, 38, 39], "data": [0.0, 0.007291750275798531, 0.0, 0.013220776388815744, 0.0, 0.0, 0.0, 0.03360904699603226, 0.0, 0.0006853606825660079, 0.019036475617447302, 0.0, 0.0, 0.0031336737463537267, 0.013000758745272359, 0.03258665958797908, 0.0, 0.0, 0.0, 0.0, 0.003776480711495705, 0.0, 0.00024996186114426466, 0.008445596507773297, 0.001465728030784718, 0.0, 0.005662903462382529, 0.022909525430753624, 0.0, 0.0, 0.010145525945014939, 0.0, 0.0018569124764976025, 0.0013933222882630025, 0.016670443379786654, 0.04502895822643321, 0.0, 0.0, 0.001848587931823386, 0.051569651078398865]}