{"labels": [0, 1, 2, 3, 4, 5, 6, 7, 8, 9, 10, 11, 12, 13, 14, 15, 16, 17, 18, 19, 20, 21, 22, 23, 24, 25, 26, 27, 28, 29, 30, 31, 32, 33, 34, 35, 36, 37, 38, 39], "data": [0.0010138878588761943, 0.0, 0.033268755950410435, 0.0, 0.0, 0.0, 0.014089719405810152, 0.006751732770725532, 0.02408888420891402, 0.01868809732790878, 0.00750631244964164, 0.00288932317591782, 0.018351012452157242, 0.0006092733020408225, 0.0, 0.0004982218812655584, 0.029966839680192384, 0.0004443437177741627, 0.0, 0.0003512857595261349, 0.015339717293070756, 0.001469177529853327, 0.03188553040319957, 0.0, 0.0001803728490388471, 0.006803924016159209, 0.005340151273021793, 0.0, 0.016203184720929503, 0.004444081832674672, 0.0, 0.00673388285052176, 0.06738568542561449, 0.012057135576197043, 0.004973190898689563, 0.0375815754949111, 0.020762698686379793, 0.0, 0.0, 0.0]}