{"labels": [0, 1, 2, 3, 4, 5, 6, 7, 8, 9, 10, 11, 12, 13, 14, 15, 16, 17, 18, 19, 20, 21, 22, 23, 24, 25, 26, 27, 28, 29, 30, 31, 32, 33, 34, 35, 36, 37, 38, 39], "data": [0.0, 0.0013526766941917867, 0.0013923039946573974, 0.018438171301025368, 0.0, 0.0, 0.0, 0.0, 0.0, 0.0, 0.0, 0.0, 0.022435266998550852, 0.015527028251553473, 0.0, 0.0019287397896869873, 0.0003133052388841072, 0.0, 0.0005281077621783349, 0.0300514184502976, 0.004326636159456008, 0.00916910547511386, 0.0, 0.0, 0.0, 0.04085462792960066, 0.0045026930428579935, 0.0004531345124509323, 0.0, 0.064352369427641, 0.0, 0.00022824044299102575, 0.006402288086705623, 0.0, 0.020000845748071764, 0.003235876881479925, 0.029630982151035077, 0.009546636383264591, 0.0, 0.0]}