{"labels": [0, 1, 2, 3, 4, 5, 6, 7, 8, 9, 10, 11, 12, 13, 14, 15, 16, 17, 18, 19, 20, 21, 22, 23, 24, 25, 26, 27, 28, 29, 30, 31, 32, 33, 34, 35, 36, 37, 38, 39], "data": [0.0, 0.0, 0.0, 0.009683827987582444, 0.019108243939926585, 0.01659881024944965, 0.02946161704232099, 0.0, 0.00023307484184876038, 0.0008851047072338738, 0.008266254709584447, 0.0, 0.017619941476479477, 0.0, 0.0, 0.0, 0.0, 0.0, 0.0, 0.0, 0.01630884350703805, 0.0, 0.006450715525040539, 0.0038524649629375885, 0.0, 0.004961592082032089, 0.0, 0.0, 0.005140933456859442, 0.018068118759860977, 0.0, 0.0003242945021679175, 0.0004152603451242153, 0.0006984622585114801, 0.015004545057487072, 0.0, 0.0, 0.03707809510483628, 0.005641664248265131, 0.0]}