{"labels": [0, 1, 2, 3, 4, 5, 6, 7, 8, 9, 10, 11, 12, 13, 14, 15, 16, 17, 18, 19, 20, 21, 22, 23, 24, 25, 26, 27, 28, 29, 30, 31, 32, 33, 34, 35, 36, 37, 38, 39], "data": [0.0, 0.0, 0.026669401201206682, 0.015466517842064854, 0.0, 0.0, 0.020077400027754145, 0.0, 0.02803989604071804, 0.0, 0.0, 0.008241030682186306, 0.0, 0.003772681259954477, 0.0, 0.0, 0.005627281005148409, 0.03201529924135303, 0.02707340582645232, 0.0, 0.015733263241636583, 0.0, 0.0, 0.0, 0.001496143652262187, 0.005640001727185457, 0.04158196570889786, 0.0, 0.0, 0.0, 0.0, 0.0016527059367537165, 0.007070867789917554, 0.0, 0.0, 0.0626229277355445, 0.0291913051695273, 0.0010682291672810644, 0.0005438165616482793, 0.0]}