{"labels": [0, 1, 2, 3, 4, 5, 6, 7, 8, 9, 10, 11, 12, 13, 14, 15, 16, 17, 18, 19, 20, 21, 22, 23, 24, 25, 26, 27, 28, 29, 30, 31, 32, 33, 34, 35, 36, 37, 38, 39], "data": [0.0014958883694464597, 0.0, 0.0, 0.0, 0.0, 0.0, 0.0, 0.0, 0.027257135784000873, 0.008287177445852723, 0.007687786165885584, 0.004275646348817924, 0.0, 0.0, 0.0, 0.027811520159893716, 0.0, 0.021954910118598323, 0.028721410181049914, 2.8624549340749826e-05, 0.0011353819756057368, 0.0045407738796434645, 0.004016262852672817, 0.0, 0.0, 0.013108330180514993, 0.0, 0.0005413139646989596, 0.0, 0.0, 0.001731758195563213, 0.0016674496537691427, 0.003265555182417719, 0.0, 0.0, 0.0048298334702474854, 0.005350999384950903, 0.011812713427461896, 0.0028889612900860062, 0.002719238097305733]}