{"labels": [0, 1, 2, 3, 4, 5, 6, 7, 8, 9, 10, 11, 12, 13, 14, 15, 16, 17, 18, 19, 20, 21, 22, 23, 24, 25, 26, 27, 28, 29, 30, 31, 32, 33, 34, 35, 36, 37, 38, 39], "data": [0.0, 0.0, 0.0, 0.0, 0.011177928352993862, 0.0, 0.021241558435734997, 0.0, 0.0, 0.004899116891239311, 0.00033311863261477565, 0.0, 0.0, 0.058351731199524894, 0.0, 0.0, 0.0, 0.004482255785481512, 0.0, 0.0, 0.002664364995105981, 0.0, 0.0013542351039829053, 0.010452055447144016, 0.0, 0.03027751997942857, 0.0, 0.002673361028351915, 0.0, 0.0, 0.0, 0.0, 0.0, 0.0, 0.0011285815159279124, 0.0, 0.0015075605786074215, 0.014553040505131199, 0.0, 0.0]}