{"labels": [0, 1, 2, 3, 4, 5, 6, 7, 8, 9, 10, 11, 12, 13, 14, 15, 16, 17, 18, 19, 20, 21, 22, 23, 24, 25, 26, 27, 28, 29, 30, 31, 32, 33, 34, 35, 36, 37, 38, 39], "data": [0.0, 0.0, 0.0, 0.029567348559937888, 0.04472571185274915, 0.0, 0.015782479350970782, 0.03887801201044354, 0.0, 0.0038930057253700684, 0.0, 0.0, 0.0, 0.005970422103322048, 0.00047073589283720387, 0.0, 0.0, 0.0, 0.0, 0.0023256444569308586, 0.0, 0.0025848803456159884, 0.0, 0.009793190631147279, 0.0, 0.009261677720244941, 0.0, 0.0, 0.0, 0.0, 0.0028967013770986785, 0.0, 0.0, 0.0032579599825607853, 0.0, 0.015095304003079443, 0.0, 0.016946886027220685, 0.0, 0.0]}