{"labels": [0, 1, 2, 3, 4, 5, 6, 7, 8, 9, 10, 11, 12, 13, 14, 15, 16, 17, 18, 19, 20, 21, 22, 23, 24, 25, 26, 27, 28, 29, 30, 31, 32, 33, 34, 35, 36, 37, 38, 39], "data": [0.0, 0.0028972228145965314, 0.0, 0.0009259287608881274, 0.0, 0.046486298453302724, 0.0, 0.0, 0.010231344383343935, 0.0, 0.0063278695505441535, 0.022241909429414806, 0.0, 0.00543467238595348, 0.04728954238651368, 0.0, 0.0644700020789906, 0.0004617459351051086, 0.0025566673422452646, 0.0010318280706846127, 0.00011549383094275268, 0.009993012400139613, 0.0, 0.00823846847748887, 0.0, 0.0, 0.0, 0.0, 0.0, 0.0, 0.0016085564615293266, 0.0042703921692325755, 0.0, 0.0059842352587822145, 0.015028113713767307, 0.004536149455152043, 0.002504108498526802, 0.0013961091293835876, 0.004307535290117561, 0.0]}