{"labels": [0, 1, 2, 3, 4, 5, 6, 7, 8, 9, 10, 11, 12, 13, 14, 15, 16, 17, 18, 19, 20, 21, 22, 23, 24, 25, 26, 27, 28, 29, 30, 31, 32, 33, 34, 35, 36, 37, 38, 39], "data": [0.005616216285963314, 0.0, 0.0014069883593605806, 0.0, 0.03600674126622239, 0.0, 0.008584804531635456, 0.0, 0.0, 0.01827819010171729, 0.0, 0.0, 0.0007029179728724129, 0.0, 0.0, 0.021550500305361098, 0.05533346110115808, 0.010060766028674875, 0.0, 0.0035324432277444207, 0.005608110179102496, 0.0, 0.002687416891675788, 0.045667054553622376, 0.0016260868935453739, 0.001829570695864254, 0.0018648541073656162, 0.0, 0.0, 0.0, 0.0, 0.0, 0.0038738399035891536, 0.00993908524021356, 0.007505239919337845, 0.0, 0.0, 0.016078788536301285, 0.0027704854132197553, 0.0]}