{"labels": [0, 1, 2, 3, 4, 5, 6, 7, 8, 9, 10, 11, 12, 13, 14, 15, 16, 17, 18, 19, 20, 21, 22, 23, 24, 25, 26, 27, 28, 29, 30, 31, 32, 33, 34, 35, 36, 37, 38, 39], "data": [0.009019644895833746, 0.0, 0.009274274143158765, 0.04686213310610388, 0.0, 0.04422178582400616, 0.004242351539156695, 0.0015394038651082424, 0.0, 0.0, 0.0, 0.0, 0.0, 0.019946361770010013, 0.0, 0.01545321231740066, 0.027177425336355785, 0.0, 0.0, 0.03306276328675997, 0.0, 0.033843839656216464, 0.03045071325101908, 0.0, 0.0018916849921211624, 0.0018069977901891195, 0.0011672511343966564, 0.0, 0.0011454013717180046, 0.0, 0.0012229331067566064, 0.026446384594490002, 0.024860838479307854, 0.013932826614258232, 0.003341074729739649, 0.0, 0.0, 0.0, 0.0, 0.0013659332022574113]}