{"labels": [0, 1, 2, 3, 4, 5, 6, 7, 8, 9, 10, 11, 12, 13, 14, 15, 16, 17, 18, 19, 20, 21, 22, 23, 24, 25, 26, 27, 28, 29, 30, 31, 32, 33, 34, 35, 36, 37, 38, 39], "data": [0.0, 0.0030827457718676874, 0.018575172930588836, 0.001116686856776809, 0.010016602992005652, 0.0, 0.0013237040823202717, 0.005123378994682378, 0.0, 0.0029041662795590154, 0.0, 6.450805218860531e-05, 0.042747900341414055, 0.0010698140909136688, 0.0006720962974369443, 0.0, 0.018014793383399664, 0.0, 0.0058911033868275986, 0.0, 0.002748430492544767, 0.00015213957829808265, 0.007640977398033773, 0.02996053576391768, 0.002400866800206025, 0.0008851077105604449, 0.0050127949724744145, 0.006635825560011103, 0.0, 0.006174724718029335, 0.0, 0.0011246550773148548, 0.0024782394602540564, 0.0468165312482917, 0.012677290271168528, 0.0034239143234861985, 0.0, 0.05487116902342585, 0.002183080120527687, 0.002558246613419992]}