{"labels": [0, 1, 2, 3, 4, 5, 6, 7, 8, 9, 10, 11, 12, 13, 14, 15, 16, 17, 18, 19, 20, 21, 22, 23, 24, 25, 26, 27, 28, 29, 30, 31, 32, 33, 34, 35, 36, 37, 38, 39], "data": [0.0, 0.0, 0.0, 0.0034821789288146782, 0.0, 0.0, 0.0, 0.0, 0.0, 0.001896457834657368, 0.0, 0.0, 0.0011653287449845014, 0.0, 0.0036227710574648995, 0.0, 0.0, 0.009074939122195362, 0.0029993494553219417, 0.0, 0.0, 0.002748270770599101, 0.0, 0.01777395297403603, 0.0, 0.0, 0.0, 0.0, 0.0, 0.0, 0.0, 0.0005515555436412343, 0.0, 0.07564192985654909, 0.0, 0.002884007819580762, 0.0008223531552145342, 0.0, 0.0, 0.0]}