{"labels": [0, 1, 2, 3, 4, 5, 6, 7, 8, 9, 10, 11, 12, 13, 14, 15, 16, 17, 18, 19, 20, 21, 22, 23, 24, 25, 26, 27, 28, 29, 30, 31, 32, 33, 34, 35, 36, 37, 38, 39], "data": [0.0059709133912865826, 0.0, 0.0, 0.0, 0.0, 0.0, 0.0, 0.0, 0.0, 0.012410065400422401, 0.0, 0.0011387196818758642, 0.0, 0.002339172613547971, 0.0, 0.0, 0.0007723502350776788, 0.029244046933303795, 0.016587518682399313, 0.02782002208135589, 0.0, 0.05543802657945072, 0.005202249342103864, 0.009826929218454067, 0.0, 0.0, 0.0, 0.0, 0.0, 0.003952138694000256, 0.0, 0.0003445516583137145, 0.003980844147338996, 0.0, 0.006044005341578805, 0.0, 0.03217148500175699, 0.0, 0.0, 0.003688288748427104]}