{"labels": [0, 1, 2, 3, 4, 5, 6, 7, 8, 9, 10, 11, 12, 13, 14, 15, 16, 17, 18, 19, 20, 21, 22, 23, 24, 25, 26, 27, 28, 29, 30, 31, 32, 33, 34, 35, 36, 37, 38, 39], "data": [0.0, 0.0, 0.0013013450974250895, 0.0, 0.008610999373638744, 0.10710335973211878, 0.012387195375090407, 0.0, 0.0, 0.031199887461713267, 0.0, 0.0, 0.0, 0.0013669176716809806, 0.0, 0.0, 0.0026716558911445798, 0.013671708669049045, 0.0006814975923822058, 0.0, 0.0, 0.0, 0.0, 0.0, 0.005297679192039011, 0.0, 0.0, 0.0652652257702656, 0.0, 0.0, 0.0, 0.0, 0.0, 0.0, 0.005283763104590325, 0.0, 0.0, 0.02800867083887558, 0.0, 0.003019438859378769]}