{"labels": [0, 1, 2, 3, 4, 5, 6, 7, 8, 9, 10, 11, 12, 13, 14, 15, 16, 17, 18, 19, 20, 21, 22, 23, 24, 25, 26, 27, 28, 29, 30, 31, 32, 33, 34, 35, 36, 37, 38, 39], "data": [0.0022835700559235635, 0.004045997808614202, 0.01819245246297581, 0.0, 0.0, 0.0, 0.04545242441775218, 0.0, 0.0, 0.054627349928411284, 0.001855018619608482, 0.0010677566311453014, 0.00885617268576173, 0.0, 0.0, 0.0, 0.0, 0.005851505407794119, 0.0002357746637310992, 0.002785305154487902, 0.0, 0.0, 0.0, 0.010620190896447624, 0.0, 0.0, 0.0010771729992560435, 0.00041057138446566214, 0.0, 0.00803892119787881, 0.018440355464484734, 0.0, 0.0, 0.0, 0.0, 0.0, 0.0, 0.02699273565963222, 0.006104465233936197, 0.0024331703540359617]}