{"labels": [0, 1, 2, 3, 4, 5, 6, 7, 8, 9, 10, 11, 12, 13, 14, 15, 16, 17, 18, 19, 20, 21, 22, 23, 24, 25, 26, 27, 28, 29, 30, 31, 32, 33, 34, 35, 36, 37, 38, 39], "data": [0.016826728869137438, 0.013933420106742577, 0.003048223705146931, 0.006689373066662133, 0.021547383869682753, 0.0, 0.0, 0.02050301162550716, 0.005101529677031835, 0.001545685134946741, 0.0, 0.0068918205704175915, 0.0007462748465629592, 0.0, 0.014088751825960007, 0.0, 0.0007353178212694552, 0.013861599745293305, 0.013719671892537004, 0.0, 0.0, 0.011044321019464341, 0.0, 0.0, 0.039790072781553616, 0.0011178980678452496, 0.036017435868806465, 0.001866146424488898, 0.0, 0.0, 0.004151140992398324, 0.002608837941524123, 0.0034623389528869765, 0.0, 0.0, 0.004422914541090434, 0.013221130865671317, 0.0186015122165295, 0.008420163799498084, 0.00027900191894538053]}