{"labels": [0, 1, 2, 3, 4, 5, 6, 7, 8, 9, 10, 11, 12, 13, 14, 15, 16, 17, 18, 19, 20, 21, 22, 23, 24, 25, 26, 27, 28, 29, 30, 31, 32, 33, 34, 35, 36, 37, 38, 39], "data": [0.0, 0.0, 0.0, 0.0, 0.016690811695050087, 0.0, 0.0, 0.0002922207777971458, 7.305463277229582e-05, 0.0, 0.0, 0.0, 0.0, 0.0, 0.0, 0.0, 0.08466785140133412, 0.010942954926462595, 0.0, 0.0, 0.0, 0.04198368914463172, 0.0, 0.00533483524229147, 0.0, 0.030769647288232563, 0.0, 0.0, 0.0, 0.0, 0.0, 0.0, 0.0, 0.0, 0.020186092331951375, 0.0, 0.0, 0.004007538606207317, 0.0, 0.0]}