{"labels": [0, 1, 2, 3, 4, 5, 6, 7, 8, 9, 10, 11, 12, 13, 14, 15, 16, 17, 18, 19, 20, 21, 22, 23, 24, 25, 26, 27, 28, 29, 30, 31, 32, 33, 34, 35, 36, 37, 38, 39], "data": [0.04497827743990736, 0.0043225713040128365, 0.0, 0.005184106198193923, 0.0, 0.0, 0.0017514652145450024, 0.0, 0.0, 0.008988508598917469, 0.0002939980171717744, 0.0, 0.0, 0.0, 0.0, 0.0, 0.0, 0.0, 0.007752271794793531, 0.0, 0.00013457490766194882, 0.011458192971283324, 0.0, 0.004592826748520975, 0.003082372133244043, 0.012880107966132013, 0.0, 0.0, 0.0, 0.004258229651491809, 0.004227714361772929, 0.0, 0.0002561740747146261, 0.0, 0.0, 0.0, 0.001830213661382083, 0.05699900876217035, 0.0, 0.003916287567027511]}