{"labels": [0, 1, 2, 3, 4, 5, 6, 7, 8, 9, 10, 11, 12, 13, 14, 15, 16, 17, 18, 19, 20, 21, 22, 23, 24, 25, 26, 27, 28, 29, 30, 31, 32, 33, 34, 35, 36, 37, 38, 39], "data": [0.0, 0.0, 0.0, 0.0, 0.017543645466130554, 0.0, 0.045933881574453196, 0.0, 0.0, 0.0, 0.0, 0.0, 0.0, 0.0, 0.0, 0.0, 0.0, 0.0, 0.0, 0.0, 0.0, 0.0, 0.001721884306986722, 0.0, 0.008657391822913429, 0.0, 0.06211242075641963, 0.0, 0.000849866495640087, 0.0, 0.0018720412328608594, 0.0, 0.0, 0.0, 0.0, 0.0938955707222847, 0.0, 0.0, 0.04170034613028619, 0.0]}