{"labels": [0, 1, 2, 3, 4, 5, 6, 7, 8, 9, 10, 11, 12, 13, 14, 15, 16, 17, 18, 19, 20, 21, 22, 23, 24, 25, 26, 27, 28, 29, 30, 31, 32, 33, 34, 35, 36, 37, 38, 39], "data": [0.0, 0.0, 0.001640513350024155, 0.0, 0.04306417983393586, 0.0, 0.0, 0.0, 0.012617203148466408, 0.0, 0.0, 0.0, 0.0, 0.0, 0.0, 0.0, 0.0025404352602389694, 0.0, 0.0, 0.0003690958706110491, 0.0, 0.0, 0.0, 0.0, 0.0, 0.0, 0.0, 0.005943467699266194, 0.0, 0.0, 0.0, 0.0, 0.0, 0.04650043585202725, 0.03882332280208011, 0.0, 0.0, 0.07288035123352174, 0.0, 0.0]}