{"labels": [0, 1, 2, 3, 4, 5, 6, 7, 8, 9, 10, 11, 12, 13, 14, 15, 16, 17, 18, 19, 20, 21, 22, 23, 24, 25, 26, 27, 28, 29, 30, 31, 32, 33, 34, 35, 36, 37, 38, 39], "data": [0.004168810633762366, 0.02605569714148984, 0.004805680250987347, 0.0017807808492552471, 0.0, 0.0, 0.0, 0.0346894612459537, 0.0, 0.006465205193899528, 0.009239441028732866, 0.001759276146534208, 0.0, 0.0, 0.007535822733748423, 0.0, 0.0, 0.003662972529066959, 0.0, 0.0, 0.0044657997188613345, 0.0009545819344476654, 0.0, 0.003621214196773846, 0.0, 0.0, 0.0, 0.0, 0.0112700819876956, 0.015005114098891215, 0.011948363313096228, 0.0, 0.0, 0.04869708671087625, 0.0, 0.0020442937843532087, 0.00797932352287894, 0.0, 0.0, 0.0]}