{"labels": [0, 1, 2, 3, 4, 5, 6, 7, 8, 9, 10, 11, 12, 13, 14, 15, 16, 17, 18, 19, 20, 21, 22, 23, 24, 25, 26, 27, 28, 29, 30, 31, 32, 33, 34, 35, 36, 37, 38, 39], "data": [0.00962229248283476, 0.0005217105965766461, 0.007306250642738044, 0.011167105448584244, 0.050767680254972726, 0.005310128104625036, 0.0, 0.0, 0.0, 0.0, 0.0, 0.0002127913929775518, 0.005679950392111503, 0.0, 0.0, 0.0, 0.0, 0.006426862199595434, 0.0, 0.02267074969566388, 0.007523650515288838, 0.03230373127647653, 0.0009798707464318027, 0.0, 0.0, 0.006014755725824908, 0.0008083286895802202, 0.03714140928983237, 0.0, 0.0, 0.0, 0.0016435054929236782, 0.0, 0.09101658412782586, 0.02094819725123891, 0.0003538868967680312, 0.0036923870835129796, 0.0, 0.0, 0.0]}