{"labels": [0, 1, 2, 3, 4, 5, 6, 7, 8, 9, 10, 11, 12, 13, 14, 15, 16, 17, 18, 19, 20, 21, 22, 23, 24, 25, 26, 27, 28, 29, 30, 31, 32, 33, 34, 35, 36, 37, 38, 39], "data": [0.010685256409003502, 0.007617342179873105, 0.00026524482554549805, 0.026395429424683262, 0.021118393825791348, 0.0, 0.04223340717149792, 0.0008354740448545446, 0.0, 0.03469356661006093, 0.006558875997222054, 0.0, 0.0, 0.0, 0.0, 0.0, 0.0, 0.0, 0.0, 0.0, 0.0, 0.0, 0.0, 0.010201972316400796, 0.012914344317594131, 0.0027550636027567845, 0.0, 0.019953815950637346, 0.0015777078257022835, 0.001130281749715119, 0.0, 0.002218990961158829, 0.0014433553647230837, 0.0, 0.00041442178576452587, 0.004414106799230176, 0.0, 0.0, 0.0, 0.0]}