{"labels": [0, 1, 2, 3, 4, 5, 6, 7, 8, 9, 10, 11, 12, 13, 14, 15, 16, 17, 18, 19, 20, 21, 22, 23, 24, 25, 26, 27, 28, 29, 30, 31, 32, 33, 34, 35, 36, 37, 38, 39], "data": [0.0, 0.0, 0.006542817062163325, 0.0, 0.0, 0.0, 0.0419601329389927, 0.0, 0.0, 0.010067080999647161, 0.012273057575775893, 0.0, 0.0, 0.0, 0.0, 0.0, 0.0, 0.0, 0.0, 0.0, 0.01937050723620097, 0.004037598284134901, 0.0, 0.011277606461442097, 0.01573732766287323, 0.0, 0.0, 0.0, 0.004822938656259451, 0.0, 0.015638877042929784, 0.002089098203569536, 0.0018022453548568603, 0.007483884732766372, 0.0, 0.0, 0.0, 0.0, 0.0, 0.06524011304441775]}