{"labels": [0, 1, 2, 3, 4, 5, 6, 7, 8, 9, 10, 11, 12, 13, 14, 15, 16, 17, 18, 19, 20, 21, 22, 23, 24, 25, 26, 27, 28, 29, 30, 31, 32, 33, 34, 35, 36, 37, 38, 39], "data": [0.0, 0.04619850664614301, 0.0, 0.0, 0.017420641791985197, 0.0, 0.002555674955134712, 0.007917951278908621, 0.0, 0.0, 0.0039470829948574475, 0.0, 0.0, 3.9036888241805585e-05, 0.0082729096347968, 0.0, 0.0, 0.0037297371312014897, 0.0, 0.0, 0.0, 0.0, 0.0016285619661207972, 0.0, 0.0, 0.009751741440024712, 0.07711560997588526, 0.0, 0.0, 0.005438461000645545, 0.0, 0.0008118020295081236, 0.003164905266829032, 0.040196058840653914, 0.0, 0.04886274803237053, 0.0, 0.0, 0.025507218041854067, 0.032933987848724186]}