{"labels": [0, 1, 2, 3, 4, 5, 6, 7, 8, 9, 10, 11, 12, 13, 14, 15, 16, 17, 18, 19, 20, 21, 22, 23, 24, 25, 26, 27, 28, 29, 30, 31, 32, 33, 34, 35, 36, 37, 38, 39], "data": [0.013460873662717684, 0.004823887865814104, 0.0, 0.022459969491889168, 0.0007678709473580737, 0.004978306704863056, 0.00024874679939423076, 0.0, 0.0, 0.025998187419078778, 0.0036729569376270027, 0.001516894817203648, 0.02122910397157942, 0.03388120574382438, 2.9552410607870805e-05, 0.0, 0.0, 0.013747291832703845, 0.0, 0.001626907136908769, 0.0, 0.023970337420841557, 0.0, 0.0, 0.015917143052042587, 0.023847223709377478, 0.005639976255336163, 0.012077424971328384, 0.002669609589824117, 0.0, 0.013680811946060183, 0.0, 0.027787608154503842, 0.010290854541785341, 0.006146332338814784, 0.0, 0.0, 0.021315536122611594, 0.004890830596442855, 0.004803466006217964]}