{"labels": [0, 1, 2, 3, 4, 5, 6, 7, 8, 9, 10, 11, 12, 13, 14, 15, 16, 17, 18, 19, 20, 21, 22, 23, 24, 25, 26, 27, 28, 29, 30, 31, 32, 33, 34, 35, 36, 37, 38, 39], "data": [0.007818483708409119, 0.0017868736410524067, 0.0013453356503766226, 0.0, 0.0, 9.050200014185407e-05, 0.0, 0.0, 0.0, 0.0, 0.010345609391590495, 0.0, 0.15638439396797513, 0.0, 0.0, 0.0, 0.0, 0.0, 0.00039916792062606363, 0.0, 0.0, 0.0, 0.0, 0.0, 0.0, 0.0, 0.0, 0.0, 0.0, 0.005190604305860165, 0.0, 0.0, 0.0, 0.0, 0.0, 0.03485572350558346, 0.005120584572016046, 0.0, 0.0, 0.0]}