{"labels": [0, 1, 2, 3, 4, 5, 6, 7, 8, 9, 10, 11, 12, 13, 14, 15, 16, 17, 18, 19, 20, 21, 22, 23, 24, 25, 26, 27, 28, 29, 30, 31, 32, 33, 34, 35, 36, 37, 38, 39], "data": [0.012707564311295105, 0.0038808659461812803, 0.0059768118924229605, 0.0, 0.0, 0.0, 0.0, 0.0, 0.0, 0.0009869088983254519, 0.017667750182525928, 0.0, 0.0, 0.0, 0.0, 0.0, 0.0, 0.0015075616371119794, 0.0, 0.0, 0.0, 0.0, 0.0, 0.0, 0.0, 0.0, 0.0, 8.13235592908723e-05, 0.0, 0.0, 0.014217328045542953, 0.0, 0.006414254014114939, 0.0, 0.028225910209637255, 0.0, 0.09044375556622679, 0.024896575010909233, 0.0, 0.0441325482316254]}