{"labels": [0, 1, 2, 3, 4, 5, 6, 7, 8, 9, 10, 11, 12, 13, 14, 15, 16, 17, 18, 19, 20, 21, 22, 23, 24, 25, 26, 27, 28, 29, 30, 31, 32, 33, 34, 35, 36, 37, 38, 39], "data": [0.0023961799272524498, 0.000962617884972167, 0.0, 0.009394027504036081, 0.0033130899224941366, 0.0, 0.004711473686268036, 0.001737237941533062, 0.0020113502445404476, 0.006095773295729157, 0.017568707620480944, 0.0023801189022006667, 0.007606999859378852, 0.021167939738558142, 0.0, 0.0, 0.0, 0.00015347404500275298, 0.0, 0.0023356319144869127, 0.0028283603778779315, 0.002036501800905233, 0.0, 0.06326256045444525, 0.016348273314102157, 0.0, 0.0005584206408371945, 0.03214652098098325, 0.0, 0.0, 0.0, 0.002990949504034813, 0.05855100761644285, 0.02335971404200186, 0.0, 0.0007594832116026673, 0.0, 0.03294708254297799, 0.0, 0.0]}