{"labels": [0, 1, 2, 3, 4, 5, 6, 7, 8, 9, 10, 11, 12, 13, 14, 15, 16, 17, 18, 19, 20, 21, 22, 23, 24, 25, 26, 27, 28, 29, 30, 31, 32, 33, 34, 35, 36, 37, 38, 39], "data": [0.0, 0.0, 0.0, 0.023243198085873523, 0.031104023085321297, 0.0, 0.010617765627896307, 0.00242371459116451, 0.0, 0.01790956582553731, 0.0, 0.0, 0.0052668812040579755, 0.0, 0.0, 0.002874850697761101, 0.007237491941138719, 0.0, 0.0, 0.0006126305539122282, 0.019232825963187705, 0.0, 0.0011845275786639149, 0.0, 0.0, 0.0290041781969123, 0.0, 0.02697210722970869, 0.004423317284471718, 0.0, 0.0, 0.0, 0.0, 0.0006029295823588828, 0.020276617881934845, 0.0, 0.0, 0.004389887160617864, 0.005774356409864369, 0.0]}