{"labels": [0, 1, 2, 3, 4, 5, 6, 7, 8, 9, 10, 11, 12, 13, 14, 15, 16, 17, 18, 19, 20, 21, 22, 23, 24, 25, 26, 27, 28, 29, 30, 31, 32, 33, 34, 35, 36, 37, 38, 39], "data": [0.00618334544355102, 0.0223710250882469, 0.018217091806533973, 0.035785867141132056, 0.0, 0.007370921115364129, 0.0, 0.02290654757246489, 0.017890532126314997, 0.0, 0.0, 0.0, 0.018426690784971472, 0.0, 0.0, 0.018432042003238176, 0.0, 0.0, 0.0, 0.0, 0.0576070801122237, 0.0, 0.0, 0.0, 0.0, 0.0, 0.0, 0.0, 0.005591543020010435, 0.0, 0.0, 0.0, 0.03670955003343196, 0.0, 0.02315811556528296, 0.0, 0.06106313067792862, 0.0, 0.0, 0.0]}