{"labels": [0, 1, 2, 3, 4, 5, 6, 7, 8, 9, 10, 11, 12, 13, 14, 15, 16, 17, 18, 19, 20, 21, 22, 23, 24, 25, 26, 27, 28, 29, 30, 31, 32, 33, 34, 35, 36, 37, 38, 39], "data": [0.0, 0.0, 0.0, 0.0, 0.04163731033488899, 0.02384596871515644, 0.0, 0.0, 0.0, 0.0, 0.0, 0.0, 0.0, 0.000532417959709695, 0.0, 0.04354281931512005, 0.002062799163392361, 0.0, 0.0, 0.0, 0.006075753809209781, 0.0, 0.0, 0.0, 0.0, 0.00019647959258645175, 0.0, 0.0, 0.0, 0.0, 0.0019286078722054218, 0.0, 0.00013245614521677684, 0.01631703002253596, 0.0, 0.0, 0.0005199092666137384, 0.0, 0.0, 0.0]}