{"labels": [0, 1, 2, 3, 4, 5, 6, 7, 8, 9, 10, 11, 12, 13, 14, 15, 16, 17, 18, 19, 20, 21, 22, 23, 24, 25, 26, 27, 28, 29, 30, 31, 32, 33, 34, 35, 36, 37, 38, 39], "data": [0.0, 0.0034737781335402542, 0.03470981019518527, 0.007975850350716133, 0.0, 0.02046242329443607, 0.04319154146330561, 0.0, 0.0, 0.01652000893428877, 0.0, 0.0, 0.0, 0.02890998339787699, 0.0, 0.001296333915222255, 0.0, 0.0, 0.0, 0.0, 0.0, 0.0, 0.0, 0.07063447331924046, 0.0, 0.0, 0.00831301622245567, 0.0, 0.11710667453682991, 0.0, 0.0, 0.0, 0.0, 0.0, 0.0017582707942709642, 0.0, 0.0031881804251729902, 0.009534927642283413, 0.0010998557483067758, 0.0]}