{"labels": [0, 1, 2, 3, 4, 5, 6, 7, 8, 9, 10, 11, 12, 13, 14, 15, 16, 17, 18, 19, 20, 21, 22, 23, 24, 25, 26, 27, 28, 29, 30, 31, 32, 33, 34, 35, 36, 37, 38, 39], "data": [0.010174462642164967, 0.005112947688544096, 0.0006981787798566522, 0.006151197356023165, 0.003941903832253804, 0.0, 0.0, 0.0, 0.0, 0.020477756237074467, 0.0, 0.0, 0.024601704473253657, 0.0017644789646918165, 0.0, 0.0009881602846440456, 0.00017616852046405283, 0.00823056368538929, 0.004305973602533688, 0.0, 0.021889647243791353, 0.0109666938202956, 0.0, 0.0, 0.04016096416720797, 0.0, 0.0, 0.0, 0.0, 0.0, 0.0010925028954335502, 0.0, 0.0, 0.0, 0.000726051734044868, 0.04345175298920278, 0.013712771337781655, 0.0, 0.0, 0.0010698400290336133]}