{"labels": [0, 1, 2, 3, 4, 5, 6, 7, 8, 9, 10, 11, 12, 13, 14, 15, 16, 17, 18, 19, 20, 21, 22, 23, 24, 25, 26, 27, 28, 29, 30, 31, 32, 33, 34, 35, 36, 37, 38, 39], "data": [0.0, 0.0, 0.0010578156056786636, 0.0, 0.019392668194970118, 0.0005695605694952849, 0.04955464877872837, 0.008347744508664628, 0.00307849043794093, 0.0, 0.0008630309057155991, 0.0, 0.03139319253447078, 0.0005787563426466034, 0.0, 0.0, 0.0, 0.011917968294203891, 0.02927733000382316, 0.0, 0.0011094488856968846, 0.0021975546872342613, 0.0, 0.0, 0.0, 0.0, 0.011557539315872636, 0.0, 0.0, 0.014087663892808295, 0.0, 0.0, 0.0014568457018777695, 0.005995484633511382, 0.01288081115062111, 0.006515624516869009, 0.0, 0.0, 0.0, 0.0]}