{"labels": [0, 1, 2, 3, 4, 5, 6, 7, 8, 9, 10, 11, 12, 13, 14, 15, 16, 17, 18, 19, 20, 21, 22, 23, 24, 25, 26, 27, 28, 29, 30, 31, 32, 33, 34, 35, 36, 37, 38, 39], "data": [0.0, 0.001610642348882456, 0.0, 0.02133462082547975, 0.0, 0.020857703404456588, 0.004049864198150778, 0.0, 0.0, 0.0, 0.008383299949214303, 0.0013585007623120892, 0.02029180678756914, 0.0, 0.0, 0.006187743387148435, 0.0498761556035359, 0.0, 0.0, 0.0, 0.0013952337509231813, 0.04578698369278057, 0.0, 0.0, 0.01723538743559394, 0.0, 0.0022146095972358773, 0.029474356268813715, 0.0033709944450278787, 0.0, 0.0, 0.06191123217710177, 0.0, 0.0, 0.0, 0.0, 0.0022686515374127545, 0.0025870715613896833, 0.0, 0.0]}