{"labels": [0, 1, 2, 3, 4, 5, 6, 7, 8, 9, 10, 11, 12, 13, 14, 15, 16, 17, 18, 19, 20, 21, 22, 23, 24, 25, 26, 27, 28, 29, 30, 31, 32, 33, 34, 35, 36, 37, 38, 39], "data": [0.0, 0.0, 0.004103081770799596, 0.0, 0.0, 0.0, 0.010643684835272706, 0.0, 0.030680691434452505, 0.0, 0.0, 0.005030960807863886, 0.0, 0.0, 0.009176403694185691, 0.03999010802729095, 0.006237986174988618, 0.0015151668112235706, 0.00491957442069109, 0.0, 0.021615154041206584, 0.003246556251835388, 0.0, 0.0, 0.0004808616274848697, 0.000865572409860168, 0.01207189299692398, 0.0, 0.0, 0.0, 0.004111651270889091, 0.00662189521157283, 0.0013129817671003877, 0.06611839927441082, 0.0031321326861438984, 0.010647186150656442, 0.0, 0.0317259042188122, 0.029622398739699626, 0.0]}