{"labels": [0, 1, 2, 3, 4, 5, 6, 7, 8, 9, 10, 11, 12, 13, 14, 15, 16, 17, 18, 19, 20, 21, 22, 23, 24, 25, 26, 27, 28, 29, 30, 31, 32, 33, 34, 35, 36, 37, 38, 39], "data": [0.0, 0.001532679165089578, 0.0, 0.0, 0.0, 0.0, 0.0035391402203591685, 0.0, 0.0013008096625599563, 0.0, 0.009826385996197768, 0.0, 0.0, 0.0, 0.0024815869402686377, 0.0030225955969392813, 0.0, 0.016963081464298937, 0.0, 0.0, 0.0, 0.0, 0.01669129560352826, 0.045158511880045854, 0.014409027379820014, 0.0, 0.0, 0.0, 0.001663738307267848, 0.02340676262865944, 0.0, 0.0, 0.0009168715246280092, 0.0, 0.0, 0.0053402051556646285, 0.0, 0.0, 0.0, 0.0]}