{"labels": [0, 1, 2, 3, 4, 5, 6, 7, 8, 9, 10, 11, 12, 13, 14, 15, 16, 17, 18, 19, 20, 21, 22, 23, 24, 25, 26, 27, 28, 29, 30, 31, 32, 33, 34, 35, 36, 37, 38, 39], "data": [0.01107149210673228, 0.010626701439787408, 0.0, 0.0, 0.0010355298374413108, 0.0, 0.012141724267107343, 0.0, 0.0, 0.008797176928763728, 0.004620792685569933, 0.06532450868331867, 0.0, 0.0, 0.001348594639156477, 0.021295512331424276, 0.00011895883108117732, 0.003597653909492933, 0.04726261595129409, 0.014304427772630628, 0.0, 0.005867507551907921, 0.0, 0.020645889533394513, 0.029633274155441168, 0.0, 0.0, 0.0, 0.0032440395520836906, 0.0, 0.010007128730037024, 0.0, 9.898273041532356e-07, 0.01153974919789143, 0.0, 0.08792394933040035, 0.0, 0.0, 0.01821142023166015, 0.02259065126861604]}