{"labels": [0, 1, 2, 3, 4, 5, 6, 7, 8, 9, 10, 11, 12, 13, 14, 15, 16, 17, 18, 19, 20, 21, 22, 23, 24, 25, 26, 27, 28, 29, 30, 31, 32, 33, 34, 35, 36, 37, 38, 39], "data": [0.0, 0.0, 0.0, 0.0, 0.0, 0.0, 0.05773791569823829, 0.0, 0.0, 0.0, 0.08382345083062419, 0.0, 0.0, 0.0, 0.0, 0.0, 0.0, 0.0032298699078028544, 0.0, 0.005556846367559631, 0.0, 0.0, 0.0, 0.0, 0.0, 0.0, 0.06033205879801806, 0.0, 0.0, 0.0, 0.0008639399910610826, 0.0, 0.0, 0.0, 0.0, 0.0, 0.0, 0.014420072463815983, 0.0, 0.0]}