{"labels": [0, 1, 2, 3, 4, 5, 6, 7, 8, 9, 10, 11, 12, 13, 14, 15, 16, 17, 18, 19, 20, 21, 22, 23, 24, 25, 26, 27, 28, 29, 30, 31, 32, 33, 34, 35, 36, 37, 38, 39], "data": [0.0020938220910912382, 0.0, 0.021856354027849967, 0.0, 0.0, 0.0, 0.01106968579123348, 0.05609233907822507, 0.0, 0.0017130468440030827, 0.003745598709863483, 0.0, 0.0, 0.0017143639868404084, 0.0, 0.0, 0.0, 0.01718268887610206, 0.0, 0.0003207659915178246, 0.0, 0.0031414193316851332, 0.00725522510618552, 0.0, 0.0016419257475485292, 0.0, 0.0, 0.027861990245078603, 0.0, 0.03347687320282955, 0.0, 0.004853959068218989, 0.05280128781520547, 0.0, 0.0008470583040559976, 0.0, 0.024915889044496545, 0.0, 0.0, 0.0]}