{"labels": [0, 1, 2, 3, 4, 5, 6, 7, 8, 9, 10, 11, 12, 13, 14, 15, 16, 17, 18, 19, 20, 21, 22, 23, 24, 25, 26, 27, 28, 29, 30, 31, 32, 33, 34, 35, 36, 37, 38, 39], "data": [0.00353464023468852, 0.0013781271661407518, 0.02290073476533836, 0.0, 0.016773445363682773, 0.0, 0.0, 0.02301621367662379, 4.892113111770944e-06, 0.009261151183538124, 0.0072069241912325645, 0.0, 0.003494506075557819, 0.015235240946593358, 0.0, 0.000802972135595001, 0.0, 0.0, 0.0, 0.0, 0.0, 0.0003496859680987435, 0.0026370937246741927, 0.03400303846942578, 0.002206119880294024, 0.0059821574892112905, 0.0, 0.044060876675856404, 0.004102459675205393, 0.0, 0.0, 0.0, 0.0, 0.0089969973462451, 0.0, 0.00835219633602177, 0.0, 0.015857752164842927, 0.0, 0.0004117626481345608]}