{"labels": [0, 1, 2, 3, 4, 5, 6, 7, 8, 9, 10, 11, 12, 13, 14, 15, 16, 17, 18, 19, 20, 21, 22, 23, 24, 25, 26, 27, 28, 29, 30, 31, 32, 33, 34, 35, 36, 37, 38, 39], "data": [0.0026785971325099657, 0.0, 0.0, 0.0, 0.0009594840757256174, 0.0002108423419227152, 0.013482527085800677, 0.0, 0.0, 0.0, 0.0, 0.0, 0.0, 0.0010251667802819088, 0.0, 0.0, 0.07172846633604507, 0.024059092307933704, 0.0, 0.0, 0.0, 0.0, 0.0, 1.7638250473650446e-05, 0.0, 0.0, 0.0, 0.0, 0.0, 0.0, 0.0004060529769492884, 0.0, 0.0, 0.04599750021600319, 0.009281320562303784, 0.0, 0.0, 0.001712563834204126, 0.0, 0.0]}