{"labels": [0, 1, 2, 3, 4, 5, 6, 7, 8, 9, 10, 11, 12, 13, 14, 15, 16, 17, 18, 19, 20, 21, 22, 23, 24, 25, 26, 27, 28, 29, 30, 31, 32, 33, 34, 35, 36, 37, 38, 39], "data": [0.0016820686428552314, 0.0, 0.002788608679160154, 0.0, 0.0771344601712311, 0.020195384168159424, 0.0, 0.0, 0.004369068283604395, 0.0, 0.0, 0.003955180296693859, 0.0, 0.041627402068376694, 0.0, 0.0, 0.0, 0.0, 0.0, 0.0, 0.0, 0.0035011302351879276, 0.0, 0.013201980015984617, 0.0, 0.011859668778534742, 0.004436888305662914, 0.021822400088370275, 0.0002649768461165038, 0.0014452939559802195, 0.0025932926423318818, 0.002134527047864646, 0.0, 0.0, 0.026752417618113204, 0.0, 0.007726935966370381, 0.0008846929777943169, 0.04454230630342766, 0.0]}