{"labels": [0, 1, 2, 3, 4, 5, 6, 7, 8, 9, 10, 11, 12, 13, 14, 15, 16, 17, 18, 19, 20, 21, 22, 23, 24, 25, 26, 27, 28, 29, 30, 31, 32, 33, 34, 35, 36, 37, 38, 39], "data": [0.0, 0.0, 0.0008103240474933313, 0.07347605853572241, 0.0, 0.0, 0.008001011184254163, 0.0, 0.0016191401924523833, 0.022568119068080098, 0.0, 0.0, 0.0, 0.0, 0.012909740796324716, 0.0016841088553022241, 0.0, 0.040907958581344654, 0.0, 0.0008936789722679281, 0.004696851735748004, 0.0, 0.04335122459816235, 0.0, 0.0, 0.0016633478035382326, 0.0, 0.033765692638529105, 0.0, 0.06501615388130778, 0.0, 0.0, 0.0, 0.002651725205715745, 0.0006477816980072991, 0.003925058413498398, 0.023703507238567612, 0.0, 0.0034194436407193798, 0.0]}