{"labels": [0, 1, 2, 3, 4, 5, 6, 7, 8, 9, 10, 11, 12, 13, 14, 15, 16, 17, 18, 19, 20, 21, 22, 23, 24, 25, 26, 27, 28, 29, 30, 31, 32, 33, 34, 35, 36, 37, 38, 39], "data": [0.0, 0.0, 0.0, 0.0, 0.01878703128064895, 0.0, 0.0, 0.0, 0.015333260006680881, 0.0, 0.0, 0.007834131577138444, 0.0, 0.0, 0.0, 0.0, 0.006466610146633987, 0.0, 0.0, 0.0, 0.0, 0.0, 0.0, 0.0, 0.0, 0.02442710539470398, 0.0, 0.006342472182294989, 0.0002729228458830125, 0.0, 0.0, 0.0, 0.0, 0.0, 0.06852536138673863, 0.0008268288624155057, 0.0, 0.0, 0.0, 0.0]}