{"labels": [0, 1, 2, 3, 4, 5, 6, 7, 8, 9, 10, 11, 12, 13, 14, 15, 16, 17, 18, 19, 20, 21, 22, 23, 24, 25, 26, 27, 28, 29, 30, 31, 32, 33, 34, 35, 36, 37, 38, 39], "data": [0.0, 0.0, 0.0, 0.0, 0.04538509201133605, 0.029469312524559792, 0.04031990529043898, 0.03704058213588008, 0.00418552056746009, 0.0, 0.0, 0.0, 0.0, 0.006405880444590298, 0.0, 0.004319697926523329, 0.003453425416357938, 0.0, 0.000854148239816928, 0.0, 0.0, 0.0, 0.0, 0.004993536852771651, 0.0, 0.0, 0.0, 0.0, 0.0, 0.0, 0.0, 0.002547427498520424, 0.0016298400479993942, 0.0, 0.0, 0.0, 0.0, 0.0, 0.0, 0.0]}