{"labels": [0, 1, 2, 3, 4, 5, 6, 7, 8, 9, 10, 11, 12, 13, 14, 15, 16, 17, 18, 19, 20, 21, 22, 23, 24, 25, 26, 27, 28, 29, 30, 31, 32, 33, 34, 35, 36, 37, 38, 39], "data": [0.0023533238569591, 0.0, 0.00040508440339227786, 0.0, 0.0, 0.0, 0.0005479850988104661, 0.0, 0.0, 0.0, 0.0027598238274185913, 0.0, 0.0016338839329723557, 0.011853397175055793, 0.0, 0.0024578649591644897, 0.005900077625935603, 0.005044858976266612, 0.0, 0.001139608367529116, 0.0, 0.0, 0.0, 0.05963718401929256, 9.083166220839627e-05, 0.0, 0.0, 0.0008952493236981084, 0.006593852756216151, 0.0, 0.0, 0.0, 0.0, 0.006712718116398489, 8.00709898297018e-05, 0.0, 0.0, 0.0, 0.0, 0.0]}