{"labels": [0, 1, 2, 3, 4, 5, 6, 7, 8, 9, 10, 11, 12, 13, 14, 15, 16, 17, 18, 19, 20, 21, 22, 23, 24, 25, 26, 27, 28, 29, 30, 31, 32, 33, 34, 35, 36, 37, 38, 39], "data": [0.0, 0.0, 0.0005990337165428626, 0.01854544742162422, 0.01567698094962687, 0.014271259477673201, 0.007150176428038832, 0.001113269352411083, 0.009789148132510063, 0.012482280429675502, 0.01127965816247875, 0.002701994776594634, 0.0030678173882347686, 0.03675674506161777, 0.0, 0.0, 0.03709732744070041, 0.0, 0.0, 0.005250090249727647, 0.0, 0.00017331177889199975, 0.0013647388724621712, 0.00314411594625743, 0.0, 0.005035886358060987, 0.0, 0.0, 0.0, 0.0, 0.0, 0.04725734266787279, 0.0, 0.0, 0.0, 0.0, 0.0, 0.01892559275409683, 0.0024102302154847613, 0.0]}