{"labels": [0, 1, 2, 3, 4, 5, 6, 7, 8, 9, 10, 11, 12, 13, 14, 15, 16, 17, 18, 19, 20, 21, 22, 23, 24, 25, 26, 27, 28, 29, 30, 31, 32, 33, 34, 35, 36, 37, 38, 39], "data": [0.0, 0.0, 0.0035720550576680537, 0.0, 0.0064295762591351415, 0.0, 0.006364147559595806, 0.0, 0.0, 0.013044780235990623, 0.000209890016083045, 0.0, 0.014193613775689172, 0.003075140552833418, 0.0, 0.0, 0.0011497543084265588, 0.0, 0.0, 0.0, 0.0, 0.0032698461956305637, 0.013756339611374622, 0.02312822582812737, 0.020862107109007492, 8.720411228251025e-05, 0.005741681208564359, 0.02935375542307018, 6.22313512597996e-05, 0.01716192977390079, 0.0, 0.0004107354453755138, 0.004842952001752512, 0.0, 0.0, 0.01272958062390343, 0.0050263610135660025, 0.010839727865012546, 0.0, 0.0020942895032655374]}