{"labels": [0, 1, 2, 3, 4, 5, 6, 7, 8, 9, 10, 11, 12, 13, 14, 15, 16, 17, 18, 19, 20, 21, 22, 23, 24, 25, 26, 27, 28, 29, 30, 31, 32, 33, 34, 35, 36, 37, 38, 39], "data": [0.009609256667211049, 0.0, 0.0, 0.030897096535608154, 0.014309672437092259, 0.0, 0.0012214755210407941, 0.0004091303849167491, 0.0, 0.0, 0.0, 0.0027482366665392247, 0.0, 0.0, 0.008921296145116164, 0.0026355782536111824, 0.009758096912407841, 0.01577336654517922, 0.007835300301167946, 0.0, 0.0, 0.0016681563435708663, 0.0, 0.0, 0.0, 0.013709633659079744, 0.025526362736145176, 0.021932143967613556, 0.0026611880064701457, 0.0, 0.0, 0.02736405940703285, 0.0, 0.02977155317506457, 0.010211754290171854, 0.009565967817972046, 0.0, 0.01555452904488191, 0.0, 0.0]}