{"labels": [0, 1, 2, 3, 4, 5, 6, 7, 8, 9, 10, 11, 12, 13, 14, 15, 16, 17, 18, 19, 20, 21, 22, 23, 24, 25, 26, 27, 28, 29, 30, 31, 32, 33, 34, 35, 36, 37, 38, 39], "data": [0.0, 0.0022372210277999093, 0.0, 0.0, 0.007562301036036751, 0.014311784733940127, 0.022805074157985845, 0.03051312256139202, 0.0, 0.0, 0.007169316660648704, 0.0, 0.0765706300967658, 0.0, 0.003720491019658579, 0.005967655952730559, 0.0, 0.0, 0.006387288461647075, 0.002448958970463625, 0.0, 0.0, 0.0, 0.0, 0.02325794147109902, 0.0, 0.0003334927119201484, 0.0, 0.0, 0.021415216269434115, 0.0, 0.0, 0.0012675028253664065, 0.0, 0.0, 0.0, 0.0, 0.0008953665707447299, 0.0, 0.0]}