{"labels": [0, 1, 2, 3, 4, 5, 6, 7, 8, 9, 10, 11, 12, 13, 14, 15, 16, 17, 18, 19, 20, 21, 22, 23, 24, 25, 26, 27, 28, 29, 30, 31, 32, 33, 34, 35, 36, 37, 38, 39], "data": [0.0015590804911704609, 0.0, 0.0012634012261236274, 0.009385053950681583, 0.014221916725869121, 0.0, 0.010072333094807647, 0.0005596839866095024, 0.019457977775390507, 0.006462335113748013, 0.0005082522436837705, 0.07564656264160603, 0.013127406988642999, 0.0, 0.008070460694415657, 0.0008324926787480971, 0.0, 0.0059810113089927164, 0.05715595980786012, 4.873614574345945e-05, 0.0020226314099070705, 0.006901146096576704, 0.00039651312612195015, 0.0, 0.0, 0.0, 0.005184949226905788, 2.9420257631042096e-05, 0.0, 0.0, 0.0019783849256589624, 0.0, 0.0, 0.0, 0.00972126145297311, 0.043761930767593965, 0.0039644282618090726, 0.000755062071384015, 0.0, 0.0]}