{"labels": [0, 1, 2, 3, 4, 5, 6, 7, 8, 9, 10, 11, 12, 13, 14, 15, 16, 17, 18, 19, 20, 21, 22, 23, 24, 25, 26, 27, 28, 29, 30, 31, 32, 33, 34, 35, 36, 37, 38, 39], "data": [0.024566725648746953, 0.0, 0.000695946934258469, 0.049755065756618616, 0.013249171344250986, 0.0, 0.01495051347215716, 0.0, 0.0004228910768258082, 0.033966371476347304, 0.0024382707113586046, 0.001093364700949623, 0.025950162622160804, 0.0, 0.0, 0.0016467091740072506, 0.01754885076847756, 0.0, 0.0, 0.0, 0.0, 0.013067196011667889, 0.0, 0.020082928270031424, 0.000565046519101627, 0.018221350089628118, 0.0, 0.0, 0.0, 0.0, 0.0, 0.00501748774369824, 0.016051786395868874, 0.01191521511826024, 0.04263688530866238, 0.0, 0.0, 0.0, 0.013596429668432372, 0.003364642475872577]}