{"labels": [0, 1, 2, 3, 4, 5, 6, 7, 8, 9, 10, 11, 12, 13, 14, 15, 16, 17, 18, 19, 20, 21, 22, 23, 24, 25, 26, 27, 28, 29, 30, 31, 32, 33, 34, 35, 36, 37, 38, 39], "data": [0.0, 0.0, 0.0005523334863254985, 0.0, 0.0, 0.0, 0.0424256751266153, 0.018623000814099164, 0.0, 0.0, 0.0, 0.0, 0.0700207698047375, 0.0, 0.0, 8.117352646216004e-05, 0.0, 0.0006196935654502124, 0.0, 0.0, 0.0, 0.0, 0.0, 0.0, 0.0, 0.0, 0.0, 0.0, 0.0, 0.0, 0.0008925802710904871, 0.0, 0.0, 0.05308642214115569, 0.00560593378037736, 0.0, 0.0, 0.003190001607185016, 0.0, 0.0]}