{"labels": [0, 1, 2, 3, 4, 5, 6, 7, 8, 9, 10, 11, 12, 13, 14, 15, 16, 17, 18, 19, 20, 21, 22, 23, 24, 25, 26, 27, 28, 29, 30, 31, 32, 33, 34, 35, 36, 37, 38, 39], "data": [0.0, 0.0, 0.011333341131618895, 0.0382550536017715, 0.0, 0.0, 0.0, 0.0, 0.003373934844670618, 0.0, 0.010698913114180366, 0.0, 0.008565045620561729, 0.0, 0.010976731667033078, 0.010588988720761692, 0.0, 0.0, 0.0, 0.02425982570080298, 0.04343260332137558, 0.038159834198147335, 0.004740873432541744, 0.0013708876783462157, 0.0, 0.0, 0.05588343583779778, 0.0, 0.009473436644201735, 0.0038181187765936, 0.0, 0.05171260665777939, 0.0, 0.03071054335452209, 0.003580972576321347, 0.03491901841516909, 0.0013205553918584426, 0.0019992358134838387, 0.0, 0.0]}