{"labels": [0, 1, 2, 3, 4, 5, 6, 7, 8, 9, 10, 11, 12, 13, 14, 15, 16, 17, 18, 19, 20, 21, 22, 23, 24, 25, 26, 27, 28, 29, 30, 31, 32, 33, 34, 35, 36, 37, 38, 39], "data": [0.0, 0.0, 0.000490858376625979, 0.0, 0.02633817663352604, 0.0, 0.0, 0.06112081729934957, 0.0038194824114917082, 0.0, 0.0, 0.0, 0.006271824840821963, 0.043517405504357336, 0.0, 0.0, 0.00819262415096692, 0.0, 0.0, 0.0004882995136525253, 0.0, 0.002348228047503032, 0.10578637197962601, 0.0018274774929905907, 0.0, 0.0, 0.0, 0.002196524943898991, 0.0, 0.0, 0.0, 0.0026604516848027665, 0.0, 0.0, 0.019600456266434356, 0.0, 0.004079545139855561, 0.0, 0.011062942877454825, 0.0]}