{"labels": [0, 1, 2, 3, 4, 5, 6, 7, 8, 9, 10, 11, 12, 13, 14, 15, 16, 17, 18, 19, 20, 21, 22, 23, 24, 25, 26, 27, 28, 29, 30, 31, 32, 33, 34, 35, 36, 37, 38, 39], "data": [0.047129863273996056, 0.003141560424181486, 0.0, 0.006373972313374751, 0.07588659015551098, 0.03257637758124591, 0.0, 0.01691510019402497, 0.018554704269564043, 0.0, 0.0673695013828375, 0.04234882474261437, 0.0, 0.0, 0.03283113101115427, 0.0, 0.017434196803464398, 0.0, 0.0, 0.11226143103776004, 0.03773775959765259, 0.0415048776820272, 0.0, 0.016437351766856192, 0.0, 0.0380773207027212, 0.0, 0.004130007165528131, 0.0, 0.0, 0.09849165520454949, 0.039668111887401825, 0.0, 0.0396880752600165, 0.0, 0.008299903085870575, 0.0, 0.013597595216311877, 0.062005943198764214, 0.0]}