{"labels": [0, 1, 2, 3, 4, 5, 6, 7, 8, 9, 10, 11, 12, 13, 14, 15, 16, 17, 18, 19, 20, 21, 22, 23, 24, 25, 26, 27, 28, 29, 30, 31, 32, 33, 34, 35, 36, 37, 38, 39], "data": [0.0, 0.0, 0.0, 0.0, 0.02849717898732024, 0.0, 0.04825404102482182, 0.0, 0.0, 0.0003658881499783365, 0.0, 0.0, 0.0, 0.011255111872907151, 0.0, 0.0, 0.0006665940844120099, 0.0, 0.0, 0.00012954549299008892, 0.0, 0.0, 0.0, 0.003608641559565534, 0.0, 0.007399096214774467, 0.0010999311563952984, 0.0020969230479335496, 0.0, 0.0, 0.0, 0.0, 0.0026577543688975458, 0.0, 0.030155279235150028, 0.0, 0.0013685586290898659, 0.0, 0.00105384062538602, 0.0]}