{"labels": [0, 1, 2, 3, 4, 5, 6, 7, 8, 9, 10, 11, 12, 13, 14, 15, 16, 17, 18, 19, 20, 21, 22, 23, 24, 25, 26, 27, 28, 29, 30, 31, 32, 33, 34, 35, 36, 37, 38, 39], "data": [0.0, 0.04257336924065351, 0.0008168100715132086, 0.0, 0.0031974930295834625, 0.0, 0.0034672900937137503, 0.0, 0.0, 0.027639500905520465, 0.01586478035613505, 0.0, 0.005835868988299227, 0.039278540032697554, 0.0, 0.0, 0.03336462035027675, 0.0, 0.0, 0.0, 0.0, 0.0, 0.0025994495870925887, 0.0, 0.000735633389414833, 0.0006550977237508137, 0.0, 0.014247930271814849, 0.0, 0.0, 0.010239262671760925, 0.03125260624826074, 0.049981391817639706, 0.0, 0.01527460229711172, 0.0036522779361972354, 0.0, 0.0, 0.0, 0.0]}