{"labels": [0, 1, 2, 3, 4, 5, 6, 7, 8, 9, 10, 11, 12, 13, 14, 15, 16, 17, 18, 19, 20, 21, 22, 23, 24, 25, 26, 27, 28, 29, 30, 31, 32, 33, 34, 35, 36, 37, 38, 39], "data": [0.0, 0.0, 0.0012321944150932467, 0.01811004637416362, 0.021753038349428988, 0.0, 0.004125972276858104, 0.006409814164375292, 0.0, 0.00040636520228966034, 0.01527187697388735, 0.0, 0.03783381670960859, 0.004268988219667513, 0.01125303880307077, 0.0, 0.0033576509598780813, 0.002327843415620404, 0.0, 0.0022416594668713432, 0.005429973819153054, 0.032848542681811775, 0.0, 0.0, 0.0001383630544540068, 0.0, 0.0, 0.03319317379838704, 0.0030500589307962704, 0.0, 0.0, 0.003193895895026084, 0.0, 0.05114520867221426, 0.0, 0.0, 0.002083406506134848, 0.03829848339683575, 0.0013733881446868403, 0.0]}