{"labels": [0, 1, 2, 3, 4, 5, 6, 7, 8, 9, 10, 11, 12, 13, 14, 15, 16, 17, 18, 19, 20, 21, 22, 23, 24, 25, 26, 27, 28, 29, 30, 31, 32, 33, 34, 35, 36, 37, 38, 39], "data": [0.0, 0.0, 0.002301237528384615, 0.05720542849330624, 0.0, 0.006084975317488283, 0.0, 0.0, 0.000382293757264916, 0.0008467890530228241, 0.0, 0.0, 0.0, 0.0, 0.0, 0.0, 0.026351825717719695, 0.00040879800851039935, 0.0, 0.0013201753672156984, 0.0, 0.0011700190704835671, 0.0005227819098814473, 0.0, 0.0008984051428418173, 0.02952762406193349, 0.00020440007952590166, 0.0, 0.0, 0.0013569889531568958, 0.003073785787063977, 0.0, 0.0, 0.019690828278625765, 0.059327906956786476, 0.0, 0.00040063780084734766, 0.009640475990631387, 0.0287726414834724, 0.0]}