{"labels": [0, 1, 2, 3, 4, 5, 6, 7, 8, 9, 10, 11, 12, 13, 14, 15, 16, 17, 18, 19, 20, 21, 22, 23, 24, 25, 26, 27, 28, 29, 30, 31, 32, 33, 34, 35, 36, 37, 38, 39], "data": [0.0019802814694633982, 0.000473491521901174, 0.0, 0.0, 0.0, 0.0, 0.0, 0.0, 0.0, 0.0, 0.0, 0.0, 0.0, 0.005281291527393766, 0.0, 0.0, 0.001122045096112925, 0.0, 0.0, 5.0224928081518035e-05, 0.0029646843748220107, 0.000871605869298771, 0.0, 0.0, 0.0002623884397332109, 0.02789278291562559, 0.004229898552132077, 0.0, 0.0, 0.0, 0.06837384249826083, 0.002256658961163352, 0.003780394617526295, 0.0, 0.020363134425664595, 0.0, 0.020870893439392284, 0.0, 0.007047865793632381, 0.004433579672446973]}