{"labels": [0, 1, 2, 3, 4, 5, 6, 7, 8, 9, 10, 11, 12, 13, 14, 15, 16, 17, 18, 19, 20, 21, 22, 23, 24, 25, 26, 27, 28, 29, 30, 31, 32, 33, 34, 35, 36, 37, 38, 39], "data": [0.01862871353583918, 0.0, 0.005897072293325636, 0.0007128134226375777, 0.0004424746602260836, 0.0, 0.005592637606695668, 0.0175058270676013, 0.0020122617960430106, 0.007385019109867993, 0.0, 4.4607999276524695e-05, 0.0, 0.024854374683508446, 0.005453014229890919, 0.0, 0.002681746938200426, 0.005339005525815436, 0.0, 0.0, 0.0008453497324448577, 0.0, 0.0009942643344135816, 0.0, 0.0005668125020785589, 0.0, 0.0, 0.0, 0.0, 0.039955330764444325, 0.0, 0.0, 0.027767018879243006, 0.028186501395560094, 0.0031247754597019018, 0.005745134897781556, 0.056535523985726505, 0.01936319390264837, 0.005081482276787082, 0.0286010167988544]}