{"labels": [0, 1, 2, 3, 4, 5, 6, 7, 8, 9, 10, 11, 12, 13, 14, 15, 16, 17, 18, 19, 20, 21, 22, 23, 24, 25, 26, 27, 28, 29, 30, 31, 32, 33, 34, 35, 36, 37, 38, 39], "data": [0.0, 0.0039317338784703665, 0.0, 0.0, 0.0, 0.009115127516308072, 0.0, 0.04239363453832082, 0.0, 0.020900787511264327, 0.0, 0.007834629091191111, 4.149795691363921e-06, 0.0, 0.0, 0.0023452303320509434, 0.0045981775771776374, 0.0, 0.0, 0.0, 0.0008901210280287843, 0.0, 0.0, 0.022852121103639964, 0.014641506128592222, 0.0, 0.0, 0.0, 0.0, 0.050853474467773295, 0.0, 0.0, 0.0, 0.0020900227837463347, 0.0, 0.004611231856944891, 0.00015131366839840458, 0.0, 0.004602764531679509, 0.0]}