{"labels": [0, 1, 2, 3, 4, 5, 6, 7, 8, 9, 10, 11, 12, 13, 14, 15, 16, 17, 18, 19, 20, 21, 22, 23, 24, 25, 26, 27, 28, 29, 30, 31, 32, 33, 34, 35, 36, 37, 38, 39], "data": [0.0, 0.0, 0.0, 0.0, 0.0, 0.0, 0.0, 0.0, 0.012918551453121152, 0.0, 0.0, 0.008460491534322136, 0.0, 0.0, 0.0, 0.0, 0.0002984785053396729, 0.0, 0.0, 0.0, 0.0, 0.07586694150458012, 0.0, 0.0015477311596481737, 0.0, 0.0, 0.0, 0.0006682227560963461, 0.0, 0.0, 0.0, 0.0011644189002291575, 0.0, 0.09637392055890455, 0.0, 0.011153874851265932, 0.0, 0.0, 0.0, 0.0]}