{"labels": [0, 1, 2, 3, 4, 5, 6, 7, 8, 9, 10, 11, 12, 13, 14, 15, 16, 17, 18, 19, 20, 21, 22, 23, 24, 25, 26, 27, 28, 29, 30, 31, 32, 33, 34, 35, 36, 37, 38, 39], "data": [0.0, 0.019572340033460853, 0.004053495792805913, 0.0, 0.019657358489259185, 0.0, 0.0, 0.0, 0.0, 0.0, 0.005482311151823423, 0.0, 0.028056355114197046, 0.0039528381231938485, 0.0, 0.0, 0.006329104381209917, 0.007850896996355156, 0.010990393696873168, 0.001299869014765153, 0.0, 0.008049755008959868, 0.03823300806275591, 0.0056771360818449745, 0.0, 0.005691960538202749, 0.0, 0.01611787767223202, 0.016390156933941455, 0.015405026881150438, 0.018489569366541867, 0.0, 0.0, 0.0, 0.0, 0.0, 0.02423332774761264, 0.08275458784502004, 0.0, 0.0]}