{"labels": [0, 1, 2, 3, 4, 5, 6, 7, 8, 9, 10, 11, 12, 13, 14, 15, 16, 17, 18, 19, 20, 21, 22, 23, 24, 25, 26, 27, 28, 29, 30, 31, 32, 33, 34, 35, 36, 37, 38, 39], "data": [0.007684662579585936, 0.02213242603174764, 0.0, 0.019339159756331555, 0.013996850281765819, 0.0, 0.001229712659145403, 0.020892636125189407, 0.0, 0.0055599996166963775, 0.0, 0.0, 0.0, 0.025848172805771636, 0.018151682432003546, 0.010716423230402597, 0.0, 0.0028127591531454956, 0.0, 0.0, 0.011725577752580953, 0.0, 0.0, 0.0, 0.0, 0.006292675011176345, 0.059679858873244236, 0.0007274842169712831, 0.0, 0.0, 0.053812681762423854, 0.04148297386462784, 0.0, 0.0, 0.01133024469069392, 0.0, 0.0018242794250802495, 0.0, 0.05762988739094776, 0.0]}