{"labels": [0, 1, 2, 3, 4, 5, 6, 7, 8, 9, 10, 11, 12, 13, 14, 15, 16, 17, 18, 19, 20, 21, 22, 23, 24, 25, 26, 27, 28, 29, 30, 31, 32, 33, 34, 35, 36, 37, 38, 39], "data": [0.0, 0.0, 0.003373986920722585, 0.0018592801835772565, 0.0, 0.0, 0.0, 0.0008967701450763939, 0.006334164662966711, 0.0, 0.01540431871800483, 0.0004282138194760549, 0.0038844119018782894, 0.002326851498916513, 0.002687267351307819, 0.00340581943505442, 0.0036254097102827697, 0.00019336905643172186, 0.0, 0.0005763976089533354, 0.0009779922112952925, 0.003419375153688897, 0.0, 0.0007258142477150109, 0.0, 0.001743478600555075, 0.0027176581894953512, 0.0, 0.00010832002258856728, 0.017536696203712628, 0.0028890492514861868, 0.0020124951717840176, 0.002642743562893953, 0.01623700237278537, 0.0, 0.0, 0.010998939383864204, 0.004763719082871895, 0.0, 0.0012068490398660114]}