{"labels": [0, 1, 2, 3, 4, 5, 6, 7, 8, 9, 10, 11, 12, 13, 14, 15, 16, 17, 18, 19, 20, 21, 22, 23, 24, 25, 26, 27, 28, 29, 30, 31, 32, 33, 34, 35, 36, 37, 38, 39], "data": [0.0, 0.0, 0.0, 0.0, 0.0, 0.0024898908202159987, 0.010186630840045915, 0.0, 0.0, 0.009070882245118522, 0.0, 0.0, 0.012479368576456658, 0.001240798963079051, 0.0, 0.0031881796281005253, 0.0, 0.0, 0.0, 0.019646371860036642, 0.17023092840441092, 0.0, 0.03137408594204894, 0.05954972072820934, 0.0, 0.0, 0.0, 0.011357512501566379, 0.0, 0.014245610436899203, 0.0, 0.0, 0.0, 0.02573768588252448, 0.008161466903512148, 0.002942244676293293, 0.004778857930623017, 0.0, 0.06830863841365908, 0.0]}