{"labels": [0, 1, 2, 3, 4, 5, 6, 7, 8, 9, 10, 11, 12, 13, 14, 15, 16, 17, 18, 19, 20, 21, 22, 23, 24, 25, 26, 27, 28, 29, 30, 31, 32, 33, 34, 35, 36, 37, 38, 39], "data": [0.0, 0.0, 0.0, 0.0012696334973278298, 0.0, 0.011062994793813173, 0.008114539224752857, 0.01121777046679373, 0.0, 0.0, 0.0, 0.0007202968841215755, 0.015592164967261327, 0.0, 0.04958782476523884, 0.0, 0.0, 0.018249883195946965, 0.0, 0.062135791555694014, 0.0, 0.0, 0.0, 0.0, 0.0, 0.0, 0.0, 0.0, 0.001971634177435243, 0.0, 0.0, 0.0, 0.06864040290978438, 0.004872437725850956, 0.02242891954655119, 0.04443326768215617, 0.0, 0.0, 0.010189084236123658, 0.0]}