{"labels": [0, 1, 2, 3, 4, 5, 6, 7, 8, 9, 10, 11, 12, 13, 14, 15, 16, 17, 18, 19, 20, 21, 22, 23, 24, 25, 26, 27, 28, 29, 30, 31, 32, 33, 34, 35, 36, 37, 38, 39], "data": [0.09958844724878756, 0.21733390948959, 0.0, 0.0, 0.0, 0.00020935396254849248, 0.0, 0.0, 0.0, 0.014063514359806262, 0.0, 0.0, 0.0, 0.0, 0.03611446448855553, 0.0024313417085412, 0.0, 0.0, 0.02361416121494623, 0.0, 0.06256529059352037, 0.0, 0.0, 0.0, 0.0, 0.0, 0.0, 0.0, 0.012497766096442176, 0.0, 0.0, 0.0, 0.0, 0.0, 0.0, 0.0, 0.006186176200473958, 0.0, 0.020662100765842403, 0.00014389156768199765]}