{"labels": [0, 1, 2, 3, 4, 5, 6, 7, 8, 9, 10, 11, 12, 13, 14, 15, 16, 17, 18, 19, 20, 21, 22, 23, 24, 25, 26, 27, 28, 29, 30, 31, 32, 33, 34, 35, 36, 37, 38, 39], "data": [0.0, 0.0, 0.0038310658854896176, 0.0, 0.013212609837258077, 0.06196571933951793, 0.0, 0.0, 0.0, 0.003942510873750148, 0.0028575171320845082, 0.0, 0.0, 0.0, 0.0, 0.0, 0.01878254568533471, 0.0, 0.0, 0.0, 0.09944402420714911, 0.022111277340741104, 0.0, 0.001491666675350348, 0.05440456315132578, 0.0, 0.0, 0.0, 0.0, 0.0, 0.0, 0.07620601600188605, 0.0, 0.0, 0.0, 0.0, 0.0, 0.0030325595977301546, 0.0, 0.042136154206297835]}