{"labels": [0, 1, 2, 3, 4, 5, 6, 7, 8, 9, 10, 11, 12, 13, 14, 15, 16, 17, 18, 19, 20, 21, 22, 23, 24, 25, 26, 27, 28, 29, 30, 31, 32, 33, 34, 35, 36, 37, 38, 39], "data": [0.03222505832755075, 0.00474967176585305, 2.7858191894801346e-05, 0.05071880258955987, 0.003255182524751566, 0.0, 0.0, 0.0007915023949635472, 0.0, 0.0016004062887064244, 0.00028524273759084133, 0.0, 0.001463523897815165, 0.0, 0.0, 0.0, 0.0, 0.0014547045655700294, 0.003038504195751617, 0.0, 0.059182159793145936, 0.0, 0.02078263586482069, 0.0, 0.0, 0.07336453145533425, 0.0, 0.0021217529533182067, 0.0, 0.0, 0.0029094917652737516, 0.001415754833156212, 0.0, 0.022330172623260484, 0.01613351669714413, 0.017984102364130127, 0.0, 0.0, 0.01122304233267612, 0.015902685386424153]}