{"labels": [0, 1, 2, 3, 4, 5, 6, 7, 8, 9, 10, 11, 12, 13, 14, 15, 16, 17, 18, 19, 20, 21, 22, 23, 24, 25, 26, 27, 28, 29, 30, 31, 32, 33, 34, 35, 36, 37, 38, 39], "data": [0.0, 0.024461384555210994, 0.0, 0.0, 0.016546883491971313, 0.0, 0.009116395105372953, 0.04585290410173484, 6.43881754231202e-05, 0.019466663464377813, 0.010969559051356338, 0.0, 0.0, 0.0484756142274221, 0.0, 0.07768957565388934, 0.0, 0.0, 0.0, 0.022208214366848812, 0.003477783115066206, 0.0, 0.0, 0.054551039313606685, 0.046979490957819885, 0.003668318781099755, 0.0, 0.0, 0.0, 0.0, 0.0, 0.0, 0.0, 0.0, 0.0, 0.0, 0.0, 0.0039988707184583795, 0.003681655516249878, 0.0]}