{"labels": [0, 1, 2, 3, 4, 5, 6, 7, 8, 9, 10, 11, 12, 13, 14, 15, 16, 17, 18, 19, 20, 21, 22, 23, 24, 25, 26, 27, 28, 29, 30, 31, 32, 33, 34, 35, 36, 37, 38, 39], "data": [0.0017240831501623437, 0.0, 0.0, 0.028724948077358623, 0.0017294856079159181, 0.006753671496068398, 0.014519528059551253, 0.029932517480380224, 0.0, 0.0003415712930251048, 0.0, 0.0038729769403024424, 0.0, 0.041979197667364875, 0.005934808120569943, 0.0012498576507130612, 0.007296900796336107, 0.03095951114685187, 0.014677510954083097, 0.0, 0.014623415882722902, 0.033540115456616455, 0.0, 0.0, 0.0014055428513997854, 0.0, 0.005776830537818244, 0.013629719956984804, 0.0023469223621657227, 0.00043943491941918813, 0.0, 0.0, 0.0, 0.0, 0.0005873977922840793, 0.010408433428461124, 0.0005089363537799957, 0.0, 0.0056765832099491525, 0.029147010739398915]}