{"labels": [0, 1, 2, 3, 4, 5, 6, 7, 8, 9, 10, 11, 12, 13, 14, 15, 16, 17, 18, 19, 20, 21, 22, 23, 24, 25, 26, 27, 28, 29, 30, 31, 32, 33, 34, 35, 36, 37, 38, 39], "data": [0.004312479230693797, 0.0, 0.018732750249703892, 0.026194917504308714, 0.015096378341145914, 0.0, 0.008434057510544756, 0.017903273654489706, 0.0, 0.0, 0.0, 0.0, 0.0, 0.0, 0.0, 0.0, 0.0006847374205912257, 0.0, 0.0, 0.04895839185654092, 0.132377946573322, 0.0, 0.0, 0.0, 0.0, 0.006903345780510412, 3.490805408962193e-06, 0.0, 0.0, 0.008022965553668963, 0.0033527481291169402, 0.0016078513608533296, 0.00013564112326081536, 0.0, 0.0005957568923943915, 0.027051879639451784, 0.00373508141478869, 0.0, 0.0, 0.0]}