{"labels": [0, 1, 2, 3, 4, 5, 6, 7, 8, 9, 10, 11, 12, 13, 14, 15, 16, 17, 18, 19, 20, 21, 22, 23, 24, 25, 26, 27, 28, 29, 30, 31, 32, 33, 34, 35, 36, 37, 38, 39], "data": [0.0, 0.0, 0.017839623707076067, 0.0, 0.0, 0.0, 0.03323634069710046, 0.004693202271310768, 0.0, 0.0, 0.0, 0.0, 0.0, 0.0005015591793612724, 0.005736714074427336, 0.0, 0.0011578436173477554, 0.008419289910448519, 0.0008658144469274064, 0.0, 0.02719336285752969, 0.0, 0.0, 0.0, 0.0, 0.02334336983159362, 0.0, 0.0, 0.0, 0.0, 0.05166353116591904, 0.0, 0.0, 0.0, 0.021760184485939218, 0.04377089870252916, 0.014481821690047535, 0.03273875211324894, 0.0, 0.0]}