{"labels": [0, 1, 2, 3, 4, 5, 6, 7, 8, 9, 10, 11, 12, 13, 14, 15, 16, 17, 18, 19, 20, 21, 22, 23, 24, 25, 26, 27, 28, 29, 30, 31, 32, 33, 34, 35, 36, 37, 38, 39], "data": [0.0, 0.0, 0.0, 0.0, 0.008314620273653945, 0.0, 0.026076690463698992, 0.052744887549206754, 0.005322360110282704, 0.009496769958691465, 0.0, 0.0032696450954371142, 0.0, 0.0011016306062717111, 0.0, 0.0, 0.0, 0.012713183153229429, 0.031285868015177805, 0.0, 0.010259820706736124, 0.0011286529599537976, 0.0, 0.002824303064535051, 0.0, 0.006461557257848896, 0.010803724295564636, 0.0, 0.0037953826453555406, 0.01147225540985561, 0.03571812759799062, 0.0, 0.005293452599208683, 0.010557469414885862, 0.003115237771956969, 0.0, 0.0, 0.012814746806248249, 0.04646716853984709, 0.0]}