{"labels": [0, 1, 2, 3, 4, 5, 6, 7, 8, 9, 10, 11, 12, 13, 14, 15, 16, 17, 18, 19, 20, 21, 22, 23, 24, 25, 26, 27, 28, 29, 30, 31, 32, 33, 34, 35, 36, 37, 38, 39], "data": [0.0, 0.0, 0.0011665873437290409, 0.0, 0.012504078014050894, 0.010265784580873223, 0.0, 0.004868632371587334, 0.0, 0.0, 0.02066166190429157, 0.0, 0.018145449025206387, 0.03133644223074503, 0.0, 0.0, 0.006253240704351537, 0.0, 0.0, 0.0018696119932352967, 0.0021315213809566034, 0.0, 0.0016196784567460518, 0.0, 0.0, 0.018377739482000846, 0.0030286728002304106, 0.0417987281743025, 0.0, 0.0, 0.009229773704630151, 0.0, 0.049721831153577326, 0.002892094680194067, 0.0, 0.032986880886068624, 0.026658762781487128, 0.0, 0.0, 0.0]}