{"labels": [0, 1, 2, 3, 4, 5, 6, 7, 8, 9, 10, 11, 12, 13, 14, 15, 16, 17, 18, 19, 20, 21, 22, 23, 24, 25, 26, 27, 28, 29, 30, 31, 32, 33, 34, 35, 36, 37, 38, 39], "data": [0.0, 0.0, 0.0, 0.0002734752788698688, 0.0, 0.0097547608982357, 0.03935720010687343, 0.07087580483601699, 0.0, 0.033224333724088534, 0.0, 0.0, 0.0031205553524512866, 0.0285732188300598, 0.0, 0.0, 0.0, 0.012828945251696202, 0.0, 0.03293395955883174, 0.006001832312945665, 0.0, 0.0, 0.05435282699256446, 0.0, 0.006649349014934667, 0.0, 0.0, 0.0, 0.0, 0.002150276115378959, 0.0, 0.0, 0.0, 0.0, 0.0, 0.003593655934420179, 0.006496600107957148, 0.0, 0.0]}