{"labels": [0, 1, 2, 3, 4, 5, 6, 7, 8, 9, 10, 11, 12, 13, 14, 15, 16, 17, 18, 19, 20, 21, 22, 23, 24, 25, 26, 27, 28, 29, 30, 31, 32, 33, 34, 35, 36, 37, 38, 39], "data": [0.0, 0.0, 0.0016043010612678157, 0.0, 0.0, 0.001357615732126202, 0.0, 0.040454250182169804, 0.0005380045558486842, 0.0059584339779573565, 0.001697300428286081, 0.0, 0.0, 0.0, 0.0, 0.00021442529910064716, 0.0, 0.0, 0.0, 0.0, 0.0006020134674323333, 0.0, 0.002776735691893435, 0.0, 0.010254601889782505, 0.0, 0.0, 0.00247404315971053, 0.007281856617568607, 0.0, 0.0014959726024192435, 0.0006468076557189983, 0.000747644474850822, 0.00473447251933512, 0.031108356236955036, 0.0, 0.0, 0.0009301217522011942, 0.0011625360163123146, 0.00218490978988612]}