{"labels": [0, 1, 2, 3, 4, 5, 6, 7, 8, 9, 10, 11, 12, 13, 14, 15, 16, 17, 18, 19, 20, 21, 22, 23, 24, 25, 26, 27, 28, 29, 30, 31, 32, 33, 34, 35, 36, 37, 38, 39], "data": [0.015142827329786404, 0.0, 0.0, 0.0, 0.0, 0.0, 0.026212807968289332, 0.0, 0.0, 0.0, 0.08846847297900509, 0.0, 0.0, 0.0, 0.0, 0.0, 0.0, 0.0, 0.0, 0.00021147002517007412, 0.0, 0.0, 0.0, 0.0, 0.0033782615402042854, 0.0, 0.0, 0.0, 0.0, 0.0, 0.0, 0.0, 0.0013940338503124201, 0.0, 0.0, 0.0, 0.0, 0.00318919595106635, 0.0, 0.0]}