{"labels": [0, 1, 2, 3, 4, 5, 6, 7, 8, 9, 10, 11, 12, 13, 14, 15, 16, 17, 18, 19, 20, 21, 22, 23, 24, 25, 26, 27, 28, 29, 30, 31, 32, 33, 34, 35, 36, 37, 38, 39], "data": [0.0, 0.0, 0.0, 0.0, 0.03293211830448372, 0.016197676106594533, 0.0, 0.0, 0.0009926575279072172, 0.0, 0.014097746698806984, 7.074264193927724e-07, 0.009245542401601909, 0.0, 0.01041906833266962, 5.893551663858144e-05, 0.01993414960461643, 0.001403364343750666, 0.0, 0.0, 0.0, 0.025051191838201082, 0.0019805055821864865, 0.0, 0.0007062127703451388, 0.0, 0.0, 0.006647561620976533, 0.0017826201365179204, 0.0, 0.0, 0.0020249240529391093, 0.0, 0.028139602694920118, 0.013144957934244994, 0.0, 0.0, 0.04302463945500088, 0.006858091333069425, 0.0]}