{"labels": [0, 1, 2, 3, 4, 5, 6, 7, 8, 9, 10, 11, 12, 13, 14, 15, 16, 17, 18, 19, 20, 21, 22, 23, 24, 25, 26, 27, 28, 29, 30, 31, 32, 33, 34, 35, 36, 37, 38, 39], "data": [0.004238382449193057, 0.0, 0.0, 0.014887709214868039, 0.0, 0.0, 0.0, 0.0, 0.0, 0.0, 0.0, 0.0, 0.041592893484965976, 0.0, 0.0006831586049449322, 0.0, 0.0, 0.0, 0.0, 0.0, 0.0021421834219772055, 0.00022760651139523715, 0.0, 0.0, 0.0, 0.0, 0.0, 0.0, 0.0, 8.822012624907918e-05, 0.011015918272064966, 0.05797911776056684, 0.0, 0.0, 0.006022337056684053, 0.0, 0.0023389385125233003, 0.0, 0.0, 0.0]}