{"labels": [0, 1, 2, 3, 4, 5, 6, 7, 8, 9, 10, 11, 12, 13, 14, 15, 16, 17, 18, 19, 20, 21, 22, 23, 24, 25, 26, 27, 28, 29, 30, 31, 32, 33, 34, 35, 36, 37, 38, 39], "data": [0.0024365981320147207, 0.006017697069407936, 0.0, 0.015063525881459311, 0.012794505348666033, 0.0, 0.0, 0.0, 0.0, 0.0, 0.0, 0.0014200009915866362, 0.04546626611101058, 0.002238341470174814, 0.0, 0.0, 0.0, 0.0, 0.0029590044095056662, 0.02790963869339323, 0.001648527783963286, 0.0, 0.007459332796757913, 0.0, 0.006167686735113483, 0.0, 0.04100559021365196, 0.01879793271238277, 0.0, 0.02023088400167111, 0.0, 0.08786941288584928, 0.0025059136952253745, 0.0, 0.004470421543182856, 0.0, 0.0, 0.024501550270866302, 0.0, 0.0]}