{"labels": [0, 1, 2, 3, 4, 5, 6, 7, 8, 9, 10, 11, 12, 13, 14, 15, 16, 17, 18, 19, 20, 21, 22, 23, 24, 25, 26, 27, 28, 29, 30, 31, 32, 33, 34, 35, 36, 37, 38, 39], "data": [0.0, 0.0023748825415633675, 0.0, 0.0, 0.0, 0.11345285374919149, 0.028519798720580424, 0.0, 0.0, 0.014478490108497829, 0.0, 0.0, 0.057136384703453225, 0.028125498033715318, 0.0, 0.0, 0.021274810881361572, 0.02091157505662271, 0.0, 0.003328078638871016, 0.0, 0.0, 0.0, 0.0, 0.0, 0.0, 0.0, 0.0018487786798898778, 0.0, 0.0, 0.0, 0.0, 0.0, 0.0, 0.0, 0.0, 0.0, 0.0, 0.03278308989498735, 0.0]}