{"labels": [0, 1, 2, 3, 4, 5, 6, 7, 8, 9, 10, 11, 12, 13, 14, 15, 16, 17, 18, 19, 20, 21, 22, 23, 24, 25, 26, 27, 28, 29, 30, 31, 32, 33, 34, 35, 36, 37, 38, 39], "data": [0.009515020151089138, 0.0, 0.004049509495934292, 0.016289380781210745, 0.0, 0.0, 0.0, 0.0, 0.001442074787308195, 0.012251992140644225, 0.00289145597500835, 0.0, 0.0, 0.0035535467920990264, 0.0, 0.0, 0.009898426522571314, 0.0, 0.023276985908150253, 0.0, 0.035169762890169286, 0.0, 0.004460440935432403, 0.0, 0.0, 0.0, 4.598653413475369e-05, 0.048433100291347383, 0.008732663395140089, 0.0, 0.006667503950230683, 0.0, 0.0030344327053297322, 0.03361635863921228, 0.00938350425216378, 0.0, 0.006341582862733116, 0.0, 0.0, 0.0]}