{"labels": [0, 1, 2, 3, 4, 5, 6, 7, 8, 9, 10, 11, 12, 13, 14, 15, 16, 17, 18, 19, 20, 21, 22, 23, 24, 25, 26, 27, 28, 29, 30, 31, 32, 33, 34, 35, 36, 37, 38, 39], "data": [0.009464655360574522, 0.0, 0.0, 0.0, 0.0, 0.00840755369740448, 0.027259085851216974, 0.02010179637815565, 0.0, 0.006274249508946962, 0.0, 0.0, 0.031170029496934534, 0.008484923316531065, 0.010132020396749668, 0.0, 0.0, 0.0, 0.0, 0.0323640928483911, 0.0008705510681382765, 0.0, 0.0, 0.0, 0.0, 0.0, 0.0, 0.0, 0.0, 0.0, 0.0, 0.0, 0.006215023906764589, 0.0015875097810266455, 0.007203781394010471, 0.0, 0.09735207255001671, 0.0, 0.0, 0.0]}