{"labels": [0, 1, 2, 3, 4, 5, 6, 7, 8, 9, 10, 11, 12, 13, 14, 15, 16, 17, 18, 19, 20, 21, 22, 23, 24, 25, 26, 27, 28, 29, 30, 31, 32, 33, 34, 35, 36, 37, 38, 39], "data": [0.0, 0.001019287581602174, 0.0018748088180724316, 0.0, 0.0, 0.0, 0.06900190202768576, 0.0, 0.0, 0.005285303862166634, 0.0, 0.0, 0.0, 0.0, 0.0009650000490422449, 0.0, 0.0, 0.0064128965346764285, 0.0, 0.004074193076325553, 0.0, 0.004575740455814696, 0.006207495290457035, 0.0, 0.0, 0.0, 0.0, 0.0, 0.0, 0.0, 0.008305929616655779, 0.0007283804491960217, 0.0, 0.0, 0.0, 0.0012370032541178647, 0.03295968230470512, 0.008460203660570924, 0.0, 0.0]}