{"labels": [0, 1, 2, 3, 4, 5, 6, 7, 8, 9, 10, 11, 12, 13, 14, 15, 16, 17, 18, 19, 20, 21, 22, 23, 24, 25, 26, 27, 28, 29, 30, 31, 32, 33, 34, 35, 36, 37, 38, 39], "data": [0.0, 0.013615168212511344, 0.0, 0.06037692586434347, 0.0, 0.0, 0.0, 0.05901860659763237, 0.0, 0.07260833882102433, 0.0, 0.035177459378505624, 0.0, 0.08432769024010463, 0.0, 0.0, 0.0, 0.28178895623345723, 0.020517112541593618, 0.00022980479354960942, 0.0, 0.12113739918134948, 0.007041444239797427, 0.026589896038660944, 0.0, 0.0, 0.0, 0.0, 0.0, 0.005021372230650822, 0.012749112891029825, 0.06693187608162336, 0.001123429610806735, 0.0, 0.0, 0.008716128239823049, 0.008005570261756917, 0.059672632688463616, 0.000998449414700518, 0.0]}