{"labels": [0, 1, 2, 3, 4, 5, 6, 7, 8, 9, 10, 11, 12, 13, 14, 15, 16, 17, 18, 19, 20, 21, 22, 23, 24, 25, 26, 27, 28, 29, 30, 31, 32, 33, 34, 35, 36, 37, 38, 39], "data": [0.006713249098207548, 0.0, 0.038978831378219454, 0.0, 0.014941592445764049, 0.0, 0.0, 0.0, 0.0, 0.007196653407580454, 0.001998657368409313, 0.0, 0.03219489403873687, 0.0, 0.0, 0.0073152764241946385, 0.0, 0.0, 0.0, 0.0, 0.0, 0.0, 0.0, 0.0, 0.033759474559913266, 0.0, 0.0, 8.746322718587628e-05, 0.0, 0.0, 0.0, 0.0, 0.0, 0.0, 0.005472161674331962, 0.0, 0.0, 0.0, 0.0, 0.09439744029253413]}