{"labels": [0, 1, 2, 3, 4, 5, 6, 7, 8, 9, 10, 11, 12, 13, 14, 15, 16, 17, 18, 19, 20, 21, 22, 23, 24, 25, 26, 27, 28, 29, 30, 31, 32, 33, 34, 35, 36, 37, 38, 39], "data": [0.0, 0.0, 0.001032334688313547, 0.0, 0.014874166126961236, 0.0, 0.008040297475870888, 0.0, 0.0, 0.0, 0.0011227808545804104, 0.0, 0.0, 0.0021891004150020373, 0.0, 0.0, 0.0003072591043207094, 0.0012128209616305901, 0.002269914412048346, 0.0021240070984119273, 0.0009693047896083009, 0.0022882008737186888, 0.0029833959397270546, 0.0, 0.002186400098178946, 0.0, 0.003574119914105816, 0.04751664195517922, 0.0, 0.003967783531509001, 0.0, 0.001042552123985802, 0.0, 0.0007765503966179791, 0.019065778503947462, 0.012536244462350053, 0.0, 0.03764901459942764, 0.0, 0.0]}