{"labels": [0, 1, 2, 3, 4, 5, 6, 7, 8, 9, 10, 11, 12, 13, 14, 15, 16, 17, 18, 19, 20, 21, 22, 23, 24, 25, 26, 27, 28, 29, 30, 31, 32, 33, 34, 35, 36, 37, 38, 39], "data": [0.0, 0.0, 0.0, 0.017169773848984854, 0.006127127630058672, 0.0, 0.0, 0.009061961432810713, 0.0, 0.0, 0.0843880850382598, 0.0, 0.0, 0.0, 0.0, 0.0, 0.0, 0.0, 0.0022949205391177806, 0.002739752004135439, 0.0, 0.0, 0.0, 0.0022249717229054075, 0.0026113621671329363, 0.0035724726676851044, 0.00011340582442602714, 0.00319949454451757, 0.009041086498666017, 0.0, 0.0, 0.0016069359084903375, 0.0002438723059865039, 0.0, 0.0, 0.0, 0.0, 0.00327741892451106, 0.0, 0.0]}