{"labels": [0, 1, 2, 3, 4, 5, 6, 7, 8, 9, 10, 11, 12, 13, 14, 15, 16, 17, 18, 19, 20, 21, 22, 23, 24, 25, 26, 27, 28, 29, 30, 31, 32, 33, 34, 35, 36, 37, 38, 39], "data": [0.0, 0.001625287760987215, 0.0, 0.0, 0.013086026905970646, 0.0, 0.0, 0.00749060355173546, 0.0, 0.0016412486940083776, 0.0, 0.0, 0.010206392035510629, 0.0, 0.0, 0.000932359088367485, 0.0, 0.0, 0.0, 0.0, 0.0, 0.0, 0.0, 0.0, 0.0, 0.01119840740202592, 0.0, 0.0001454885161263137, 0.0, 0.0, 0.0, 0.0, 0.00038172325363854326, 0.007931290794167385, 0.0028591578390429933, 0.0848859863306006, 0.0, 0.06402393037894286, 0.03719960977152381, 0.0]}