{"labels": [0, 1, 2, 3, 4, 5, 6, 7, 8, 9, 10, 11, 12, 13, 14, 15, 16, 17, 18, 19, 20, 21, 22, 23, 24, 25, 26, 27, 28, 29, 30, 31, 32, 33, 34, 35, 36, 37, 38, 39], "data": [0.012016561491758176, 0.014330080710393942, 0.0, 0.0, 0.004226882413204916, 0.0, 0.018184906786069387, 0.011389862155099486, 0.0, 0.0, 0.0, 0.0, 0.0029593437196690883, 0.03929221177488264, 0.007767032365081369, 0.007934331319578575, 0.0, 0.03707816458182836, 0.0017783350559182232, 0.0011252491103153058, 0.0, 0.0363428075522419, 0.029509607877782968, 0.0, 0.0, 0.0, 0.0, 0.02463648956001029, 0.0, 0.003618951746967687, 0.0, 0.0, 0.0, 0.019942325076873376, 0.0012352014979956282, 0.00043551420836618354, 0.0, 0.015427760826987031, 0.02259404689286385, 0.0014168143414840777]}