{"labels": [0, 1, 2, 3, 4, 5, 6, 7, 8, 9, 10, 11, 12, 13, 14, 15, 16, 17, 18, 19, 20, 21, 22, 23, 24, 25, 26, 27, 28, 29, 30, 31, 32, 33, 34, 35, 36, 37, 38, 39], "data": [0.0, 0.0, 0.001246181824940927, 0.014444958278649056, 0.0, 0.0, 0.029643999026288302, 0.0, 0.0, 0.003919776893969813, 0.0, 0.04927312630717745, 0.0, 0.0, 0.0006256405337443521, 0.0, 0.0, 0.0, 0.0, 0.00032350275168347564, 0.004917219609782342, 0.0017796837672231093, 0.0, 0.005580094337538821, 0.005610359076769508, 0.0036169645108898056, 0.0, 0.0, 0.005030463080204509, 0.0, 0.005152740978325553, 0.0, 0.0, 0.0, 0.0, 0.06267167672541239, 0.0, 0.0, 0.04573036501872695, 0.0]}