{"labels": [0, 1, 2, 3, 4, 5, 6, 7, 8, 9, 10, 11, 12, 13, 14, 15, 16, 17, 18, 19, 20, 21, 22, 23, 24, 25, 26, 27, 28, 29, 30, 31, 32, 33, 34, 35, 36, 37, 38, 39], "data": [0.004990328501332223, 0.026167317767391993, 0.0006073139729959918, 0.0, 0.010062261090734128, 0.044122469465292365, 0.0, 0.0, 0.0034509844463337922, 0.0, 0.0017546034249066903, 0.0, 0.0, 0.0, 0.002446900134734613, 0.0, 0.0015174994499128698, 0.0445776601898388, 0.0038375789483940112, 0.0, 0.022424036062548985, 0.03814270690560047, 0.0, 0.0, 0.0, 0.009738675227736025, 0.0035689321441020197, 0.04103376517282256, 0.003607350059198373, 0.0, 0.0027711430226522193, 0.0008080824959485199, 0.0005168829346936777, 0.003796781894336944, 0.008928030666880981, 0.014356408139484484, 0.0, 0.021656720344775785, 0.0, 0.0034504882528777195]}