{"labels": [0, 1, 2, 3, 4, 5, 6, 7, 8, 9, 10, 11, 12, 13, 14, 15, 16, 17, 18, 19, 20, 21, 22, 23, 24, 25, 26, 27, 28, 29, 30, 31, 32, 33, 34, 35, 36, 37, 38, 39], "data": [0.0, 0.0, 0.002030355116861363, 0.0, 0.04831816178298329, 0.0, 0.01254573481578034, 0.0, 0.00555266024722214, 0.0, 0.0, 0.003098732918928124, 0.014511817790367807, 0.0, 0.0, 0.0, 0.05393904931362044, 0.0, 0.0, 0.0, 0.0, 0.0, 0.0, 0.0, 0.03080300486623682, 0.0, 0.0, 0.0, 0.0, 0.0, 0.0013968609620284525, 0.0, 0.0, 0.015326294045681735, 0.0, 0.0, 0.0, 0.0028121965038326725, 0.0, 0.0]}