{"labels": [0, 1, 2, 3, 4, 5, 6, 7, 8, 9, 10, 11, 12, 13, 14, 15, 16, 17, 18, 19, 20, 21, 22, 23, 24, 25, 26, 27, 28, 29, 30, 31, 32, 33, 34, 35, 36, 37, 38, 39], "data": [0.0, 0.0, 0.0374737309370482, 0.0, 0.041488765215146876, 0.0, 0.0009514740411583981, 0.0, 0.0018682511635220416, 0.0, 0.0, 0.0, 0.006645712890732321, 0.0, 0.0, 0.0, 0.0, 0.0, 0.0, 0.0, 0.0, 0.0, 0.0, 0.0, 0.0018058593781127583, 0.0, 0.0, 0.0, 0.002740791817553021, 0.01946577754843467, 0.0, 0.0, 0.0, 0.049555562790547854, 0.0, 0.0, 0.0, 0.022653564236831614, 0.0, 0.0]}