{"labels": [0, 1, 2, 3, 4, 5, 6, 7, 8, 9, 10, 11, 12, 13, 14, 15, 16, 17, 18, 19, 20, 21, 22, 23, 24, 25, 26, 27, 28, 29, 30, 31, 32, 33, 34, 35, 36, 37, 38, 39], "data": [0.0094185221498815, 0.005447777923889284, 0.0, 0.0, 0.014448790994111697, 0.016863751742676323, 0.0004691189095247256, 0.0, 0.0, 0.0, 0.0005801909211369991, 0.0009148176993430926, 0.0, 9.830276326149977e-05, 0.011803382543117094, 0.0, 0.07099129739590423, 0.0032549177716777013, 0.0011035683324927864, 0.0, 0.0, 0.0, 0.0, 0.0, 0.0, 0.0, 0.0, 0.0, 0.0, 0.0, 0.007656142180538679, 0.0, 0.00182923804685583, 0.0, 0.0, 0.0, 0.0, 0.027558359640912886, 0.006969542225261232, 0.0013957857104345288]}