{"labels": [0, 1, 2, 3, 4, 5, 6, 7, 8, 9, 10, 11, 12, 13, 14, 15, 16, 17, 18, 19, 20, 21, 22, 23, 24, 25, 26, 27, 28, 29, 30, 31, 32, 33, 34, 35, 36, 37, 38, 39], "data": [0.0, 0.0, 0.03173230596251921, 0.0070260545843234745, 0.0, 0.0, 0.0, 0.0, 0.0, 0.0, 0.005187379300744174, 0.0, 0.0, 0.0013544509391366299, 0.0, 0.03308727107404303, 0.0, 0.0, 0.0, 0.0014981921804368668, 0.0, 0.0, 0.013899849100832523, 0.07290116930327584, 0.006896192483312981, 0.0, 0.0, 0.0011678099279703348, 0.0004580926717748019, 0.0022094452634414913, 0.0, 0.0, 0.0, 0.0, 0.0, 0.0, 0.0, 0.0, 0.0, 0.0009477141744861116]}