{"labels": [0, 1, 2, 3, 4, 5, 6, 7, 8, 9, 10, 11, 12, 13, 14, 15, 16, 17, 18, 19, 20, 21, 22, 23, 24, 25, 26, 27, 28, 29, 30, 31, 32, 33, 34, 35, 36, 37, 38, 39], "data": [0.0, 0.0017755944622609863, 0.006034572523171893, 0.0, 0.0, 0.0, 0.06908036907707295, 0.0, 0.0024801985011356966, 0.006097435512456094, 0.0, 0.0, 0.0, 0.0, 0.04406775788714956, 0.00013507373038012423, 0.0, 0.0, 0.0, 0.0, 0.0, 0.0, 0.0, 0.0, 0.0, 0.0, 0.0, 0.0, 0.0, 0.0221962414935324, 0.006361603316306925, 0.0, 0.0, 0.0, 0.0, 0.049470418317079004, 0.007999112154610417, 0.0, 0.0, 0.0]}