{"labels": [0, 1, 2, 3, 4, 5, 6, 7, 8, 9, 10, 11, 12, 13, 14, 15, 16, 17, 18, 19, 20, 21, 22, 23, 24, 25, 26, 27, 28, 29, 30, 31, 32, 33, 34, 35, 36, 37, 38, 39], "data": [0.005417884556392858, 0.029993892106613948, 0.0, 0.04487111952412479, 0.0052795539806101705, 0.0139555455612195, 0.0, 0.0074684647599452345, 0.0018770902224453845, 0.0, 0.0, 3.3131517871157e-05, 0.0, 0.0034788333835083316, 0.011379034753108135, 0.0, 0.0, 0.008776962249460235, 0.0, 0.0, 0.0, 0.012871074944346814, 0.0, 0.0, 0.0036210347153565366, 0.0, 0.056758570924584854, 0.02383668650151611, 0.0, 0.0, 0.0, 0.0, 0.0030777527255532746, 0.02294714866719122, 0.0, 0.010877462947808733, 0.0160702400698569, 0.023538826396613914, 0.010308118291088696, 0.0035049140594087817]}