{"labels": [0, 1, 2, 3, 4, 5, 6, 7, 8, 9, 10, 11, 12, 13, 14, 15, 16, 17, 18, 19, 20, 21, 22, 23, 24, 25, 26, 27, 28, 29, 30, 31, 32, 33, 34, 35, 36, 37, 38, 39], "data": [0.0, 0.03167011072642831, 0.01555702385505442, 0.0, 0.011190387028164826, 0.0, 0.0, 0.027172152635163392, 0.009935623670526497, 0.003425468134276876, 0.0, 0.002546276890414192, 0.0, 0.04625342343399361, 0.0, 0.0, 0.0, 0.05054978447969178, 0.010476015326848291, 0.021349660641417703, 0.0, 0.023447396208321165, 0.0002616213187884964, 0.012893710957293244, 0.0, 0.0, 0.0, 0.01628748617800415, 0.0018746061461027217, 0.01217192317269169, 0.0, 0.0002849349081118618, 0.0018451249086406483, 0.021829650405778486, 0.01725503127821283, 9.067619815278896e-05, 0.00747763176170951, 0.013713121344588398, 0.0, 0.0]}