{"labels": [0, 1, 2, 3, 4, 5, 6, 7, 8, 9, 10, 11, 12, 13, 14, 15, 16, 17, 18, 19, 20, 21, 22, 23, 24, 25, 26, 27, 28, 29, 30, 31, 32, 33, 34, 35, 36, 37, 38, 39], "data": [0.001026028865154686, 0.0, 0.0007267683273293402, 0.0, 0.0, 0.0, 0.0, 0.0011275955292781123, 0.0, 0.0, 0.0003618631851440864, 0.0, 0.0, 0.002737421318247334, 0.0, 0.0, 0.0, 0.0, 0.0, 0.04285590159362762, 0.0, 0.0, 0.005119000733853975, 0.04914076124028668, 0.006683364586144399, 0.0, 0.0, 0.0, 0.003976299133175248, 0.008014295649487252, 0.004014336605710922, 0.0, 0.000813934293179311, 0.0021270275024324083, 0.0, 0.0006531508599910071, 0.001953591058594514, 0.0, 0.042376352956601, 0.0]}