{"labels": [0, 1, 2, 3, 4, 5, 6, 7, 8, 9, 10, 11, 12, 13, 14, 15, 16, 17, 18, 19, 20, 21, 22, 23, 24, 25, 26, 27, 28, 29, 30, 31, 32, 33, 34, 35, 36, 37, 38, 39], "data": [0.010104222903554142, 0.02274630708395331, 0.0016806134307212393, 0.00364985432785387, 0.04318028728304938, 0.008903707273861205, 0.0, 0.026742237606601105, 0.0, 0.0575190954933487, 0.005372558410917055, 0.0010014158998129675, 0.0, 0.0, 0.0005178189624356959, 0.0, 0.0, 0.0, 0.0, 0.0044750100698426115, 0.006413584473290037, 0.0, 0.005606387112563794, 0.016873378390967603, 0.009369326967281546, 0.0037288926848465455, 0.0017626275321553577, 0.0, 0.0, 0.016485861316074133, 0.0, 0.00045660378941523737, 0.005095535880874283, 0.0, 0.001186451037896906, 0.0, 0.0, 0.0, 0.0, 0.0005002318118039171]}