{"labels": [0, 1, 2, 3, 4, 5, 6, 7, 8, 9, 10, 11, 12, 13, 14, 15, 16, 17, 18, 19, 20, 21, 22, 23, 24, 25, 26, 27, 28, 29, 30, 31, 32, 33, 34, 35, 36, 37, 38, 39], "data": [0.1467134298267493, 0.06572091900793435, 0.03234339945878653, 0.0, 0.0, 0.09477364510511845, 0.22629118540101814, 0.0, 0.0, 0.03739387813791419, 0.0, 0.0, 0.0, 0.0, 0.018323965065215726, 0.0, 0.017917382118877265, 0.029033142708695316, 0.029346621411020256, 0.0016694001022212344, 0.002846319690391387, 0.05534066851053378, 0.0014717977895936385, 0.0, 0.0, 0.059020241129904144, 0.10981804864474963, 0.03130123704428606, 0.0, 0.0, 0.0004087570874122524, 0.0, 0.015529696556582352, 0.0, 0.10881741593794067, 0.05645987165285467, 0.18973523361977804, 0.0, 0.0, 0.046911735454799604]}