{"labels": [0, 1, 2, 3, 4, 5, 6, 7, 8, 9, 10, 11, 12, 13, 14, 15, 16, 17, 18, 19, 20, 21, 22, 23, 24, 25, 26, 27, 28, 29, 30, 31, 32, 33, 34, 35, 36, 37, 38, 39], "data": [0.0, 0.02168394038265672, 0.015151428354507689, 0.051983208258195225, 0.0, 0.0, 0.0006295835969831952, 0.0, 0.0, 0.0, 0.0, 0.0, 0.011329773785565675, 0.0, 0.0, 0.0, 0.014564630275536818, 0.012106895733658812, 0.0, 0.0, 0.0, 0.02922078848003508, 0.0, 0.021055965484068243, 0.0, 0.01787517844607837, 0.0, 0.018981946923579122, 0.0, 0.008150252452673984, 0.0, 0.0, 0.0008038793023987737, 0.012278256940583081, 0.0, 0.0, 0.0, 0.026978655617285865, 0.0, 0.0]}