{"labels": [0, 1, 2, 3, 4, 5, 6, 7, 8, 9, 10, 11, 12, 13, 14, 15, 16, 17, 18, 19, 20, 21, 22, 23, 24, 25, 26, 27, 28, 29, 30, 31, 32, 33, 34, 35, 36, 37, 38, 39], "data": [0.0037737816829315055, 0.0, 2.7248187095313374e-05, 0.0, 0.0, 0.0, 0.012307351475551603, 0.0008963202569119938, 0.0, 0.019654664571207993, 0.0, 0.0002598605560881635, 0.0, 0.0, 0.0, 0.0, 0.0, 0.0, 0.002603907077297941, 0.0022458836069308382, 0.0008102523011227874, 0.03779099775700385, 0.0, 0.0, 0.0007758028154656477, 0.027032785296517578, 0.0006858602733776888, 0.02228299549663762, 0.0, 0.0, 0.0, 0.0, 0.000802285839707123, 0.0, 0.00965214820846692, 0.0016512292647323835, 0.0, 0.0, 0.0, 0.0]}