{"labels": [0, 1, 2, 3, 4, 5, 6, 7, 8, 9, 10, 11, 12, 13, 14, 15, 16, 17, 18, 19, 20, 21, 22, 23, 24, 25, 26, 27, 28, 29, 30, 31, 32, 33, 34, 35, 36, 37, 38, 39], "data": [0.0, 0.0, 0.05004463348643873, 0.0, 0.0009390074362267297, 0.0, 0.019653081034793768, 0.0, 0.0, 0.0049883751104407665, 0.004489324558617458, 0.0, 0.00869809387185027, 0.0, 0.0, 0.0, 0.0, 0.00502773578846408, 0.0030054778043233027, 0.0010630634616305675, 0.0, 0.0, 0.0001415302023148524, 0.0, 0.013290439983628815, 0.0, 0.05577729078456499, 0.0380369783863604, 0.0, 0.0, 0.0, 0.0, 0.0, 0.002593837522438338, 0.0, 0.0, 0.0, 0.00043066947132211616, 0.0036840250470230955, 0.0]}