{"labels": [0, 1, 2, 3, 4, 5, 6, 7, 8, 9, 10, 11, 12, 13, 14, 15, 16, 17, 18, 19, 20, 21, 22, 23, 24, 25, 26, 27, 28, 29, 30, 31, 32, 33, 34, 35, 36, 37, 38, 39], "data": [0.0, 0.001485655006115263, 0.0, 0.045559878987382056, 0.0, 0.0, 0.0, 0.032361140310618965, 0.0, 0.0, 0.0, 0.0, 0.0, 0.0, 0.0008884939502376183, 0.0, 0.0, 0.0, 0.0014816933688648025, 0.0, 0.0, 0.0, 0.09414144371948742, 0.026788310257851684, 0.011493069678111163, 0.0, 0.0, 0.0, 0.0, 0.0, 0.0, 0.0, 0.0032205130682112933, 0.0, 0.0, 0.0, 0.0, 0.009375865707612783, 0.0, 0.0018747438990033979]}