{"labels": [0, 1, 2, 3, 4, 5, 6, 7, 8, 9, 10, 11, 12, 13, 14, 15, 16, 17, 18, 19, 20, 21, 22, 23, 24, 25, 26, 27, 28, 29, 30, 31, 32, 33, 34, 35, 36, 37, 38, 39], "data": [0.06331726720752676, 0.07590937525391775, 0.0, 0.02606580031128455, 0.05068179701044525, 0.028192211942067186, 0.0, 0.0, 0.0, 0.0627889944868194, 0.05555028351434376, 0.027315575720700647, 0.024509320682810455, 0.0, 0.021638274111301432, 0.0, 0.0, 0.0, 0.0, 0.0, 0.0, 0.0, 0.0, 0.0, 0.0, 0.0, 0.0019801343547295428, 0.0, 0.014774746744874, 0.020898267297272677, 0.010712687876389348, 0.0, 0.022095911096142125, 0.030955199450115385, 0.0, 0.0, 0.0, 0.0, 0.0, 0.008022621209148775]}