{"labels": [0, 1, 2, 3, 4, 5, 6, 7, 8, 9, 10, 11, 12, 13, 14, 15, 16, 17, 18, 19, 20, 21, 22, 23, 24, 25, 26, 27, 28, 29, 30, 31, 32, 33, 34, 35, 36, 37, 38, 39], "data": [0.0007441648540452013, 0.0028047607511775124, 0.0, 0.04498733279349824, 0.0, 0.0, 0.0, 0.008359374460611576, 0.0, 0.013165679647535315, 0.0, 0.0, 0.000516494097282363, 0.0, 0.010261075804254232, 0.011365919201479335, 0.0, 0.004746883391772806, 0.01388917206694641, 0.0007546011125158359, 0.05376025704405719, 0.05248347116208806, 0.0007312307921307184, 0.0008086752546998696, 0.0, 0.0, 0.026557590110425522, 0.0, 4.369150943045434e-05, 0.0, 0.02060612273414535, 0.07475083136397735, 0.0, 0.0, 0.020559631764561232, 0.0, 0.0, 0.019945779868633082, 0.020623526267982837, 0.0]}