{"labels": [0, 1, 2, 3, 4, 5, 6, 7, 8, 9, 10, 11, 12, 13, 14, 15, 16, 17, 18, 19, 20, 21, 22, 23, 24, 25, 26, 27, 28, 29, 30, 31, 32, 33, 34, 35, 36, 37, 38, 39], "data": [0.004426140994127695, 0.0, 0.0, 0.044319355599879144, 0.02257442464535038, 0.0, 0.0, 0.014560040074335317, 0.0, 0.0, 0.0003863448648464457, 0.0, 0.0, 0.0, 0.0, 0.0, 0.0, 0.006454518836889289, 0.034759110304881616, 0.0, 0.019322800079467843, 0.023641408840264486, 0.0, 0.0, 0.04035697074520486, 0.0, 0.04326621254711144, 0.0, 0.0, 0.0, 0.0, 0.05460331759857711, 6.333763092915324e-05, 0.02145547257491042, 0.0017061547610386341, 0.0, 0.0, 0.011771016889813647, 0.0, 0.0]}