{"labels": [0, 1, 2, 3, 4, 5, 6, 7, 8, 9, 10, 11, 12, 13, 14, 15, 16, 17, 18, 19, 20, 21, 22, 23, 24, 25, 26, 27, 28, 29, 30, 31, 32, 33, 34, 35, 36, 37, 38, 39], "data": [0.001722130416980112, 0.006919309621593288, 0.0003438727602682245, 0.0, 0.0, 0.028244364237640276, 0.015158214475480712, 0.0, 0.003973428023724161, 0.0, 0.0031390369249542876, 0.01306286621433971, 0.0, 0.0017310321081715578, 0.0, 0.0, 0.0, 0.0, 0.001420778350001668, 0.0, 0.0, 0.0, 0.0017124832415058436, 0.004187084054631701, 0.0, 0.0, 0.0, 0.0, 0.0, 0.0, 0.001174632857643347, 0.0, 0.0, 0.049475075602880544, 0.0, 0.0, 0.0, 0.052593141185437675, 0.0069257237772511835, 0.0022628922592936476]}