{"labels": [0, 1, 2, 3, 4, 5, 6, 7, 8, 9, 10, 11, 12, 13, 14, 15, 16, 17, 18, 19, 20, 21, 22, 23, 24, 25, 26, 27, 28, 29, 30, 31, 32, 33, 34, 35, 36, 37, 38, 39], "data": [0.0, 0.0, 0.0, 0.0, 0.0, 0.0, 0.0, 0.01658613852593468, 0.064960762515721, 0.0, 0.0, 0.0, 0.0, 0.0, 0.0, 0.0006325588933788143, 0.0, 0.0, 0.0, 0.0, 0.0, 0.0, 0.0, 0.0, 0.0, 0.003408077752840334, 0.0, 0.06721705481409081, 0.0, 0.0, 0.0, 0.0, 0.0, 0.0, 0.0, 0.0077504729789496995, 0.0, 0.058536158176541966, 0.0, 0.0]}