{"labels": [0, 1, 2, 3, 4, 5, 6, 7, 8, 9, 10, 11, 12, 13, 14, 15, 16, 17, 18, 19, 20, 21, 22, 23, 24, 25, 26, 27, 28, 29, 30, 31, 32, 33, 34, 35, 36, 37, 38, 39], "data": [0.0012492015169276712, 0.0, 0.0, 0.0, 0.011657339968332335, 0.0, 0.011913377350675157, 0.0, 0.011387762897654674, 0.0, 0.0, 0.0, 0.049194476893671645, 0.0, 0.022553573564793337, 0.03193315479168333, 0.0, 0.0009120776787482497, 0.0, 0.0, 0.0, 0.0003511573544885303, 0.0, 0.0023635607140823807, 0.0, 0.002015794243979504, 0.04414633743204326, 0.0, 0.0, 0.0, 0.0, 0.0, 0.0, 0.0, 0.034630393757831876, 0.0, 0.0, 0.0, 0.0, 0.0019388509714521446]}