{"labels": [0, 1, 2, 3, 4, 5, 6, 7, 8, 9, 10, 11, 12, 13, 14, 15, 16, 17, 18, 19, 20, 21, 22, 23, 24, 25, 26, 27, 28, 29, 30, 31, 32, 33, 34, 35, 36, 37, 38, 39], "data": [0.0, 0.0, 0.0014005396076897465, 0.0, 0.005976462415347208, 0.0, 0.010311559203972604, 0.0019700524636242747, 0.0008075239431852266, 0.0, 0.014533279884840856, 0.0, 0.0, 0.0, 0.0, 0.0, 0.0019812022638543113, 0.00033161820506340717, 0.0, 0.0019366045728845891, 0.0, 0.0, 0.00439759079112619, 0.0007267982805755981, 0.016005983510673838, 0.0, 0.0015624497360737107, 0.0, 0.0011163582413332984, 0.026395928558079988, 0.0, 0.0, 0.0023800019428704706, 0.0, 0.0, 0.052089203013747684, 0.0013868496188985664, 0.0, 0.05122699874180415, 0.0]}