{"labels": [0, 1, 2, 3, 4, 5, 6, 7, 8, 9, 10, 11, 12, 13, 14, 15, 16, 17, 18, 19, 20, 21, 22, 23, 24, 25, 26, 27, 28, 29, 30, 31, 32, 33, 34, 35, 36, 37, 38, 39], "data": [0.013420823973262521, 0.0006239013092204699, 0.002086117596745509, 0.0, 0.012937907839294502, 0.0063265737478346625, 0.03384013732230009, 0.007665705435380786, 0.0, 0.004891106047990823, 0.0, 0.0035898396144839096, 0.0, 0.0, 0.0, 0.0, 0.0, 0.0, 0.005168277298507862, 0.011263722398193734, 0.0026737657067858575, 0.02967587744310693, 0.018254449711378882, 0.00417848406127975, 0.0, 0.020305979242498492, 0.0027440918604684002, 0.03283568144190769, 0.00019952326637462603, 0.0, 0.0038293520770797873, 0.0, 0.0, 0.04862506024658988, 0.06210096813892574, 0.03653360943443591, 0.0025847558857281785, 0.02335226757397375, 0.004327425750644608, 0.001218131246116918]}