{"labels": [0, 1, 2, 3, 4, 5, 6, 7, 8, 9, 10, 11, 12, 13, 14, 15, 16, 17, 18, 19, 20, 21, 22, 23, 24, 25, 26, 27, 28, 29, 30, 31, 32, 33, 34, 35, 36, 37, 38, 39], "data": [4.211332057988514e-05, 0.0, 0.0, 0.0, 0.007468976327635878, 0.0, 0.01993322453709972, 0.0, 0.0017398986358605636, 0.0, 0.003983546588370322, 0.03318334263513314, 0.0038095981161860573, 0.023397639253174504, 0.0, 0.0, 0.0, 0.0, 0.0, 0.0020066945590322734, 0.002298742125290055, 0.0, 0.0, 0.0, 0.0, 0.0250979583904317, 0.0, 0.026936874153745304, 0.0, 0.0, 0.0, 0.003871022460785204, 0.002809089417335514, 0.014123347078071481, 0.03911899317897133, 0.0, 0.005064174576966849, 0.029326917913479487, 0.0, 0.003891820419265447]}