{"labels": [0, 1, 2, 3, 4, 5, 6, 7, 8, 9, 10, 11, 12, 13, 14, 15, 16, 17, 18, 19, 20, 21, 22, 23, 24, 25, 26, 27, 28, 29, 30, 31, 32, 33, 34, 35, 36, 37, 38, 39], "data": [0.005967177486080118, 0.0022079428688026796, 0.0, 0.0, 0.033186682270906404, 0.010700659833567426, 0.0, 0.0, 0.0, 0.0, 0.0, 0.0, 0.0, 0.0, 0.0, 0.004887780808047588, 0.0, 0.0, 0.0, 0.0, 0.0, 0.05198830672880696, 0.002160680884260399, 0.0, 0.003938514528826253, 0.05423579574972592, 0.0, 0.02003316888929168, 0.004080873184004938, 0.0, 0.0002529055409739575, 0.002531549190991668, 0.0, 0.0, 0.03426804752758643, 0.0, 0.0037306915307844684, 0.003503692170256217, 0.0, 0.0]}