{"labels": [0, 1, 2, 3, 4, 5, 6, 7, 8, 9, 10, 11, 12, 13, 14, 15, 16, 17, 18, 19, 20, 21, 22, 23, 24, 25, 26, 27, 28, 29, 30, 31, 32, 33, 34, 35, 36, 37, 38, 39], "data": [0.0, 0.0, 0.0, 0.0, 0.0, 6.66312002357602e-05, 0.0, 0.011064882759531977, 0.0, 0.0, 0.00024597743802050163, 0.0, 0.0, 0.0, 0.0, 0.0, 0.0, 0.0, 0.008176184568166137, 0.0, 0.0, 0.0, 0.0, 0.0, 0.0051875508824413144, 0.0, 0.0, 0.0, 0.018048568364273328, 0.23944992278882388, 0.003619927118638954, 0.0, 0.0, 0.0, 0.0, 0.0, 0.0006845726641370652, 0.004138558682304724, 0.0, 0.0]}