{"labels": [0, 1, 2, 3, 4, 5, 6, 7, 8, 9, 10, 11, 12, 13, 14, 15, 16, 17, 18, 19, 20, 21, 22, 23, 24, 25, 26, 27, 28, 29, 30, 31, 32, 33, 34, 35, 36, 37, 38, 39], "data": [0.07055988483519843, 0.0, 0.0, 0.018764838796737075, 0.0, 0.0, 0.0, 0.0, 0.0, 0.008717262263353336, 0.0, 0.03884273660306285, 0.0018990210870001582, 0.0, 0.002331714822174876, 0.0, 0.0, 0.062427203855456186, 0.0, 0.0, 0.0158825347633921, 0.0, 0.035027511661851064, 0.0, 0.024552171941183313, 0.1663509495876008, 0.008926565310548093, 0.0, 0.007950728143295284, 0.0, 0.007121293966881895, 0.01400334121590273, 0.0, 0.008310431143366248, 0.023966731821945975, 0.025795220576803196, 0.0, 0.0, 0.0, 0.0]}