{"labels": [0, 1, 2, 3, 4, 5, 6, 7, 8, 9, 10, 11, 12, 13, 14, 15, 16, 17, 18, 19, 20, 21, 22, 23, 24, 25, 26, 27, 28, 29, 30, 31, 32, 33, 34, 35, 36, 37, 38, 39], "data": [0.0, 0.0, 0.0, 0.0, 0.005357022123131164, 0.0, 0.018563618187689448, 0.0, 0.0045489168665415695, 0.018935505708279468, 0.003250585333136284, 0.0, 0.0, 0.009989985150458305, 0.0, 0.0, 0.0, 0.03038858475075052, 0.0, 0.0, 0.0319889457296387, 0.0, 0.0010963331737184729, 0.021547589538887732, 0.0009305007285378095, 0.05361173748045591, 0.0, 0.0, 0.0, 0.0, 0.0, 0.0, 0.0, 0.0, 0.0, 0.047121456085767885, 0.0, 0.0, 0.0, 0.0028700381330372905]}