{"labels": [0, 1, 2, 3, 4, 5, 6, 7, 8, 9, 10, 11, 12, 13, 14, 15, 16, 17, 18, 19, 20, 21, 22, 23, 24, 25, 26, 27, 28, 29, 30, 31, 32, 33, 34, 35, 36, 37, 38, 39], "data": [0.24852377964119943, 0.0, 0.0, 0.03124610860808838, 0.0, 0.0, 0.0506403622164254, 0.0, 0.0, 0.06867336412306368, 0.0, 0.0, 0.0, 0.0, 0.0, 0.0, 0.0, 0.0, 0.0, 0.0, 0.0328865290203067, 0.0, 0.0, 0.0, 0.0, 0.1140960547505621, 0.0, 0.0, 0.0, 0.0, 0.0, 0.0, 0.0, 0.0, 0.0605844336413696, 0.0, 0.0, 0.0, 0.0, 0.0]}