{"labels": [0, 1, 2, 3, 4, 5, 6, 7, 8, 9, 10, 11, 12, 13, 14, 15, 16, 17, 18, 19, 20, 21, 22, 23, 24, 25, 26, 27, 28, 29, 30, 31, 32, 33, 34, 35, 36, 37, 38, 39], "data": [0.0, 0.0, 0.0, 0.001220006252754428, 0.0, 0.0, 0.0028154214082283507, 0.033883265097905436, 0.0, 0.0, 0.0, 0.0, 0.0, 0.0, 0.0, 0.0, 0.00771515027361402, 0.0030447780447743255, 0.0, 0.0, 0.0, 0.0, 0.0, 0.019614589096965302, 0.0672763617383329, 0.012035085029370155, 0.0, 0.023080042409310313, 0.0010152540768934674, 0.0, 0.0, 0.0, 0.0, 0.03214795054194591, 0.0, 0.008269579916212638, 0.0004442803050084964, 0.0, 0.0, 0.06320633072257667]}