{"labels": [0, 1, 2, 3, 4, 5, 6, 7, 8, 9, 10, 11, 12, 13, 14, 15, 16, 17, 18, 19, 20, 21, 22, 23, 24, 25, 26, 27, 28, 29, 30, 31, 32, 33, 34, 35, 36, 37, 38, 39], "data": [0.0004075163522450301, 0.0, 0.0, 0.0036255952610265442, 0.0, 0.0, 0.0, 0.000179890981230343, 0.0, 0.057847838436965046, 0.006701260498907897, 0.0, 0.005690861563601558, 0.024800640773100655, 0.0, 0.0, 0.048771387929960136, 0.0082837531285024, 0.0034000082977285674, 0.02154142117751001, 0.0, 0.0, 0.0, 0.03699924550379933, 0.0, 0.009029334922435938, 0.0, 0.015790764450728807, 0.0, 0.012501576621134077, 8.601698882386908e-05, 0.0, 0.027472056176788835, 0.0026645888665425247, 0.006976491745217841, 0.003107217986844325, 0.0004177242492791234, 0.005748970955757466, 0.004192093954328365, 0.0]}