{"labels": [0, 1, 2, 3, 4, 5, 6, 7, 8, 9, 10, 11, 12, 13, 14, 15, 16, 17, 18, 19, 20, 21, 22, 23, 24, 25, 26, 27, 28, 29, 30, 31, 32, 33, 34, 35, 36, 37, 38, 39], "data": [0.0, 0.0, 0.0, 0.01700883005488518, 0.025044942243789902, 0.0, 0.0, 0.0, 0.0, 0.00869518525615812, 0.0005085080222397126, 0.0, 0.0343434119990878, 0.0158057526419988, 0.0, 0.012701199827349172, 0.00046269816906067317, 0.014627410179147857, 0.0, 0.005039961815825644, 0.11565389183876794, 0.003802622829830918, 0.0, 0.005567766262659624, 0.037912922636079906, 0.022412535274669992, 0.0, 0.001141450407070457, 0.0, 0.0, 0.0, 2.286745481924055e-05, 0.028125932000927632, 0.0, 0.0, 0.030823924397950234, 0.0, 0.0007661814780965773, 0.022891385417916896, 0.0]}