{"labels": [0, 1, 2, 3, 4, 5, 6, 7, 8, 9, 10, 11, 12, 13, 14, 15, 16, 17, 18, 19, 20, 21, 22, 23, 24, 25, 26, 27, 28, 29, 30, 31, 32, 33, 34, 35, 36, 37, 38, 39], "data": [0.0, 0.0020686105040575477, 0.0, 0.0, 0.01864484728578063, 0.0, 0.031334871211528566, 0.0, 0.0, 0.0, 0.0, 0.0, 0.0, 0.001707655585796378, 0.0014749505136187535, 0.0, 0.0, 0.0008175497367451278, 0.0020227667854890077, 0.0009567911286303703, 0.0, 0.0, 0.0, 0.00016941598878279134, 0.0, 0.0, 0.0, 0.0009575282718858096, 0.0, 0.0, 0.0, 0.007439920797100426, 0.0, 0.0026065069382209156, 0.0, 0.0, 0.0, 0.05937735668301711, 0.0, 0.00036634180309787017]}