{"labels": [0, 1, 2, 3, 4, 5, 6, 7, 8, 9, 10, 11, 12, 13, 14, 15, 16, 17, 18, 19, 20, 21, 22, 23, 24, 25, 26, 27, 28, 29, 30, 31, 32, 33, 34, 35, 36, 37, 38, 39], "data": [0.0, 0.019795654432534456, 0.0, 0.02141109753535034, 0.015806372376397933, 0.0029002856438539626, 0.0009777543081664192, 0.01187489027326238, 0.0, 0.0, 0.004222885977899052, 0.0, 0.011923434641777404, 0.023913819552187257, 0.0, 0.0, 0.0014389407811165591, 0.006845379702341049, 0.0, 0.0, 0.106057780251254, 0.0126644161211668, 0.02989893790697937, 0.022928974596255855, 0.0, 0.0007515566271031271, 0.028627580483916074, 0.03415049372579366, 0.0, 0.0, 0.0, 0.0, 0.003100994684598475, 0.0, 0.01376682474953097, 0.011633864232467893, 0.017101622887780967, 0.0024475694439260844, 0.0, 0.0]}