{"labels": [0, 1, 2, 3, 4, 5, 6, 7, 8, 9, 10, 11, 12, 13, 14, 15, 16, 17, 18, 19, 20, 21, 22, 23, 24, 25, 26, 27, 28, 29, 30, 31, 32, 33, 34, 35, 36, 37, 38, 39], "data": [0.0, 0.0004893447184082931, 0.02952730367364047, 0.0, 0.021483175651700576, 0.0, 0.01549650474929972, 0.0, 0.0, 0.0, 0.03466695667007686, 0.0, 0.0, 0.0, 0.0, 0.0, 0.026851970048109994, 0.005994947667529914, 0.0036505965769246572, 0.0004322894393160625, 0.0, 0.013781847014164652, 0.0005575486075925516, 0.0, 0.0045668254252433605, 0.0, 0.004355111718059541, 0.01710917672281813, 0.0, 0.018514349158273036, 0.05281142599717296, 0.0, 0.0, 0.029454811063953475, 0.0, 0.0, 0.0, 0.0, 0.00045859800946979637, 0.001880175551903225]}