{"labels": [0, 1, 2, 3, 4, 5, 6, 7, 8, 9, 10, 11, 12, 13, 14, 15, 16, 17, 18, 19, 20, 21, 22, 23, 24, 25, 26, 27, 28, 29, 30, 31, 32, 33, 34, 35, 36, 37, 38, 39], "data": [0.021961778854263418, 0.0015767520698212938, 0.0, 0.010283899764111017, 0.011056141446401968, 0.022424384838385925, 0.0, 0.0, 0.0, 0.0, 0.0, 0.0, 0.0, 0.015027093928863302, 0.0, 0.01738522130075233, 0.0, 0.0, 0.09028593897770389, 0.0, 0.00034602464730965364, 0.0, 0.0, 0.0, 0.0, 0.0003009246170393144, 0.0, 0.0, 0.0, 0.0, 0.0, 0.0, 0.0, 0.0, 0.019036694826814884, 0.0, 0.0, 0.004336868257287327, 0.05977618213756402, 0.0034463437560039016]}