{"labels": [0, 1, 2, 3, 4, 5, 6, 7, 8, 9, 10, 11, 12, 13, 14, 15, 16, 17, 18, 19, 20, 21, 22, 23, 24, 25, 26, 27, 28, 29, 30, 31, 32, 33, 34, 35, 36, 37, 38, 39], "data": [0.0, 0.0, 0.0, 0.058479347940065436, 0.0, 0.0, 0.0, 0.0, 0.0018664575621566745, 0.028381622212568198, 0.0, 0.0, 0.00039979053147230737, 0.0, 0.0070886709467918385, 0.012533274905372233, 0.03774423654790008, 0.003367052920103184, 0.0, 0.005668064369819416, 0.060487745210942426, 0.0, 0.0003086294540846932, 0.0, 0.0, 0.02745795070500098, 0.0, 0.0006672454383366997, 0.007500060145163223, 0.0, 0.002700995541232327, 0.0, 0.0, 0.0, 0.008817768387137484, 0.004682453230933975, 0.0, 0.014334192261712649, 0.0, 0.02931996216620138]}