{"labels": [0, 1, 2, 3, 4, 5, 6, 7, 8, 9, 10, 11, 12, 13, 14, 15, 16, 17, 18, 19, 20, 21, 22, 23, 24, 25, 26, 27, 28, 29, 30, 31, 32, 33, 34, 35, 36, 37, 38, 39], "data": [0.0, 0.001689060917227191, 0.0, 0.0, 0.0, 0.0, 0.0, 0.0048483909309362805, 0.0, 0.0022534052933892487, 0.007730263606922136, 0.0, 0.0, 0.011296662612233213, 0.0, 0.0, 0.0, 0.015240676701561866, 0.0, 0.00022366539673704096, 0.0, 0.04020363447151557, 0.000209701940933325, 0.0, 0.0, 0.0, 0.0, 0.0, 0.0, 0.0010790118293069833, 0.0, 0.0, 0.0, 0.016563334546222535, 0.0, 0.0, 0.09092285146196376, 0.0, 0.04148030716045489, 0.0]}