{"labels": [0, 1, 2, 3, 4, 5, 6, 7, 8, 9, 10, 11, 12, 13, 14, 15, 16, 17, 18, 19, 20, 21, 22, 23, 24, 25, 26, 27, 28, 29, 30, 31, 32, 33, 34, 35, 36, 37, 38, 39], "data": [0.0010020465440379015, 0.0031995626454959626, 0.01313973908342187, 0.03501137631413107, 0.0, 0.0, 0.0029576780627022683, 0.012970238830076085, 0.0, 0.03301578966942659, 0.0025809702974148867, 0.0, 0.0, 0.0, 0.0, 0.0, 0.0, 0.020033579420688057, 0.0, 0.054231045742197566, 0.013389380479035082, 0.0, 0.0, 0.04893973433176668, 0.0, 0.0, 0.0, 0.02634246523722024, 0.0, 0.0, 0.0, 0.0, 0.00400001197440968, 0.0, 0.0, 0.007773837471389486, 0.0034531358978653766, 0.01311645265741361, 0.022554148881319788, 0.0]}