{"labels": [0, 1, 2, 3, 4, 5, 6, 7, 8, 9, 10, 11, 12, 13, 14, 15, 16, 17, 18, 19, 20, 21, 22, 23, 24, 25, 26, 27, 28, 29, 30, 31, 32, 33, 34, 35, 36, 37, 38, 39], "data": [0.0035902080053547064, 0.00031815504584145225, 0.0046324234571816485, 0.011775605785903044, 0.0, 0.0, 0.013720229365225968, 0.020368636592335423, 0.0, 0.0204842281445898, 0.0, 0.0, 0.0, 0.03448010157429605, 0.0030929111560283264, 0.0, 0.0, 0.0, 0.0, 0.0, 0.0, 0.0, 0.0, 0.001036665299992824, 0.031670061979300924, 0.016343522855886927, 0.0027116021595809973, 0.0, 0.0, 0.0, 0.0, 0.0008304974969073061, 0.0031326678157107437, 0.0, 0.0, 0.02942153569135314, 0.0058535212878182774, 5.680181890872428e-06, 0.03822501773486526, 0.0032811765301536096]}