{"labels": [0, 1, 2, 3, 4, 5, 6, 7, 8, 9, 10, 11, 12, 13, 14, 15, 16, 17, 18, 19, 20, 21, 22, 23, 24, 25, 26, 27, 28, 29, 30, 31, 32, 33, 34, 35, 36, 37, 38, 39], "data": [0.00010578694718414356, 0.0, 0.0, 0.0, 0.0426760072691341, 0.0, 0.0, 0.0, 0.0, 0.003940893334084447, 0.0, 0.0, 0.0, 0.0, 0.00029286934106777495, 0.0, 0.06497780720206697, 0.0, 0.0, 0.0, 0.0003041664364655614, 0.0023918947220129927, 0.000836953109602584, 0.0, 0.0, 0.0, 0.0, 0.0, 0.0, 0.0005079353527715318, 0.0, 0.0, 0.0, 0.013272480646388094, 0.0, 0.003286943021213463, 0.0, 0.040687223497355096, 0.0021382050291319163, 0.0]}