{"labels": [0, 1, 2, 3, 4, 5, 6, 7, 8, 9, 10, 11, 12, 13, 14, 15, 16, 17, 18, 19, 20, 21, 22, 23, 24, 25, 26, 27, 28, 29, 30, 31, 32, 33, 34, 35, 36, 37, 38, 39], "data": [0.0, 0.0, 0.0, 0.015617981920620859, 0.01121335726443972, 0.0, 0.0, 0.0, 0.0, 0.00024208320633381053, 0.0, 0.0, 0.0, 0.0, 0.0, 0.0, 0.0011557593946052132, 0.0, 0.0, 0.0, 0.000538241307637243, 0.0, 0.0, 0.0, 0.0, 0.0008307605053748769, 0.0, 0.0006645119729613959, 0.0, 0.0, 0.0, 0.0, 0.0, 0.14483805103802955, 0.03290570745726861, 0.0, 0.0, 0.02539673387275108, 0.0, 0.0]}