{"labels": [0, 1, 2, 3, 4, 5, 6, 7, 8, 9, 10, 11, 12, 13, 14, 15, 16, 17, 18, 19, 20, 21, 22, 23, 24, 25, 26, 27, 28, 29, 30, 31, 32, 33, 34, 35, 36, 37, 38, 39], "data": [0.0001883320273697466, 0.0006849243626605225, 0.0, 0.0, 0.04030009802310263, 0.0, 0.0, 0.021535187168872285, 0.0, 0.0029464086011260692, 0.0, 0.0, 0.0, 0.0, 0.0, 0.0, 0.0, 0.0, 0.0, 0.0, 0.0, 0.0, 0.10912665313105155, 0.0, 0.000488678592410047, 0.0, 0.0, 0.0025120929535125333, 0.013334804962963858, 0.0, 0.026434995660412366, 0.0, 0.0, 0.05583235623067137, 0.018765602773479072, 0.0, 0.02514637622141373, 0.0, 0.0, 0.0]}