{"labels": [0, 1, 2, 3, 4, 5, 6, 7, 8, 9, 10, 11, 12, 13, 14, 15, 16, 17, 18, 19, 20, 21, 22, 23, 24, 25, 26, 27, 28, 29, 30, 31, 32, 33, 34, 35, 36, 37, 38, 39], "data": [0.0, 0.0, 0.01136238580615603, 0.0033096032928172777, 0.030955688732195036, 0.0, 0.006312673698726353, 0.0523344611695412, 0.004262737293141513, 0.0, 0.0, 0.0, 0.02272618913806981, 0.0, 0.0, 0.02608769765715248, 0.0, 0.0, 0.016270022184510596, 0.0, 0.04398384714772963, 0.0030115526137370423, 0.0, 0.0, 0.0, 0.0, 4.436525228734974e-05, 0.0, 0.0, 0.0, 0.06085816050956409, 0.0, 0.0, 0.0, 0.0, 0.03437569211458264, 0.0, 0.0, 0.05890143726226879, 0.0]}