{"labels": [0, 1, 2, 3, 4, 5, 6, 7, 8, 9, 10, 11, 12, 13, 14, 15, 16, 17, 18, 19, 20, 21, 22, 23, 24, 25, 26, 27, 28, 29, 30, 31, 32, 33, 34, 35, 36, 37, 38, 39], "data": [0.0, 0.0, 0.0, 0.0, 0.0, 0.0, 0.0, 0.007151472063957464, 0.00026412971057608755, 0.0, 0.021223720554344412, 0.0, 0.011687254674689498, 0.006678607056717313, 0.0, 0.0, 0.0030647372081947736, 0.014599354585674592, 0.0, 0.0022757554044729746, 0.07174039855877035, 0.0, 0.0005345841780745475, 0.017584335111129747, 0.012224441753214688, 0.0, 0.06023214932019211, 0.0, 0.0, 0.0, 0.0, 7.287066260260826e-05, 0.0, 0.0, 0.0, 0.0, 0.002802462786720316, 0.0, 0.0, 0.0]}