{"labels": [0, 1, 2, 3, 4, 5, 6, 7, 8, 9, 10, 11, 12, 13, 14, 15, 16, 17, 18, 19, 20, 21, 22, 23, 24, 25, 26, 27, 28, 29, 30, 31, 32, 33, 34, 35, 36, 37, 38, 39], "data": [0.0, 0.0, 0.0011968511611700743, 0.04746795340102483, 0.01965816244384548, 0.027833621021691613, 0.007650455562384974, 0.003166231500676948, 0.0013032648632914407, 0.005929162875594791, 0.0, 0.0, 0.0, 0.0057093509714029435, 0.0, 0.0, 0.0, 0.01195042204295584, 0.0, 0.0, 0.011230848707607136, 0.004710169588203106, 0.0, 0.0, 0.0, 0.01908528989932075, 0.0290122215072273, 0.0, 0.011615324865152163, 0.0, 0.0077846420517716525, 0.00031351267878520117, 0.0, 0.0098049474031996, 0.01830243256271148, 0.005468885324878222, 0.0, 0.02686063297823483, 0.0441484174508829, 0.03283424060163007]}