{"labels": [0, 1, 2, 3, 4, 5, 6, 7, 8, 9, 10, 11, 12, 13, 14, 15, 16, 17, 18, 19, 20, 21, 22, 23, 24, 25, 26, 27, 28, 29, 30, 31, 32, 33, 34, 35, 36, 37, 38, 39], "data": [0.0, 0.0, 0.00024934286946903914, 0.09418681194825515, 0.0, 0.0, 0.0, 0.0, 0.0, 0.0035756380271109623, 0.0, 0.0, 0.0008223057943854801, 0.0, 0.0, 0.0, 0.0, 0.0, 0.017230414238959452, 0.0, 0.0025617197087746124, 0.0, 0.0011057321971673396, 0.0, 0.0, 0.0, 0.0, 0.046090191223233296, 0.002856411738331781, 0.0, 0.0, 0.0, 0.004086203854893479, 0.0, 0.025407598273998015, 0.06580786023412553, 0.0, 0.0, 0.0, 0.0]}