{"labels": [0, 1, 2, 3, 4, 5, 6, 7, 8, 9, 10, 11, 12, 13, 14, 15, 16, 17, 18, 19, 20, 21, 22, 23, 24, 25, 26, 27, 28, 29, 30, 31, 32, 33, 34, 35, 36, 37, 38, 39], "data": [0.0, 0.0, 0.001407696291009353, 0.0, 0.02530953549616828, 0.0, 0.0, 0.0, 0.0, 0.0, 0.0, 0.0, 0.0, 0.0, 0.0, 0.009006860788447183, 0.0, 0.0, 0.0, 0.0, 0.0002368315815518116, 0.0, 0.0, 0.0, 0.0, 0.022569569155972115, 0.010773482346432836, 0.0, 0.0, 0.021830527162109172, 0.0, 0.0, 0.00048760029414381194, 0.026614805075799306, 0.0, 0.0, 0.0, 0.0, 0.0, 0.11090611855779463]}