{"labels": [0, 1, 2, 3, 4, 5, 6, 7, 8, 9, 10, 11, 12, 13, 14, 15, 16, 17, 18, 19, 20, 21, 22, 23, 24, 25, 26, 27, 28, 29, 30, 31, 32, 33, 34, 35, 36, 37, 38, 39], "data": [0.0, 0.0, 0.0, 0.0, 0.0, 0.0, 0.008494976579456201, 0.0068682325482120445, 0.0, 0.0, 0.0, 0.0, 0.0, 0.0, 0.0, 0.04509074258044514, 0.00038653938287357473, 0.011153420344159665, 0.0, 0.0, 0.0353785929150263, 0.02855216698093886, 0.003948314912011654, 0.008733817199886008, 0.002733809914706593, 0.0, 0.0074492801569048025, 0.0, 0.0, 0.0, 0.0, 0.0047491161931784345, 0.056715887478552114, 0.0, 0.026146317366896616, 0.05345740991429119, 0.0, 0.041770524278809694, 0.0, 0.0]}