{"labels": [0, 1, 2, 3, 4, 5, 6, 7, 8, 9, 10, 11, 12, 13, 14, 15, 16, 17, 18, 19, 20, 21, 22, 23, 24, 25, 26, 27, 28, 29, 30, 31, 32, 33, 34, 35, 36, 37, 38, 39], "data": [0.003387751466784179, 0.0, 0.00025016306400572024, 0.009387990556420051, 0.0, 0.0, 0.035477516305003065, 0.0, 0.007508970993227113, 0.012264706149716649, 0.0028033063207837335, 0.007420398011129814, 0.01317738032093857, 0.0013154531613787984, 0.0, 0.0, 0.0, 0.013862546223032476, 0.0009952104638211183, 0.0, 0.0012653081706502788, 0.000981248699077034, 0.0, 0.0, 0.0, 0.00040601167426891334, 0.05192471526244718, 0.0, 0.0, 0.0, 0.0, 0.005157552831364088, 0.0, 0.0, 0.02482976411610946, 0.01992757618578858, 0.030151968249040692, 0.0014980708583543164, 0.0, 0.0031598913591300228]}