{"labels": [0, 1, 2, 3, 4, 5, 6, 7, 8, 9, 10, 11, 12, 13, 14, 15, 16, 17, 18, 19, 20, 21, 22, 23, 24, 25, 26, 27, 28, 29, 30, 31, 32, 33, 34, 35, 36, 37, 38, 39], "data": [0.0, 0.0025645857259153273, 0.004287972647217149, 0.0, 0.0527561502138373, 0.0, 0.0, 0.0, 0.0, 0.0, 0.009418883733242418, 0.03578899763263581, 0.0, 0.005461030258133679, 0.0, 0.0, 0.0, 0.0, 0.0, 0.0, 0.0, 0.0002550793590549208, 1.9631930814573343e-05, 0.0012093805141177032, 0.0, 0.011102624778017905, 0.03525811073751308, 0.02124529174008246, 0.0, 0.0, 0.013634216895373063, 0.0, 0.0, 0.02167568086035948, 0.0, 0.03003666568841068, 0.0, 0.0, 0.06289624980286142, 0.0021327398119253193]}