{"labels": [0, 1, 2, 3, 4, 5, 6, 7, 8, 9, 10, 11, 12, 13, 14, 15, 16, 17, 18, 19, 20, 21, 22, 23, 24, 25, 26, 27, 28, 29, 30, 31, 32, 33, 34, 35, 36, 37, 38, 39], "data": [0.0, 0.0, 0.0, 0.00137781634821849, 0.0, 0.01414291393827533, 0.0, 0.0, 0.0, 0.012718644813178895, 0.018754998684298637, 0.002627895574273696, 0.004047713901070637, 0.03755951389812521, 0.0, 0.0, 0.0, 0.0, 0.0, 0.042279280696441816, 0.0, 0.0006601217293593929, 0.0, 0.0, 0.0, 0.005930415350714046, 0.0, 0.0, 0.0, 0.0, 0.0029563368452260167, 0.0, 0.0, 0.04111437935555088, 0.030011106715399884, 0.0, 0.0, 0.006976722154834306, 0.0003017910290182404, 0.001151153447020668]}