{"labels": [0, 1, 2, 3, 4, 5, 6, 7, 8, 9, 10, 11, 12, 13, 14, 15, 16, 17, 18, 19, 20, 21, 22, 23, 24, 25, 26, 27, 28, 29, 30, 31, 32, 33, 34, 35, 36, 37, 38, 39], "data": [0.0, 0.0, 0.016582065237304395, 0.0, 0.0, 0.0, 0.0, 0.0, 0.0, 0.00020372629413052047, 0.030352136068980642, 0.0, 0.012222962567189969, 0.0, 0.0, 0.008912186168062174, 0.0, 0.0, 0.0, 0.0, 0.0, 0.0, 0.0, 0.0, 0.0, 0.0, 0.08055364370247484, 0.0, 0.08717293886070071, 0.0, 0.031491787109057284, 0.0, 0.0, 0.0, 0.0, 0.0, 0.0, 0.0, 0.0, 0.09758283312596332]}