{"labels": [0, 1, 2, 3, 4, 5, 6, 7, 8, 9, 10, 11, 12, 13, 14, 15, 16, 17, 18, 19, 20, 21, 22, 23, 24, 25, 26, 27, 28, 29, 30, 31, 32, 33, 34, 35, 36, 37, 38, 39], "data": [0.0, 0.0, 0.025269555881554974, 0.0, 0.0, 0.014125091357922585, 0.0, 0.0016709774824641632, 0.0, 0.0, 0.019714241680887316, 0.0, 0.017638513425619277, 0.00039439621643807003, 0.03360871946030107, 0.0, 0.002709170953312532, 0.0, 0.02275683009050396, 0.0015749322054342495, 0.0, 0.0011984704994110614, 0.0024706906457759212, 0.0004867626983472833, 0.0011247541295469085, 0.0, 0.0002833511263735032, 0.019153159387720442, 0.004236282311896911, 0.0, 0.0028341045330288386, 0.0, 0.0, 0.018758672871062247, 0.0, 0.10114638548525708, 0.02707798232521983, 0.01849239685902693, 0.0, 0.0]}