{"labels": [0, 1, 2, 3, 4, 5, 6, 7, 8, 9, 10, 11, 12, 13, 14, 15, 16, 17, 18, 19, 20, 21, 22, 23, 24, 25, 26, 27, 28, 29, 30, 31, 32, 33, 34, 35, 36, 37, 38, 39], "data": [0.0, 0.006241327496830979, 0.00827292299501832, 0.0, 0.0, 0.0, 0.00320193370663566, 0.0, 0.0, 0.0, 0.0, 0.0002192264252569685, 0.0, 0.0, 0.0017608649738158541, 0.0, 0.0, 0.0, 0.0008864302451956154, 0.0021586019909690906, 0.00036706165027807495, 0.0, 0.0, 0.0, 0.0010327149768981072, 0.0, 0.0, 0.0, 0.0, 0.0, 0.006878539149866159, 0.0, 0.008699940241673882, 0.011794385020492808, 0.0, 0.056846048590751576, 0.015270590921861522, 0.0330995389228693, 0.0033908791109635824, 0.0]}