{"labels": [0, 1, 2, 3, 4, 5, 6, 7, 8, 9, 10, 11, 12, 13, 14, 15, 16, 17, 18, 19, 20, 21, 22, 23, 24, 25, 26, 27, 28, 29, 30, 31, 32, 33, 34, 35, 36, 37, 38, 39], "data": [0.0015499083683649737, 0.0, 0.000740052972283896, 0.01884655288518098, 0.0, 0.0, 0.01749100357541422, 0.060915069716976536, 0.005110516296767979, 0.0, 0.0028825298091272804, 0.003043513928914463, 0.0, 0.0, 0.0, 0.0, 0.0, 0.005071279143761262, 0.0, 0.0, 0.023482506739792314, 0.0, 0.0003996046840727553, 0.0, 0.0, 0.005681849407723526, 0.0, 0.032155639361585574, 0.0045132296768591925, 0.0, 0.04202333343795049, 0.0, 0.006207126141820998, 0.016779750194567303, 0.0, 0.0, 0.005118643782044481, 0.030388774963847794, 0.0, 0.002823665758479578]}