{"labels": [0, 1, 2, 3, 4, 5, 6, 7, 8, 9, 10, 11, 12, 13, 14, 15, 16, 17, 18, 19, 20, 21, 22, 23, 24, 25, 26, 27, 28, 29, 30, 31, 32, 33, 34, 35, 36, 37, 38, 39], "data": [0.0044777872704262894, 0.0, 0.0, 0.0, 0.007377974603393154, 0.0, 0.062261994074148584, 0.0, 0.0011975687259502793, 0.0, 0.0, 0.005250182500779307, 0.0, 0.00987386578966495, 0.011551160983712182, 0.041438768903846526, 0.0, 0.005162238593849957, 0.0033669070048876694, 0.0, 0.018681516025351327, 0.0, 0.0, 0.0, 0.0, 0.034287291495486205, 0.0, 0.0, 0.0, 0.0, 0.0, 0.0, 0.0378654598539229, 0.0012527401038718083, 0.005027651007120066, 0.0, 0.0, 0.0, 0.005815654486387413, 0.0007744306414425113]}