{"labels": [0, 1, 2, 3, 4, 5, 6, 7, 8, 9, 10, 11, 12, 13, 14, 15, 16, 17, 18, 19, 20, 21, 22, 23, 24, 25, 26, 27, 28, 29, 30, 31, 32, 33, 34, 35, 36, 37, 38, 39], "data": [0.0, 0.00025481149246385596, 0.00993521479646559, 0.07144526523196833, 0.008584632572484202, 0.0, 0.0038679187106554274, 0.0, 0.02205294261720495, 0.0, 0.0, 0.07254983960851899, 0.013881436320042859, 0.0005357519808128959, 0.0, 0.0, 0.0, 0.0, 0.02434341766497272, 0.0018894940238635282, 0.006209548811922224, 0.0, 0.0, 0.0027390012895300722, 0.0, 0.012617203615746662, 0.0, 0.009753177265075515, 0.0, 0.003675899234267721, 0.0, 0.0, 0.0003743964910086975, 0.006268608809806146, 0.02221374205011459, 0.04280403273295711, 0.0, 0.020920709223448082, 0.0, 1.64060087386938e-05]}