{"labels": [0, 1, 2, 3, 4, 5, 6, 7, 8, 9, 10, 11, 12, 13, 14, 15, 16, 17, 18, 19, 20, 21, 22, 23, 24, 25, 26, 27, 28, 29, 30, 31, 32, 33, 34, 35, 36, 37, 38, 39], "data": [0.0006940604533516905, 0.043285671913951426, 0.019249014127731712, 0.0, 0.02010254674523967, 0.0, 0.030681206754958504, 0.01278070946436499, 0.0018081592960850269, 0.000721360143132348, 0.0, 0.0, 0.044912540682355145, 0.0, 0.008218377412870029, 0.0, 0.003194935409490519, 0.0019315659032421903, 0.0, 0.0, 0.0, 0.01818801577945736, 0.004268085561017105, 0.002189437919901486, 0.00798291557540015, 0.0015874468150062215, 0.005767729041400169, 0.017616049578851274, 0.0, 0.0, 0.0, 0.0, 0.0, 0.0, 0.0, 0.004645942447695517, 0.021443195369622938, 0.001993066467844192, 0.02689647842899599, 0.0]}