{"labels": [0, 1, 2, 3, 4, 5, 6, 7, 8, 9, 10, 11, 12, 13, 14, 15, 16, 17, 18, 19, 20, 21, 22, 23, 24, 25, 26, 27, 28, 29, 30, 31, 32, 33, 34, 35, 36, 37, 38, 39], "data": [0.0, 0.0, 0.0017703135177396636, 0.00472131589356091, 0.03646185747133274, 0.0, 0.0, 0.0, 0.002452767550375648, 0.0, 0.0, 0.0, 0.0, 0.0, 0.0, 0.0, 0.00045110872634368326, 0.0, 5.144529255947012e-05, 0.0, 0.0, 0.0, 0.0, 0.12230902035814212, 0.0, 0.005555210296492599, 0.0, 0.0001000958794277877, 0.0, 0.015543817909507825, 0.0, 0.0010873103580861497, 0.0, 0.0, 0.0, 0.0, 0.0, 0.0, 0.0, 0.0]}