{"labels": [0, 1, 2, 3, 4, 5, 6, 7, 8, 9, 10, 11, 12, 13, 14, 15, 16, 17, 18, 19, 20, 21, 22, 23, 24, 25, 26, 27, 28, 29, 30, 31, 32, 33, 34, 35, 36, 37, 38, 39], "data": [0.0037927106894422575, 0.006393134152002161, 0.0, 0.0, 0.0, 0.0, 0.0, 0.0025772020576622316, 0.09337107024111832, 0.0012051789561359862, 0.0020753210422390527, 0.0, 0.08619335415553371, 0.0, 0.0, 0.003622797172002826, 0.0, 0.0, 0.0, 0.0, 0.0, 0.0, 0.0, 9.896996131928265e-05, 0.0, 0.0, 0.0, 0.0, 0.0, 0.0, 0.0, 0.0, 0.002637685756136405, 0.0, 0.0, 0.0, 0.0, 0.0, 0.0, 0.0]}