{"labels": [0, 1, 2, 3, 4, 5, 6, 7, 8, 9, 10, 11, 12, 13, 14, 15, 16, 17, 18, 19, 20, 21, 22, 23, 24, 25, 26, 27, 28, 29, 30, 31, 32, 33, 34, 35, 36, 37, 38, 39], "data": [0.0, 0.0, 0.005453361744114606, 0.0, 0.008314848687767383, 0.0, 0.00040235170320783074, 0.003398343473316766, 0.0, 0.0, 0.024146640799110712, 0.0, 0.0, 0.00054444995518559, 0.004550034587764298, 0.0, 0.0, 0.0, 0.0, 0.001718065503779773, 0.0019838790706707713, 0.0, 0.001979946142308462, 0.0, 0.004704195368351633, 0.0, 0.0, 0.0, 0.0, 0.006652357868848099, 0.0, 0.0, 0.0017699555478198855, 0.0060498478900841875, 0.0, 0.004481030187446836, 0.0, 0.0, 0.0, 0.07627890630296269]}