{"labels": [0, 1, 2, 3, 4, 5, 6, 7, 8, 9, 10, 11, 12, 13, 14, 15, 16, 17, 18, 19, 20, 21, 22, 23, 24, 25, 26, 27, 28, 29, 30, 31, 32, 33, 34, 35, 36, 37, 38, 39], "data": [0.0, 0.0038830059338633696, 0.02069934345991742, 0.0, 0.004849966665463546, 0.0, 0.0, 0.0, 0.0, 0.028814505493635154, 0.0, 0.0, 0.0, 0.0, 0.0, 0.0, 0.04482526773700018, 0.0, 0.0, 0.0, 0.0, 0.0, 0.0, 0.0, 0.029384519482881444, 0.0, 0.00026943426880704524, 0.0029297412130881583, 0.0, 0.02805534379834301, 0.0, 0.06962666911540706, 0.0, 0.0, 0.002841222317838877, 0.0, 0.002379139229299065, 0.0, 0.0, 0.06790516825692876]}