{"labels": [0, 1, 2, 3, 4, 5, 6, 7, 8, 9, 10, 11, 12, 13, 14, 15, 16, 17, 18, 19, 20, 21, 22, 23, 24, 25, 26, 27, 28, 29, 30, 31, 32, 33, 34, 35, 36, 37, 38, 39], "data": [0.006974679403415649, 0.01074354678010587, 0.025620044427033046, 0.0, 0.008414432911141504, 0.0017846486212019085, 0.033260946081598734, 0.0, 0.045136887058313105, 0.016317923954634304, 0.0013707558808411103, 0.0, 0.010464775401070886, 0.0, 0.0, 0.0, 0.057846731131987975, 0.0, 0.0, 2.586787631801724e-05, 0.0, 0.0, 0.00028039461137679516, 0.0, 0.00022191874390310498, 0.020714887650779504, 0.0068935622488678185, 0.03251089002030835, 0.0, 0.0, 0.0, 0.0, 0.026359907614415985, 0.001025527871227937, 0.016345924602402948, 0.0, 0.0, 0.0, 0.00011568461342996897, 0.0]}