{"labels": [0, 1, 2, 3, 4, 5, 6, 7, 8, 9, 10, 11, 12, 13, 14, 15, 16, 17, 18, 19, 20, 21, 22, 23, 24, 25, 26, 27, 28, 29, 30, 31, 32, 33, 34, 35, 36, 37, 38, 39], "data": [0.0, 0.0, 0.009549040791360609, 0.023060926704683002, 0.01996873923166422, 0.0, 0.009518244760087861, 0.0, 0.0009096833270052484, 0.03443369641209577, 0.0, 0.001033728544400258, 0.008408530000432204, 0.0, 0.010125917970998747, 0.009044994861051389, 0.0, 0.032634380851871946, 0.0, 0.0, 0.0, 0.00418892862577081, 0.002874007959823419, 0.0, 0.0, 0.0, 0.003221153136120514, 0.0, 0.0, 0.0020854044478536677, 0.01780215137056936, 0.0, 0.0035163614729149875, 0.0, 0.018693202772321445, 0.020164429060707846, 0.02205801329155602, 0.043017959857300135, 0.012588973744999881, 0.0014481859203923056]}