{"labels": [0, 1, 2, 3, 4, 5, 6, 7, 8, 9, 10, 11, 12, 13, 14, 15, 16, 17, 18, 19, 20, 21, 22, 23, 24, 25, 26, 27, 28, 29, 30, 31, 32, 33, 34, 35, 36, 37, 38, 39], "data": [0.0, 0.00038794738563841186, 0.0, 0.0, 0.0, 0.08324225095169456, 0.035335129820632735, 0.0, 0.006039903881052811, 0.0, 0.01129141532209855, 0.05324806752175389, 0.0, 0.0, 0.0009422840826186238, 0.003385459378239182, 0.0, 0.0, 0.0, 0.0, 0.0, 0.0, 0.0, 0.00014011772639939405, 0.0, 0.0, 0.0, 0.0, 0.0, 0.009457363792264868, 0.0, 0.0, 0.0, 0.07330436472964087, 0.0, 0.0, 0.0, 0.02021853032714287, 0.04604389055309375, 0.0013968300428504681]}