{"labels": [0, 1, 2, 3, 4, 5, 6, 7, 8, 9, 10, 11, 12, 13, 14, 15, 16, 17, 18, 19, 20, 21, 22, 23, 24, 25, 26, 27, 28, 29, 30, 31, 32, 33, 34, 35, 36, 37, 38, 39], "data": [0.0015584948810941648, 0.0, 0.0006541954951485873, 0.0, 0.003810389424705625, 0.0, 0.003477246625372942, 0.000832470741068568, 0.0, 0.01524517856810305, 0.011233618060751243, 0.0, 0.008974304569991034, 0.0029049394445956273, 0.0, 0.0, 0.006597493540271688, 0.0, 0.0, 0.0, 0.0, 0.0, 0.0, 0.0, 0.0, 0.0, 0.0017475641851834552, 0.0017936026998429486, 0.0031341425151864455, 0.04188510112193224, 0.0, 0.0, 0.0, 0.0, 0.0003714206302943994, 0.008115663891405618, 0.10508520218712449, 0.004062268128481848, 0.008657196336411302, 0.0]}