{"labels": [0, 1, 2, 3, 4, 5, 6, 7, 8, 9, 10, 11, 12, 13, 14, 15, 16, 17, 18, 19, 20, 21, 22, 23, 24, 25, 26, 27, 28, 29, 30, 31, 32, 33, 34, 35, 36, 37, 38, 39], "data": [0.0017283219430427913, 0.00020110613313926933, 0.0, 0.0, 0.0413006424558905, 0.0, 0.0301094207808024, 0.05295491223462546, 0.0, 0.010656742409760143, 0.0, 0.0, 0.0, 0.004652194184122943, 0.003904070949319694, 0.0026675326724586368, 0.0, 0.00027682126005006765, 0.0, 0.0, 0.00795233802982086, 0.0, 0.0, 0.0, 0.0, 0.0012716940051302453, 0.0, 0.0, 0.0006497439768669637, 0.0, 0.0, 0.0, 0.0, 0.0, 0.01742684094958443, 0.0, 0.0023709561665618602, 0.013722578220429002, 0.0, 0.0013294400459260992]}