{"labels": [0, 1, 2, 3, 4, 5, 6, 7, 8, 9, 10, 11, 12, 13, 14, 15, 16, 17, 18, 19, 20, 21, 22, 23, 24, 25, 26, 27, 28, 29, 30, 31, 32, 33, 34, 35, 36, 37, 38, 39], "data": [0.0, 0.0019026177807363557, 0.020212483653986615, 0.0845088469322499, 0.0, 0.0, 0.024331431171172802, 0.0, 0.0, 0.012587667305458296, 0.0, 0.0, 0.011813048740829453, 0.0063618109963091305, 0.0, 0.0, 0.0, 0.006579768583755499, 0.0025262118241792877, 0.0, 0.009745007359973813, 0.0, 0.0020928094007653356, 0.0019938322799768053, 0.0, 0.0, 0.0, 0.0, 0.0, 0.020086593050759657, 0.005522023602221722, 0.0, 0.0031857992745356807, 0.08065978947826644, 0.0, 0.0, 0.0010297521249183813, 0.0, 0.0, 0.0]}