{"labels": [0, 1, 2, 3, 4, 5, 6, 7, 8, 9, 10, 11, 12, 13, 14, 15, 16, 17, 18, 19, 20, 21, 22, 23, 24, 25, 26, 27, 28, 29, 30, 31, 32, 33, 34, 35, 36, 37, 38, 39], "data": [0.0, 0.0010814312038578179, 0.030044928662453178, 0.009541728993352773, 0.0, 4.0983300921139695e-05, 0.006542979511133715, 0.008628972626159337, 0.013173978485405174, 0.0, 0.0050285634570220936, 0.0013064297537286873, 0.01513091169380631, 0.0013699939564326533, 0.0, 0.0, 0.0, 0.0, 0.0, 0.00030732115286638843, 0.0, 0.00021891184461346727, 0.00029642627860629106, 0.0, 0.0, 0.0001232926179351169, 0.004737762733782351, 0.0, 0.006419101272255541, 0.033436680462431784, 0.0, 5.2299850810359525e-05, 0.057155974057647524, 0.03349713472803359, 0.0, 0.003026158273873134, 0.0, 0.0, 0.0014666753956323485, 0.0]}