{"labels": [0, 1, 2, 3, 4, 5, 6, 7, 8, 9, 10, 11, 12, 13, 14, 15, 16, 17, 18, 19, 20, 21, 22, 23, 24, 25, 26, 27, 28, 29, 30, 31, 32, 33, 34, 35, 36, 37, 38, 39], "data": [0.002254635498065268, 0.04706629610268994, 0.0, 0.0, 0.0, 0.006868218888289822, 0.019932690824818206, 0.0, 0.028872398683481487, 0.01663875951239446, 0.0, 0.0, 0.04445660782488917, 0.02601991735724224, 0.03083321583648545, 0.0, 0.0, 0.0, 0.0, 0.0, 0.0029890845044699497, 0.010573696331131035, 0.005984093851508039, 0.0, 0.0, 0.0, 0.042576430306300955, 0.0, 0.0, 0.0, 0.0028447999172893945, 0.0, 0.0, 0.0041755143064064245, 0.0, 0.0, 0.0001910225650606091, 0.0, 0.0001590701439094419, 0.040953746913792256]}