{"labels": [0, 1, 2, 3, 4, 5, 6, 7, 8, 9, 10, 11, 12, 13, 14, 15, 16, 17, 18, 19, 20, 21, 22, 23, 24, 25, 26, 27, 28, 29, 30, 31, 32, 33, 34, 35, 36, 37, 38, 39], "data": [0.0, 0.06385224538192828, 0.0, 0.011491671689801572, 0.0, 0.0, 0.002517989104365398, 0.0, 0.03730023893118059, 0.0004251904283678949, 0.0, 0.0, 0.0, 0.00011293122961844173, 0.0, 0.0, 0.006142090728809906, 0.022958280276979156, 0.0, 0.0, 0.0, 0.0, 0.0, 0.007191865707223673, 0.0012760002331046313, 0.02007109474744813, 0.03857161972591766, 0.0006004355070712326, 0.0, 0.0, 0.0, 0.0, 0.0, 0.009897022105838644, 0.018679461229673993, 0.0, 0.0, 0.0, 0.0, 0.0]}