{"labels": [0, 1, 2, 3, 4, 5, 6, 7, 8, 9, 10, 11, 12, 13, 14, 15, 16, 17, 18, 19, 20, 21, 22, 23, 24, 25, 26, 27, 28, 29, 30, 31, 32, 33, 34, 35, 36, 37, 38, 39], "data": [0.008401421333480968, 0.000603034176163021, 0.023823680653792197, 0.0, 0.0018538447069386347, 0.0, 0.006841264459434169, 0.0010847633868303638, 0.0, 0.02128695978516027, 0.0, 0.0, 0.0020741475043925626, 0.0, 0.0, 0.0, 0.03742069806280204, 0.0, 0.0, 0.04564505952780099, 0.0, 0.02419415679585066, 0.0, 0.056099780449585156, 0.0, 0.0, 0.0021933862062355736, 0.043775450979196266, 0.0, 0.014579054558380529, 0.0, 0.00026083603619572266, 0.0, 0.0002533781217457249, 0.009571965524480029, 0.0, 0.0232290346555865, 0.017400223058471036, 0.0020271485182921634, 0.0]}