{"labels": [0, 1, 2, 3, 4, 5, 6, 7, 8, 9, 10, 11, 12, 13, 14, 15, 16, 17, 18, 19, 20, 21, 22, 23, 24, 25, 26, 27, 28, 29, 30, 31, 32, 33, 34, 35, 36, 37, 38, 39], "data": [0.0, 0.0, 0.0, 0.017075238713282773, 0.0, 0.006989334480456845, 0.022222138937079434, 0.0, 0.03781757342418144, 0.026053478753520425, 0.0, 0.00434095679281059, 0.037616434189332616, 0.07078899677626047, 0.0, 0.0, 0.0, 0.0, 0.0, 0.0023230764991883294, 0.011121454965061263, 0.0, 0.03530368814869659, 0.012581880858657128, 0.0, 0.0033764945328994675, 0.03798482426041177, 0.0, 0.0, 0.0, 0.0002927818405055523, 0.0, 0.03456080388209677, 0.0002881400743089413, 0.0, 0.0, 0.0, 0.009107726168069874, 0.0, 0.07644262045005772]}