{"labels": [0, 1, 2, 3, 4, 5, 6, 7, 8, 9, 10, 11, 12, 13, 14, 15, 16, 17, 18, 19, 20, 21, 22, 23, 24, 25, 26, 27, 28, 29, 30, 31, 32, 33, 34, 35, 36, 37, 38, 39], "data": [0.02300460474481058, 0.0037299436879515238, 0.0, 0.047566889570680365, 0.00829100551232673, 0.00016830909487554037, 0.008980616620546056, 0.0, 0.0, 0.035955860474112845, 0.003209783256390025, 0.0, 0.001768667006846269, 0.010487117983316502, 0.00670657694781051, 0.005055866020921166, 0.0, 0.002866045134230199, 0.009589080602614111, 0.0, 0.03416666153455785, 0.0, 0.0, 0.0, 0.0, 0.07002470958013667, 0.0, 0.00993737276357597, 0.0006147976703286935, 0.0, 0.0, 0.0, 0.03045925604010045, 0.007714856027010172, 0.04235559823139798, 0.0, 0.0, 0.0038666038018501134, 0.02358500379930693, 0.0]}