{"labels": [0, 1, 2, 3, 4, 5, 6, 7, 8, 9, 10, 11, 12, 13, 14, 15, 16, 17, 18, 19, 20, 21, 22, 23, 24, 25, 26, 27, 28, 29, 30, 31, 32, 33, 34, 35, 36, 37, 38, 39], "data": [0.00011621100726684666, 0.0028477162896342074, 0.0, 0.0039228399496251875, 0.0035113980060346426, 0.0, 0.03732983941128104, 0.0, 0.0, 0.00445839247310187, 0.03011765904125635, 0.0, 0.0012738137818627936, 0.0, 0.0, 0.0, 0.0, 0.0, 0.0, 0.007781299693022661, 0.0, 0.0, 0.0, 0.0, 0.003862061738980686, 0.0, 0.0010351765897621723, 0.0, 0.0, 0.02535386292304228, 0.003223731291665695, 0.0, 0.0013306480737088854, 0.0006043408075012421, 0.0, 0.0, 0.0, 0.0, 0.0, 0.0]}