{"labels": [0, 1, 2, 3, 4, 5, 6, 7, 8, 9, 10, 11, 12, 13, 14, 15, 16, 17, 18, 19, 20, 21, 22, 23, 24, 25, 26, 27, 28, 29, 30, 31, 32, 33, 34, 35, 36, 37, 38, 39], "data": [0.0, 0.0, 0.0, 0.04788565902077146, 0.039278823711469665, 0.0, 0.025926775992168995, 0.0, 0.0, 0.021596967949163395, 0.0, 0.0, 0.04540986385560101, 0.0, 0.0, 0.0, 0.08045200803605086, 0.0, 0.0, 0.004090896726095909, 0.0, 0.0, 0.0, 0.0, 0.052941393362995234, 0.0, 0.0016528794660098547, 0.0, 0.0, 0.0, 0.0, 0.005085677842137818, 0.0015814690354219523, 0.005821617839609626, 0.0, 0.0, 0.0, 0.027119872758261627, 0.0, 0.0]}