{"labels": [0, 1, 2, 3, 4, 5, 6, 7, 8, 9, 10, 11, 12, 13, 14, 15, 16, 17, 18, 19, 20, 21, 22, 23, 24, 25, 26, 27, 28, 29, 30, 31, 32, 33, 34, 35, 36, 37, 38, 39], "data": [0.0, 0.0, 0.0, 0.0, 0.029729660968254967, 0.0, 0.028261946155307412, 0.0, 0.0, 0.0017273313201995899, 0.0, 0.0, 0.0, 0.0, 0.0, 0.0, 0.0, 0.05413474369021272, 0.0, 0.000733707464358666, 0.0, 0.0, 0.0, 0.0004990601856554698, 0.0, 0.020044223986048253, 0.0, 0.0, 0.0, 0.0, 0.0, 0.0, 0.0, 0.0, 0.0, 0.0, 0.0, 0.020772164442396455, 0.0, 0.000561084945713885]}