{"labels": [0, 1, 2, 3, 4, 5, 6, 7, 8, 9, 10, 11, 12, 13, 14, 15, 16, 17, 18, 19, 20, 21, 22, 23, 24, 25, 26, 27, 28, 29, 30, 31, 32, 33, 34, 35, 36, 37, 38, 39], "data": [0.0, 0.035259569793774675, 0.0, 0.0, 0.024674917286924867, 0.009473875539014682, 0.0053068811287374715, 0.0, 0.0, 0.005604821178368202, 0.0009316621731068966, 0.005134381994350186, 0.0, 0.0014419885085128023, 0.0, 0.0, 0.0, 0.0020712198885498756, 0.09771291551584305, 0.0, 0.0, 0.0017907796012960693, 0.0, 0.0, 0.005328271349771539, 0.0025406727861640426, 0.0019339496302916885, 0.0021344036725231734, 0.0, 0.0, 0.0, 0.0, 0.00011137732760586633, 0.02069393603784358, 0.0, 0.0026854595677914734, 0.0, 0.0, 0.001460589222199039, 0.0]}