{"labels": [0, 1, 2, 3, 4, 5, 6, 7, 8, 9, 10, 11, 12, 13, 14, 15, 16, 17, 18, 19, 20, 21, 22, 23, 24, 25, 26, 27, 28, 29, 30, 31, 32, 33, 34, 35, 36, 37, 38, 39], "data": [0.0, 0.0011163892708055845, 0.0005233168192553192, 0.012125633924911143, 0.028597016715409557, 0.0, 0.002388669938825673, 0.01455706967975665, 0.005367006804448047, 0.003225815006881491, 0.00018660248784463807, 0.0, 0.0, 0.002224098004463523, 0.0, 0.0, 0.005147496738653649, 0.005531442525258041, 0.009755897556284018, 0.0, 0.0, 0.002743012222705049, 0.0, 0.0, 0.0, 0.06335979879068279, 0.0, 0.049094645545086545, 0.0024304489225819475, 0.0, 0.00012141106708675117, 0.0019752860201170492, 0.0, 0.014881967989811853, 0.00583603453984733, 0.0004751607778011677, 6.35165607773326e-05, 0.01302489289460686, 0.0, 0.00014338788162370487]}