{"labels": [0, 1, 2, 3, 4, 5, 6, 7, 8, 9, 10, 11, 12, 13, 14, 15, 16, 17, 18, 19, 20, 21, 22, 23, 24, 25, 26, 27, 28, 29, 30, 31, 32, 33, 34, 35, 36, 37, 38, 39], "data": [0.009157744945638193, 0.0, 0.014641680497260386, 0.0, 0.0, 0.0, 0.029484490934594345, 0.0, 0.005587995249123349, 0.008692438098188768, 0.005751232585543751, 0.007619347863503895, 0.0, 0.00024860804211853304, 0.0909500025943516, 0.0, 0.0, 0.007936031458534649, 0.0005822780111301431, 0.03876510874008347, 0.0, 0.0, 0.0, 0.0, 0.005323465968987131, 0.0, 0.025952778161046963, 0.0, 0.0, 0.01087868601273864, 0.03559586646664795, 0.0019338206169833266, 0.0028848970935662524, 0.012764385940715137, 0.0, 0.0380983806886697, 0.0, 0.0, 0.0, 0.0]}