{"labels": [0, 1, 2, 3, 4, 5, 6, 7, 8, 9, 10, 11, 12, 13, 14, 15, 16, 17, 18, 19, 20, 21, 22, 23, 24, 25, 26, 27, 28, 29, 30, 31, 32, 33, 34, 35, 36, 37, 38, 39], "data": [0.0, 0.0, 0.0, 0.034285874550534064, 0.0, 0.0, 0.0, 0.0, 0.0, 0.03483494620139343, 0.008963983608525124, 0.0, 0.0, 0.008573380857147508, 0.017863265265006503, 0.0, 0.012251999012013601, 0.0, 0.0, 0.0, 0.0, 0.0, 0.0002728847904714504, 0.0029422409301485797, 0.0033447145422216776, 0.011098045154978982, 0.0, 0.0024506667807472544, 0.0, 0.0, 0.0, 0.0, 0.0, 0.07930001949988066, 0.0, 0.0, 0.0, 0.0010699234765546566, 0.031688996653921254, 0.0]}