{"labels": [0, 1, 2, 3, 4, 5, 6, 7, 8, 9, 10, 11, 12, 13, 14, 15, 16, 17, 18, 19, 20, 21, 22, 23, 24, 25, 26, 27, 28, 29, 30, 31, 32, 33, 34, 35, 36, 37, 38, 39], "data": [0.003798355657232089, 0.0, 0.0, 0.05331200499021368, 0.02688792567569983, 0.0, 0.0, 0.0, 0.0, 0.0, 0.0, 0.0, 0.0012917302089007654, 0.0017704904913703628, 0.0, 0.0, 0.010382450087382169, 0.0, 0.0, 0.0, 0.0, 0.0002619400230525285, 0.0, 0.005438446752706937, 0.0, 0.019535515728510738, 0.0, 0.055593993398403874, 0.0, 0.0, 0.0007566521593676449, 0.0, 0.002359182736049546, 0.07144900236404803, 0.01487967983656857, 0.0, 0.00046379633117877374, 0.003997651258452052, 0.0, 0.0]}