{"labels": [0, 1, 2, 3, 4, 5, 6, 7, 8, 9, 10, 11, 12, 13, 14, 15, 16, 17, 18, 19, 20, 21, 22, 23, 24, 25, 26, 27, 28, 29, 30, 31, 32, 33, 34, 35, 36, 37, 38, 39], "data": [0.0, 0.004767449827940918, 0.0, 0.0, 0.0021990771429529475, 0.03453377105026027, 0.03245798426549661, 0.0, 0.0, 0.002690299442816973, 0.005830983602344502, 0.0012849043225379166, 0.0, 0.0, 0.0, 0.0, 0.0, 0.0, 0.0, 0.0, 0.007674410053828552, 0.0, 0.0, 0.0012334245891019533, 0.0, 0.0, 0.0007488946203504831, 0.0033250551554951024, 0.038419116005897626, 0.0029749218638162648, 0.005483898230666876, 0.0, 0.0, 0.0018501720424729078, 0.0, 0.0006607956251294326, 0.0, 0.0, 0.0, 0.0016984876599864004]}