{"labels": [0, 1, 2, 3, 4, 5, 6, 7, 8, 9, 10, 11, 12, 13, 14, 15, 16, 17, 18, 19, 20, 21, 22, 23, 24, 25, 26, 27, 28, 29, 30, 31, 32, 33, 34, 35, 36, 37, 38, 39], "data": [0.0, 0.0, 0.002163727430212458, 0.0062536159658884245, 0.0, 0.0009231214458520306, 0.0013534529638451701, 0.003100145473048319, 0.0004879859157803481, 0.0, 0.003274784049819165, 0.07465181038057657, 0.006788634038698222, 0.0, 0.0, 0.0, 0.0, 0.026244356252699268, 0.00022402411592438776, 0.0, 0.0010645241320749916, 0.006481933143190549, 0.0, 0.0, 0.0008200173558543543, 0.03802511535415465, 0.004430489704008516, 0.0013126286103924093, 0.002114266772032772, 0.00930901780576786, 0.0, 0.004907612297014107, 0.0, 0.02860097642245042, 0.008039238411545285, 0.012500987748479355, 0.020028804901677615, 0.014668064379156857, 0.026114481692031656, 0.002960580295779328]}