{"labels": [0, 1, 2, 3, 4, 5, 6, 7, 8, 9, 10, 11, 12, 13, 14, 15, 16, 17, 18, 19, 20, 21, 22, 23, 24, 25, 26, 27, 28, 29, 30, 31, 32, 33, 34, 35, 36, 37, 38, 39], "data": [0.0, 0.002505642845592138, 0.0020678236909246117, 0.0, 0.0, 0.0007990470374837963, 0.0, 0.0, 0.0, 0.0, 0.016949786889682475, 0.0, 0.0, 0.010558832159913059, 0.0, 0.0018014938853190404, 0.0, 0.0, 0.0, 0.0020624849411369247, 0.0, 0.000295309545951112, 0.0, 0.027046623574577974, 0.0, 0.0, 0.0, 0.0, 0.0015628575737835066, 0.01478973904927903, 0.0, 0.0, 0.0, 0.0, 0.0, 0.0, 0.0, 0.0, 0.0022133712542085513, 0.0]}