{"labels": [0, 1, 2, 3, 4, 5, 6, 7, 8, 9, 10, 11, 12, 13, 14, 15, 16, 17, 18, 19, 20, 21, 22, 23, 24, 25, 26, 27, 28, 29, 30, 31, 32, 33, 34, 35, 36, 37, 38, 39], "data": [0.00044476089996352844, 0.0, 0.0007917304326734752, 0.006000853513831011, 0.0, 0.0055030795988637304, 0.0, 0.012214178227117218, 0.00030047373755322275, 0.0, 0.046242104905678365, 0.0007568777127591157, 0.0002481875887551134, 0.0026029389120563132, 0.03795475053054558, 0.0, 0.0019634743728914905, 0.001652961030367796, 0.0024873583005835176, 0.03613380168389671, 0.02071664802167446, 0.0, 0.0, 0.0024408161991023502, 0.0, 0.0, 0.0009221637576478819, 0.0, 0.0, 0.0061700299078836195, 0.14633007170399087, 0.0, 0.00016255624791461655, 0.024790649749386984, 0.00029725796651156923, 0.007470647691932281, 0.008187420056595217, 0.007332255296975706, 0.010742621415200711, 0.0]}