{"labels": [0, 1, 2, 3, 4, 5, 6, 7, 8, 9, 10, 11, 12, 13, 14, 15, 16, 17, 18, 19, 20, 21, 22, 23, 24, 25, 26, 27, 28, 29, 30, 31, 32, 33, 34, 35, 36, 37, 38, 39], "data": [0.005903323190669784, 0.0, 0.0140585867823653, 0.02215543804136426, 0.005175595403706917, 0.0, 0.007956519752427354, 0.0, 0.0018946388727757283, 0.04628960402204696, 0.00019159331451616205, 0.0, 0.0, 0.0, 0.0, 0.0, 0.0, 0.02853589107408797, 0.0004183811022405557, 0.001242392115107547, 0.005989624313474996, 0.0, 0.0, 0.007982161478274512, 0.0, 0.00843027697864576, 0.0, 0.04819122029640653, 0.0, 0.04311810194912703, 0.008399256293831148, 0.0, 0.0, 0.008024305507402229, 0.0, 0.0075247693590702915, 0.0015591675031006171, 0.021397545960968364, 0.0030930078260274535, 0.0]}