{"labels": [0, 1, 2, 3, 4, 5, 6, 7, 8, 9, 10, 11, 12, 13, 14, 15, 16, 17, 18, 19, 20, 21, 22, 23, 24, 25, 26, 27, 28, 29, 30, 31, 32, 33, 34, 35, 36, 37, 38, 39], "data": [0.048682597015465, 0.0, 0.0, 0.0, 0.018674267816033253, 0.0001946150354442642, 0.0, 0.0018693348303718126, 0.0, 0.0, 0.0, 0.0, 0.0, 0.0011134771855911166, 0.0, 0.0, 0.0, 0.005642638196974797, 0.0, 0.004732572716366426, 0.0009893360379605535, 0.046476241578512295, 0.001143017504496916, 0.012263720729715788, 0.0011026431515737155, 0.0038360005075047275, 0.0, 0.0, 0.0, 0.0, 0.0, 0.0026637806424802055, 0.0, 0.005274402856981938, 0.0, 0.0, 0.0, 0.0, 0.0029058482216779585, 0.0]}