{"labels": [0, 1, 2, 3, 4, 5, 6, 7, 8, 9, 10, 11, 12, 13, 14, 15, 16, 17, 18, 19, 20, 21, 22, 23, 24, 25, 26, 27, 28, 29, 30, 31, 32, 33, 34, 35, 36, 37, 38, 39], "data": [0.0035303685498160524, 0.0, 0.0, 0.0, 0.0, 0.0, 0.01672770783227436, 0.0, 0.0023218986367782293, 0.002754919498360386, 0.017314846384745657, 0.0, 0.0, 0.004732298688389794, 0.005258825458333105, 0.0035809415847287253, 0.006094889845500973, 0.0, 0.0032062546672336606, 0.006557658365490141, 0.0141213313802096, 0.0, 0.0009877342820437444, 0.003034111741953079, 0.0, 0.0, 0.0056884348766952164, 0.0, 0.0, 0.0, 0.005538947118900997, 0.0017606784693906536, 0.0009711664707919367, 0.0, 0.0, 0.05955726244010895, 0.0, 0.0, 0.0, 0.00011587356613223001]}