{"labels": [0, 1, 2, 3, 4, 5, 6, 7, 8, 9, 10, 11, 12, 13, 14, 15, 16, 17, 18, 19, 20, 21, 22, 23, 24, 25, 26, 27, 28, 29, 30, 31, 32, 33, 34, 35, 36, 37, 38, 39], "data": [0.0126365401902252, 0.006438400007786497, 0.003350194100184035, 0.016516963953924976, 0.0, 0.004187427377604255, 0.0, 0.0, 0.0, 0.00172202715784065, 0.001366754144493001, 0.0034724373938245854, 0.0007607999435072115, 0.0, 0.0, 0.0, 0.0, 0.011083406336304686, 0.0038326999893964547, 0.00010016664266790524, 0.0, 0.0, 7.036315172855255e-05, 0.0017620351027453098, 0.0, 0.0, 0.0017166508578647245, 0.001090735195506072, 0.001935246556802988, 0.007367779883536339, 0.0021357378578402723, 0.0, 0.0, 0.006469781972627795, 0.0, 0.0, 0.0, 0.013031693004147284, 0.02097981223572745, 0.0030685842597223405]}