{"labels": [0, 1, 2, 3, 4, 5, 6, 7, 8, 9, 10, 11, 12, 13, 14, 15, 16, 17, 18, 19, 20, 21, 22, 23, 24, 25, 26, 27, 28, 29, 30, 31, 32, 33, 34, 35, 36, 37, 38, 39], "data": [0.003417364209244804, 0.0023084145400917157, 0.01381256545405708, 0.0011569162504744804, 0.0, 0.005633300105355673, 0.0, 0.0, 0.0, 0.0017109273998343632, 0.02282282571430792, 0.0, 0.0, 0.03422297566917287, 0.013381745347108785, 0.0, 0.003968669473186884, 0.0023100349723278813, 0.028670028402073094, 0.0, 0.014316669282632602, 0.00011035356234329809, 0.0365424535781983, 0.0, 0.0, 0.01715077489164721, 0.0, 0.0018271559687875463, 0.0, 0.0006257851474663829, 0.0, 0.0, 0.0036708029330996426, 0.0, 0.0, 0.0, 0.0, 0.025837876924414752, 0.0, 0.004614917550867274]}