{"labels": [0, 1, 2, 3, 4, 5, 6, 7, 8, 9, 10, 11, 12, 13, 14, 15, 16, 17, 18, 19, 20, 21, 22, 23, 24, 25, 26, 27, 28, 29, 30, 31, 32, 33, 34, 35, 36, 37, 38, 39], "data": [0.0, 0.0, 0.0, 0.02380809625082547, 0.0, 0.0006732720743549897, 0.0, 0.0, 0.0, 0.2168595079880379, 0.011236794561704433, 0.0, 0.0, 0.06786897593967264, 0.0, 0.0, 0.0, 0.0, 0.0, 0.0, 0.0, 0.0, 0.0, 0.02459141525519721, 0.004467093072190603, 0.019249495259021514, 0.0, 0.003352630884251589, 0.0, 0.0, 0.0, 0.0, 0.0, 0.0, 0.0, 0.0, 0.0, 0.0, 0.0, 0.0]}