{"labels": [0, 1, 2, 3, 4, 5, 6, 7, 8, 9, 10, 11, 12, 13, 14, 15, 16, 17, 18, 19, 20, 21, 22, 23, 24, 25, 26, 27, 28, 29, 30, 31, 32, 33, 34, 35, 36, 37, 38, 39], "data": [0.040146430178719265, 0.0, 0.0, 0.009388277517859414, 0.0, 0.0, 0.0, 0.0, 0.0, 0.0, 0.0, 0.0, 0.018268714829708464, 0.0, 0.015072073973176059, 0.0, 0.0, 0.008889496848731774, 5.9974073531959796e-05, 0.0, 0.0, 0.0, 0.0, 0.0, 0.0, 0.02439659215058265, 0.0, 0.0, 0.0, 0.0, 0.0, 0.011285362232761652, 0.0, 0.0, 0.06654249681617536, 0.036492547531293926, 0.0027527573965718892, 0.0, 0.03996036311525835, 0.0]}