{"labels": [0, 1, 2, 3, 4, 5, 6, 7, 8, 9, 10, 11, 12, 13, 14, 15, 16, 17, 18, 19, 20, 21, 22, 23, 24, 25, 26, 27, 28, 29, 30, 31, 32, 33, 34, 35, 36, 37, 38, 39], "data": [0.0007384422025824455, 0.0, 0.017563402490991212, 0.0020949159043998885, 0.05536899644081664, 0.0, 0.016748125948862276, 0.0, 0.0, 0.0, 0.0, 0.0, 0.0, 0.0, 0.0, 0.0, 0.009538371639110588, 0.004832104963310491, 0.004118626872789084, 0.0, 0.002405684354587907, 0.0, 0.0, 0.0, 0.0009098580140434175, 0.0, 0.002305387674797549, 0.00502788015660491, 0.0028221994003979956, 0.0033351148210204787, 0.0018785744714896512, 0.00029326328207696274, 0.0007828333086510996, 0.05857265242470697, 0.0002583943143558938, 0.003966353756492485, 0.0, 0.04783850108161499, 0.0, 0.0]}