{"labels": [0, 1, 2, 3, 4, 5, 6, 7, 8, 9, 10, 11, 12, 13, 14, 15, 16, 17, 18, 19, 20, 21, 22, 23, 24, 25, 26, 27, 28, 29, 30, 31, 32, 33, 34, 35, 36, 37, 38, 39], "data": [0.0, 0.0, 0.0, 0.06121450725447829, 0.0, 0.00014526581039024365, 0.003376930458506024, 0.0002572963011810472, 0.0, 0.0, 0.0, 0.0, 0.0, 0.0, 0.0, 0.0, 0.0, 0.0, 0.0, 0.0, 0.004489068143520205, 0.0, 0.0006399432057919033, 0.0, 0.0, 0.018463023777324093, 0.0, 0.0, 0.016686263425926235, 0.0019123964241499465, 0.00028379873188848773, 0.0011000177210355416, 0.0, 0.0, 0.00941250127621114, 0.0, 0.0, 0.030008673514129506, 0.000351833221573418, 0.0]}