{"labels": [0, 1, 2, 3, 4, 5, 6, 7, 8, 9, 10, 11, 12, 13, 14, 15, 16, 17, 18, 19, 20, 21, 22, 23, 24, 25, 26, 27, 28, 29, 30, 31, 32, 33, 34, 35, 36, 37, 38, 39], "data": [0.0, 0.0, 0.0, 0.000560546276818724, 0.002070016951150007, 0.017779366190771792, 0.0, 0.0, 0.010507563076748501, 0.017531395721991052, 0.0, 0.0019473499555372116, 0.0, 0.0, 0.03168771645313933, 0.0, 0.0, 0.0, 0.040516397542620056, 0.003785583978758206, 0.0, 0.019179560998658963, 0.0, 0.0, 0.0, 0.0, 0.007905258600298736, 0.03641974727965643, 0.00044962437150478633, 0.0006214852562359667, 0.0, 0.0, 0.06959543312161974, 0.0, 0.0, 0.006715252878347049, 0.0015881396800628315, 0.0, 0.0, 0.0]}