{"labels": [0, 1, 2, 3, 4, 5, 6, 7, 8, 9, 10, 11, 12, 13, 14, 15, 16, 17, 18, 19, 20, 21, 22, 23, 24, 25, 26, 27, 28, 29, 30, 31, 32, 33, 34, 35, 36, 37, 38, 39], "data": [0.0001443428364740838, 0.0009270684233367642, 0.0, 0.0, 0.0, 0.0, 0.0, 0.0, 0.0, 0.0, 0.0, 0.0, 0.0, 0.0, 0.0015722322887340102, 0.0037788551625310965, 0.0, 0.019130848817378202, 0.0, 0.0, 0.0, 0.02456869284235069, 0.00442320900319271, 0.0, 0.0, 0.0, 0.0010583093450250024, 0.0, 0.0, 0.0, 0.011580656517222404, 1.138432109182459e-05, 0.0, 0.0, 0.03547184631792436, 0.0, 0.011809938284823676, 0.0, 0.0026939700607750447, 0.0]}