{"labels": [0, 1, 2, 3, 4, 5, 6, 7, 8, 9, 10, 11, 12, 13, 14, 15, 16, 17, 18, 19, 20, 21, 22, 23, 24, 25, 26, 27, 28, 29, 30, 31, 32, 33, 34, 35, 36, 37, 38, 39], "data": [0.16787494767136668, 0.017764294057042992, 0.004957305067438181, 0.02399014282522769, 0.04870525488759548, 0.02057247909044387, 0.06770255481360193, 0.0, 0.0, 0.04361067343281589, 0.0031078107403354357, 0.03413109361959483, 0.007562363583948624, 0.0, 0.0, 0.016816161695965143, 0.0, 0.0, 0.03797822995947173, 0.0, 0.009645772786242467, 0.0, 0.0, 0.05696359732416477, 0.0, 0.028299026070418523, 0.0, 0.0, 0.0, 0.00932290110497888, 0.0, 0.0, 0.0, 0.006050779827196468, 0.0, 0.0, 0.0, 0.030412490930106183, 0.01398260943400205, 0.010317841553710941]}