{"labels": [0, 1, 2, 3, 4, 5, 6, 7, 8, 9, 10, 11, 12, 13, 14, 15, 16, 17, 18, 19, 20, 21, 22, 23, 24, 25, 26, 27, 28, 29, 30, 31, 32, 33, 34, 35, 36, 37, 38, 39], "data": [0.0009484436405528032, 0.0, 0.0, 0.002177149129032579, 0.02345442326692294, 0.0, 0.009424232402949746, 0.002242904867830203, 0.0, 0.0, 0.0, 0.0, 0.0013706743178970564, 0.0, 0.0, 0.0028509091273580247, 0.0, 0.0, 0.01252648839701363, 0.0, 0.0, 0.0, 0.0, 0.0034768825192955455, 0.0, 0.04905264473251898, 0.0, 0.0, 0.0, 0.0, 0.0, 0.0, 0.004965479159836154, 0.0, 0.0, 0.0, 0.0, 0.0, 0.04002066678397679, 0.0]}