{"labels": [0, 1, 2, 3, 4, 5, 6, 7, 8, 9, 10, 11, 12, 13, 14, 15, 16, 17, 18, 19, 20, 21, 22, 23, 24, 25, 26, 27, 28, 29, 30, 31, 32, 33, 34, 35, 36, 37, 38, 39], "data": [0.0, 0.0, 0.0, 0.0, 0.0, 0.0, 0.0186143133657538, 0.0, 0.0006081184730460551, 0.0, 0.0, 0.0, 0.0, 0.0, 0.0, 0.0, 0.0, 0.0, 0.0, 0.0, 0.0, 0.0, 0.0010961757343351905, 0.0, 0.004117008416091446, 0.0, 0.0, 0.0, 0.0, 0.0, 0.0686267753478794, 0.0, 0.0, 0.0, 0.0, 0.0, 0.0, 0.047600872254288794, 0.0, 0.0]}