{"labels": [0, 1, 2, 3, 4, 5, 6, 7, 8, 9, 10, 11, 12, 13, 14, 15, 16, 17, 18, 19, 20, 21, 22, 23, 24, 25, 26, 27, 28, 29, 30, 31, 32, 33, 34, 35, 36, 37, 38, 39], "data": [0.008221826209502651, 0.0, 5.886435413812109e-05, 0.0010539457828735701, 0.00576033359654921, 0.007020432375389067, 0.0, 0.08967014568737046, 0.0, 0.0, 0.013012861775208296, 0.0004366134770517412, 0.0, 0.0, 0.01214734235832356, 0.0002206242665463229, 0.00013032339018224993, 0.00995976713355327, 0.013216816649833398, 0.0, 0.0, 0.0014628819264087066, 0.0, 0.0005726450369630637, 0.0, 0.009962892356711026, 0.0029608061394605454, 0.007265221696398391, 0.0019812754902893636, 0.014542542060405525, 0.04930474884284788, 0.00031115477590225267, 0.0025657909976936123, 0.010458883772253586, 0.0, 0.0017885380654923421, 0.0, 0.0, 0.004365403689811007, 0.0006134940341072214]}