{"labels": [0, 1, 2, 3, 4, 5, 6, 7, 8, 9, 10, 11, 12, 13, 14, 15, 16, 17, 18, 19, 20, 21, 22, 23, 24, 25, 26, 27, 28, 29, 30, 31, 32, 33, 34, 35, 36, 37, 38, 39], "data": [0.0, 0.0, 0.003377244327477337, 0.0, 0.0, 0.0, 0.008187597568610865, 0.0, 0.012428794182373052, 0.0, 0.0003402277935095881, 0.010060161855518609, 0.0, 0.0, 0.0, 0.0, 0.0, 0.0, 0.0, 0.058689341744835706, 0.0, 0.0, 0.0, 0.0, 0.0, 0.0, 0.0, 0.0, 0.005331539148532094, 0.0, 0.0014851967252552602, 0.06998270061843227, 0.00010928407539691298, 0.0015174957286254425, 0.009581618758739398, 0.0, 0.0, 0.023181815599746712, 0.0, 0.0]}