{"labels": [0, 1, 2, 3, 4, 5, 6, 7, 8, 9, 10, 11, 12, 13, 14, 15, 16, 17, 18, 19, 20, 21, 22, 23, 24, 25, 26, 27, 28, 29, 30, 31, 32, 33, 34, 35, 36, 37, 38, 39], "data": [0.0, 0.0, 0.0, 0.020098153450195024, 0.0, 0.0, 0.0, 0.0, 0.0, 0.014413468549212667, 0.0, 0.0, 0.0, 0.02584875724283069, 0.0, 0.0031356800501786673, 0.0, 0.07318285635084582, 0.0, 0.0, 0.023920898717857863, 0.03504797735564224, 0.0, 0.0, 0.01740630064831621, 0.004198931848282416, 0.0, 0.026348567397884656, 0.00654361422463724, 0.004962868503100128, 0.0079601364057992, 0.04222409287469972, 0.0, 0.006513118380519203, 0.0, 0.0, 0.0, 0.0, 0.0, 0.004169874618330274]}