{"labels": [0, 1, 2, 3, 4, 5, 6, 7, 8, 9, 10, 11, 12, 13, 14, 15, 16, 17, 18, 19, 20, 21, 22, 23, 24, 25, 26, 27, 28, 29, 30, 31, 32, 33, 34, 35, 36, 37, 38, 39], "data": [0.0, 0.0, 0.0, 0.0, 0.009612873037647832, 0.0, 0.0, 0.00510718278991509, 0.0, 0.0, 0.0, 0.013256757783382835, 0.14549483990593645, 0.0, 0.0, 0.0, 0.05278081168897444, 0.029546950200641988, 0.0, 0.0017842168486450173, 0.0, 0.014225779143268162, 0.0, 0.013888917670323776, 0.006783880476161368, 0.0, 0.005639233427610066, 0.0, 0.05079258501106989, 0.0037728053977619923, 0.0, 0.029860304992638118, 0.0, 0.021940614684671605, 0.0, 0.023464752442470052, 0.0, 0.0, 0.0, 0.007824211579209572]}