{"labels": [0, 1, 2, 3, 4, 5, 6, 7, 8, 9, 10, 11, 12, 13, 14, 15, 16, 17, 18, 19, 20, 21, 22, 23, 24, 25, 26, 27, 28, 29, 30, 31, 32, 33, 34, 35, 36, 37, 38, 39], "data": [0.0, 0.0, 0.0014287514912441851, 0.0, 0.0, 0.0031677095413128234, 0.0, 0.0024241720517239377, 0.008519537741324482, 0.0, 0.0, 0.0, 0.0, 0.001832563159248428, 0.0, 0.003938729877104135, 0.0, 0.011015666002468089, 0.0, 0.0, 0.0, 0.0, 0.0, 0.0, 0.006151628199857466, 0.0, 0.0, 0.07501015736115367, 0.0, 0.0026750519057520774, 0.0, 0.0, 0.0, 0.0, 0.0, 0.08561915440018773, 0.0, 0.0, 0.0, 1.1383821363544932e-05]}