{"labels": [0, 1, 2, 3, 4, 5, 6, 7, 8, 9, 10, 11, 12, 13, 14, 15, 16, 17, 18, 19, 20, 21, 22, 23, 24, 25, 26, 27, 28, 29, 30, 31, 32, 33, 34, 35, 36, 37, 38, 39], "data": [0.0, 0.0, 0.016985996573111773, 0.005941570319742482, 0.0, 0.0, 0.0011741811279879766, 0.0, 0.0, 0.03481111904375254, 0.0, 0.0, 0.0, 0.0, 0.0, 0.0, 0.0, 0.0, 0.0, 0.03130926664536643, 0.0, 0.0, 0.06353242321821902, 0.0, 0.03228781931977913, 0.006857423218476114, 0.022329366151326715, 0.012886667760597593, 0.0, 0.0, 0.0, 0.0, 0.005848376079570919, 0.0, 0.032078851920856334, 0.016601250949413497, 0.06049428903865894, 0.0003034870992956354, 0.02360240860332412, 0.04616751755747921]}