{"labels": [0, 1, 2, 3, 4, 5, 6, 7, 8, 9, 10, 11, 12, 13, 14, 15, 16, 17, 18, 19, 20, 21, 22, 23, 24, 25, 26, 27, 28, 29, 30, 31, 32, 33, 34, 35, 36, 37, 38, 39], "data": [0.0, 0.042168545781306424, 0.0, 0.0, 0.00288196492532936, 0.0, 0.0006886818270811865, 0.0054815512691131505, 0.002824285933399985, 0.0, 0.0, 0.0, 0.0, 0.0, 0.0011346618170449217, 0.0, 0.0, 0.029406705938255635, 0.014763714592963129, 0.0, 0.0, 0.003493169144370257, 0.0018509930121657539, 0.0001430578755151135, 0.0, 0.0, 0.0, 0.028400724779322213, 0.0, 0.0, 0.03635635654668879, 0.0, 0.055807022511042165, 0.012421075774683332, 0.0, 0.012427688106293607, 0.07231748886058241, 0.02229276692884255, 0.0020797038313915338, 0.0]}