{"labels": [0, 1, 2, 3, 4, 5, 6, 7, 8, 9, 10, 11, 12, 13, 14, 15, 16, 17, 18, 19, 20, 21, 22, 23, 24, 25, 26, 27, 28, 29, 30, 31, 32, 33, 34, 35, 36, 37, 38, 39], "data": [0.005892268996071839, 0.004850473294995539, 0.0, 0.05539208916934488, 0.0079284784904396, 0.0, 0.01099365339573968, 0.0, 0.0, 0.0, 0.0011156111050794181, 0.0, 0.026733426748474964, 0.0, 0.002875612699770632, 0.0042868494262042825, 0.0, 0.0009631217374347857, 0.0013223838098449024, 0.0, 0.004705825307291231, 0.0018806243063741119, 0.0, 0.0, 0.03632844746294993, 0.004425530241691855, 0.006269623708220047, 0.000562327131828118, 0.0, 0.0, 0.0, 0.0, 0.0008001191917020939, 0.0, 0.00263719328511176, 0.00893192311449045, 0.007969542935712587, 0.015592317302290007, 0.0, 0.001968037602038549]}