{"labels": [0, 1, 2, 3, 4, 5, 6, 7, 8, 9, 10, 11, 12, 13, 14, 15, 16, 17, 18, 19, 20, 21, 22, 23, 24, 25, 26, 27, 28, 29, 30, 31, 32, 33, 34, 35, 36, 37, 38, 39], "data": [0.008077700622859264, 0.0, 0.0, 0.038113180818895705, 0.0, 0.0, 0.0, 0.009975332986164494, 0.0, 0.0, 0.0, 0.0, 0.0, 0.0, 0.0, 0.0, 0.0, 0.0, 0.0, 0.0, 0.0, 0.0, 0.0, 0.0, 0.02170693834818102, 0.0, 0.0, 0.0, 0.0, 0.0, 0.002330767246328946, 0.05000539508270291, 0.0, 0.05532725006010083, 0.0, 0.008695578684740513, 0.006917114983066423, 0.01768743435323995, 0.0, 0.0009550035680597757]}