{"labels": [0, 1, 2, 3, 4, 5, 6, 7, 8, 9, 10, 11, 12, 13, 14, 15, 16, 17, 18, 19, 20, 21, 22, 23, 24, 25, 26, 27, 28, 29, 30, 31, 32, 33, 34, 35, 36, 37, 38, 39], "data": [0.0, 0.0, 0.029828610791594014, 0.0, 0.0, 0.00028033168688326455, 0.0014353771554046317, 0.0, 0.0008834406479565041, 0.004715613056964612, 0.0, 0.0, 0.0, 0.0, 0.0, 0.008843049961179275, 0.0, 0.03986329361422307, 0.009231631030500941, 0.0, 0.0, 0.0, 0.0, 0.0, 0.0, 0.000621987624415039, 0.0174978335559024, 0.03501589887280491, 0.0027817641819396256, 0.0, 0.0, 0.0, 0.003503385125069362, 0.011083276119083073, 0.0012307559509595065, 0.0, 0.0186339247311379, 0.0020817217265311004, 0.006953137277675056, 0.001305556486675957]}