{"labels": [0, 1, 2, 3, 4, 5, 6, 7, 8, 9, 10, 11, 12, 13, 14, 15, 16, 17, 18, 19, 20, 21, 22, 23, 24, 25, 26, 27, 28, 29, 30, 31, 32, 33, 34, 35, 36, 37, 38, 39], "data": [0.0, 0.0031419637123088133, 0.007029295100004468, 0.0, 0.0, 0.017390576236578057, 0.0, 0.0, 0.0016303269382403746, 0.020786590359653963, 0.013083150655566055, 0.005402088660826799, 0.0, 0.0, 0.0046489127413460365, 0.0, 0.0006269805994374692, 0.0, 0.0, 0.0, 0.0056876542503190965, 0.017897643568940896, 0.0, 0.0, 0.0, 0.0, 0.0, 0.0, 0.0, 0.031082858888194193, 0.0, 0.0011895323219133478, 0.01065927207190278, 0.01213928288725295, 0.0, 0.003332725417915654, 0.02530887460518244, 0.0, 0.0006755328163929287, 0.0]}