{"labels": [0, 1, 2, 3, 4, 5, 6, 7, 8, 9, 10, 11, 12, 13, 14, 15, 16, 17, 18, 19, 20, 21, 22, 23, 24, 25, 26, 27, 28, 29, 30, 31, 32, 33, 34, 35, 36, 37, 38, 39], "data": [0.0, 0.013185237473422456, 0.0, 0.059743928926336544, 0.383178429344764, 0.0, 0.07771440903717959, 0.026816841285993643, 0.044928562700319585, 0.0, 0.10580364868040566, 0.026477936939805564, 0.0, 0.0, 0.0, 0.06708141077039241, 0.06811618184663029, 0.1257094248760442, 0.12789702824997326, 0.0, 0.0, 0.18149832492473522, 0.0, 0.029424861028461282, 0.10831538861366591, 0.12568656015625088, 0.0, 0.07454442227816298, 0.0230746885224902, 0.005654889415056402, 0.027373064454865797, 0.04780863757579194, 0.0, 0.5961946987323807, 0.21629190362939726, 0.09799160561904345, 0.08571991524867538, 0.39060120093581996, 0.0, 0.025555955002590128]}