{"labels": [0, 1, 2, 3, 4, 5, 6, 7, 8, 9, 10, 11, 12, 13, 14, 15, 16, 17, 18, 19, 20, 21, 22, 23, 24, 25, 26, 27, 28, 29, 30, 31, 32, 33, 34, 35, 36, 37, 38, 39], "data": [0.0, 0.0006098755971358094, 0.0, 0.0, 0.0, 0.0, 0.0, 0.0, 0.0, 0.0, 0.0, 0.0, 0.0, 0.0, 0.0, 0.0, 0.05888259367913985, 0.0, 0.0, 0.0, 0.0, 0.003246496301634885, 0.0, 0.00020697192952095716, 0.0, 0.0, 0.0, 0.0, 0.0, 0.009260576126120064, 0.0, 0.05813652867404424, 0.0, 0.03352843694506194, 0.010638419279943584, 0.0, 0.00012231740743085757, 0.008709554934816338, 0.0, 0.0]}