{"labels": [0, 1, 2, 3, 4, 5, 6, 7, 8, 9, 10, 11, 12, 13, 14, 15, 16, 17, 18, 19, 20, 21, 22, 23, 24, 25, 26, 27, 28, 29, 30, 31, 32, 33, 34, 35, 36, 37, 38, 39], "data": [0.0, 0.008464009319206026, 0.02624462158873825, 0.0, 0.0, 0.01526242423260151, 0.04720820807123555, 0.0, 0.0046045964188982, 0.06222095530449089, 0.0062108012050972146, 0.003480366336338067, 0.01760261782577118, 0.0, 0.0, 0.0, 0.04854084301914635, 0.0, 0.0, 0.0, 0.0, 0.0, 0.0, 0.0, 0.0, 0.0, 0.003601597422370511, 0.0, 0.0, 0.022241561110806655, 3.4809837586536124e-05, 0.0, 0.0, 0.02070432176020401, 0.0, 0.0, 0.039762137009970146, 0.0, 0.0, 0.0]}