{"labels": [0, 1, 2, 3, 4, 5, 6, 7, 8, 9, 10, 11, 12, 13, 14, 15, 16, 17, 18, 19, 20, 21, 22, 23, 24, 25, 26, 27, 28, 29, 30, 31, 32, 33, 34, 35, 36, 37, 38, 39], "data": [0.0, 0.0032612707442368216, 0.0, 0.03188002459309459, 0.008917966146685902, 0.0, 0.024999176592250313, 0.0, 0.0, 0.051112772945364884, 0.0, 0.0, 0.05726181130161344, 0.0033794050253115253, 0.0004857366794609354, 0.0010361196118714357, 0.0, 0.0, 0.0, 0.0, 0.0, 0.0, 0.0019490152020795813, 0.04205312776042687, 8.240810333937707e-05, 0.0, 0.0, 0.0, 0.0, 0.0, 0.0, 0.0, 5.455414536800274e-05, 0.0, 0.0, 0.0004990514057951681, 0.0, 0.0, 0.0, 0.0]}