{"labels": [0, 1, 2, 3, 4, 5, 6, 7, 8, 9, 10, 11, 12, 13, 14, 15, 16, 17, 18, 19, 20, 21, 22, 23, 24, 25, 26, 27, 28, 29, 30, 31, 32, 33, 34, 35, 36, 37, 38, 39], "data": [0.0, 0.0, 0.03280059393100399, 0.020383398341483665, 0.0, 0.0, 0.005839116150951113, 0.01024087365303668, 0.0, 0.0007310365031641873, 0.0, 0.0, 0.0021618398283349957, 0.0, 0.0, 0.0, 0.0, 0.0, 0.0019364150442342922, 0.0, 0.0006726261708512621, 0.015525112156823633, 0.0, 0.0017891352809218813, 0.0, 0.0022091935560308454, 0.003378057611595398, 0.049560791307831836, 0.0, 0.0, 0.0, 0.0, 0.0072228293723178355, 0.0, 0.0, 0.07294732202534031, 0.05439682062180059, 0.014249721611148614, 0.05823245305148103, 0.0063381986607023745]}