{"labels": [0, 1, 2, 3, 4, 5, 6, 7, 8, 9, 10, 11, 12, 13, 14, 15, 16, 17, 18, 19, 20, 21, 22, 23, 24, 25, 26, 27, 28, 29, 30, 31, 32, 33, 34, 35, 36, 37, 38, 39], "data": [0.0023011938710660543, 0.0, 0.0, 0.0, 0.0, 0.022243001262380196, 0.057923484714720294, 0.0, 0.0, 0.0, 0.0, 0.0, 0.0, 0.0, 0.0, 0.0, 0.0, 0.0, 0.0, 0.0, 0.0, 0.0, 0.003185614126980379, 0.0, 0.011759704729421842, 0.046738675156502554, 0.005496109454526667, 0.0, 0.010151641075328502, 0.0, 0.0, 0.0, 0.0, 0.0, 0.020522783064267684, 0.0022646616229347856, 0.0074763329716224704, 0.0, 0.0, 0.0]}