{"labels": [0, 1, 2, 3, 4, 5, 6, 7, 8, 9, 10, 11, 12, 13, 14, 15, 16, 17, 18, 19, 20, 21, 22, 23, 24, 25, 26, 27, 28, 29, 30, 31, 32, 33, 34, 35, 36, 37, 38, 39], "data": [0.03419989330290538, 0.0, 0.009396916780410974, 0.0, 0.002904847138749676, 0.0, 0.004691981551516847, 0.0010081588382163105, 0.0, 0.012175502123734472, 0.0, 0.0, 0.007865805677965267, 0.014540910635675574, 0.0, 0.0, 0.052513141540736996, 0.0006326522680078151, 0.0006706778479180349, 0.002887364288626984, 0.012980223871978277, 0.01261988399821957, 0.0, 0.01663895232737918, 0.0, 0.0030990106236202576, 0.0, 0.0, 0.0, 0.0, 0.0, 0.002542639822014379, 0.05393400919735019, 0.0, 0.0, 0.0, 0.013150553956970266, 0.01922060671142505, 0.0, 0.0]}