{"labels": [0, 1, 2, 3, 4, 5, 6, 7, 8, 9, 10, 11, 12, 13, 14, 15, 16, 17, 18, 19, 20, 21, 22, 23, 24, 25, 26, 27, 28, 29, 30, 31, 32, 33, 34, 35, 36, 37, 38, 39], "data": [0.0035413578385001315, 0.0, 0.0, 0.0, 0.005847259776868988, 0.0, 0.0, 0.0, 0.0, 0.001703566082146318, 0.0, 0.0, 0.0, 0.0029493706223718994, 0.0, 0.010074328234704069, 0.009482712606022495, 0.0, 0.00134980064544686, 0.0, 0.013782662017112366, 0.0, 0.0, 0.0, 0.0, 0.0, 0.0, 0.0025310193964073802, 0.0, 0.002652631028348359, 0.0, 0.0, 0.004457801237846424, 0.0, 0.0, 0.0, 0.0010703110374754624, 0.0, 0.015149775635102515, 0.0]}