{"labels": [0, 1, 2, 3, 4, 5, 6, 7, 8, 9, 10, 11, 12, 13, 14, 15, 16, 17, 18, 19, 20, 21, 22, 23, 24, 25, 26, 27, 28, 29, 30, 31, 32, 33, 34, 35, 36, 37, 38, 39], "data": [0.007638688043686775, 0.0, 0.0, 0.0, 0.0, 0.0, 0.006665453110936651, 0.002025632121107741, 0.003472542486724935, 0.0, 0.0144373774744127, 0.007140084514553242, 0.0, 0.0016114364619646136, 0.002577441391612272, 0.0, 0.006759963547586668, 0.0, 0.0, 0.0, 0.0, 0.07588662057984587, 0.004627426460720339, 0.0, 0.0020462750588145727, 0.0007060275965011155, 0.0, 0.0, 0.0, 0.0, 0.0, 0.002677379430291974, 0.0, 0.001564919833976713, 0.0, 0.0038761130822671927, 0.0, 0.0, 0.00788895192753862, 0.0]}