{"labels": [0, 1, 2, 3, 4, 5, 6, 7, 8, 9, 10, 11, 12, 13, 14, 15, 16, 17, 18, 19, 20, 21, 22, 23, 24, 25, 26, 27, 28, 29, 30, 31, 32, 33, 34, 35, 36, 37, 38, 39], "data": [0.0, 0.0, 0.0, 0.0231557246033525, 0.0, 0.0, 0.027499247928341956, 0.0, 0.004818768177819358, 0.003326890162127214, 0.0, 0.002115947806384877, 0.0, 0.0, 0.09201074358688596, 0.0, 0.0, 0.0, 0.0, 0.0, 0.00580398820288576, 0.0, 0.0, 0.0, 0.0, 0.0, 0.0059147038954587205, 0.0, 0.0, 0.0, 0.027427071362078254, 0.0, 0.0039304008314471435, 0.043966639948802774, 0.0, 0.0707280723779435, 0.014369972047332879, 0.0, 0.0, 0.0]}