{"labels": [0, 1, 2, 3, 4, 5, 6, 7, 8, 9, 10, 11, 12, 13, 14, 15, 16, 17, 18, 19, 20, 21, 22, 23, 24, 25, 26, 27, 28, 29, 30, 31, 32, 33, 34, 35, 36, 37, 38, 39], "data": [0.0, 0.0026571987162370245, 0.0017787887100196448, 0.015788657911437572, 0.003195587637460389, 0.0, 0.013478910394072941, 0.0, 0.00029026856926722504, 0.007486308180155488, 0.00018979744599166478, 0.0027102047946661067, 0.008054050041812663, 0.0098766003385236, 0.009971449474724406, 0.004470833980279958, 0.0, 0.0, 0.00015185348005482564, 0.0, 0.0070802490244691275, 0.004142465129024244, 0.0025698101868233693, 0.0, 0.0, 0.0391383876559752, 0.004317677865875939, 0.0008026423002278798, 0.015958146253315098, 0.0, 0.002769792382618064, 0.003483988080928918, 0.004503756823354673, 0.000633640548437343, 0.0036725970372281577, 0.0, 0.0, 0.021376216853676137, 0.008694009985150575, 0.003370029405602942]}