{"labels": [0, 1, 2, 3, 4, 5, 6, 7, 8, 9, 10, 11, 12, 13, 14, 15, 16, 17, 18, 19, 20, 21, 22, 23, 24, 25, 26, 27, 28, 29, 30, 31, 32, 33, 34, 35, 36, 37, 38, 39], "data": [0.01370661140767016, 0.008629108858076285, 0.0, 0.01335733891620993, 0.0, 0.0159676030747711, 0.030608702471540412, 0.0, 0.0, 0.0, 0.0, 0.006887329896131002, 0.0, 0.0, 0.005967147306797878, 0.0, 0.0, 0.0, 0.00557488789623651, 0.0, 0.0, 0.001445125365810473, 0.0, 0.0, 0.0, 0.0, 0.0006034906513294329, 0.0, 0.0, 0.0, 0.0, 0.0, 6.877286353071236e-05, 0.0, 0.0, 0.0467787207623048, 0.0, 0.011115120528444277, 0.0, 0.0005375264344895646]}