{"labels": [0, 1, 2, 3, 4, 5, 6, 7, 8, 9, 10, 11, 12, 13, 14, 15, 16, 17, 18, 19, 20, 21, 22, 23, 24, 25, 26, 27, 28, 29, 30, 31, 32, 33, 34, 35, 36, 37, 38, 39], "data": [0.013387404431780126, 5.63213464960785e-05, 0.0, 0.004759987927854761, 0.0620403091411043, 0.022464873271822654, 0.0051968267581718654, 0.0056298948151682375, 0.0, 0.0, 0.023718953166836396, 0.0, 0.004866941788827474, 0.0015849257075336981, 0.01700522436575967, 0.03378331443656076, 0.0, 0.0, 0.08676162671330918, 0.0006617123984560652, 0.006175933481411838, 0.0, 0.0, 0.010697036085954542, 0.0, 0.0, 0.0, 0.009920122542880813, 0.0, 0.005267185773222384, 0.0025810153443460533, 0.0, 0.0, 0.03000909795892986, 0.0, 0.02151968484475375, 0.0, 0.008419994436401625, 0.009658876589470296, 0.0]}