{"labels": [0, 1, 2, 3, 4, 5, 6, 7, 8, 9, 10, 11, 12, 13, 14, 15, 16, 17, 18, 19, 20, 21, 22, 23, 24, 25, 26, 27, 28, 29, 30, 31, 32, 33, 34, 35, 36, 37, 38, 39], "data": [0.0, 0.0, 0.0, 0.0, 0.010400314413206855, 0.0, 0.024255350182545935, 0.02826065702046822, 0.0013601086027369529, 0.0, 0.016073557507513804, 0.0, 0.0, 0.0, 0.0, 0.005193441816084399, 0.003561516433631794, 0.004265539524695781, 0.002310675225512056, 0.0, 0.00118198135041641, 0.003472598663223868, 0.0006704245229037897, 0.0, 0.003630254606655824, 0.0, 0.04284522424280491, 0.0, 0.0, 0.01641204398915127, 0.060608304779223854, 0.0072634796097017845, 0.0005319006935499246, 0.0, 0.008069960210298282, 0.016719938412728803, 0.0, 0.025502172730787715, 0.044261418112472375, 0.0]}