{"labels": [0, 1, 2, 3, 4, 5, 6, 7, 8, 9, 10, 11, 12, 13, 14, 15, 16, 17, 18, 19, 20, 21, 22, 23, 24, 25, 26, 27, 28, 29, 30, 31, 32, 33, 34, 35, 36, 37, 38, 39], "data": [0.009388308807184668, 0.0, 0.00030208239081976214, 0.0, 0.0, 0.0, 0.014469598222911014, 0.0061117207782859844, 0.0025584337729235448, 0.0065280079086748495, 0.0, 0.0, 0.0, 0.0, 0.0, 0.0, 0.008477737737632425, 0.03779819416444891, 0.0, 0.00026597176927781765, 0.0, 0.0, 0.0, 0.0, 0.006020970406965141, 0.0, 0.0, 0.004511216960523765, 0.0017684077841689653, 0.0, 0.0, 0.002580527526690842, 0.0, 0.020339127461345575, 0.0, 0.002852582904983128, 0.07415298725457624, 0.00980855962196768, 0.0, 0.0]}