{"labels": [0, 1, 2, 3, 4, 5, 6, 7, 8, 9, 10, 11, 12, 13, 14, 15, 16, 17, 18, 19, 20, 21, 22, 23, 24, 25, 26, 27, 28, 29, 30, 31, 32, 33, 34, 35, 36, 37, 38, 39], "data": [0.0, 0.0, 0.0026219405829264997, 0.04973784012800403, 0.0, 0.0, 0.010484084628666299, 0.0008335840125363588, 0.0, 0.0, 0.0, 0.0, 0.0, 0.0, 0.0, 0.0, 0.0, 0.0, 0.0, 0.0, 0.0, 0.0, 0.0009313433904140426, 0.0012838459618501384, 0.001829787812750222, 0.0, 0.0015186928861129806, 0.047100816624651216, 0.0, 0.0, 0.007640487913602951, 0.0, 0.0, 0.0, 0.03055379212074833, 0.1393603579651832, 0.0, 0.0, 0.0, 0.0]}