{"labels": [0, 1, 2, 3, 4, 5, 6, 7, 8, 9, 10, 11, 12, 13, 14, 15, 16, 17, 18, 19, 20, 21, 22, 23, 24, 25, 26, 27, 28, 29, 30, 31, 32, 33, 34, 35, 36, 37, 38, 39], "data": [0.0, 0.0, 0.022936038370898, 0.0, 0.016655739759959057, 0.013649555343880591, 0.027757298804077915, 0.013517105902061337, 0.0, 0.0, 0.009286530788887798, 0.0027276901910002495, 0.0, 0.001907457368059085, 0.06033703301018083, 0.0, 0.0, 0.004580472035748523, 0.0, 0.0, 0.003487994195417014, 0.03552028045667795, 0.0739669932635831, 0.0, 0.0, 0.0, 0.000805998447296269, 0.0, 0.0, 0.0, 0.0055353133031754214, 0.0008842434943336497, 0.0, 0.0, 0.0, 0.0038051246363243452, 0.026846881894505303, 0.0, 0.0015791996333472658, 0.0]}