{"labels": [0, 1, 2, 3, 4, 5, 6, 7, 8, 9, 10, 11, 12, 13, 14, 15, 16, 17, 18, 19, 20, 21, 22, 23, 24, 25, 26, 27, 28, 29, 30, 31, 32, 33, 34, 35, 36, 37, 38, 39], "data": [0.0, 0.0011719117353003869, 0.0010692676387077233, 0.0, 0.0, 0.0, 0.01264294195193603, 0.000780431987773032, 0.009226035087426076, 0.012021263778796861, 0.006465074628105212, 0.0, 0.02143553703758454, 0.0, 0.0, 0.0, 0.0, 0.014892390071758174, 0.0, 0.0, 0.008682049101518319, 0.001252004764961659, 0.008449552975096376, 0.0, 0.001664782866172205, 0.0, 0.0026168639265578874, 0.0, 0.011056300334794135, 0.0, 0.013749047385926002, 0.008105633269145594, 0.0, 0.02106078946371701, 0.0, 0.0022030408184458565, 0.0, 0.0, 6.867563238762006e-05, 0.0]}