{"labels": [0, 1, 2, 3, 4, 5, 6, 7, 8, 9, 10, 11, 12, 13, 14, 15, 16, 17, 18, 19, 20, 21, 22, 23, 24, 25, 26, 27, 28, 29, 30, 31, 32, 33, 34, 35, 36, 37, 38, 39], "data": [0.0, 0.0, 0.026235092982594573, 0.0, 0.0, 0.0, 0.026386770158514948, 0.07217221061847817, 0.0, 0.011930717203188524, 0.0, 0.0, 0.0, 0.0, 0.019795541897691223, 0.0, 0.0, 0.0, 0.0, 0.0, 0.0023011886068312415, 0.0, 0.06254460160876814, 0.0, 0.0, 0.0, 0.0, 0.0, 0.006760132890958438, 0.0, 0.0, 0.0010545092065825158, 0.0, 0.030564054053362752, 0.0, 0.0, 0.0, 0.006225985936636908, 0.0, 0.0007777025383648376]}