{"labels": [0, 1, 2, 3, 4, 5, 6, 7, 8, 9, 10, 11, 12, 13, 14, 15, 16, 17, 18, 19, 20, 21, 22, 23, 24, 25, 26, 27, 28, 29, 30, 31, 32, 33, 34, 35, 36, 37, 38, 39], "data": [0.0, 0.00036004307294120206, 0.0, 0.0, 0.01935513467694375, 0.0, 0.0, 0.038451856594869736, 0.0, 0.0, 0.005638442976262337, 0.0, 0.0088859269563815, 0.0, 0.0, 0.0, 0.0, 0.0, 0.0, 0.0, 0.0, 0.0, 0.0, 0.0, 0.0, 0.0, 0.0, 0.03913896150640612, 0.0, 0.005765743115295629, 0.0, 0.0, 0.0, 0.0, 0.019685800718143322, 0.002739798734786324, 0.0166400433791403, 0.03820884721473026, 0.0, 0.0]}