{"labels": [0, 1, 2, 3, 4, 5, 6, 7, 8, 9, 10, 11, 12, 13, 14, 15, 16, 17, 18, 19, 20, 21, 22, 23, 24, 25, 26, 27, 28, 29, 30, 31, 32, 33, 34, 35, 36, 37, 38, 39], "data": [0.0, 0.06149384230159835, 0.0041913934233909125, 0.0, 0.0, 0.0, 0.0, 0.016703878270496512, 0.0, 0.0, 0.0, 0.0651413659738238, 0.0, 0.002069511548703151, 0.09220300596486647, 0.0, 0.0, 0.0, 0.0, 0.0, 0.0, 0.0, 0.0, 0.0019297413409970097, 0.0, 0.0, 0.044496806386369415, 0.0, 0.0, 0.0, 0.06587541162101815, 0.0, 0.0, 0.0, 0.0, 0.021521909113807282, 0.04321618659608094, 0.0, 0.0, 0.0]}