{"labels": [0, 1, 2, 3, 4, 5, 6, 7, 8, 9, 10, 11, 12, 13, 14, 15, 16, 17, 18, 19, 20, 21, 22, 23, 24, 25, 26, 27, 28, 29, 30, 31, 32, 33, 34, 35, 36, 37, 38, 39], "data": [0.0075494963692230325, 0.007843019742656833, 0.0, 0.0, 0.025781747371732364, 0.0, 0.03771580771237102, 0.02757354491659836, 0.0, 0.004308343086865504, 0.0033273384107208965, 0.0, 0.0, 0.0, 0.0, 0.0, 0.0, 0.0, 0.0, 0.0, 0.0, 0.0, 0.0, 0.00436577220498968, 0.03946312297102131, 0.02695249616000743, 0.0, 0.0010019280455198086, 0.0, 0.0, 0.0, 0.0, 0.043653024009423, 0.0, 0.0, 0.0, 0.0, 0.0, 0.0022667460858054773, 0.0]}