{"labels": [0, 1, 2, 3, 4, 5, 6, 7, 8, 9, 10, 11, 12, 13, 14, 15, 16, 17, 18, 19, 20, 21, 22, 23, 24, 25, 26, 27, 28, 29, 30, 31, 32, 33, 34, 35, 36, 37, 38, 39], "data": [0.0, 0.0, 0.02370365810172336, 0.013332484620882748, 0.0030081870069605518, 0.0, 0.0, 0.04827734194026203, 0.0, 0.022413465108989873, 0.0, 0.0, 0.0, 0.0, 0.0, 0.0, 0.0, 0.026483680998855282, 0.0, 0.0, 0.0, 0.0, 0.0, 0.0071058895283604775, 0.0, 0.0, 0.0, 0.0255837607017745, 0.0, 0.003175463443656825, 0.0, 0.0, 0.0, 0.0, 0.016909638449683743, 0.0, 0.004601576667171781, 0.0006754726969519254, 0.0, 0.0]}