{"labels": [0, 1, 2, 3, 4, 5, 6, 7, 8, 9, 10, 11, 12, 13, 14, 15, 16, 17, 18, 19, 20, 21, 22, 23, 24, 25, 26, 27, 28, 29, 30, 31, 32, 33, 34, 35, 36, 37, 38, 39], "data": [0.0, 0.0, 0.0, 0.0, 0.0924510938181251, 0.04072180524314977, 0.015936497477388036, 0.03444784453904451, 0.004154931777736431, 0.0, 0.0, 0.0, 0.0, 0.0, 0.007224081341057121, 0.008009257793598524, 0.04513841586981674, 0.0, 0.0, 0.0, 0.0, 0.0, 0.0, 0.0, 0.0, 0.10336808922386073, 0.004014120636126638, 0.0, 0.0005861733531459568, 0.0, 0.0, 0.0, 0.0, 0.003277609723248129, 0.0, 0.0, 0.0, 0.08096672584260661, 0.0, 0.0]}