{"labels": [0, 1, 2, 3, 4, 5, 6, 7, 8, 9, 10, 11, 12, 13, 14, 15, 16, 17, 18, 19, 20, 21, 22, 23, 24, 25, 26, 27, 28, 29, 30, 31, 32, 33, 34, 35, 36, 37, 38, 39], "data": [0.0023215666595535643, 0.0016978164070704748, 0.02255911017730885, 0.0, 0.030199300750764994, 0.0, 0.013032971011319354, 0.0, 0.0, 0.0, 0.0, 0.0021626638444411104, 0.0, 0.004619332594934164, 0.0, 0.0, 0.0, 0.0, 0.0, 0.0019184672500275582, 0.0, 0.0, 0.0, 0.03753244303206723, 0.00010672917775313743, 0.0, 0.0, 0.003321167754634949, 0.003515979193613432, 0.0, 0.0, 0.06339000888616793, 0.0012883877124414097, 0.0, 0.0, 0.0, 0.0, 0.03473160116936346, 0.0, 0.0]}