{"labels": [0, 1, 2, 3, 4, 5, 6, 7, 8, 9, 10, 11, 12, 13, 14, 15, 16, 17, 18, 19, 20, 21, 22, 23, 24, 25, 26, 27, 28, 29, 30, 31, 32, 33, 34, 35, 36, 37, 38, 39], "data": [0.10299451154287032, 0.0, 0.0, 0.0, 0.0, 0.0, 0.0, 0.0, 0.0, 0.0, 0.0, 0.05388971068209304, 0.0, 0.0, 0.0, 0.01283882257189083, 0.0, 0.0, 0.0, 0.0, 0.021103012891391913, 0.0, 0.0, 0.0, 0.0, 1.035916096652826, 0.0, 0.0, 0.010528058859070814, 0.0, 0.0, 0.0, 0.0, 0.0, 0.0, 0.0, 0.0, 0.0, 0.0, 0.0]}