{"labels": [0, 1, 2, 3, 4, 5, 6, 7, 8, 9, 10, 11, 12, 13, 14, 15, 16, 17, 18, 19, 20, 21, 22, 23, 24, 25, 26, 27, 28, 29, 30, 31, 32, 33, 34, 35, 36, 37, 38, 39], "data": [0.003129938622344794, 0.003340671702137445, 0.017611161369554693, 0.016049320092089137, 0.0, 0.011609483600684352, 0.0, 0.0, 0.0, 0.027289435269917194, 0.007555153813637465, 0.0015595687630416595, 0.0, 0.026160780134013042, 0.02924059962783096, 0.0, 0.0, 0.005523892194476057, 0.004656074827878049, 0.0, 0.006044855467318068, 0.010670590516539225, 0.09091537989769845, 0.005801952491681789, 0.0, 0.004251660187611547, 0.0, 0.0, 0.0, 0.0, 0.009934597987127357, 0.0020090072349651456, 0.0, 0.0, 0.013333215162991375, 0.0, 0.02463361959811022, 0.0, 0.0, 0.0]}