{"labels": [0, 1, 2, 3, 4, 5, 6, 7, 8, 9, 10, 11, 12, 13, 14, 15, 16, 17, 18, 19, 20, 21, 22, 23, 24, 25, 26, 27, 28, 29, 30, 31, 32, 33, 34, 35, 36, 37, 38, 39], "data": [0.0, 0.0, 0.0013431668378923835, 0.0, 0.03811516099576262, 0.0, 0.0, 0.0, 0.0011100919985419992, 0.0, 0.029416814391768843, 0.0, 0.01060370704792625, 0.006017180984756703, 0.0, 0.0, 0.03689738938246521, 0.0, 0.009574612297550847, 0.026991375888780002, 0.0, 0.0, 0.0, 2.2702550729234424e-05, 0.0, 0.008572597842973326, 0.004629826628209823, 0.03162752139803167, 0.0029654971779021202, 0.0, 0.003584433065880669, 0.002024291480011578, 0.0009440516775145683, 0.01842746421893918, 0.03523723878151373, 0.011388582941541218, 0.0, 0.011546077292142158, 0.0016015735909658331, 0.0]}