{"labels": [0, 1, 2, 3, 4, 5, 6, 7, 8, 9, 10, 11, 12, 13, 14, 15, 16, 17, 18, 19, 20, 21, 22, 23, 24, 25, 26, 27, 28, 29, 30, 31, 32, 33, 34, 35, 36, 37, 38, 39], "data": [0.0, 0.0, 0.0010848425398675172, 0.017248163372074733, 0.025012585302785058, 0.052551210259978894, 0.0, 0.03939768123051369, 0.0, 0.0, 0.001001481068757485, 0.0, 0.0, 0.0, 0.0, 0.01076434943213615, 0.0, 0.0, 0.0, 0.0010240217540599926, 0.044666491345226836, 0.0036237488116321152, 0.00044370953697406453, 0.016595509987993803, 0.007204173461601541, 0.03104362422522155, 0.001442779840529061, 0.001734569382695886, 0.0, 0.0, 0.0, 0.0025478662995094717, 0.0, 0.0, 0.00842702437725444, 0.04022139812375835, 0.0, 0.0, 0.0, 0.0]}