{"labels": [0, 1, 2, 3, 4, 5, 6, 7, 8, 9, 10, 11, 12, 13, 14, 15, 16, 17, 18, 19, 20, 21, 22, 23, 24, 25, 26, 27, 28, 29, 30, 31, 32, 33, 34, 35, 36, 37, 38, 39], "data": [0.055921344915531634, 0.0, 0.0, 0.007187282480733368, 0.06144357735128717, 0.030783009624855397, 0.0, 0.0, 0.0, 0.007187462990873663, 0.0, 0.03228863436812927, 0.0, 0.0, 0.0, 0.014661412358445996, 0.02621488099673527, 0.0, 0.013024433263646417, 0.0, 0.0, 0.14146897737397648, 0.04463376775720793, 0.0, 0.008579176916673882, 0.18569090685953898, 0.013832296438368098, 0.016510137016405448, 0.004831959005725365, 0.0, 0.0, 0.09007232512483064, 0.026048428069774036, 0.10290078867207969, 0.013983696509688876, 0.021526796399987776, 0.0, 0.00828957234859947, 0.0, 0.0]}