{"labels": [0, 1, 2, 3, 4, 5, 6, 7, 8, 9, 10, 11, 12, 13, 14, 15, 16, 17, 18, 19, 20, 21, 22, 23, 24, 25, 26, 27, 28, 29, 30, 31, 32, 33, 34, 35, 36, 37, 38, 39], "data": [0.0, 0.0, 0.0, 0.0, 0.03504228171040601, 0.0, 0.004699208953470009, 0.0, 0.0, 0.0, 0.0, 0.0013527050844196519, 0.0, 0.0, 0.0, 0.0, 0.017874341705701076, 0.0, 0.0, 0.0, 0.0, 0.05299743967736839, 0.0, 0.0, 0.0, 0.01874939506926002, 0.0, 0.0025064973465428434, 0.0, 0.0, 0.0, 0.0, 0.03750928191228537, 0.015941409194815518, 0.04727336422890107, 0.0, 0.0, 0.04386851070889887, 0.0, 0.0]}