{"labels": [0, 1, 2, 3, 4, 5, 6, 7, 8, 9, 10, 11, 12, 13, 14, 15, 16, 17, 18, 19, 20, 21, 22, 23, 24, 25, 26, 27, 28, 29, 30, 31, 32, 33, 34, 35, 36, 37, 38, 39], "data": [0.038621039840402056, 0.0, 0.015411992375065681, 0.007004616597595019, 0.0, 0.0, 0.0, 0.0, 0.0, 0.060405025394475655, 0.02830862260815241, 0.0, 0.0, 0.0, 0.0, 0.0, 0.0011831822758864453, 0.0, 0.002267526703517017, 0.0, 0.0, 0.0, 0.006280194626553717, 0.039370120754177895, 0.00545399233790375, 0.0, 0.0, 0.02074184032929006, 0.0, 0.0, 0.008447754103698133, 0.0, 0.0, 0.02409759356759296, 0.02462735744358858, 0.0, 0.0, 0.0, 0.0, 0.0]}