{"labels": [0, 1, 2, 3, 4, 5, 6, 7, 8, 9, 10, 11, 12, 13, 14, 15, 16, 17, 18, 19, 20, 21, 22, 23, 24, 25, 26, 27, 28, 29, 30, 31, 32, 33, 34, 35, 36, 37, 38, 39], "data": [0.0, 0.0, 0.003388384634468942, 0.0, 0.0, 0.0, 0.012900331063118007, 0.0, 0.0, 0.0, 0.0, 0.0, 0.01930382666271562, 0.0, 0.0, 0.0, 0.0, 0.0, 0.00664425471440515, 0.0002862832663036682, 0.008773639161079374, 0.003093004011957412, 0.01232177066000878, 0.0, 0.005386695702913339, 0.0, 0.0030121627238060256, 0.0, 0.029822862796612323, 0.0023282135069371533, 0.0, 0.0, 0.0, 0.0, 0.01628619963247951, 0.04243513184739923, 0.005304195314593115, 0.0, 0.0, 0.0]}