{"labels": [0, 1, 2, 3, 4, 5, 6, 7, 8, 9, 10, 11, 12, 13, 14, 15, 16, 17, 18, 19, 20, 21, 22, 23, 24, 25, 26, 27, 28, 29, 30, 31, 32, 33, 34, 35, 36, 37, 38, 39], "data": [0.0, 0.0, 0.0, 0.04705287921086551, 0.0, 0.0, 0.0, 0.05642055763016514, 0.0, 0.0, 0.0, 0.00027156623599509336, 0.0, 0.0, 0.0, 0.0, 0.0, 0.0, 0.0, 0.0, 0.009934707550841403, 0.0, 0.002178182664486451, 0.0, 0.0, 0.0, 0.0007440751915564019, 0.0, 0.0, 0.0, 0.0, 0.00819629144550025, 0.0, 0.0027823527402343695, 0.0, 0.0074814918381863596, 0.0, 0.0, 0.0, 0.003292735702542977]}