{"labels": [0, 1, 2, 3, 4, 5, 6, 7, 8, 9, 10, 11, 12, 13, 14, 15, 16, 17, 18, 19, 20, 21, 22, 23, 24, 25, 26, 27, 28, 29, 30, 31, 32, 33, 34, 35, 36, 37, 38, 39], "data": [0.0048940940797481645, 0.002649524478350056, 0.0016878545798307287, 0.007333903934327437, 9.391968226871159e-05, 0.0, 0.002890702604872082, 0.0059339398218470054, 0.0, 0.014330171198968997, 0.0002805260503304389, 0.0, 0.00796488758050029, 0.0, 0.0036548334544415297, 0.0, 0.0075650595059223065, 0.03421074220490575, 0.04448514765633484, 0.002011560282766785, 0.019087438232124353, 0.0, 0.0, 0.00014812635530696072, 0.00030609388886865686, 0.0, 0.07176172855773323, 0.023616726178420727, 0.0, 0.0037268655982591243, 0.05269074754392888, 0.03853494280679716, 0.0030936769541906974, 0.01050048292910766, 0.0, 0.01521365581400536, 0.0, 0.00038428758429315214, 0.006371418050865695, 0.028425695661139012]}