{"labels": [0, 1, 2, 3, 4, 5, 6, 7, 8, 9, 10, 11, 12, 13, 14, 15, 16, 17, 18, 19, 20, 21, 22, 23, 24, 25, 26, 27, 28, 29, 30, 31, 32, 33, 34, 35, 36, 37, 38, 39], "data": [0.004028619687141072, 0.0, 0.0, 0.0028160925484265274, 0.0, 0.0022040945182192724, 0.0, 0.0, 0.0, 0.009687747785736799, 0.010642988155979062, 0.0, 0.01298444782830595, 0.028790443444011455, 0.007699625636655139, 0.05318135075511557, 0.006193987638901414, 0.03405221374081538, 0.0035556749526172984, 0.0, 0.0619291923092702, 0.029405931391422547, 0.04038763009160508, 0.017233416105698406, 0.0, 0.02120167032558618, 0.0, 0.0036197655382846994, 0.006766576965120766, 0.0, 0.0, 0.0, 0.0006694041517883326, 0.01366603247143257, 0.0, 0.0, 0.0058401095985111135, 0.002544322335463828, 0.01658713100102427, 0.0]}