{"labels": [0, 1, 2, 3, 4, 5, 6, 7, 8, 9, 10, 11, 12, 13, 14, 15, 16, 17, 18, 19, 20, 21, 22, 23, 24, 25, 26, 27, 28, 29, 30, 31, 32, 33, 34, 35, 36, 37, 38, 39], "data": [0.01796103049900483, 0.002643119430158318, 0.0, 0.0, 0.01841603745038665, 0.005151591946893282, 0.0, 0.004137198950603436, 0.0, 0.0, 0.04605709330992268, 0.0, 0.0, 0.010889820826284962, 0.0, 0.001498982293326511, 0.01709336233038965, 0.0, 0.006369502198796257, 0.062024614012820625, 0.0, 0.0, 0.0, 0.028892547047577856, 0.031913596115378695, 0.0029476423285204937, 0.0, 0.0, 0.0, 0.0, 0.0, 0.0, 0.0, 0.02088817426259906, 0.0, 0.0, 0.0010023993400123834, 0.03706379430802343, 0.03500586061498256, 0.0]}