{"labels": [0, 1, 2, 3, 4, 5, 6, 7, 8, 9, 10, 11, 12, 13, 14, 15, 16, 17, 18, 19, 20, 21, 22, 23, 24, 25, 26, 27, 28, 29, 30, 31, 32, 33, 34, 35, 36, 37, 38, 39], "data": [0.0025802124997957865, 0.00019862352814389235, 0.0015785295645179356, 0.0, 0.0, 0.0, 0.045689127315740354, 0.0, 0.0, 0.0, 0.03135838994021559, 0.0, 0.0, 0.0, 0.0, 0.0029273341379675456, 0.0, 0.0, 0.0, 0.0, 0.0, 0.0, 0.0, 0.0, 0.0, 0.0, 0.0, 0.0021310344783491302, 0.0, 0.0, 6.256101472127743e-05, 0.0, 0.0012655432053691705, 0.0, 0.002527449871009549, 0.0, 0.0, 0.0, 0.0, 0.0014992410423993133]}