{"labels": [0, 1, 2, 3, 4, 5, 6, 7, 8, 9, 10, 11, 12, 13, 14, 15, 16, 17, 18, 19, 20, 21, 22, 23, 24, 25, 26, 27, 28, 29, 30, 31, 32, 33, 34, 35, 36, 37, 38, 39], "data": [0.0, 0.0033596419995941735, 0.0033051577567800327, 0.0, 0.010236061259824085, 0.0, 0.028436632557477297, 0.0, 0.0, 0.020623858069430217, 0.0, 0.0, 0.0, 0.0, 0.0, 0.0, 0.002142554323180437, 0.0, 0.024324475176922676, 0.0017830701390539993, 0.0, 0.0, 0.0, 0.0, 0.0, 0.02689960710757249, 0.05234445364435524, 0.0014276209771341432, 0.0020597486972450843, 0.0, 0.01671482345594393, 0.001646265572157317, 0.0, 0.010824306405545797, 0.0, 0.0, 0.0, 0.0, 0.0, 0.0]}