{"labels": [0, 1, 2, 3, 4, 5, 6, 7, 8, 9, 10, 11, 12, 13, 14, 15, 16, 17, 18, 19, 20, 21, 22, 23, 24, 25, 26, 27, 28, 29, 30, 31, 32, 33, 34, 35, 36, 37, 38, 39], "data": [0.0, 0.0, 0.0, 0.0, 0.024187622312037537, 0.0009568877531106394, 0.0, 0.0010729291688903132, 0.0, 0.0, 0.0, 0.0, 0.10329265849243487, 0.0, 0.0004825174602213981, 0.0, 0.006993448891909531, 0.0, 0.0, 0.0, 0.0, 0.0, 0.0, 0.0, 0.0, 0.0, 0.0, 0.05334638703713536, 0.0, 0.0, 0.0, 0.0, 0.0, 0.0, 0.02297375774558479, 0.0, 0.0, 0.0017485627750854853, 0.0, 0.0]}