{"labels": [0, 1, 2, 3, 4, 5, 6, 7, 8, 9, 10, 11, 12, 13, 14, 15, 16, 17, 18, 19, 20, 21, 22, 23, 24, 25, 26, 27, 28, 29, 30, 31, 32, 33, 34, 35, 36, 37, 38, 39], "data": [0.0, 0.0820300347483429, 0.0, 0.0, 0.0007716101598538251, 0.0, 0.016946702645013665, 0.0, 0.0, 0.0, 0.0, 0.0, 0.0, 0.0, 0.0, 0.0, 0.0, 0.0, 0.0, 0.0, 0.0, 0.0, 0.0, 0.0, 0.0, 0.0, 0.0, 0.0, 0.0, 0.006052990019458268, 0.0, 0.0, 0.001574185743335946, 0.0, 0.0, 0.03629198932414847, 0.12803583390678547, 0.0, 0.03138440918200075, 0.0]}