{"labels": [0, 1, 2, 3, 4, 5, 6, 7, 8, 9, 10, 11, 12, 13, 14, 15, 16, 17, 18, 19, 20, 21, 22, 23, 24, 25, 26, 27, 28, 29, 30, 31, 32, 33, 34, 35, 36, 37, 38, 39], "data": [0.001223981737927187, 0.0, 0.015716294366364073, 0.008985028315461718, 0.018800695230353298, 0.0, 0.0003602969284155773, 0.0, 0.0, 0.057746072274605965, 0.0, 0.0, 0.011886503258849407, 0.027073941394197873, 0.0, 0.0, 0.05611975112112206, 0.0027372157817399344, 0.0, 0.0025113031937039525, 0.0, 0.017143394516581312, 0.0, 0.0006666021124990537, 0.0, 0.018090095748184626, 0.0, 0.012832102954176958, 0.0, 0.0, 0.0, 0.0, 0.0, 0.0, 0.011116783992159379, 0.0, 0.021709681172315542, 0.014045640298853624, 0.0, 0.0]}