{"labels": [0, 1, 2, 3, 4, 5, 6, 7, 8, 9, 10, 11, 12, 13, 14, 15, 16, 17, 18, 19, 20, 21, 22, 23, 24, 25, 26, 27, 28, 29, 30, 31, 32, 33, 34, 35, 36, 37, 38, 39], "data": [0.0, 0.0, 0.028214839158087375, 0.0, 0.003683270426344041, 0.0, 0.0, 0.0, 0.0, 0.0, 0.018402215872953893, 0.0, 0.0, 0.0, 0.0, 0.0, 0.0, 0.010748568445775071, 0.0, 0.0, 0.0, 0.005974217541040898, 0.15637877096691244, 0.0, 0.03697841784313432, 0.004168260208071921, 0.0, 0.0, 0.0, 0.0, 0.0, 0.0, 0.00013870189258150518, 0.0, 0.0, 2.6226637884889356e-06, 0.0, 0.0, 0.0017850628624975484, 0.0]}