{"labels": [0, 1, 2, 3, 4, 5, 6, 7, 8, 9, 10, 11, 12, 13, 14, 15, 16, 17, 18, 19, 20, 21, 22, 23, 24, 25, 26, 27, 28, 29, 30, 31, 32, 33, 34, 35, 36, 37, 38, 39], "data": [0.0, 0.0, 0.0, 0.0, 0.0, 0.000658646842831669, 0.03585069697248962, 0.0027207334554809064, 0.06735233239688944, 0.0, 0.04379350837097264, 0.0, 0.0, 0.0, 0.0, 0.04084302975372544, 0.0, 0.0, 0.0, 0.03333645575627431, 0.0, 0.0, 0.0, 0.0, 0.0, 0.0, 0.028201876100022658, 0.0, 0.012551325166546027, 0.013998273029360003, 0.009739671731969846, 0.0, 0.0007953575498800015, 0.0, 0.0015097536218940985, 0.0, 0.0, 0.030926103040748932, 0.04262016583291702, 0.0]}