{"labels": [0, 1, 2, 3, 4, 5, 6, 7, 8, 9, 10, 11, 12, 13, 14, 15, 16, 17, 18, 19, 20, 21, 22, 23, 24, 25, 26, 27, 28, 29, 30, 31, 32, 33, 34, 35, 36, 37, 38, 39], "data": [0.0, 0.007362086955594199, 0.0019660744415266633, 0.0, 0.015616402503818657, 0.0, 0.008560020330510905, 0.001764814189587089, 0.0, 0.0, 0.0, 0.0009736200433457202, 0.0, 0.0124250344890931, 0.0, 0.0, 0.0, 0.031983001958378034, 0.0007862846102049036, 0.0, 0.0, 0.04583505369947243, 0.07658722893303863, 0.0, 0.0036097950603769116, 0.00019497656448213895, 0.002884123887767403, 0.0, 0.0, 0.0, 0.0, 0.0, 0.0, 0.006522285388997571, 0.0, 0.015086248560858695, 0.0374573080808579, 0.0, 0.0034914045266470576, 0.000658534869773088]}