{"labels": [0, 1, 2, 3, 4, 5, 6, 7, 8, 9, 10, 11, 12, 13, 14, 15, 16, 17, 18, 19, 20, 21, 22, 23, 24, 25, 26, 27, 28, 29, 30, 31, 32, 33, 34, 35, 36, 37, 38, 39], "data": [0.0, 0.0, 0.0, 0.00134729120759573, 0.031191447758443, 0.008444693480197772, 0.01149878082226433, 0.014182121979670495, 0.0, 0.000454250498829853, 0.0, 0.0033336599481052108, 0.0037532846711137947, 0.0, 0.0, 0.0008926897212394309, 0.0, 0.0, 0.0010724724720138328, 0.0, 0.002328224680935707, 0.013828571969429113, 0.003500233979100518, 0.0, 0.0, 0.017725530738400413, 0.03420859751297552, 0.0, 0.005528994870210781, 0.008362777378690608, 0.023028909597471676, 0.0, 0.0, 0.02920705833583264, 3.3398333456967e-05, 0.006427361273113119, 0.0, 0.0, 0.0, 0.0011220434109754946]}