{"labels": [0, 1, 2, 3, 4, 5, 6, 7, 8, 9, 10, 11, 12, 13, 14, 15, 16, 17, 18, 19, 20, 21, 22, 23, 24, 25, 26, 27, 28, 29, 30, 31, 32, 33, 34, 35, 36, 37, 38, 39], "data": [0.0, 0.0, 0.0, 0.0, 0.1347396594944084, 0.0, 0.0, 0.0, 0.012454175615252812, 0.0, 0.0, 0.09016975822696893, 0.0, 0.05128962458806414, 0.0, 0.05024605941179855, 0.10265814668445315, 0.0, 0.0, 0.0, 0.0, 0.006014036178113998, 0.0, 0.0, 0.0, 0.09324419758445202, 0.015693988243807758, 0.0, 0.0, 0.0, 0.0, 0.0, 0.0, 0.044054425438440334, 0.12205055315911681, 0.0, 0.0, 0.0, 0.0, 0.04241382472612596]}