{"labels": [0, 1, 2, 3, 4, 5, 6, 7, 8, 9, 10, 11, 12, 13, 14, 15, 16, 17, 18, 19, 20, 21, 22, 23, 24, 25, 26, 27, 28, 29, 30, 31, 32, 33, 34, 35, 36, 37, 38, 39], "data": [0.016649433762964735, 0.004041462183638383, 0.00026031091254974576, 0.00020137190798487858, 0.0, 0.015971305973073984, 0.0007544037439393257, 0.0, 0.0, 0.0, 0.0, 0.005209438296768707, 0.0, 0.0, 0.0, 0.0, 0.0, 0.00774052561590433, 0.0, 0.002868827991758426, 0.001375729235957286, 0.0, 0.0684810153753585, 0.0, 0.0, 0.0, 0.0014373694065613822, 0.0, 0.0, 0.0, 0.0049154884082899435, 0.0, 0.0, 0.0, 0.020535176687074354, 0.01779800317350932, 0.023400489697826442, 0.0, 0.0, 0.0]}