{"labels": [0, 1, 2, 3, 4, 5, 6, 7, 8, 9, 10, 11, 12, 13, 14, 15, 16, 17, 18, 19, 20, 21, 22, 23, 24, 25, 26, 27, 28, 29, 30, 31, 32, 33, 34, 35, 36, 37, 38, 39], "data": [0.007654850975669284, 0.0027108424823176786, 0.006390193668592832, 0.0, 0.0148371675659448, 0.010733974396242007, 0.00877228966130679, 0.0025655945362664492, 0.0015070766206272644, 0.021235049258254476, 0.004868194328439505, 0.0057721942956578225, 0.04054816941518821, 0.029815035704047574, 0.0, 0.03383042235268674, 0.0, 0.0, 0.04241690869996018, 0.0030057690404297352, 0.0, 0.0, 0.023925061129656214, 0.0029708619738653065, 0.0, 0.015481761243116695, 0.021139505064012028, 0.0, 0.00740283799225143, 0.0009878207400204613, 0.024719246753085945, 0.0, 0.037237017779698435, 0.054725430567989876, 0.0030355609366494326, 0.0, 0.0, 0.004330405454368008, 0.0389035532316673, 0.054204862659444304]}