{"labels": [0, 1, 2, 3, 4, 5, 6, 7, 8, 9, 10, 11, 12, 13, 14, 15, 16, 17, 18, 19, 20, 21, 22, 23, 24, 25, 26, 27, 28, 29, 30, 31, 32, 33, 34, 35, 36, 37, 38, 39], "data": [0.0, 0.00032054001952590576, 0.0032697349400912963, 0.0, 0.00022274319162456614, 0.05853301784257296, 0.013731947468696094, 0.019801884544544637, 0.0, 0.012518941976041587, 0.0029663150184492224, 0.04345719737890159, 0.02960464058901285, 0.005036687266201338, 0.0006489204538421257, 0.0, 0.0, 0.0, 0.0, 0.0, 0.0030391421271571068, 0.0, 0.004872046184614294, 0.0, 0.014147191547430604, 0.0, 0.002823617504226964, 0.02500713042288576, 0.002623270016674584, 0.012652676259019086, 0.006511955191355347, 0.0040673759964676495, 0.005860266376489646, 0.0, 0.0, 0.00030609028816124207, 0.0008191702090440015, 0.0020658348165041303, 0.0, 0.04990332724161553]}