{"labels": [0, 1, 2, 3, 4, 5, 6, 7, 8, 9, 10, 11, 12, 13, 14, 15, 16, 17, 18, 19, 20, 21, 22, 23, 24, 25, 26, 27, 28, 29, 30, 31, 32, 33, 34, 35, 36, 37, 38, 39], "data": [0.006885675301286467, 0.0, 0.0, 0.0, 0.0035829102864900144, 0.0, 0.0, 0.009815312881670675, 0.13073720243482276, 0.002059622021894215, 0.0, 0.0, 0.006076565370617123, 0.0, 0.01457907387070051, 0.0, 0.0, 0.002704583959853079, 0.055211267418366974, 0.0, 1.5935099598550882e-05, 0.007105252394809977, 0.0, 0.0, 0.0, 0.008330934041102932, 0.02822069476705633, 0.0, 0.0, 0.0, 0.0, 0.0004474753523602842, 0.0, 0.0, 0.0067177471859205294, 0.0, 0.0, 0.025068876605371417, 0.0, 0.0]}