{"labels": [0, 1, 2, 3, 4, 5, 6, 7, 8, 9, 10, 11, 12, 13, 14, 15, 16, 17, 18, 19, 20, 21, 22, 23, 24, 25, 26, 27, 28, 29, 30, 31, 32, 33, 34, 35, 36, 37, 38, 39], "data": [0.0019989233832609053, 0.03044118133388078, 0.017508680072987365, 0.005828205156256889, 0.0, 0.022128584200009963, 0.0, 0.0, 0.0, 0.005409037864987225, 0.0, 0.009462724134955632, 0.0, 0.005429801787823052, 0.0, 0.005926788182182857, 0.000862086573314045, 0.01846898078664476, 0.006191538681529217, 0.000780451961369849, 0.0008935983687522868, 0.005635272009769239, 0.0010349126967400366, 0.006601699691389217, 0.0, 0.0, 0.0030700000404065156, 0.022832914276990864, 0.0656926002134667, 0.0, 0.0, 0.001506387662703201, 0.001956244718670061, 0.0, 0.0, 0.0, 0.023274909016314068, 0.0016980784127852467, 0.0, 0.0009636727742056701]}