{"labels": [0, 1, 2, 3, 4, 5, 6, 7, 8, 9, 10, 11, 12, 13, 14, 15, 16, 17, 18, 19, 20, 21, 22, 23, 24, 25, 26, 27, 28, 29, 30, 31, 32, 33, 34, 35, 36, 37, 38, 39], "data": [0.0, 0.0, 0.0008430496629889692, 0.0, 0.0, 0.0, 0.045632966897482724, 0.0, 0.0, 0.02031270603082998, 0.0, 0.0, 0.0, 0.0, 0.0, 0.0, 0.0, 0.009894073059904923, 0.0, 0.0, 0.0, 0.0, 0.0, 0.0, 0.0, 0.0, 0.06289507509379019, 0.006259017599961437, 0.0, 0.0, 0.0, 0.0, 0.0, 0.028701603884918082, 0.03033212932413358, 0.0, 0.004627568642211609, 0.017842906594670215, 0.0011380986414858286, 0.0]}