{"labels": [0, 1, 2, 3, 4, 5, 6, 7, 8, 9, 10, 11, 12, 13, 14, 15, 16, 17, 18, 19, 20, 21, 22, 23, 24, 25, 26, 27, 28, 29, 30, 31, 32, 33, 34, 35, 36, 37, 38, 39], "data": [0.0, 0.0, 0.021268792394187025, 0.0, 0.0, 0.0, 0.0020565533545828046, 0.0, 0.001232700566384486, 0.003389891451267045, 0.04174816360429297, 0.0, 0.008764710133989813, 0.0, 0.0, 0.0, 0.0, 0.004482183964698813, 0.0, 0.0, 0.0, 0.0, 0.0, 0.0, 0.0, 0.0, 0.06862243223783883, 0.031843964266374224, 0.0, 0.0, 0.06114793714616793, 0.0, 0.0, 0.0, 0.0025934947571046277, 0.022794198662482182, 0.0014287544757621018, 0.027704006805766113, 0.031867574511691914, 0.0]}