{"labels": [0, 1, 2, 3, 4, 5, 6, 7, 8, 9, 10, 11, 12, 13, 14, 15, 16, 17, 18, 19, 20, 21, 22, 23, 24, 25, 26, 27, 28, 29, 30, 31, 32, 33, 34, 35, 36, 37, 38, 39], "data": [0.009348436867324748, 0.0, 0.00036737401223987964, 0.0, 0.025137969647600195, 0.0004406196781464317, 0.0, 0.0005461520059905334, 0.0, 0.0, 0.0, 0.0, 0.0, 0.08197313739622525, 0.0009179380036330546, 0.0, 0.0025144963612025546, 0.03498306113283433, 0.0, 0.0, 0.0, 0.0, 0.0, 0.0, 0.0, 0.024071649764215105, 0.0, 0.0, 0.0, 0.0, 0.0, 0.0, 0.0, 0.005215830599982325, 0.0, 0.004117141268775769, 0.0, 0.0, 0.0, 0.0008255993985585514]}