{"labels": [0, 1, 2, 3, 4, 5, 6, 7, 8, 9, 10, 11, 12, 13, 14, 15, 16, 17, 18, 19, 20, 21, 22, 23, 24, 25, 26, 27, 28, 29, 30, 31, 32, 33, 34, 35, 36, 37, 38, 39], "data": [0.016811244335516267, 0.0029367767357109725, 0.0, 0.0, 0.04358771655818902, 0.0, 0.0, 0.0007186984162321057, 0.00737744859988384, 0.0, 0.0, 0.007332394778212404, 0.0, 0.0, 0.0, 0.0, 0.0, 0.0, 0.008420717460774498, 0.0, 0.0, 0.0034964829685093617, 0.0, 0.0, 0.0, 0.0, 0.0, 0.02760834631168515, 0.0, 0.0, 0.0, 0.0, 0.0, 0.015984759096676186, 0.0059297166370039355, 0.006260342235918762, 0.000856424705719752, 0.052187075374475124, 0.0, 0.0]}