{"labels": [0, 1, 2, 3, 4, 5, 6, 7, 8, 9, 10, 11, 12, 13, 14, 15, 16, 17, 18, 19, 20, 21, 22, 23, 24, 25, 26, 27, 28, 29, 30, 31, 32, 33, 34, 35, 36, 37, 38, 39], "data": [0.0, 0.0016641873324318751, 0.0, 0.0, 0.02218898787565454, 0.020387861309199694, 0.06509518290851478, 0.0, 0.0, 0.004920387597120489, 0.0010970577103236157, 0.0018179864294573438, 0.0, 0.003472810048556311, 0.0018636067272460662, 0.0, 0.0, 0.0, 0.00448213473571967, 0.0033649339473033058, 0.0, 0.0, 0.0, 0.0, 0.0004267220174455285, 0.0, 0.0030125855751318635, 0.0, 0.0, 0.0, 0.0003228854457723825, 0.0, 0.0, 0.022939242211086192, 0.0037615558450984133, 0.0, 0.004251434162524899, 0.0, 0.0, 0.0]}