{"labels": [0, 1, 2, 3, 4, 5, 6, 7, 8, 9, 10, 11, 12, 13, 14, 15, 16, 17, 18, 19, 20, 21, 22, 23, 24, 25, 26, 27, 28, 29, 30, 31, 32, 33, 34, 35, 36, 37, 38, 39], "data": [0.0, 0.0011330502089180667, 0.0, 0.002071580367905973, 0.0, 0.021821864685843798, 0.01849301382628008, 0.002884640895589845, 0.0019162012276223378, 0.0030251968538136565, 0.0, 0.002155843786274433, 0.0072747772932315324, 0.01773147982136353, 0.0, 0.0, 0.04503414878383682, 0.002073129714664446, 0.0, 0.0, 0.01937957867142312, 0.0, 0.0, 0.004743287761751744, 0.019612306564714237, 0.005182823443536633, 0.07764572521164517, 0.027839179218489427, 0.002420638251866711, 0.005031920505235923, 0.0009800546428569126, 0.0620195185505107, 0.0008837749105833374, 0.02321547899144938, 0.018822991631201637, 0.0, 0.002922800812558225, 0.016329002527048962, 0.006874403022917567, 0.001808943343588605]}