{"labels": [0, 1, 2, 3, 4, 5, 6, 7, 8, 9, 10, 11, 12, 13, 14, 15, 16, 17, 18, 19, 20, 21, 22, 23, 24, 25, 26, 27, 28, 29, 30, 31, 32, 33, 34, 35, 36, 37, 38, 39], "data": [0.021037326004223443, 0.0, 0.01571012790599742, 0.0, 0.01639045391464935, 0.0, 0.023566516596855994, 0.000778772936219034, 0.0018174601312551265, 0.0, 0.0, 0.002655134735899936, 0.008103182916707965, 0.0, 0.0, 0.0062816159442026075, 0.01300482955705427, 0.007947996587082574, 0.012728351412532223, 0.0, 0.0, 0.013974452031426948, 0.002735462539190275, 0.002450192811103208, 0.0, 0.02254428529608241, 0.0, 0.013177308553755035, 0.00011821980969906065, 0.0, 0.043229744281695674, 0.0010773891487649205, 0.0010631349830844648, 0.016771145007363018, 0.005449562567820239, 0.0, 0.0, 0.005439066605768865, 0.006186916043198942, 0.0]}