{"labels": [0, 1, 2, 3, 4, 5, 6, 7, 8, 9, 10, 11, 12, 13, 14, 15, 16, 17, 18, 19, 20, 21, 22, 23, 24, 25, 26, 27, 28, 29, 30, 31, 32, 33, 34, 35, 36, 37, 38, 39], "data": [0.0007596291736536305, 0.0, 0.0, 0.0, 0.022054701638673256, 0.004235759732209829, 0.02101837523833686, 0.0, 0.01076697718066905, 0.0009400465715352332, 0.0, 0.007706645847405935, 0.0, 0.006174738603558574, 0.0, 0.0, 0.007922575802044756, 0.0034754007988522396, 0.0, 0.0007254576610149198, 0.0, 0.0, 0.14333899194240934, 0.0, 0.0, 0.0188378884462142, 0.00032687413503194196, 0.00037663951251983713, 0.0, 0.0, 0.0, 0.004514051180216813, 0.0, 0.0, 0.01195542826514165, 0.00011177093650727034, 0.0, 0.027452786440798498, 0.0, 0.0]}