{"labels": [0, 1, 2, 3, 4, 5, 6, 7, 8, 9, 10, 11, 12, 13, 14, 15, 16, 17, 18, 19, 20, 21, 22, 23, 24, 25, 26, 27, 28, 29, 30, 31, 32, 33, 34, 35, 36, 37, 38, 39], "data": [0.0, 0.003564612162524464, 0.000855587978514087, 0.0, 0.047027239562131284, 0.0, 0.007725435809201893, 0.0, 0.005607922044397897, 0.006675055129835997, 0.0, 0.0, 0.008096477138483178, 0.0012118977891221777, 0.02195523480647783, 0.0, 0.0, 0.009096625369516902, 0.0007951524341692853, 0.04071681299797602, 0.0055497854485124865, 0.03796247508606033, 0.0, 0.0, 0.03600721992782303, 0.0037142183596914286, 0.003845470361525956, 0.0, 0.0, 0.0, 0.005797327970408279, 0.0, 0.0, 0.0, 0.002607122849369698, 0.012536566036853727, 0.0, 0.08350334227632387, 0.04110748195818736, 0.0037444824889992143]}