{"labels": [0, 1, 2, 3, 4, 5, 6, 7, 8, 9, 10, 11, 12, 13, 14, 15, 16, 17, 18, 19, 20, 21, 22, 23, 24, 25, 26, 27, 28, 29, 30, 31, 32, 33, 34, 35, 36, 37, 38, 39], "data": [0.0, 0.0, 0.0003393565495355773, 0.0, 0.0, 0.0, 0.04376289122767935, 0.0, 0.006613760212439627, 0.0008943954520823279, 0.0003890453100852085, 0.0010913683280764956, 0.0, 0.0, 0.037405744113203326, 0.0, 0.0, 0.0032081187046390453, 0.002484835761552392, 0.0, 0.0, 0.007098255373472757, 0.0, 0.0, 0.0, 0.0, 0.0, 0.0, 0.000841534174601916, 0.0, 0.03263678241797673, 0.0, 0.0009107185648330696, 0.0, 0.0, 0.0, 0.0, 0.026398766460564962, 0.0042436568095431644, 0.0]}