{"labels": [0, 1, 2, 3, 4, 5, 6, 7, 8, 9, 10, 11, 12, 13, 14, 15, 16, 17, 18, 19, 20, 21, 22, 23, 24, 25, 26, 27, 28, 29, 30, 31, 32, 33, 34, 35, 36, 37, 38, 39], "data": [0.008604399728549735, 0.0014707858333051626, 0.02862125734468227, 0.0, 0.0007969870112303209, 0.010905232786832822, 0.0, 0.0, 0.0, 0.006405122369740167, 0.03999706618728471, 0.0007478726850463159, 0.0, 0.02517095338398105, 0.003033420040346471, 0.0, 0.009214429841141892, 0.0, 0.0, 0.009133053757761947, 0.0, 0.0026927873742895922, 0.0003734719507470788, 0.004306830217730631, 0.005611819267313528, 0.0, 0.0037733706944473866, 0.004978659083078307, 0.0008333654038316334, 0.0049913516485689145, 0.02025141354420498, 0.0, 0.0020590664868404933, 0.0, 0.0, 0.0, 0.0, 0.0, 0.0, 0.028287329174066473]}