{"labels": [0, 1, 2, 3, 4, 5, 6, 7, 8, 9, 10, 11, 12, 13, 14, 15, 16, 17, 18, 19, 20, 21, 22, 23, 24, 25, 26, 27, 28, 29, 30, 31, 32, 33, 34, 35, 36, 37, 38, 39], "data": [0.008014805235115986, 0.011988780379216073, 0.011464294659374296, 0.005641075282729957, 0.0033134835781000204, 0.0, 0.0014858210393816217, 0.02891239753388233, 0.0, 0.021648076582549698, 0.0, 0.0, 0.004470144852852281, 0.004111593439402979, 0.0113268236487641, 0.011006398530821625, 0.0, 0.04134277582514242, 0.0, 0.0, 0.0, 0.02552689251215353, 0.0, 0.016965354853164975, 0.0, 0.02192382053080703, 0.0012458741884335631, 0.0004496822514730279, 0.0, 0.0, 0.005206145095084573, 0.0, 0.0, 0.0, 0.002269642787654013, 0.0, 0.0, 0.0, 0.026468763242799852, 0.0]}