{"labels": [0, 1, 2, 3, 4, 5, 6, 7, 8, 9, 10, 11, 12, 13, 14, 15, 16, 17, 18, 19, 20, 21, 22, 23, 24, 25, 26, 27, 28, 29, 30, 31, 32, 33, 34, 35, 36, 37, 38, 39], "data": [0.00043540029245981793, 0.0017383719660355194, 0.004427175953930906, 0.0, 0.019676224316307892, 0.019268831625454938, 0.01933824240489482, 0.0, 0.0, 0.026510489807238004, 0.0, 0.0, 0.0, 0.0, 0.01863534983248325, 0.002450807949555197, 0.0, 0.001437948998357968, 0.006403971646365017, 0.0, 0.02305306855898924, 0.0, 0.0, 0.0040555109859423824, 0.0, 0.0, 0.0, 0.00208131916802916, 0.0029415424964743995, 0.0, 0.0, 0.0, 0.0, 0.0, 0.03305360672179149, 0.016391469195143067, 0.00454922636463243, 0.007447647680375288, 0.011834857767117204, 0.0009126515503144638]}