{"labels": [0, 1, 2, 3, 4, 5, 6, 7, 8, 9, 10, 11, 12, 13, 14, 15, 16, 17, 18, 19, 20, 21, 22, 23, 24, 25, 26, 27, 28, 29, 30, 31, 32, 33, 34, 35, 36, 37, 38, 39], "data": [0.012940367156951316, 0.0, 0.01747682530025267, 0.0, 0.02037473576030481, 0.017456524757421793, 0.0035666424182307613, 0.05345606507805081, 0.0, 0.0, 0.0060518986527196604, 0.0, 0.0, 0.0002612558178149403, 0.0, 0.0030649809877870693, 0.0, 0.0, 0.0, 0.028379598375371903, 0.0017875495867912478, 0.0, 0.00030620089858712763, 0.0, 0.0017334479427966966, 0.0, 0.006106436610827203, 0.0004206645421679951, 2.3546889219055012e-05, 0.0, 0.005069802505077136, 0.0, 0.0, 0.031004121529260735, 0.00751785813350612, 0.0, 0.0, 0.0, 0.0, 0.0]}