{"labels": [0, 1, 2, 3, 4, 5, 6, 7, 8, 9, 10, 11, 12, 13, 14, 15, 16, 17, 18, 19, 20, 21, 22, 23, 24, 25, 26, 27, 28, 29, 30, 31, 32, 33, 34, 35, 36, 37, 38, 39], "data": [0.0, 0.003114768649511567, 0.0061227447209523675, 0.0, 0.019567789003383292, 0.0, 0.018788304698040104, 0.0, 0.0, 0.0, 0.0, 0.0, 0.0, 0.0, 0.0, 0.0, 0.0, 0.0, 0.0, 0.0, 0.0026876950007168154, 0.0, 0.0009220873171572367, 0.0020056097774729183, 0.00047108579163819585, 0.0, 0.0015957651089895863, 0.054229474131731195, 0.0, 0.0, 0.0, 0.000794196648787605, 0.0, 0.010985713995468036, 0.034486293703313145, 0.0, 0.0, 0.023443380621792492, 0.0, 0.0]}