{"labels": [0, 1, 2, 3, 4, 5, 6, 7, 8, 9, 10, 11, 12, 13, 14, 15, 16, 17, 18, 19, 20, 21, 22, 23, 24, 25, 26, 27, 28, 29, 30, 31, 32, 33, 34, 35, 36, 37, 38, 39], "data": [0.0, 0.002886061545607455, 0.0, 0.0, 0.0009701062961327913, 0.01606570038032844, 0.011287871372089718, 0.0, 0.008404148269047274, 0.017442769646876098, 0.011178040997879009, 0.014999065647794787, 0.07510875698392813, 0.0, 0.0022431342548400956, 0.0, 0.004345056791235992, 0.0, 0.0, 0.0, 0.007828034282217148, 0.00015833953501114757, 0.0016240254034124901, 0.0, 0.0, 0.0, 0.010455963214410703, 0.00014777052319800234, 0.0, 0.008638589030044297, 0.004164965685348011, 0.005701262447343034, 0.0, 0.0, 0.0, 0.006074643915322043, 0.008675386218437737, 0.007635098597595951, 0.0, 0.06204895923479641]}