{"labels": [0, 1, 2, 3, 4, 5, 6, 7, 8, 9, 10, 11, 12, 13, 14, 15, 16, 17, 18, 19, 20, 21, 22, 23, 24, 25, 26, 27, 28, 29, 30, 31, 32, 33, 34, 35, 36, 37, 38, 39], "data": [0.00179019748854052, 0.0, 0.0030653662672265173, 0.0, 0.004356389057043656, 0.0, 0.0, 0.0024807817813569263, 0.0, 0.00018373975001541087, 0.0010037754751145635, 0.0, 0.0, 0.003521732136441773, 0.005893454178338309, 0.0, 0.0, 0.0, 0.0, 6.196642829478336e-06, 0.0, 0.04658798095035368, 0.10924139536059721, 0.0, 0.009305877533736717, 0.0, 0.0, 0.0018878447621600402, 0.004835541221772408, 0.0, 0.005718366077703998, 0.0, 0.0002568703094415269, 0.0, 0.01606797656103789, 0.0, 0.0, 0.0, 0.0, 0.0]}