{"labels": [0, 1, 2, 3, 4, 5, 6, 7, 8, 9, 10, 11, 12, 13, 14, 15, 16, 17, 18, 19, 20, 21, 22, 23, 24, 25, 26, 27, 28, 29, 30, 31, 32, 33, 34, 35, 36, 37, 38, 39], "data": [0.0, 0.0009723162562949569, 0.02433805846030392, 0.0, 0.01269770766405189, 0.0, 0.0, 0.0, 0.0017176841004989485, 0.030412870007675452, 0.0034503167047972485, 0.0012530543474647698, 0.0, 0.0, 0.010850366133063245, 0.0024175054494157927, 0.0, 0.0, 0.0, 0.0, 0.0059697027754978885, 0.0, 0.0013560016318287025, 0.0, 0.009120261224241604, 0.0, 0.0, 0.0, 0.0, 0.01629293250934731, 3.563802929438606e-05, 0.0, 0.0, 0.0007440751882504082, 0.0, 0.043856780359466316, 0.023471193127279105, 0.0, 0.0, 0.0007288069115574232]}