{"labels": [0, 1, 2, 3, 4, 5, 6, 7, 8, 9, 10, 11, 12, 13, 14, 15, 16, 17, 18, 19, 20, 21, 22, 23, 24, 25, 26, 27, 28, 29, 30, 31, 32, 33, 34, 35, 36, 37, 38, 39], "data": [0.009287110593738757, 0.01642537446329064, 0.004942937698490798, 0.036719582071875374, 0.006730076758184446, 0.0, 0.0, 0.01032564020685917, 0.0, 0.007387393246138551, 0.0, 0.0007908455180619424, 0.013271788397579632, 0.0, 0.0, 0.0, 0.005288641713109193, 0.00150182481720631, 0.0016559105236224813, 0.0, 0.0, 0.0014714221454562284, 0.0, 0.0, 0.001971485638565347, 0.0, 0.0, 0.0, 0.0006977740231636579, 0.0, 0.0, 0.01053001504742306, 0.0003581917550719044, 0.0015565261347773162, 0.0020792394591648204, 0.0, 0.11315892396197073, 0.008329096046203951, 0.0, 0.0019245773473637936]}