{"labels": [0, 1, 2, 3, 4, 5, 6, 7, 8, 9, 10, 11, 12, 13, 14, 15, 16, 17, 18, 19, 20, 21, 22, 23, 24, 25, 26, 27, 28, 29, 30, 31, 32, 33, 34, 35, 36, 37, 38, 39], "data": [0.0, 0.000521468974022812, 0.0, 0.013264860507775415, 0.0, 0.0, 0.04871384384472076, 0.0, 0.0, 0.03138290176490747, 0.002486476926808181, 0.0, 0.025662249973679004, 0.0025628857754468786, 0.008055719288452824, 0.001446007335961622, 0.0, 0.00044200662344269303, 0.0029111801453820924, 0.026979989839498054, 0.0, 0.00749684310335383, 0.0, 0.10517384031720359, 0.0, 0.0, 0.0, 0.015568017785639253, 0.0, 0.0, 0.0, 0.0, 0.0, 0.0, 0.0, 0.0016136992159940112, 0.00498116617056166, 0.0, 0.0019196591734527437, 0.0018890025942408743]}