{"labels": [0, 1, 2, 3, 4, 5, 6, 7, 8, 9, 10, 11, 12, 13, 14, 15, 16, 17, 18, 19, 20, 21, 22, 23, 24, 25, 26, 27, 28, 29, 30, 31, 32, 33, 34, 35, 36, 37, 38, 39], "data": [0.0, 0.0, 0.0, 0.0, 0.0, 0.0, 0.0031686757982858607, 0.0, 0.0008518872590917019, 0.0, 0.0, 0.02916152670183994, 0.0, 0.0, 0.0, 0.0, 0.00498709059484082, 0.0, 0.0, 0.0023933523949772814, 0.0, 0.0, 0.0, 0.08887368509852857, 0.010144380055661864, 0.026496631184853063, 0.0, 0.0, 0.0, 0.017085511197679735, 0.0, 0.0, 0.0, 0.0, 0.0, 0.0, 0.0, 0.0, 0.0, 0.0]}