{"labels": [0, 1, 2, 3, 4, 5, 6, 7, 8, 9, 10, 11, 12, 13, 14, 15, 16, 17, 18, 19, 20, 21, 22, 23, 24, 25, 26, 27, 28, 29, 30, 31, 32, 33, 34, 35, 36, 37, 38, 39], "data": [0.0, 0.0, 0.003133340112333983, 0.053825013720068204, 0.00635870833309398, 0.0, 0.039266514678535445, 0.0, 0.013174759329693106, 0.011549484836501245, 0.002060746871617396, 0.007046255745735517, 0.0, 0.0, 0.0, 0.0016666560101161946, 0.0, 0.0, 0.0, 0.0032041403113546095, 0.0, 0.0, 0.005194460899970529, 0.0153195942989034, 0.005118721748118812, 0.017934840313297482, 0.00918999974096871, 0.0033029723228723057, 0.0, 0.0, 0.0, 0.001934584107992988, 0.0, 0.012227478413133458, 0.0, 0.0, 0.0, 0.0, 0.007739192553099938, 0.0034248908649878403]}