{"labels": [0, 1, 2, 3, 4, 5, 6, 7, 8, 9, 10, 11, 12, 13, 14, 15, 16, 17, 18, 19, 20, 21, 22, 23, 24, 25, 26, 27, 28, 29, 30, 31, 32, 33, 34, 35, 36, 37, 38, 39], "data": [0.000258819415276888, 0.0, 0.0, 0.0003415218633719345, 0.010712583649100021, 0.0015579439402964694, 0.013818251272634035, 0.0, 0.0003090416255478077, 0.0008509523315846066, 0.017941314958731695, 0.0, 0.0, 0.005881649476164428, 0.0, 0.0, 0.015398627277877873, 0.0056169199630758835, 0.04355503539954102, 4.873148703853207e-05, 0.0, 0.007445807221191838, 0.0, 0.0005238270277397505, 0.0020978289916780734, 0.015634796520310763, 0.0, 0.006369740782161626, 0.005410663005336039, 0.0, 0.0, 0.0, 0.0, 0.004033725800285995, 0.012410419334465525, 0.0, 0.0, 0.052332241977645015, 0.0, 0.0]}