{"labels": [0, 1, 2, 3, 4, 5, 6, 7, 8, 9, 10, 11, 12, 13, 14, 15, 16, 17, 18, 19, 20, 21, 22, 23, 24, 25, 26, 27, 28, 29, 30, 31, 32, 33, 34, 35, 36, 37, 38, 39], "data": [0.00893905812250057, 0.0016491151601522246, 0.0, 0.0, 0.0, 0.0, 0.006885507854986607, 0.06781622464565014, 0.0, 0.004710906495892223, 0.0, 0.0004719736959824129, 0.0, 0.0, 0.010455400024658223, 0.0006062770770071137, 0.0, 0.0, 0.0, 0.0, 0.0028561169748947133, 0.00012880363470123166, 0.005322640681409524, 0.12186102143946215, 0.0047857458148365855, 0.0, 0.0, 0.0, 0.0, 0.014523920099428057, 0.0, 0.0, 0.0004135891327538944, 0.0, 0.005383441765935989, 0.004874757895408707, 0.0018360585457696487, 0.0, 0.0, 0.0]}