{"labels": [0, 1, 2, 3, 4, 5, 6, 7, 8, 9, 10, 11, 12, 13, 14, 15, 16, 17, 18, 19, 20, 21, 22, 23, 24, 25, 26, 27, 28, 29, 30, 31, 32, 33, 34, 35, 36, 37, 38, 39], "data": [0.004506200938685319, 0.01138322310571224, 0.005385188960429723, 0.0, 0.0005298793420354652, 0.007606275449527064, 0.011194176756863954, 0.0038730578760257065, 0.003060867456854832, 0.003894498427016675, 0.008461857306236746, 0.0027315378548342243, 0.0, 0.0, 0.0, 0.0006990248804172525, 0.003287145117102854, 0.0003453319771528429, 0.0, 0.002044782598595541, 0.0, 0.0, 0.0, 0.006467121200455194, 0.015165071108210137, 0.0, 0.0006304462727191938, 0.0016186950729972914, 0.0, 0.0, 0.0, 0.002144804093308479, 0.00208011274762712, 0.021395164403341778, 0.0, 0.004666667852333665, 0.0, 0.002888684205608746, 0.007863976420868049, 0.003349773100065887]}