{"labels": [0, 1, 2, 3, 4, 5, 6, 7, 8, 9, 10, 11, 12, 13, 14, 15, 16, 17, 18, 19, 20, 21, 22, 23, 24, 25, 26, 27, 28, 29, 30, 31, 32, 33, 34, 35, 36, 37, 38, 39], "data": [0.15270123854503867, 0.05543924294297923, 0.0, 0.0, 0.01717481536399897, 0.02451046539666803, 0.013044244960692437, 0.0, 0.06577339412563163, 0.02241820091482571, 0.0, 0.004526235134671543, 0.0, 0.0, 0.003695155873491539, 0.0, 0.0, 0.0, 0.008016912958313202, 0.0, 0.0, 0.0023790184132066127, 0.007237633944319019, 0.0, 0.0, 0.049761445623257454, 0.0, 0.037321364711622125, 0.0, 0.0077419473718623195, 0.0, 0.02686697469380392, 0.0, 0.0, 0.06375711267546334, 0.014394152018547357, 0.020864696247736705, 0.0013517336946069609, 0.013936876470326494, 0.012405032385322291]}