{"labels": [0, 1, 2, 3, 4, 5, 6, 7, 8, 9, 10, 11, 12, 13, 14, 15, 16, 17, 18, 19, 20, 21, 22, 23, 24, 25, 26, 27, 28, 29, 30, 31, 32, 33, 34, 35, 36, 37, 38, 39], "data": [0.0, 0.042011981603161795, 0.014716916024645792, 0.0, 0.0, 0.0, 0.006848620366583248, 0.0, 0.0, 0.020491639853228622, 0.000525686489879856, 0.0, 0.027549160642758454, 0.03241113842236343, 0.0, 0.0, 0.003944861274660285, 0.010145533735749264, 0.002956180876570901, 0.0, 0.004922794934259957, 0.0, 0.0011384526275415874, 0.0, 0.0, 0.0, 0.06491401839781692, 0.002213507925404137, 0.0021433664178746787, 0.017677755306636782, 0.0, 0.0, 0.00038920215749270925, 0.0, 0.0, 0.007198251762533601, 0.0, 0.017676709191277867, 0.04659136391892864, 0.0]}