{"labels": [0, 1, 2, 3, 4, 5, 6, 7, 8, 9, 10, 11, 12, 13, 14, 15, 16, 17, 18, 19, 20, 21, 22, 23, 24, 25, 26, 27, 28, 29, 30, 31, 32, 33, 34, 35, 36, 37, 38, 39], "data": [0.0, 0.019125244746275253, 0.0, 0.0, 0.0, 0.005909751841284096, 0.0, 0.004716782702504302, 0.0, 0.051852586943502074, 0.0036932409702371397, 0.0, 0.0, 0.015506855830667497, 0.0, 0.0, 0.0, 0.06372536225219562, 0.0, 0.05079233542103942, 0.0, 0.0, 0.026284672010810785, 0.008255935563338805, 0.0, 0.0, 0.0, 0.0, 0.0, 0.00637428342183568, 0.0, 0.0, 0.0, 0.0016000883486862304, 0.005372423532208768, 0.0, 0.04214663062267157, 0.0, 0.0, 0.0005407991931912033]}