{"labels": [0, 1, 2, 3, 4, 5, 6, 7, 8, 9, 10, 11, 12, 13, 14, 15, 16, 17, 18, 19, 20, 21, 22, 23, 24, 25, 26, 27, 28, 29, 30, 31, 32, 33, 34, 35, 36, 37, 38, 39], "data": [0.012160685744070605, 0.016116837681068027, 0.0, 0.00125635883710559, 0.03125469056604824, 0.0, 0.0, 0.0, 0.0, 0.03541081818495117, 0.0, 0.0, 0.0, 0.002458348640367849, 0.0, 0.0, 0.0, 0.0, 0.026750140574276805, 0.024442126113613925, 0.002554604247448656, 0.024492549467643433, 0.0, 0.0, 0.007237021987463032, 0.0037954810276347, 0.0, 0.0, 0.00232269854333775, 0.0, 0.006409533937392968, 0.0, 0.0010631916323150861, 0.0, 0.003097927232814963, 0.0, 0.010714083811272375, 0.016101267323172914, 0.0, 0.0]}