{"labels": [0, 1, 2, 3, 4, 5, 6, 7, 8, 9, 10, 11, 12, 13, 14, 15, 16, 17, 18, 19, 20, 21, 22, 23, 24, 25, 26, 27, 28, 29, 30, 31, 32, 33, 34, 35, 36, 37, 38, 39], "data": [0.001541556198128964, 0.0009657613099956407, 0.0019303690719182703, 0.0, 0.006467017262435099, 0.0, 0.001579826203420589, 0.010358566015893841, 0.0, 0.0, 0.0, 0.0, 0.036067651425097116, 0.005123946416635138, 0.0, 0.0, 0.038364901168441816, 0.006142796621773692, 0.0010532159839068962, 0.0, 0.0, 0.0, 0.0015300261202620868, 0.0, 0.0008483654042408088, 0.0, 0.0, 0.0010057158301773781, 0.003421974730978876, 0.0, 0.0, 0.0, 0.0, 0.08537602847612069, 0.01966614414998922, 0.0, 0.0, 0.08009028864543695, 0.0, 0.0]}