{"labels": [0, 1, 2, 3, 4, 5, 6, 7, 8, 9, 10, 11, 12, 13, 14, 15, 16, 17, 18, 19, 20, 21, 22, 23, 24, 25, 26, 27, 28, 29, 30, 31, 32, 33, 34, 35, 36, 37, 38, 39], "data": [0.0, 0.0, 0.042010125295403766, 0.0, 0.0, 0.0, 0.0, 0.0030907918005204462, 0.003666844104699441, 0.0065014685344890535, 0.003153686732129323, 0.0, 0.0, 0.0, 0.016885155624423494, 0.0020513522780406753, 0.0014651830746398667, 0.0006746182244058231, 0.009400719250512918, 0.0, 0.008897693116753034, 0.0, 0.0, 0.0, 0.0017532791184659995, 0.0, 0.0004532840150434079, 0.04796402921976883, 0.008010779422226676, 0.0, 0.005648419324469788, 0.0, 0.004286992875434152, 0.012173797078760365, 0.0, 0.023438042881510524, 0.0546675083943301, 0.03221621541302488, 0.0, 0.0]}