{"labels": [0, 1, 2, 3, 4, 5, 6, 7, 8, 9, 10, 11, 12, 13, 14, 15, 16, 17, 18, 19, 20, 21, 22, 23, 24, 25, 26, 27, 28, 29, 30, 31, 32, 33, 34, 35, 36, 37, 38, 39], "data": [0.004261595108916473, 0.002588153095024276, 0.010754251542434886, 0.0, 0.04636817821586608, 0.0, 0.008995080242054447, 0.0, 0.00489919501222163, 0.002492128619678079, 0.0, 4.553096726699991e-05, 0.0, 0.0, 0.0007157891482255396, 0.0, 0.0, 0.0, 0.0014816214171673198, 0.0, 0.0, 0.0005462627399561054, 0.09422492134619932, 0.0, 0.018598972021154896, 0.015085358766999854, 0.0, 0.0, 0.04629622086932601, 0.0034113559672279636, 0.0, 0.00013376808357319707, 2.4586507791111712e-05, 0.0, 0.03046523069049204, 0.006859553408152393, 0.0, 0.0337232504244472, 0.0, 0.0017525692729722232]}