{"labels": [0, 1, 2, 3, 4, 5, 6, 7, 8, 9, 10, 11, 12, 13, 14, 15, 16, 17, 18, 19, 20, 21, 22, 23, 24, 25, 26, 27, 28, 29, 30, 31, 32, 33, 34, 35, 36, 37, 38, 39], "data": [0.002685625302993632, 0.0007963398979285609, 0.0, 0.017095433470843153, 0.009989839671981016, 0.0, 0.0017773712348840612, 0.003198657116468812, 0.0, 0.0, 0.0, 0.0028364038392747863, 0.031089939098240857, 0.022033707266707784, 0.0, 0.0, 0.00018802825857661641, 0.0, 0.007496918404436447, 0.0, 0.0, 0.0006808671479931297, 0.0, 0.0, 0.0, 0.0007870688055256461, 0.0, 0.017894279832594732, 0.0, 0.009753255596436894, 0.0013024054207527072, 0.006127238692004669, 0.00041657435018798203, 0.01608717797341717, 0.03417291030037663, 0.038829886329956854, 0.0007505635369240115, 0.0, 0.0, 0.0]}