{"labels": [0, 1, 2, 3, 4, 5, 6, 7, 8, 9, 10, 11, 12, 13, 14, 15, 16, 17, 18, 19, 20, 21, 22, 23, 24, 25, 26, 27, 28, 29, 30, 31, 32, 33, 34, 35, 36, 37, 38, 39], "data": [0.0, 0.025227778246625684, 0.03177883841597708, 0.0, 0.0, 0.0, 0.0, 0.0, 7.085700887493897e-05, 0.0, 0.0, 0.0, 0.0, 0.0, 0.0, 0.0016527915624784117, 0.0, 0.008356005109970279, 0.0, 0.0014513944985395102, 0.0, 0.00140384059750748, 0.001980671104646355, 0.0, 0.0, 0.0, 0.002813271141960678, 0.016287447201177776, 0.0035601846123994763, 0.0, 0.0, 0.010644572292440427, 0.0, 0.0, 0.0, 0.0020279783174461247, 0.01151217241426041, 0.10411740837898299, 0.00519815630088116, 0.0]}