{"labels": [0, 1, 2, 3, 4, 5, 6, 7, 8, 9, 10, 11, 12, 13, 14, 15, 16, 17, 18, 19, 20, 21, 22, 23, 24, 25, 26, 27, 28, 29, 30, 31, 32, 33, 34, 35, 36, 37, 38, 39], "data": [0.0004323160338519359, 0.0, 0.015852015964959453, 0.0, 0.02564686044816071, 0.0, 0.00426550875398347, 0.001457410081679755, 0.0, 0.014776795083666075, 0.0, 0.11096104780913994, 0.0, 0.006301021074995506, 0.0, 0.0, 0.0004649758569639836, 0.0, 0.0, 0.0, 0.0, 0.0013571837709927426, 0.0, 0.006959845567995362, 0.0, 0.006661766958393693, 0.0029385585334358285, 0.0, 0.0072082323243254, 0.015361326350282044, 0.002469294626262256, 0.004176916478242846, 0.0, 0.0, 0.01610168760075331, 0.0, 0.0053284242816444395, 0.04341749214564174, 0.020674310131866037, 0.02783112265505881]}