{"labels": [0, 1, 2, 3, 4, 5, 6, 7, 8, 9, 10, 11, 12, 13, 14, 15, 16, 17, 18, 19, 20, 21, 22, 23, 24, 25, 26, 27, 28, 29, 30, 31, 32, 33, 34, 35, 36, 37, 38, 39], "data": [0.2554608460835355, 0.0, 0.0, 0.0, 0.0, 0.01166596637032276, 0.0, 0.0, 0.008282851341512801, 0.0, 0.0, 0.0, 0.0, 0.0, 0.0, 0.0, 0.02012847830331929, 0.03275198363694908, 0.0, 0.018802090807855665, 0.0, 0.0, 0.0, 0.0, 0.0, 0.0, 0.0, 0.0, 0.0, 0.0, 0.0, 0.0, 0.0, 0.0, 0.0, 0.0, 0.0, 0.009268836350671215, 0.005098361925972554, 0.0]}