{"labels": [0, 1, 2, 3, 4, 5, 6, 7, 8, 9, 10, 11, 12, 13, 14, 15, 16, 17, 18, 19, 20, 21, 22, 23, 24, 25, 26, 27, 28, 29, 30, 31, 32, 33, 34, 35, 36, 37, 38, 39], "data": [0.0, 0.0, 0.0, 0.0, 0.00048194601450726667, 0.004197814938520625, 0.0, 0.0, 0.0, 0.002417372950720655, 0.0, 0.0, 0.0, 0.005446903513565515, 0.0, 0.0, 0.0001941165887625535, 0.03231828649788169, 0.0, 0.001138252841423212, 0.0, 0.0, 0.07360767457515746, 0.0035044430026018015, 0.026573325376854667, 0.0, 0.03356968728391118, 0.02045718049266101, 0.0, 0.005699683821937305, 0.009070700255262333, 0.0004776442617717516, 0.0, 0.010221927396906328, 0.003975077837432099, 0.0, 0.08283672622073981, 0.0, 0.028203818386198395, 0.0]}