{"labels": [0, 1, 2, 3, 4, 5, 6, 7, 8, 9, 10, 11, 12, 13, 14, 15, 16, 17, 18, 19, 20, 21, 22, 23, 24, 25, 26, 27, 28, 29, 30, 31, 32, 33, 34, 35, 36, 37, 38, 39], "data": [0.0, 0.0008654802612350979, 0.0, 0.0, 0.0, 0.0, 0.013166609076650574, 0.05890700066671166, 0.0, 0.01087257774725602, 0.007340983048346097, 0.0, 0.0, 0.0, 0.0, 0.0, 0.0012721424799392491, 0.048448028084250964, 0.0, 0.0, 0.0, 0.0, 0.0, 0.0, 0.0, 0.0, 0.0, 0.059637234791451395, 0.0, 0.0076670584517420474, 0.0, 0.0, 0.0, 0.0, 0.012929859707955162, 0.04604868384441631, 0.0, 0.0, 0.0, 0.0]}