{"labels": [0, 1, 2, 3, 4, 5, 6, 7, 8, 9, 10, 11, 12, 13, 14, 15, 16, 17, 18, 19, 20, 21, 22, 23, 24, 25, 26, 27, 28, 29, 30, 31, 32, 33, 34, 35, 36, 37, 38, 39], "data": [0.0, 0.0, 0.0, 0.0, 0.0, 0.04070415941433959, 0.0, 0.014706824535313568, 0.0, 0.0, 0.0, 0.0015706888373717108, 0.0, 0.0, 0.0, 0.0, 0.017072334678734136, 0.013513399343447205, 0.1592806256267762, 0.0, 0.06669784753878819, 0.0, 0.0, 0.0, 0.027027793383498915, 0.1507579742219505, 0.0, 0.0, 0.0, 0.03670822064981289, 0.0, 0.0, 0.0, 0.0, 0.0, 0.0, 0.0, 0.0, 0.18081848583442572, 0.028715773315813205]}