{"labels": [0, 1, 2, 3, 4, 5, 6, 7, 8, 9, 10, 11, 12, 13, 14, 15, 16, 17, 18, 19, 20, 21, 22, 23, 24, 25, 26, 27, 28, 29, 30, 31, 32, 33, 34, 35, 36, 37, 38, 39], "data": [0.0, 0.0, 0.0, 0.0, 0.0, 0.0, 0.004751641747675836, 0.07417141195148572, 0.0, 0.0, 0.017154445328773894, 0.0, 0.0, 0.0, 0.009017798469092626, 0.0, 0.0027040865706762845, 0.0, 0.016276086698470926, 0.0013197293918548465, 0.0, 0.0, 0.03909197261259833, 0.0, 0.04605728526041024, 0.0, 0.0, 0.0056818771674959755, 0.014414460101573384, 0.0, 0.005833060195457841, 0.0, 0.0, 0.00584211655536178, 0.012614538253686153, 0.0, 0.0, 0.017497796053981673, 0.025660166085029874, 0.0]}