{"labels": [0, 1, 2, 3, 4, 5, 6, 7, 8, 9, 10, 11, 12, 13, 14, 15, 16, 17, 18, 19, 20, 21, 22, 23, 24, 25, 26, 27, 28, 29, 30, 31, 32, 33, 34, 35, 36, 37, 38, 39], "data": [0.0032253170638636914, 0.0, 0.0, 0.0460848859962426, 0.01777672949529654, 0.005917122290295171, 0.0, 0.0, 0.0, 0.0, 0.0, 0.0034137164812126776, 0.03630251007023924, 0.0, 0.0, 0.0, 0.0, 0.0, 0.0018447005709574856, 0.0, 0.0, 0.025471886140200923, 0.00036986151569085685, 0.0, 0.0, 0.01675958606638664, 0.0, 0.024069816565251482, 0.0034745406235918343, 0.001000249125993075, 0.0261076718753359, 0.002195683164515526, 0.0, 0.051030965879416516, 0.02655552318470429, 0.0030302941358411684, 0.0, 0.018003562921901733, 0.0, 0.0]}