{"labels": [0, 1, 2, 3, 4, 5, 6, 7, 8, 9, 10, 11, 12, 13, 14, 15, 16, 17, 18, 19, 20, 21, 22, 23, 24, 25, 26, 27, 28, 29, 30, 31, 32, 33, 34, 35, 36, 37, 38, 39], "data": [0.0, 0.0, 0.02868215737997396, 0.0, 0.011990695647612614, 0.0, 0.0, 0.006053347028512607, 0.02297531410998823, 0.0, 0.0, 0.01046954296724207, 0.0025536053771760612, 0.003601536596895935, 0.016203560941872558, 0.0, 0.0, 0.009490179382483544, 0.04618159373994924, 0.0, 0.01345709123001143, 0.014827514872906646, 0.0, 0.0, 0.01901323148942889, 0.020875982901904382, 0.004273604397093537, 0.001209605055486202, 0.0012216026400640862, 0.0, 0.003274680151159881, 0.0, 0.0, 0.007530860895802099, 0.02656307750530583, 0.02688780443657655, 0.022750271905066805, 0.009991993938207282, 0.0, 0.0016390413427818519]}