{"labels": [0, 1, 2, 3, 4, 5, 6, 7, 8, 9, 10, 11, 12, 13, 14, 15, 16, 17, 18, 19, 20, 21, 22, 23, 24, 25, 26, 27, 28, 29, 30, 31, 32, 33, 34, 35, 36, 37, 38, 39], "data": [0.0008785792807100287, 0.0044033019216806425, 0.02418512914373948, 0.0, 0.002192284744089284, 0.0, 0.00038912464752789407, 0.0, 0.002308835631951481, 0.027275217843107363, 0.0072587330701285, 0.005545159936999651, 0.0, 0.0, 0.006799047489277547, 0.0012358956984347153, 0.0, 0.0, 0.0, 0.0, 0.01636084055290342, 0.0004934019833994855, 0.0014275416451245743, 0.0, 0.0011416692505579616, 0.0, 0.0, 0.0, 0.0012758530370483643, 0.01547923891089001, 0.020965179416571566, 0.0, 0.0, 0.0195837663760638, 0.0, 0.0, 0.0032944678154333716, 0.0, 0.0, 0.0]}