{"labels": [0, 1, 2, 3, 4, 5, 6, 7, 8, 9, 10, 11, 12, 13, 14, 15, 16, 17, 18, 19, 20, 21, 22, 23, 24, 25, 26, 27, 28, 29, 30, 31, 32, 33, 34, 35, 36, 37, 38, 39], "data": [0.005628940844592351, 0.0, 0.0, 0.039076787885671836, 0.00010086072399304472, 0.0, 0.0, 0.0, 0.0, 0.0, 0.005775611723583598, 0.0, 0.0, 0.001487352346310477, 0.01059440949876145, 0.0, 0.0, 0.02705634182719285, 0.01361884729829598, 0.028161952249030515, 0.0, 0.0, 0.0, 0.0008943675622235632, 0.0, 0.0, 0.0, 0.019293048201312602, 0.0, 0.0, 0.0015538570267816507, 0.07724851744171009, 0.0, 8.874224497651412e-05, 0.0, 0.019270443355181344, 0.015216262125007372, 0.009833124200401404, 0.008754229245284614, 0.0]}