{"labels": [0, 1, 2, 3, 4, 5, 6, 7, 8, 9, 10, 11, 12, 13, 14, 15, 16, 17, 18, 19, 20, 21, 22, 23, 24, 25, 26, 27, 28, 29, 30, 31, 32, 33, 34, 35, 36, 37, 38, 39], "data": [0.024704755666589022, 0.007630416804336712, 0.0, 0.0, 0.0, 0.0, 0.0035209621853809674, 0.0, 0.0, 0.0, 0.0, 0.0, 0.00397569692445129, 0.024536948476729187, 0.011389672798542024, 0.0, 0.0, 0.014650983135572896, 0.009814016569095491, 0.0, 0.027303995459869643, 0.0, 0.0, 0.0, 0.0, 0.0435653786946125, 0.0, 0.0014234953414822712, 0.0, 0.0, 0.0, 0.0, 0.024210359743067286, 0.0, 0.005762203398176611, 0.04772386821974432, 0.023928931997123145, 0.007541094851766943, 0.04024363787787957, 0.002807248304031506]}