{"labels": [0, 1, 2, 3, 4, 5, 6, 7, 8, 9, 10, 11, 12, 13, 14, 15, 16, 17, 18, 19, 20, 21, 22, 23, 24, 25, 26, 27, 28, 29, 30, 31, 32, 33, 34, 35, 36, 37, 38, 39], "data": [0.0, 0.0021462143969933445, 0.0, 0.0006618370546180804, 0.0003878681216925937, 0.0037573228969806903, 0.003498938042640877, 0.0, 0.003830803196714992, 0.009501252868810508, 0.0009284530043992, 0.0, 0.0, 0.003390111187016409, 0.0, 0.0, 0.0022293966823411305, 0.03133404513921646, 0.025929396569368178, 0.0, 0.02087232228723489, 0.0, 0.03599497960248403, 0.0033797174612095623, 0.0, 0.002707009345663905, 9.45460795322835e-05, 0.03348719324243319, 0.006077789896183091, 0.00975474932394614, 0.0, 0.006715630010203367, 0.002585947363817924, 0.04102143567312576, 0.0, 0.0, 0.0, 0.0, 0.003959697030503722, 0.0]}