{"labels": [0, 1, 2, 3, 4, 5, 6, 7, 8, 9, 10, 11, 12, 13, 14, 15, 16, 17, 18, 19, 20, 21, 22, 23, 24, 25, 26, 27, 28, 29, 30, 31, 32, 33, 34, 35, 36, 37, 38, 39], "data": [0.0037113465091837884, 0.0, 0.0, 0.05325453115397309, 0.036487458830645865, 0.005111084687061415, 0.00939870567516105, 0.0, 0.002223039641085863, 0.013207500027302114, 4.243662980533963e-06, 0.0, 0.0, 0.0, 0.0, 0.0, 0.0, 0.058915297517118624, 0.025336673944300024, 0.018885079316793587, 0.044741419178807314, 0.008354436426550569, 0.006750719624890848, 0.0, 0.0, 0.002029793477817722, 0.0050251771997804695, 0.0, 0.0014652325372791234, 0.0, 0.0029928664383416, 0.001626527308117407, 0.0, 0.0027220976329957, 0.0, 0.0, 0.034560941687510505, 0.005509436058313425, 0.00024025384098710356, 0.024705640774205426]}