{"labels": [0, 1, 2, 3, 4, 5, 6, 7, 8, 9, 10, 11, 12, 13, 14, 15, 16, 17, 18, 19, 20, 21, 22, 23, 24, 25, 26, 27, 28, 29, 30, 31, 32, 33, 34, 35, 36, 37, 38, 39], "data": [0.014127803449752929, 0.02096433918604364, 0.027974499325714473, 0.0031731729918261825, 0.012347089551876652, 0.01269736219632273, 0.0, 0.0, 0.0, 0.0, 0.0, 0.0023604767587677147, 0.0, 0.0, 0.04758794269331454, 0.0, 0.0, 0.007197782557974871, 0.016725665320395423, 0.0, 0.0007496027358963989, 0.002156305630703956, 0.0009066630402812711, 0.0, 0.004250038072528344, 0.002401616963623454, 0.004022420627359307, 0.0025287041301645, 0.01676511499049246, 0.012405649594506823, 0.0051636879490681966, 0.0, 0.04011108071187104, 0.02449653191119175, 0.0012379705964237668, 0.02048202588338806, 0.0, 0.012805872336587644, 0.011077640789109666, 0.0008135515470383361]}