{"labels": [0, 1, 2, 3, 4, 5, 6, 7, 8, 9, 10, 11, 12, 13, 14, 15, 16, 17, 18, 19, 20, 21, 22, 23, 24, 25, 26, 27, 28, 29, 30, 31, 32, 33, 34, 35, 36, 37, 38, 39], "data": [0.0, 0.024237881476726494, 0.004568410378506637, 0.06564393490891801, 0.0, 0.036257133399034275, 0.008357471426955844, 0.0, 0.0, 0.012256462580713263, 0.0075028308006518584, 0.0, 0.002949204468173171, 0.0, 0.0021944463253572117, 0.012680312238845024, 0.0, 0.09842103804097858, 0.0, 0.00249992367972354, 0.006325169248642953, 0.0, 0.0, 0.0063466448663427886, 0.0, 0.0, 0.0, 0.001902878648704194, 0.004859376021346199, 0.0, 0.0, 0.0, 0.0012761910342899937, 0.021392750907272485, 0.005816843660315695, 0.0014513922260257427, 0.0034455818015144794, 0.0, 0.0, 0.0]}