{"labels": [0, 1, 2, 3, 4, 5, 6, 7, 8, 9, 10, 11, 12, 13, 14, 15, 16, 17, 18, 19, 20, 21, 22, 23, 24, 25, 26, 27, 28, 29, 30, 31, 32, 33, 34, 35, 36, 37, 38, 39], "data": [0.001688918851652832, 0.0, 0.00010962712957803763, 0.0, 0.016344269909181777, 0.0, 0.0, 0.0, 0.01518579675837534, 0.0038909005156322375, 0.04674081090968541, 0.0, 0.0, 0.0, 0.0060677649875534, 0.008813062980186364, 0.0, 0.0, 0.0, 0.0, 0.0, 0.0, 0.0, 0.0036075491794555835, 0.003806005453810143, 0.0001528120704853946, 0.016487942933016166, 0.0, 0.00941707070606081, 0.0021378976167203325, 0.007187755253603328, 0.0, 0.005021014860530553, 0.010412402848567868, 0.0, 0.0, 0.021457489329134376, 0.0, 0.0, 0.07243829244386746]}