{"labels": [0, 1, 2, 3, 4, 5, 6, 7, 8, 9, 10, 11, 12, 13, 14, 15, 16, 17, 18, 19, 20, 21, 22, 23, 24, 25, 26, 27, 28, 29, 30, 31, 32, 33, 34, 35, 36, 37, 38, 39], "data": [0.007815296149540492, 0.05003678994712942, 0.00636690492117857, 0.03971879458129541, 0.030504262791700414, 0.0, 0.038495255315072835, 0.0, 0.0, 0.010190082839055642, 0.0, 0.0, 0.0, 0.0, 0.0, 0.0, 0.0, 0.0, 0.0, 0.0, 0.002561015842771842, 0.0, 0.0, 0.0, 0.0005809147908250393, 0.0, 0.00014974266296311845, 0.0, 0.0, 0.009693555184950811, 0.00022234196761761242, 0.0, 0.006722290082201019, 0.0, 0.0, 0.0, 0.0, 0.0, 0.0, 0.0]}