{"labels": [0, 1, 2, 3, 4, 5, 6, 7, 8, 9, 10, 11, 12, 13, 14, 15, 16, 17, 18, 19, 20, 21, 22, 23, 24, 25, 26, 27, 28, 29, 30, 31, 32, 33, 34, 35, 36, 37, 38, 39], "data": [0.0, 0.0, 0.0, 0.0, 0.0, 0.05894308231265414, 0.025228096183454972, 0.0038255797959034768, 0.08200102963607864, 0.0, 0.0, 0.0, 0.0, 0.02827871701074731, 0.02294465274463285, 0.08523378091488557, 0.0, 0.0, 0.006933238968481049, 0.0, 0.0, 0.0, 0.08751350272903106, 0.0, 0.0013078622540226405, 0.0, 0.003144243210715888, 0.0, 0.0, 0.0, 0.0, 0.0, 0.0, 0.0, 0.0016233223463513386, 0.0, 0.0, 0.002780051551432899, 0.034981599964807084, 0.0]}