{"labels": [0, 1, 2, 3, 4, 5, 6, 7, 8, 9, 10, 11, 12, 13, 14, 15, 16, 17, 18, 19, 20, 21, 22, 23, 24, 25, 26, 27, 28, 29, 30, 31, 32, 33, 34, 35, 36, 37, 38, 39], "data": [0.0, 6.739816892871693e-05, 0.0, 0.0, 0.0, 0.0, 0.0, 0.0, 0.0, 0.0, 0.004771414058244901, 0.0, 0.0, 0.06603487276480945, 0.0, 0.0, 0.0, 0.0, 0.0, 0.0007604436149356745, 0.0, 0.0, 0.0007282249345156148, 0.14475864169769664, 0.027575721618027755, 0.0, 0.0, 0.0005673583709526451, 0.0, 0.0, 0.0, 0.00015980316403213236, 0.0, 0.0, 0.0, 0.0, 0.0, 0.008983709369235315, 0.0003179698770062371, 0.0005910590438322355]}