{"labels": [0, 1, 2, 3, 4, 5, 6, 7, 8, 9, 10, 11, 12, 13, 14, 15, 16, 17, 18, 19, 20, 21, 22, 23, 24, 25, 26, 27, 28, 29, 30, 31, 32, 33, 34, 35, 36, 37, 38, 39], "data": [0.002756447660375955, 0.0, 0.0, 0.0, 0.028290306703802462, 0.0, 0.06910668859730525, 0.0, 0.0, 0.00720701331093033, 0.0, 0.0, 0.012040658410037984, 0.0054458878733544686, 0.0, 0.0, 0.005842297357610622, 0.0, 0.0, 0.0, 0.0, 0.0, 0.0, 0.0, 1.9460677029903162e-05, 0.025440625297989235, 0.0, 0.0011947802197213818, 0.008325840682319827, 0.0, 0.0, 0.0, 0.0, 0.0019984426251618737, 0.0, 0.0, 0.0, 0.0, 0.05066425134841496, 0.0]}