{"labels": [0, 1, 2, 3, 4, 5, 6, 7, 8, 9, 10, 11, 12, 13, 14, 15, 16, 17, 18, 19, 20, 21, 22, 23, 24, 25, 26, 27, 28, 29, 30, 31, 32, 33, 34, 35, 36, 37, 38, 39], "data": [0.014016108287463821, 0.0, 0.0, 0.009600611345039202, 0.011147976607095747, 0.0028482767960480515, 0.045760081448923746, 0.0, 0.0, 0.02947703674133671, 0.0, 0.0, 0.0, 0.051727986423527515, 0.0, 0.04832355120043416, 0.0, 0.0, 0.010402681425058496, 0.0, 0.0036683842827383304, 0.0, 0.0, 0.025494745047341425, 0.0, 0.015545315801505026, 0.0, 0.00025947779713332125, 0.0005422138392766926, 0.0, 0.0, 0.0, 0.026871314279655965, 0.0, 0.011100074974846675, 0.0, 0.0, 0.0, 0.0, 0.003879760470053685]}