{"labels": [0, 1, 2, 3, 4, 5, 6, 7, 8, 9, 10, 11, 12, 13, 14, 15, 16, 17, 18, 19, 20, 21, 22, 23, 24, 25, 26, 27, 28, 29, 30, 31, 32, 33, 34, 35, 36, 37, 38, 39], "data": [0.0, 0.0, 0.18592313415727105, 0.0, 0.0, 0.0, 0.0, 0.0, 0.0, 0.030866840793712297, 0.0, 0.0011955389850247568, 0.040403640699523506, 0.0, 0.0, 0.020420704072338182, 0.004223981946410422, 0.0, 0.0, 0.06180105985183549, 0.0, 0.0, 0.04306062023531434, 0.0, 0.0, 0.0, 0.07718194925028286, 0.0, 0.1878045461189513, 0.0, 0.0, 0.0, 0.0, 0.0, 0.0, 0.05824124815308907, 0.07576586751772374, 0.004772555537928514, 0.0, 0.0]}