{"labels": [0, 1, 2, 3, 4, 5, 6, 7, 8, 9, 10, 11, 12, 13, 14, 15, 16, 17, 18, 19, 20, 21, 22, 23, 24, 25, 26, 27, 28, 29, 30, 31, 32, 33, 34, 35, 36, 37, 38, 39], "data": [0.011097437010957134, 0.004944380404669595, 0.006374093829875765, 0.005461038468948414, 0.018943347350046866, 0.002210481826747165, 0.008345068973400292, 0.0, 0.0023032372511038795, 0.013833846905899021, 0.007649167518345485, 0.0007407055937808639, 0.0, 0.0, 0.0, 0.0, 0.0027887516471593993, 0.011813482533151945, 0.0, 0.0362412954370374, 0.0, 0.0, 0.0, 0.013637713659929203, 0.0006295491314857469, 0.0009013600810242954, 0.0, 0.028038134445091196, 0.004042022533214617, 0.0, 0.0, 0.0, 0.0, 0.009940968498845654, 0.00421248138827813, 0.0010823800271395289, 0.0, 0.033855437413820064, 0.0, 0.0025590844390253865]}