{"labels": [0, 1, 2, 3, 4, 5, 6, 7, 8, 9, 10, 11, 12, 13, 14, 15, 16, 17, 18, 19, 20, 21, 22, 23, 24, 25, 26, 27, 28, 29, 30, 31, 32, 33, 34, 35, 36, 37, 38, 39], "data": [0.0033088876491754026, 0.0, 0.011327729200481161, 0.0, 0.05338717752507021, 0.007157284345713706, 0.0, 0.0, 0.0, 0.0, 0.0, 0.0, 0.0, 0.0, 0.0, 0.0, 0.0, 0.0, 0.0, 0.0015767323209295353, 0.0003724597597216463, 0.0, 0.0, 0.0, 0.009604819842033069, 0.0, 0.0, 0.0, 0.0, 0.0, 0.0011464867718449271, 0.0, 0.0, 0.12667370696692115, 0.031064641062817627, 0.0, 0.002900441451945159, 0.033909766609019135, 0.0, 0.0]}