{"labels": [0, 1, 2, 3, 4, 5, 6, 7, 8, 9, 10, 11, 12, 13, 14, 15, 16, 17, 18, 19, 20, 21, 22, 23, 24, 25, 26, 27, 28, 29, 30, 31, 32, 33, 34, 35, 36, 37, 38, 39], "data": [0.003357020320287396, 0.005161410601906777, 0.002168599324374595, 0.0, 0.0084813208145855, 0.0, 0.0, 0.0, 0.0, 0.0009652752800335473, 0.016310127282296336, 0.0, 0.011347219813396146, 0.004962573505951026, 0.013691518755464477, 0.0005074926314842825, 0.0, 0.0036213094709787604, 0.0015289605122800636, 0.00165883204590437, 0.0, 0.003706701652314046, 0.11185720605047289, 0.00364193232055188, 0.005495895131816439, 0.0, 0.0009458666225352178, 0.0013881887397217338, 0.001570891645040827, 0.0031300131516005755, 0.004186505669058174, 0.0007532249722554434, 0.0016183564672913357, 0.008623184070714567, 0.0, 0.0020011191232756076, 0.0, 0.020116263983304534, 0.039046906508947564, 0.0]}