{"labels": [0, 1, 2, 3, 4, 5, 6, 7, 8, 9, 10, 11, 12, 13, 14, 15, 16, 17, 18, 19, 20, 21, 22, 23, 24, 25, 26, 27, 28, 29, 30, 31, 32, 33, 34, 35, 36, 37, 38, 39], "data": [0.001774200077555977, 0.00022380490669498187, 0.0, 0.0, 0.0, 0.0, 0.02185840611931302, 0.0, 0.0, 0.0, 0.001529827962969987, 0.0, 0.0, 0.0, 0.053720998034484095, 0.0, 0.0, 0.0, 0.0011010698464219938, 0.0, 0.0024183913248302918, 0.034813479795559585, 0.0, 0.0, 0.0, 0.0, 0.030859379873512057, 0.0, 0.0, 0.02347123894909877, 0.011613461230290632, 0.0, 0.010031361902434583, 0.0, 0.0, 0.0897239996888133, 0.09425613363876462, 0.006828732064028164, 0.02726131007666064, 0.0]}