{"labels": [0, 1, 2, 3, 4, 5, 6, 7, 8, 9, 10, 11, 12, 13, 14, 15, 16, 17, 18, 19, 20, 21, 22, 23, 24, 25, 26, 27, 28, 29, 30, 31, 32, 33, 34, 35, 36, 37, 38, 39], "data": [0.005287948802884446, 0.0, 0.0, 0.0, 0.03789116473948032, 0.0, 0.0, 0.0, 0.0006627772501846451, 0.0, 0.0, 0.0, 0.0, 0.0, 0.008307319834728289, 0.0, 0.0, 0.003168370954535704, 0.0, 0.0014422863787460984, 0.006449284923198624, 0.0, 0.0, 0.0, 0.026998693131314422, 0.0, 0.0, 0.0003914517483496047, 0.0, 0.0, 0.0, 0.0009530513994288113, 0.0, 0.0, 0.007314029705753808, 0.0015508504924719735, 0.0, 0.05524762438185321, 0.0018006561411584587, 0.0004125477935646093]}