{"labels": [0, 1, 2, 3, 4, 5, 6, 7, 8, 9, 10, 11, 12, 13, 14, 15, 16, 17, 18, 19, 20, 21, 22, 23, 24, 25, 26, 27, 28, 29, 30, 31, 32, 33, 34, 35, 36, 37, 38, 39], "data": [0.0, 0.0, 0.0019066103145978124, 0.0, 0.0019454036861953788, 0.001768385974143744, 0.009696313677069501, 0.0, 0.03356804768211938, 0.01373171885784402, 0.0, 0.0, 0.002082735180875579, 0.001028852480307907, 0.0, 0.006604493978332969, 0.0030395795946835005, 0.0, 0.0, 0.0, 0.0066960598699900035, 0.0, 0.0013812830339809748, 0.0, 0.018637406289032044, 0.0, 0.004504417540487503, 0.00037524932008965695, 0.0035242630768563435, 0.009476349581496821, 0.0, 0.001706551219053375, 0.0, 0.0, 0.004970408396365555, 0.0, 0.0, 0.00014990026239677747, 0.0, 0.004011070704951516]}