{"labels": [0, 1, 2, 3, 4, 5, 6, 7, 8, 9, 10, 11, 12, 13, 14, 15, 16, 17, 18, 19, 20, 21, 22, 23, 24, 25, 26, 27, 28, 29, 30, 31, 32, 33, 34, 35, 36, 37, 38, 39], "data": [0.0, 0.0, 0.001904617533432139, 0.0, 0.007585977412606421, 0.0013503444717167402, 0.012762134280526794, 0.0, 0.0013097974506866847, 0.012930306806237551, 0.0033190734546822876, 0.0031787788528348376, 0.0, 0.0, 0.00607885386815611, 0.004203290141108332, 0.0057039032061824415, 0.010460489464929942, 0.006867615771359998, 0.0, 0.0, 0.024288415679624153, 0.0033488312633676715, 0.0015678854051116675, 0.00360006743545896, 0.06251751501663806, 0.002868453732116526, 0.004067449999194912, 0.05245664155122878, 0.0, 0.024520888261297034, 0.008051394697590357, 0.0, 0.0, 0.01503074122043966, 0.0, 0.0, 0.003426757272778496, 0.0, 0.0031589420692750155]}