{"labels": [0, 1, 2, 3, 4, 5, 6, 7, 8, 9, 10, 11, 12, 13, 14, 15, 16, 17, 18, 19, 20, 21, 22, 23, 24, 25, 26, 27, 28, 29, 30, 31, 32, 33, 34, 35, 36, 37, 38, 39], "data": [0.0, 0.0, 0.0, 0.04662983646787918, 0.03917358212432473, 0.03146592297171732, 0.0, 0.0, 0.01731191885013213, 0.0, 0.0, 0.0, 0.0, 0.0, 0.0, 0.040750824667988066, 0.05889135608869441, 0.0, 0.0655937161116717, 0.0, 0.0, 0.024651171104943834, 0.00036078407014950584, 0.0, 0.0, 0.07681541276999497, 0.06544509386486735, 0.0, 0.0, 0.0020599908310850747, 0.0, 0.007165441855385144, 0.0, 0.03606287311049566, 0.0, 0.1260241925624272, 0.0, 0.0, 0.0, 0.0010365537830929119]}