{"labels": [0, 1, 2, 3, 4, 5, 6, 7, 8, 9, 10, 11, 12, 13, 14, 15, 16, 17, 18, 19, 20, 21, 22, 23, 24, 25, 26, 27, 28, 29, 30, 31, 32, 33, 34, 35, 36, 37, 38, 39], "data": [0.0, 0.0035338364182622194, 0.0, 0.011172823253281141, 0.0, 0.016298414810334255, 0.0, 0.0, 0.01713752216724873, 0.0, 0.0, 0.0, 0.0, 0.0, 0.0, 0.02229625996274586, 0.0, 0.0, 0.0, 0.00021923129995427058, 0.0, 0.0, 0.0, 0.0, 0.05310394403176808, 0.0, 0.0012038402214147965, 0.0, 0.0, 0.0, 0.0, 0.05239909358726947, 0.0, 0.0, 0.012288807311797349, 0.0, 0.09078024408273011, 0.0, 0.0, 0.0]}