{"labels": [0, 1, 2, 3, 4, 5, 6, 7, 8, 9, 10, 11, 12, 13, 14, 15, 16, 17, 18, 19, 20, 21, 22, 23, 24, 25, 26, 27, 28, 29, 30, 31, 32, 33, 34, 35, 36, 37, 38, 39], "data": [0.0, 0.7445418916933678, 0.0, 0.0, 0.0, 0.0, 0.0, 0.021526373258767276, 0.0, 0.09640625939597985, 0.0, 0.0, 0.0, 0.0, 0.0, 0.0, 0.0, 0.0, 0.0, 0.058297166010642776, 0.0, 0.0, 0.0, 0.0, 0.0, 0.0, 0.0, 0.0, 0.0, 0.2748343631096776, 0.0, 0.0, 0.0, 0.0, 0.0, 0.0, 0.033474161724483545, 0.0, 0.0, 0.0]}