{"labels": [0, 1, 2, 3, 4, 5, 6, 7, 8, 9, 10, 11, 12, 13, 14, 15, 16, 17, 18, 19, 20, 21, 22, 23, 24, 25, 26, 27, 28, 29, 30, 31, 32, 33, 34, 35, 36, 37, 38, 39], "data": [0.0, 0.0, 0.0021073690703946367, 0.0, 0.0069374911314086275, 0.0, 0.007280107562548223, 0.08778263779546042, 0.0, 0.0, 0.0017434887375006166, 0.0, 0.0, 0.0, 0.0053816402490449436, 0.0, 0.0, 0.004067611394375601, 0.0, 0.03754898946440821, 0.0, 0.04300903491783202, 0.0, 0.0, 0.05177915547462835, 0.0, 0.001270537856020972, 0.02805974609933021, 0.0020958191407976848, 0.0018490278211321413, 0.0, 0.00021822931258293823, 0.0, 0.0, 0.0, 0.0, 0.0, 0.0, 0.0, 0.0]}