{"labels": [0, 1, 2, 3, 4, 5, 6, 7, 8, 9, 10, 11, 12, 13, 14, 15, 16, 17, 18, 19, 20, 21, 22, 23, 24, 25, 26, 27, 28, 29, 30, 31, 32, 33, 34, 35, 36, 37, 38, 39], "data": [0.04505619763470067, 0.0, 0.007176625555729703, 0.0, 0.0, 0.0, 0.02243071002951974, 0.0, 0.003655304390177234, 0.0, 0.0, 0.0, 3.767580649534525e-05, 0.0, 0.0001678523426840622, 0.0, 0.055049741771705955, 0.01774556695314607, 0.0, 0.011838934752245565, 0.0, 0.037385263438840265, 0.0, 0.00025615015376295063, 0.0, 0.0182446219053267, 0.0, 0.006875607699427573, 0.0, 0.005387327376604937, 0.0, 0.0, 0.02912344304307579, 0.01812457866409577, 0.001647379757519075, 0.0, 0.0, 0.012274423222179195, 0.0, 0.0005649620460147717]}