{"labels": [0, 1, 2, 3, 4, 5, 6, 7, 8, 9, 10, 11, 12, 13, 14, 15, 16, 17, 18, 19, 20, 21, 22, 23, 24, 25, 26, 27, 28, 29, 30, 31, 32, 33, 34, 35, 36, 37, 38, 39], "data": [0.0, 0.0, 0.0, 0.0, 0.0, 0.0, 0.021780909560268603, 0.0, 0.00076593494390892, 0.0, 0.0, 0.008743674567718743, 0.0, 0.03225008231410662, 0.0, 0.0, 0.0, 0.02647465263695059, 0.009510004649553514, 0.0, 0.0, 0.0029790336795707853, 0.0, 0.0, 0.0, 0.05220996473404794, 0.0, 0.0, 0.0, 0.0, 0.0, 0.006906088992777226, 0.03422574892830927, 0.015609603551606992, 0.01350674856422492, 0.0, 0.002174832001731413, 0.0, 0.0007228885821089714, 0.002394664284329556]}