{"labels": [0, 1, 2, 3, 4, 5, 6, 7, 8, 9, 10, 11, 12, 13, 14, 15, 16, 17, 18, 19, 20, 21, 22, 23, 24, 25, 26, 27, 28, 29, 30, 31, 32, 33, 34, 35, 36, 37, 38, 39], "data": [6.7183747437341864e-06, 0.006602444016458384, 0.0018847473873373874, 0.0008437354110164946, 0.0, 0.0, 0.0, 0.026275686553467632, 0.0, 0.0, 0.01118541116410183, 0.0040402403173856105, 0.008414201012038216, 0.00045266171927724663, 0.01633292378021119, 0.004256804778482706, 0.0, 0.003050422277625073, 0.020874415499392684, 0.030972113373816838, 0.0, 0.0, 0.000573282585617704, 0.0, 0.012561617837074943, 0.0, 0.04303151835616382, 0.0, 0.0, 0.0, 0.0, 0.001467324198442482, 0.0, 0.005327961359515768, 0.011621211650852621, 0.04574609769012067, 0.007287041369720086, 0.02568795382937791, 0.0003748225525458364, 0.0]}