{"labels": [0, 1, 2, 3, 4, 5, 6, 7, 8, 9, 10, 11, 12, 13, 14, 15, 16, 17, 18, 19, 20, 21, 22, 23, 24, 25, 26, 27, 28, 29, 30, 31, 32, 33, 34, 35, 36, 37, 38, 39], "data": [0.0, 0.0, 0.019209387395414487, 0.0, 0.0, 0.0, 0.0, 0.0804459485044061, 0.004061814117846429, 0.0, 0.011899620124604013, 0.0, 0.0, 0.0, 0.0, 0.0, 0.0, 0.0, 0.0, 0.0, 0.0023093151059388963, 0.0, 0.04748250940854532, 0.0, 0.0, 0.0, 0.0, 0.0, 0.010113749583248883, 0.009014571121071823, 0.06376800671924725, 0.0, 0.0, 0.04282357335892701, 0.0, 0.0, 0.0, 2.1657780603474888e-05, 0.032766527234716965, 0.0]}