{"labels": [0, 1, 2, 3, 4, 5, 6, 7, 8, 9, 10, 11, 12, 13, 14, 15, 16, 17, 18, 19, 20, 21, 22, 23, 24, 25, 26, 27, 28, 29, 30, 31, 32, 33, 34, 35, 36, 37, 38, 39], "data": [0.004601666910431482, 0.009507728091543087, 0.026426933858792915, 0.001746033161208176, 0.0, 0.0, 0.026527939250146126, 0.0, 0.021950863733386616, 0.0, 0.0016208130680413426, 0.003865718512312252, 0.0, 0.008372540825202642, 0.02845000071156389, 0.0, 0.0, 0.0, 0.0, 0.0, 0.0, 0.00249794665673007, 0.0, 0.0, 0.0, 0.02144701870949595, 0.04448327943759349, 0.0, 0.0, 0.0050699209084334165, 0.0, 0.0, 0.05780960273932516, 0.0, 0.002079463785630493, 0.011204004673070483, 0.0, 0.0045554206635723855, 0.06004535998980251, 0.0]}