{"labels": [0, 1, 2, 3, 4, 5, 6, 7, 8, 9, 10, 11, 12, 13, 14, 15, 16, 17, 18, 19, 20, 21, 22, 23, 24, 25, 26, 27, 28, 29, 30, 31, 32, 33, 34, 35, 36, 37, 38, 39], "data": [0.001046382736417156, 5.531984546384453e-07, 0.022095171186640818, 0.005154199942652337, 0.0034473990583420047, 0.0061500831646809405, 0.02187793315480152, 0.0, 0.0, 0.008127272140350774, 0.0, 0.019003214470301226, 0.0, 0.029091551466502313, 0.024498405361009237, 0.0, 0.006549002703548848, 0.0, 0.09478198829829797, 0.0, 0.01612284115171858, 0.0, 0.019949800610091998, 0.0, 0.002114742730021867, 0.0, 0.03462022429491228, 0.0, 0.0, 0.00960508753784283, 0.01235366803812915, 0.0, 0.026520820508207876, 0.025071112764560293, 0.00646757128952994, 0.0, 0.0017788216979477821, 0.0, 0.029662236893284795, 0.0]}