{"labels": [0, 1, 2, 3, 4, 5, 6, 7, 8, 9, 10, 11, 12, 13, 14, 15, 16, 17, 18, 19, 20, 21, 22, 23, 24, 25, 26, 27, 28, 29, 30, 31, 32, 33, 34, 35, 36, 37, 38, 39], "data": [0.009131774752039344, 0.001341393907079894, 0.003362011202957403, 0.0023295988386285655, 0.0, 0.003757494758801788, 0.029764279069608192, 0.0, 0.0, 0.0043504135902970404, 0.0028374117902549333, 0.0, 0.0, 0.03330532481118575, 0.002225326081943605, 0.0, 0.0, 0.0, 0.0800193986093734, 0.0, 0.0, 0.0, 0.001167005717508519, 0.0, 0.0, 0.0, 0.048830044936538024, 0.0, 0.0, 0.007690743488798666, 0.0, 0.0, 0.005100186118544516, 0.038175118513696156, 0.0, 0.0, 0.0, 0.0, 0.0, 0.0054888050992483416]}