{"labels": [0, 1, 2, 3, 4, 5, 6, 7, 8, 9, 10, 11, 12, 13, 14, 15, 16, 17, 18, 19, 20, 21, 22, 23, 24, 25, 26, 27, 28, 29, 30, 31, 32, 33, 34, 35, 36, 37, 38, 39], "data": [0.0, 0.0, 0.0, 0.0, 0.0, 0.012188361495776125, 0.038585120810450284, 0.0, 0.0299229420145104, 0.01862147359853688, 0.0, 0.006159193439855217, 0.0, 0.005256241967892686, 0.028782743179317963, 0.00015868465295731775, 0.0, 0.0, 0.0, 0.0023751377141465785, 0.0047269713605815784, 0.0, 0.0, 0.0, 0.0, 0.012325580874658992, 0.0, 0.028242424117954495, 0.0, 0.0, 0.0, 0.0, 0.0, 0.0, 0.0013199994725848813, 0.0, 0.039091091828911725, 0.0, 0.0, 0.0]}