{"labels": [0, 1, 2, 3, 4, 5, 6, 7, 8, 9, 10, 11, 12, 13, 14, 15, 16, 17, 18, 19, 20, 21, 22, 23, 24, 25, 26, 27, 28, 29, 30, 31, 32, 33, 34, 35, 36, 37, 38, 39], "data": [0.0012759693837911357, 0.0, 0.0, 0.0, 0.0, 0.0, 0.0, 0.0, 0.0, 0.0, 0.0, 0.0, 0.0014080931772498999, 0.0, 0.0, 0.0029695053433668947, 0.0059807243548786, 0.0, 0.014186214028935431, 0.0, 0.0, 0.07119373102289749, 0.0, 0.0, 0.0, 0.0471132714816291, 0.0, 0.0, 0.0, 0.0, 0.006817753292569988, 0.0, 0.0, 0.0, 0.13028848995545797, 0.0, 0.0, 0.0, 0.0, 0.0]}