{"labels": [0, 1, 2, 3, 4, 5, 6, 7, 8, 9, 10, 11, 12, 13, 14, 15, 16, 17, 18, 19, 20, 21, 22, 23, 24, 25, 26, 27, 28, 29, 30, 31, 32, 33, 34, 35, 36, 37, 38, 39], "data": [0.0, 0.0012176633903636068, 0.026484211505231985, 0.0, 0.0, 0.0, 0.028873868909224984, 0.0, 0.10099467689591035, 0.0, 0.015785050526149362, 0.0, 0.0, 0.0, 0.0, 0.0, 0.0, 0.0, 0.0, 0.04645954782954209, 0.0, 0.0, 0.0, 0.0, 0.0, 0.0, 0.06456944314644127, 0.0, 0.0, 0.011621253118833856, 0.0, 0.0, 0.0, 0.0, 0.0, 0.0, 0.0, 0.0, 0.0, 0.0]}