{"labels": [0, 1, 2, 3, 4, 5, 6, 7, 8, 9, 10, 11, 12, 13, 14, 15, 16, 17, 18, 19, 20, 21, 22, 23, 24, 25, 26, 27, 28, 29, 30, 31, 32, 33, 34, 35, 36, 37, 38, 39], "data": [0.001747158278839198, 0.0, 0.0, 0.0011209154465893142, 0.008132312958892754, 0.0, 0.0, 0.0, 0.0, 0.0, 0.004794042649975693, 0.0, 0.0, 0.0018581633584429018, 0.0, 0.0, 0.0, 0.0, 0.0, 0.0, 0.0, 0.0, 0.0, 0.0, 0.0, 0.0, 0.0, 0.0, 0.0008517548586262369, 0.0, 0.0, 0.0, 0.0, 0.0022263748084561026, 0.0, 0.0, 0.0, 0.04401666351521612, 0.0, 0.0003481273604483298]}