{"labels": [0, 1, 2, 3, 4, 5, 6, 7, 8, 9, 10, 11, 12, 13, 14, 15, 16, 17, 18, 19, 20, 21, 22, 23, 24, 25, 26, 27, 28, 29, 30, 31, 32, 33, 34, 35, 36, 37, 38, 39], "data": [0.0007278906435784989, 0.0, 0.020893380709123905, 0.011286783759669025, 0.03450255596299432, 0.0, 0.018208446035427078, 0.014377987230220171, 0.0, 0.01758370014768724, 0.006243278511148226, 0.0, 0.010929648083972074, 0.018354950907335934, 0.005563982617863013, 0.015044243670561395, 0.0033208320262646386, 0.00663426871522729, 0.020576754541741255, 0.0011729249622971162, 0.0, 0.03535640419224121, 0.0, 0.0, 0.0010849342345879709, 0.0026251884848712105, 0.0024406924382006667, 0.018796772525241336, 0.0, 0.0, 0.052586202755469554, 0.004599197075400627, 8.530804379134882e-05, 6.59119899182982e-05, 0.01759371010648342, 0.0023432939881121826, 0.011058495780404132, 0.0, 0.00512939191043339, 0.0]}