{"labels": [0, 1, 2, 3, 4, 5, 6, 7, 8, 9, 10, 11, 12, 13, 14, 15, 16, 17, 18, 19, 20, 21, 22, 23, 24, 25, 26, 27, 28, 29, 30, 31, 32, 33, 34, 35, 36, 37, 38, 39], "data": [0.0, 0.001773107746187484, 0.0018073561159701746, 0.0, 0.0, 0.12539726200654863, 0.004575113978094384, 0.007551277659588505, 0.04067655857012638, 0.0, 0.007883225817826087, 0.0, 0.0, 0.0, 0.0, 0.0, 0.008948515241648662, 0.0016260929554262203, 0.0, 0.029829430272762195, 0.0, 0.0, 0.0, 0.029636354275716925, 0.0, 0.0, 0.006061970064086333, 0.000229833387725434, 0.0, 0.0, 0.0, 0.0, 0.0, 0.0021314339768193514, 0.01945918184204838, 0.006047931199436583, 0.0, 0.0, 0.0, 0.0038478030893185837]}