{"labels": [0, 1, 2, 3, 4, 5, 6, 7, 8, 9, 10, 11, 12, 13, 14, 15, 16, 17, 18, 19, 20, 21, 22, 23, 24, 25, 26, 27, 28, 29, 30, 31, 32, 33, 34, 35, 36, 37, 38, 39], "data": [0.011214863322545895, 0.0, 0.0035179055077280913, 0.01637668703092356, 0.0, 0.0, 0.004280012218694137, 0.001103310172258707, 0.0, 0.0009680043685504397, 0.0, 0.0010177548617214083, 0.0, 0.0, 0.0, 0.00441175096243202, 0.0, 0.0, 0.003399531233967133, 0.0005982492919910388, 0.0, 0.0, 0.0, 0.0006451269185438629, 0.0, 0.0, 0.05505341039492272, 0.016987212352751028, 0.0, 0.0, 0.0, 0.07723741021156914, 0.0, 0.03254901605266133, 0.0, 0.002147837644354301, 0.0026085517763320895, 0.011681608598003126, 0.0, 0.03748077321235539]}