{"labels": [0, 1, 2, 3, 4, 5, 6, 7, 8, 9, 10, 11, 12, 13, 14, 15, 16, 17, 18, 19, 20, 21, 22, 23, 24, 25, 26, 27, 28, 29, 30, 31, 32, 33, 34, 35, 36, 37, 38, 39], "data": [0.0, 0.0, 0.0, 0.008097820455211584, 0.004671603399464689, 0.01250541992839304, 0.002545052147165487, 0.009705380455548477, 0.0, 0.0, 0.0036336632549842096, 0.0, 0.007315159278205642, 0.0, 0.016411271664138874, 0.0, 0.0, 0.0, 0.0, 0.0, 0.0, 0.0, 0.0, 0.0, 0.0, 0.0, 0.028001795905338744, 0.0014650913834801348, 0.0006319298327362752, 0.0, 0.011834869613824123, 0.05017222819780132, 0.0, 0.014559521948041882, 0.0, 0.0, 0.1333057058281702, 0.01056267321540553, 0.0035588512225380583, 0.0]}