{"labels": [0, 1, 2, 3, 4, 5, 6, 7, 8, 9, 10, 11, 12, 13, 14, 15, 16, 17, 18, 19, 20, 21, 22, 23, 24, 25, 26, 27, 28, 29, 30, 31, 32, 33, 34, 35, 36, 37, 38, 39], "data": [0.015834508615223654, 0.0, 0.0059420357293968945, 0.0, 0.000220693610922691, 0.0362471199317691, 0.004543532331462485, 0.004231768954195537, 0.0, 0.009418164764876611, 0.0, 0.0, 0.0, 8.320108220015839e-05, 0.0, 0.00034025215611258616, 0.003478526132175433, 0.010910710296460485, 0.0, 0.014676536769521341, 0.009525688902626278, 0.03138729784397496, 0.0025674606893244115, 0.004977908986918264, 0.004703760200801897, 0.014545747600555917, 0.00828404403009439, 0.010669506942134787, 0.0, 0.0, 0.014719010244397793, 0.0, 0.0017361626254805815, 0.016939859641954633, 0.0, 0.04239836439650877, 0.002432775696338272, 0.05305564886808392, 0.0, 0.0011094043116693527]}