{"labels": [0, 1, 2, 3, 4, 5, 6, 7, 8, 9, 10, 11, 12, 13, 14, 15, 16, 17, 18, 19, 20, 21, 22, 23, 24, 25, 26, 27, 28, 29, 30, 31, 32, 33, 34, 35, 36, 37, 38, 39], "data": [0.0, 0.0, 0.0, 0.0, 0.0, 0.0, 0.0, 0.0, 0.0, 0.14702297209359355, 0.0, 0.0, 0.0, 0.007371702282721578, 0.0, 0.0, 0.0, 0.0015607740450348981, 0.0, 0.05444743164315113, 0.0, 0.0, 0.015011130968859632, 0.019856205619616468, 0.0, 0.014583645303058003, 0.0, 0.0, 0.0, 0.0, 0.0, 0.0, 0.0, 0.0, 0.0, 0.0, 0.0, 0.0, 0.0, 0.0]}