{"labels": [0, 1, 2, 3, 4, 5, 6, 7, 8, 9, 10, 11, 12, 13, 14, 15, 16, 17, 18, 19, 20, 21, 22, 23, 24, 25, 26, 27, 28, 29, 30, 31, 32, 33, 34, 35, 36, 37, 38, 39], "data": [0.0, 0.004752378157926876, 0.005940022426981974, 0.03881072072011916, 0.0, 0.0, 0.023099946384718135, 0.0, 0.03710776776302048, 0.002216790449372399, 0.009324837549907216, 0.003020849638246161, 0.0, 0.0, 0.0010427851413956565, 0.0, 0.0, 0.0, 0.0, 0.0017369523351645072, 0.0, 0.0011733285959715006, 0.0, 0.0, 0.0, 0.0, 0.015569625370369532, 0.0, 0.0, 0.03171746287576926, 0.0, 0.005524301203127628, 0.0, 0.028403556356831144, 0.003966932658200268, 0.006337004960598918, 0.0043220933236990215, 0.0, 0.0003633658730947175, 0.0]}