{"labels": [0, 1, 2, 3, 4, 5, 6, 7, 8, 9, 10, 11, 12, 13, 14, 15, 16, 17, 18, 19, 20, 21, 22, 23, 24, 25, 26, 27, 28, 29, 30, 31, 32, 33, 34, 35, 36, 37, 38, 39], "data": [0.0, 0.005283166651504038, 0.005772467138074834, 3.76837540448124e-05, 0.0, 0.0, 0.02438274671013776, 0.0, 0.036434266632133, 0.004773338625915024, 0.002304938509191167, 0.0012197737401263003, 0.0, 0.0, 0.0, 0.0, 0.03548425831401734, 0.0, 0.0010678639181912902, 0.04222628828348035, 0.0, 0.0, 0.0, 0.0, 0.0, 0.0, 0.005115341441398894, 0.0, 0.0, 0.0, 0.0026188098741639436, 0.0, 0.005177401962987281, 0.013265398629184424, 0.0, 0.005944419943696908, 0.02532553772306747, 0.0, 0.0, 0.0]}