{"labels": [0, 1, 2, 3, 4, 5, 6, 7, 8, 9, 10, 11, 12, 13, 14, 15, 16, 17, 18, 19, 20, 21, 22, 23, 24, 25, 26, 27, 28, 29, 30, 31, 32, 33, 34, 35, 36, 37, 38, 39], "data": [0.0, 0.0, 0.0008481742086976599, 0.0, 0.013607090979031521, 0.0, 0.0, 0.0007160012710675909, 0.0, 0.047897085243280624, 0.00698308439994328, 0.0, 0.009295739084221401, 0.024644577323996504, 0.0012884081591290329, 0.0, 0.0010085736744943408, 0.01117822471100787, 0.0, 0.024084732608637853, 0.0, 0.0, 0.0, 0.012294339549234623, 0.0, 0.020289520897429802, 0.028894936769725592, 0.024892374528353654, 0.01720543601639586, 0.0, 0.0, 0.0, 0.0, 0.0035018382414751643, 0.01174537915976174, 0.0, 0.0, 0.004989303127767577, 0.0007460200579760863, 0.0372814426131526]}