{"labels": [0, 1, 2, 3, 4, 5, 6, 7, 8, 9, 10, 11, 12, 13, 14, 15, 16, 17, 18, 19, 20, 21, 22, 23, 24, 25, 26, 27, 28, 29, 30, 31, 32, 33, 34, 35, 36, 37, 38, 39], "data": [0.0, 0.0, 0.0, 0.050763473438276974, 0.0, 0.00029644380516423023, 0.0, 0.0004910760219756907, 0.0, 0.0, 0.0, 0.0, 0.009109036264235638, 0.006334946461771133, 0.0, 0.0, 0.008264994911768958, 0.0, 0.0, 0.0, 0.0, 0.0, 0.0, 0.0, 0.0, 0.0, 0.0, 0.0, 0.0, 0.0, 0.0, 0.003680885450338655, 0.0, 0.0036454152904542006, 0.0, 0.047523300387032286, 0.008795465368970941, 0.0, 0.0, 0.000120734742807772]}