{"labels": [0, 1, 2, 3, 4, 5, 6, 7, 8, 9, 10, 11, 12, 13, 14, 15, 16, 17, 18, 19, 20, 21, 22, 23, 24, 25, 26, 27, 28, 29, 30, 31, 32, 33, 34, 35, 36, 37, 38, 39], "data": [0.0, 0.0, 0.013611416423864018, 0.062412738828625705, 0.0, 0.050198866243838125, 0.014882567084082499, 0.010210598821620202, 0.0016046129507582547, 0.0, 0.0, 0.0, 0.0, 0.020935901010542872, 0.0, 0.012829674565370961, 0.0, 0.0, 0.0, 0.0, 0.01708461161343137, 0.03960025606622262, 0.06736496409841075, 0.0, 0.02008128836871397, 0.009803150995451804, 0.0, 0.0, 0.0, 0.0, 0.007224755957370575, 0.0004566976057742224, 0.0, 0.009237573455070345, 0.0, 0.0, 0.0, 0.021438765872092716, 0.005869898031872381, 0.0]}