{"labels": [0, 1, 2, 3, 4, 5, 6, 7, 8, 9, 10, 11, 12, 13, 14, 15, 16, 17, 18, 19, 20, 21, 22, 23, 24, 25, 26, 27, 28, 29, 30, 31, 32, 33, 34, 35, 36, 37, 38, 39], "data": [0.009442370519773414, 0.0, 0.0, 0.0, 0.029485912667199375, 0.0, 0.021940951227595932, 0.0385469814591003, 0.0, 0.0, 0.00729915172990752, 0.0, 0.003618960185762095, 0.03618760524754879, 0.0, 0.0, 0.0, 0.0, 0.03178174638598581, 0.0, 0.0, 0.0, 0.03227309604565481, 0.0, 0.0, 0.008738811953240366, 0.0, 0.0, 0.003581600167000845, 0.0, 0.0, 0.0, 0.0, 0.004138911667618669, 0.0033494517374393837, 0.0, 0.0023689477703390622, 0.042691922733595976, 0.0741989905788575, 0.00234712412154234]}