{"labels": [0, 1, 2, 3, 4, 5, 6, 7, 8, 9, 10, 11, 12, 13, 14, 15, 16, 17, 18, 19, 20, 21, 22, 23, 24, 25, 26, 27, 28, 29, 30, 31, 32, 33, 34, 35, 36, 37, 38, 39], "data": [0.0012912170070111788, 0.0, 0.002535929636598744, 0.0, 0.0, 0.00275632685950712, 0.0, 0.025958095460238893, 0.06684464344880628, 0.0, 0.0, 0.012721598112092001, 0.0015021846734955375, 0.0, 0.0, 0.0030813234299695617, 0.0, 0.0286188069626166, 0.010041393005027582, 0.0008400727463596336, 0.0, 0.00667433441294123, 0.0, 0.0, 0.025670459619576137, 0.0, 0.00562296121169852, 0.0, 0.0024405264474642125, 0.0, 0.004481388200443086, 0.0037127023798939076, 0.033390308454427434, 0.009565373019640756, 0.02171783516458068, 0.019101612043607018, 0.0, 0.0, 0.01047517888956878, 0.0]}