{"labels": [0, 1, 2, 3, 4, 5, 6, 7, 8, 9, 10, 11, 12, 13, 14, 15, 16, 17, 18, 19, 20, 21, 22, 23, 24, 25, 26, 27, 28, 29, 30, 31, 32, 33, 34, 35, 36, 37, 38, 39], "data": [0.0, 0.0, 0.0037808947975073535, 0.0, 0.0622508147079745, 0.0, 0.0, 0.0, 0.0, 0.03798504478949854, 0.0, 0.0, 0.0, 0.0, 0.0, 0.0, 0.06338831096770062, 0.0, 0.0, 0.0, 0.0, 0.0, 0.0, 0.0, 0.0, 0.0, 0.0, 0.0011200370326138586, 0.0, 0.0, 0.0, 0.0, 0.0, 0.0, 0.014962135364317713, 0.0, 0.0, 0.0, 0.0036326295382381364, 0.0]}