{"labels": [0, 1, 2, 3, 4, 5, 6, 7, 8, 9, 10, 11, 12, 13, 14, 15, 16, 17, 18, 19, 20, 21, 22, 23, 24, 25, 26, 27, 28, 29, 30, 31, 32, 33, 34, 35, 36, 37, 38, 39], "data": [0.005679876565988541, 0.0, 0.0032878958517470716, 0.0, 0.0, 0.0, 0.021807096848776335, 0.039643294837280046, 0.002583084681710387, 0.0, 0.003979985180844086, 0.0, 0.0, 0.0017875902378555117, 0.07446385097039808, 0.0057464982051245615, 0.0, 0.0025773434619949156, 0.0, 0.00016531642455328816, 0.006374773579400619, 0.0, 0.0, 0.0016256642213157814, 0.0, 0.0, 0.0, 0.0008037075468781185, 0.0, 0.0, 0.0, 0.0, 0.059125461153098934, 0.0018347797391995765, 0.0, 0.04385006397230415, 0.0, 0.0, 0.004681996400788104, 0.0]}