{"labels": [0, 1, 2, 3, 4, 5, 6, 7, 8, 9, 10, 11, 12, 13, 14, 15, 16, 17, 18, 19, 20, 21, 22, 23, 24, 25, 26, 27, 28, 29, 30, 31, 32, 33, 34, 35, 36, 37, 38, 39], "data": [6.460367704666293e-05, 0.005526941151532728, 0.021315796605171706, 0.0, 0.0, 0.01081047866023046, 0.0, 0.045417121166180296, 0.0, 0.0, 0.0, 0.0035792323632506304, 0.025250668895283324, 0.0, 0.03590338919083177, 0.00026473186296153907, 0.006054254524318238, 0.0, 0.0027974882430531855, 0.004462517456125186, 0.0, 0.0, 0.05544410769395723, 0.0, 0.0, 0.0, 0.0, 0.038641834244138695, 0.0, 0.007332210892156868, 0.0, 0.002514512551092007, 0.0, 0.009626565196514685, 0.015607422068788646, 0.0, 0.0, 0.010570849869215323, 0.002287665168022848, 0.0]}