{"labels": [0, 1, 2, 3, 4, 5, 6, 7, 8, 9, 10, 11, 12, 13, 14, 15, 16, 17, 18, 19, 20, 21, 22, 23, 24, 25, 26, 27, 28, 29, 30, 31, 32, 33, 34, 35, 36, 37, 38, 39], "data": [0.0, 0.0011077011604145642, 0.0, 0.004316790115480449, 0.0062073727622119915, 0.039048806503235334, 0.008966242183223932, 0.0, 0.008955392606929055, 0.0026172177441739766, 0.003558810484560938, 0.0014921137654926168, 0.0, 0.0, 0.0, 0.0030318493198761066, 0.005444413503098914, 0.0, 0.0, 0.004140098415671384, 0.0, 0.0, 0.0, 0.16304996052709414, 0.018479072366052215, 0.0, 0.0, 0.0, 0.0, 0.0, 0.0, 0.0006197880497932096, 0.0030935827654871547, 0.0, 0.004607135659282359, 0.0, 0.0, 0.004696470894189785, 0.04765265889514662, 0.0035615672537238916]}