{"labels": [0, 1, 2, 3, 4, 5, 6, 7, 8, 9, 10, 11, 12, 13, 14, 15, 16, 17, 18, 19, 20, 21, 22, 23, 24, 25, 26, 27, 28, 29, 30, 31, 32, 33, 34, 35, 36, 37, 38, 39], "data": [0.003102327391705377, 0.0, 0.0, 0.0005636878084585831, 0.015511573227417894, 0.0, 0.0, 0.0, 0.0, 0.0, 0.0, 0.0, 0.009962520636636316, 0.03589653945699121, 0.020855228229155618, 0.0, 0.0, 0.0, 0.04322583995315909, 0.0, 0.0, 0.03160684769661043, 0.0, 0.009373319682514774, 0.0006400845053220412, 0.012966036412019348, 0.0008690437133613493, 0.04762925117460493, 0.0, 0.0, 0.0, 0.0, 0.00031171355369426093, 0.015026636694758223, 0.0, 0.00567530542103966, 0.0026072323191124267, 0.0, 0.0, 0.0]}