{"labels": [0, 1, 2, 3, 4, 5, 6, 7, 8, 9, 10, 11, 12, 13, 14, 15, 16, 17, 18, 19, 20, 21, 22, 23, 24, 25, 26, 27, 28, 29, 30, 31, 32, 33, 34, 35, 36, 37, 38, 39], "data": [0.0, 0.0, 0.0, 0.0, 0.0, 0.0016562763638185516, 0.00976977497334945, 0.0043275649181214, 0.0, 0.0, 0.0, 0.0, 0.0, 0.00206390622311752, 0.0006626519818982631, 0.0, 0.0, 0.0, 0.012853509922185912, 0.0, 0.0, 0.0, 0.0033105229686419884, 0.0, 0.006538128468529655, 0.0, 0.004480842442998335, 0.036569501184751226, 0.0, 0.0, 0.0, 0.002394818747833332, 0.0, 0.0010563913457323087, 0.017676127203356557, 0.08658489990522539, 0.0, 0.0, 0.0, 0.0]}