{"labels": [0, 1, 2, 3, 4, 5, 6, 7, 8, 9, 10, 11, 12, 13, 14, 15, 16, 17, 18, 19, 20, 21, 22, 23, 24, 25, 26, 27, 28, 29, 30, 31, 32, 33, 34, 35, 36, 37, 38, 39], "data": [0.0, 0.021005580601481513, 0.02007254368699577, 0.0, 0.02275981275377254, 0.0, 0.02933604785447827, 0.013153334835941713, 0.0, 0.00020991438616592463, 0.02737378912802818, 0.0018780114407657767, 0.010241852795682913, 0.0, 0.02836678708233536, 0.0, 0.0, 0.0, 0.0015854073334778656, 0.037139429214481726, 0.0, 0.0, 0.06633174832088286, 6.895067101514145e-05, 0.0, 0.0, 0.0, 0.0, 0.00033634831336093793, 0.0, 0.010221977217580296, 0.0, 0.0, 0.0, 0.0109564894884491, 0.026330276260839003, 0.0019674859470013672, 0.03647578151255558, 0.005164342599633617, 0.0]}