{"labels": [0, 1, 2, 3, 4, 5, 6, 7, 8, 9, 10, 11, 12, 13, 14, 15, 16, 17, 18, 19, 20, 21, 22, 23, 24, 25, 26, 27, 28, 29, 30, 31, 32, 33, 34, 35, 36, 37, 38, 39], "data": [0.0, 0.0, 0.0, 0.0, 0.0, 0.005025004370770886, 0.0, 0.021176948693885297, 0.0, 0.027790439792233782, 0.0, 0.013740565563373526, 0.0, 0.01185746916644468, 0.006692329947160766, 0.0, 0.01038958407190255, 0.006657521650026517, 0.01078260846225325, 0.0015493617257938638, 0.0, 0.02035512808978064, 0.0, 0.0, 0.0, 0.06209005010704468, 0.0, 0.00665723848760603, 0.0011158043544064551, 0.0, 0.003535182637482766, 0.005095374597604311, 0.0, 0.005471045142884547, 0.002970424673860223, 0.005952853715466524, 0.008650699263198896, 0.022004666554758367, 0.0, 0.0]}