{"labels": [0, 1, 2, 3, 4, 5, 6, 7, 8, 9, 10, 11, 12, 13, 14, 15, 16, 17, 18, 19, 20, 21, 22, 23, 24, 25, 26, 27, 28, 29, 30, 31, 32, 33, 34, 35, 36, 37, 38, 39], "data": [0.00017969602044154187, 0.0, 0.0, 0.0, 0.0, 0.0, 0.03306937623238416, 0.0, 0.0016262230241446823, 0.0, 0.0, 0.027173734698404364, 0.0, 0.0, 0.0, 0.0, 0.0218264876044195, 0.0, 0.0, 0.0, 0.0, 0.0, 0.0, 0.0, 0.005982884746880499, 0.10166322190998983, 0.0, 0.0, 0.0, 0.0, 0.022343629156082012, 0.0, 0.0, 0.0, 0.03361649867657774, 0.0, 0.0, 0.0, 0.0, 0.009298524110140465]}