{"labels": [0, 1, 2, 3, 4, 5, 6, 7, 8, 9, 10, 11, 12, 13, 14, 15, 16, 17, 18, 19, 20, 21, 22, 23, 24, 25, 26, 27, 28, 29, 30, 31, 32, 33, 34, 35, 36, 37, 38, 39], "data": [0.0, 0.0020736847581964, 0.0, 0.0, 0.0, 0.0, 0.0, 0.0, 0.0040702962689491435, 0.0, 0.048750220928620504, 0.0, 0.0, 0.0, 0.0, 0.0, 0.0, 6.39122796324283e-05, 0.0, 0.007535741397893243, 0.0, 0.0, 0.0, 0.0004938403448303506, 0.0, 0.0, 0.0011836238874604694, 0.0014215146416687674, 0.0, 0.027359246349834124, 0.022278644068729477, 0.0, 0.0006244309713169856, 0.0, 0.0, 0.0, 0.0, 0.0, 0.0, 0.0]}