{"labels": [0, 1, 2, 3, 4, 5, 6, 7, 8, 9, 10, 11, 12, 13, 14, 15, 16, 17, 18, 19, 20, 21, 22, 23, 24, 25, 26, 27, 28, 29, 30, 31, 32, 33, 34, 35, 36, 37, 38, 39], "data": [0.0009368077636054122, 0.0023351660435057646, 0.002493248662452457, 0.011830771741998229, 0.006036657446742246, 0.0, 0.0014909891416138188, 0.014360226569661573, 0.0, 0.0, 0.003260988879990642, 0.0, 0.0, 0.007844061633834769, 0.0, 0.0, 0.0005128874887031527, 0.018870611493368324, 0.029519303336633544, 0.0, 0.0359749266099736, 0.0, 0.0012715045325513207, 0.013111435983090457, 0.0, 0.03770702171023562, 0.0, 0.006252174187371225, 0.00022216549632616796, 0.0, 0.0, 0.0, 0.0009340751772888725, 0.0, 0.0, 0.005028670708628688, 0.0, 0.010034646164589713, 0.0, 0.0]}