{"labels": [0, 1, 2, 3, 4, 5, 6, 7, 8, 9, 10, 11, 12, 13, 14, 15, 16, 17, 18, 19, 20, 21, 22, 23, 24, 25, 26, 27, 28, 29, 30, 31, 32, 33, 34, 35, 36, 37, 38, 39], "data": [0.0, 0.0, 0.0, 0.0371373208128833, 0.002517687616979237, 0.0, 0.018353835155274136, 0.004446818665506159, 0.005647506303022147, 0.005921400026855863, 0.0, 0.0026603499702611048, 0.0, 0.0029015769761338733, 0.0, 0.0009722377394941285, 0.002950334811022483, 0.031901419940232566, 0.0, 0.0, 0.0, 0.001474576866383129, 0.0, 0.006272026987822363, 0.0, 0.009868111431246605, 0.0, 0.04883405725511545, 0.0015123210733105675, 0.0, 0.0, 0.005495060273011218, 0.0, 0.0, 0.0, 0.0018140419708371366, 0.0, 0.0, 0.0, 0.0]}