{"labels": [0, 1, 2, 3, 4, 5, 6, 7, 8, 9, 10, 11, 12, 13, 14, 15, 16, 17, 18, 19, 20, 21, 22, 23, 24, 25, 26, 27, 28, 29, 30, 31, 32, 33, 34, 35, 36, 37, 38, 39], "data": [0.0, 0.013748621604790094, 0.0011960701483511435, 0.0, 0.0037652510333569364, 0.0, 0.0, 0.015357074770031212, 0.0, 0.019862360157455815, 0.01661022908510225, 0.0, 0.0, 0.036774126649323384, 0.022717476074107852, 0.0, 0.0, 0.0008493408256429139, 0.022591971748023656, 0.029825977142488795, 0.00224873527227999, 0.04318172926648138, 0.0, 0.0, 0.012850112766929935, 0.0008218784801658255, 0.05386380801355867, 0.0, 0.015645496516383382, 0.0, 0.027369145921420455, 0.0, 0.0001001073731986288, 0.048635305154413964, 0.0, 0.0, 0.001965950269988987, 0.013710392628827629, 0.009922338019551316, 0.021590244398033778]}