{"labels": [0, 1, 2, 3, 4, 5, 6, 7, 8, 9, 10, 11, 12, 13, 14, 15, 16, 17, 18, 19, 20, 21, 22, 23, 24, 25, 26, 27, 28, 29, 30, 31, 32, 33, 34, 35, 36, 37, 38, 39], "data": [0.0, 0.016064224501590337, 0.0, 0.053395337582169716, 0.048224359882000495, 0.0, 0.0, 0.0036512363514830636, 0.0, 0.0034644726844805904, 0.0, 0.0, 0.0, 0.002049287302707144, 0.0, 0.0, 0.009416374467218299, 0.0, 0.0, 0.0, 0.005517122548183017, 0.0010356392029957817, 0.0029699573479674227, 0.0, 0.0, 0.019599506638798735, 0.0, 0.0003379191910764474, 0.1605910326049342, 0.0, 0.0, 0.005170552479591568, 0.0023339467187109067, 0.0, 0.0, 0.00015007283694441612, 0.0, 0.0, 8.34703421834699e-05, 0.0]}