{"labels": [0, 1, 2, 3, 4, 5, 6, 7, 8, 9, 10, 11, 12, 13, 14, 15, 16, 17, 18, 19, 20, 21, 22, 23, 24, 25, 26, 27, 28, 29, 30, 31, 32, 33, 34, 35, 36, 37, 38, 39], "data": [0.017013950960532785, 0.004580659921428452, 0.029415016933795265, 0.009235841928650483, 0.07746804943781488, 0.0019625262731048114, 0.008802596311712506, 0.0, 0.0, 0.001305595495370609, 0.017073777966946275, 0.0, 0.020719694219837794, 0.002340458611464105, 0.0021195064869829836, 0.01725329259583632, 0.0026852916327157264, 0.0, 0.0, 0.0, 0.0032407300476630786, 0.003568144103614846, 0.0005697336087445689, 0.0025861309682553794, 0.007742957219811694, 0.0, 0.0, 0.01595158500424501, 0.0030094463044172248, 0.0, 0.0, 0.0, 0.015337075095411837, 0.022598037418777053, 0.04899023818274342, 0.0, 0.0, 0.038495522474483866, 0.007681398753534322, 0.039485068773167875]}