{"labels": [0, 1, 2, 3, 4, 5, 6, 7, 8, 9, 10, 11, 12, 13, 14, 15, 16, 17, 18, 19, 20, 21, 22, 23, 24, 25, 26, 27, 28, 29, 30, 31, 32, 33, 34, 35, 36, 37, 38, 39], "data": [0.02427356620235158, 0.0009239747841529086, 0.0018015334763681649, 0.0, 0.03427554308879766, 0.0, 0.013566034183732912, 0.0, 0.0, 0.04403404020396805, 0.005698329076948691, 0.0, 0.00984833438448492, 0.003035161202508738, 0.0, 0.0, 0.02678471364430568, 0.0090824003340121, 0.011699496661940862, 0.010218959294369199, 0.0, 0.0, 0.0, 0.0, 0.013582688573301156, 0.023644021061683985, 0.0, 0.026428544345805553, 0.0005290718619922151, 0.0, 0.009005954284223475, 0.0, 0.021342006512002153, 0.001992462338918562, 0.0305390783724918, 0.0, 0.0, 0.006011648218766137, 0.0005011139942094739, 0.0]}