{"labels": [0, 1, 2, 3, 4, 5, 6, 7, 8, 9, 10, 11, 12, 13, 14, 15, 16, 17, 18, 19, 20, 21, 22, 23, 24, 25, 26, 27, 28, 29, 30, 31, 32, 33, 34, 35, 36, 37, 38, 39], "data": [0.0018388433125404976, 0.007319678619163334, 0.028139092202805333, 0.0004156064388380953, 0.0032166886398169777, 0.03130814355950585, 0.0, 0.005345602653379364, 0.0010344783268130698, 0.0, 0.0, 0.0, 0.0, 0.0, 0.0, 0.0, 0.0, 0.0, 0.0667128784587833, 0.0014123545106189755, 0.0, 0.0, 0.0, 0.0, 8.27472967503422e-05, 0.0, 0.0, 0.03420041248729011, 0.0, 0.0, 0.0, 0.0005183680549966252, 0.0, 0.025839047912846212, 0.0014938936165303169, 0.009908624687045479, 0.0, 0.0, 0.00563749658111892, 0.0]}