{"labels": [0, 1, 2, 3, 4, 5, 6, 7, 8, 9, 10, 11, 12, 13, 14, 15, 16, 17, 18, 19, 20, 21, 22, 23, 24, 25, 26, 27, 28, 29, 30, 31, 32, 33, 34, 35, 36, 37, 38, 39], "data": [0.0044168356092939955, 0.014725208382391518, 0.0, 0.0, 0.012921751359144066, 0.009527558893853868, 0.010153291849646447, 0.009186743116767372, 0.049468575945830935, 0.0, 0.09846715698657253, 0.0, 0.0, 0.0, 0.016469799207425345, 0.0, 0.0, 0.0, 0.0, 0.013604637196823036, 0.0, 0.0, 0.0, 0.0015234669688135103, 0.005927359691448633, 0.0, 0.0, 0.0007338310914557078, 0.0, 0.011343676947987165, 0.01015145639837317, 0.0, 0.001208109941485341, 0.007952203659533422, 0.0, 0.0, 0.0, 0.0, 0.0, 0.0]}