{"labels": [0, 1, 2, 3, 4, 5, 6, 7, 8, 9, 10, 11, 12, 13, 14, 15, 16, 17, 18, 19, 20, 21, 22, 23, 24, 25, 26, 27, 28, 29, 30, 31, 32, 33, 34, 35, 36, 37, 38, 39], "data": [0.004472643038923976, 0.0, 0.0008466493139406446, 0.0019274727662712896, 0.019376884287263686, 0.0016800287176436841, 0.0055023355082522854, 0.0, 0.0003807207154234269, 0.01817551559622064, 0.003984336499052918, 0.0, 0.0, 0.0, 0.0, 2.713390663462436e-05, 0.004685739759542898, 0.016447628984345573, 0.0, 0.0, 0.014445210606643367, 0.0, 0.0001663765401104102, 0.0, 0.00583687554852766, 0.02193299420510377, 0.0035134098865509385, 0.003936859522884152, 0.0041547638544075826, 0.0, 0.0, 0.0067575942652255, 0.0024318833158107874, 0.00895499872075152, 0.0, 0.009340848440904017, 0.003059249662994529, 0.005204905663977511, 0.0, 0.0]}