{"labels": [0, 1, 2, 3, 4, 5, 6, 7, 8, 9, 10, 11, 12, 13, 14, 15, 16, 17, 18, 19, 20, 21, 22, 23, 24, 25, 26, 27, 28, 29, 30, 31, 32, 33, 34, 35, 36, 37, 38, 39], "data": [0.0, 0.0008297420363305806, 0.0, 0.0, 0.06903580088706758, 0.0, 0.0008189565490885818, 0.0, 0.0, 0.0, 0.001028839209516444, 0.0, 0.00027992055765855753, 0.002675207764012077, 0.0, 0.0, 0.010285424314190043, 0.005091032276535382, 0.0, 0.0, 0.03745842306291072, 0.0, 0.0, 0.0, 0.015843979251857397, 0.0, 0.0, 0.0016532253087450466, 0.0018351804518091262, 0.004031699747344408, 0.0, 0.0, 0.0027207423930254706, 0.03275197824693558, 0.004530615285208405, 0.0, 0.0, 0.0, 0.0, 0.0]}