{"labels": [0, 1, 2, 3, 4, 5, 6, 7, 8, 9, 10, 11, 12, 13, 14, 15, 16, 17, 18, 19, 20, 21, 22, 23, 24, 25, 26, 27, 28, 29, 30, 31, 32, 33, 34, 35, 36, 37, 38, 39], "data": [0.0005050086378524275, 0.0, 0.0, 0.02611163189877431, 0.0, 0.00909021464612488, 0.0, 0.0, 0.008302240107295192, 0.0, 0.0, 0.003644449397084962, 0.03074522362887384, 0.0, 0.0031757624867391446, 0.03575184638599914, 0.0, 0.01301864198618544, 0.0, 0.0, 0.0107198706063378, 0.030565441003100307, 0.003126286868207834, 0.00432421508565183, 0.0, 0.0, 0.04195927212750089, 0.04482469975459351, 0.0, 0.0, 0.03982842884664941, 0.008202934963581541, 0.0015377266153123812, 0.0, 0.0, 0.0244713688564045, 0.0, 0.011658340367733836, 0.0013773525108876626, 0.0]}