{"labels": [0, 1, 2, 3, 4, 5, 6, 7, 8, 9, 10, 11, 12, 13, 14, 15, 16, 17, 18, 19, 20, 21, 22, 23, 24, 25, 26, 27, 28, 29, 30, 31, 32, 33, 34, 35, 36, 37, 38, 39], "data": [0.0, 0.0, 0.017872756871092105, 0.0, 0.0, 0.008836547183551619, 0.0, 0.0, 0.0, 0.0, 0.0, 0.000777356630953434, 0.01595622677245641, 0.002676831955490669, 0.009388867967204874, 0.0, 0.0, 0.04498815347894985, 0.004157228455026081, 0.0, 0.0, 0.005578773039302314, 0.0, 0.0, 0.0, 0.0, 0.0, 0.0221590891489023, 0.0, 0.0, 0.039258707878941534, 0.001968592549347182, 0.04498104403992304, 0.006086537742274392, 0.004530843422059135, 0.0, 0.05341578716145164, 0.0050434508202250265, 0.0015274526036601743, 0.00035633343024376305]}