{"labels": [0, 1, 2, 3, 4, 5, 6, 7, 8, 9, 10, 11, 12, 13, 14, 15, 16, 17, 18, 19, 20, 21, 22, 23, 24, 25, 26, 27, 28, 29, 30, 31, 32, 33, 34, 35, 36, 37, 38, 39], "data": [0.00017000236210611724, 0.0, 0.0008004946374695526, 0.00615946206470364, 0.007553030660637904, 0.0, 0.01274412840803521, 0.0016533936547874339, 0.0, 0.0016158128043595454, 0.0, 0.0, 0.0, 0.013048239014977684, 0.081989795028426, 0.012203210063992593, 0.0020102723005227447, 0.018037214403693266, 0.015200556864106677, 0.001821605765387466, 0.009813962606469467, 0.00502346162670601, 0.0021028677423117624, 0.002819423188252277, 0.0, 0.012884933787248028, 0.0, 0.0010877411513052226, 0.0034944140638410617, 0.0, 0.0, 0.006172242994059347, 0.0, 0.0, 0.011113499441938433, 0.025954789733858112, 0.0, 0.03806492533534129, 0.0, 0.0]}