{"labels": [0, 1, 2, 3, 4, 5, 6, 7, 8, 9, 10, 11, 12, 13, 14, 15, 16, 17, 18, 19, 20, 21, 22, 23, 24, 25, 26, 27, 28, 29, 30, 31, 32, 33, 34, 35, 36, 37, 38, 39], "data": [0.007146114421531256, 0.0, 0.0, 0.0, 0.036200967693855356, 0.0, 0.005846937595013598, 0.0, 0.0, 0.0035236788019165797, 0.0, 0.0, 0.0, 0.0, 0.0, 0.01663088074895522, 0.0, 0.0, 0.0, 0.0008725682377193652, 0.005090974168447695, 0.0, 0.0, 0.01560327145317805, 0.001000472358267901, 0.012905792237656682, 0.0, 0.019409382871215606, 0.0, 0.0009240713791896544, 0.0, 0.0, 0.002854905026945796, 0.0, 0.01652642153698792, 0.0, 0.0013068840936339618, 0.05679678597918154, 0.0, 0.0]}