{"labels": [0, 1, 2, 3, 4, 5, 6, 7, 8, 9, 10, 11, 12, 13, 14, 15, 16, 17, 18, 19, 20, 21, 22, 23, 24, 25, 26, 27, 28, 29, 30, 31, 32, 33, 34, 35, 36, 37, 38, 39], "data": [0.0, 0.0, 0.0, 0.0, 0.006729206054477478, 0.0, 0.03652228259745804, 0.007091582130081885, 0.004087868026563668, 0.00370737529887695, 0.000668553032719704, 0.004012148308684856, 0.0, 0.0, 0.011362180129086423, 0.0016333326560560662, 0.0, 0.0021438502311869807, 0.004603275048900652, 0.0, 0.003950638819454175, 0.002606719937458089, 0.0, 0.0, 0.061636594204496555, 0.004969682544649746, 0.0017541230515249067, 0.0, 0.0028831346500080147, 0.0, 0.054224640080261816, 0.00033772528360832507, 0.0, 0.0, 0.0007361311917282711, 0.011242120183146827, 0.0, 0.03054148865246085, 0.005037501264685503, 0.00010934206946192102]}