{"labels": [0, 1, 2, 3, 4, 5, 6, 7, 8, 9, 10, 11, 12, 13, 14, 15, 16, 17, 18, 19, 20, 21, 22, 23, 24, 25, 26, 27, 28, 29, 30, 31, 32, 33, 34, 35, 36, 37, 38, 39], "data": [0.015427368209933123, 0.004658849379104277, 0.0, 0.004872256069843956, 0.0003624886267710323, 0.0023483966384694947, 0.014751301515445495, 0.01785374309412964, 0.0, 0.02214025356219089, 0.0, 0.00037456017644801545, 0.014572294081654951, 0.03187078116653092, 0.0, 0.006364091939632024, 0.0, 0.03809301174605955, 0.0, 0.016523654994713022, 0.02566519733434267, 0.04543480128205924, 0.0, 0.0, 0.004616813828497477, 0.03104753822516158, 0.0, 0.01849696878386947, 0.0, 0.0, 0.0, 0.0037511516628453674, 0.035208487171982765, 0.006562894692423509, 0.025784000108944785, 0.012769082523934399, 0.014969235717395455, 0.015379054659152076, 0.0, 0.0]}