{"labels": [0, 1, 2, 3, 4, 5, 6, 7, 8, 9, 10, 11, 12, 13, 14, 15, 16, 17, 18, 19, 20, 21, 22, 23, 24, 25, 26, 27, 28, 29, 30, 31, 32, 33, 34, 35, 36, 37, 38, 39], "data": [0.0, 0.0, 0.0, 0.0, 0.0, 0.0, 0.00012264620689318866, 0.03091960603795374, 0.0045755848805357985, 0.0024036777776623346, 0.0, 5.64304761733299e-05, 0.009729513315734073, 0.0, 0.016233073769899763, 0.0, 0.00016907875606488894, 0.0, 0.0, 0.04000354124856294, 0.003964199104914594, 0.03372045398485616, 0.0018205915283893703, 0.019610359482226655, 0.0041684961941395446, 0.003343379788485605, 0.0, 0.0, 0.0, 0.0, 0.09392868608156447, 0.0014501110841839313, 0.0008582096477066535, 0.007054014681558189, 0.0, 0.052089314752151936, 0.003116164073164125, 0.021847262328222025, 0.0, 0.0]}