{"labels": [0, 1, 2, 3, 4, 5, 6, 7, 8, 9, 10, 11, 12, 13, 14, 15, 16, 17, 18, 19, 20, 21, 22, 23, 24, 25, 26, 27, 28, 29, 30, 31, 32, 33, 34, 35, 36, 37, 38, 39], "data": [0.0, 0.0, 0.0, 0.0, 0.027656050143468773, 0.0, 0.06131179148425951, 0.0, 0.14301296734115337, 0.0, 0.0, 0.0016691484115556878, 0.0, 0.0031647541918132737, 0.0, 0.0, 0.0, 0.0, 0.0, 0.0, 0.0, 0.0, 0.0, 0.002943756280780723, 0.0026098536924506186, 0.0, 0.0, 0.0, 0.0, 0.0, 0.0, 0.0, 0.0, 0.0, 0.013806486055241778, 0.0, 0.0, 0.03677457413039626, 0.0, 0.0]}