{"labels": [0, 1, 2, 3, 4, 5, 6, 7, 8, 9, 10, 11, 12, 13, 14, 15, 16, 17, 18, 19, 20, 21, 22, 23, 24, 25, 26, 27, 28, 29, 30, 31, 32, 33, 34, 35, 36, 37, 38, 39], "data": [0.0, 0.0, 0.014081963680889308, 0.0, 0.0, 0.0, 0.0, 0.0, 0.0, 0.0, 0.025479490028242784, 0.0, 0.0, 0.0, 0.0, 0.0, 0.0, 0.0, 0.0, 0.0, 0.0, 0.0, 0.0, 0.006601182321346725, 0.0, 0.03459672867697295, 0.036504359131698375, 0.018700650336361226, 0.0038385354293251814, 0.013675209842868673, 0.0, 0.06640929644942577, 0.0, 0.020580202134609187, 0.0, 0.07358477653393106, 0.0, 0.025776709736921515, 0.0, 0.0]}