{"labels": [0, 1, 2, 3, 4, 5, 6, 7, 8, 9, 10, 11, 12, 13, 14, 15, 16, 17, 18, 19, 20, 21, 22, 23, 24, 25, 26, 27, 28, 29, 30, 31, 32, 33, 34, 35, 36, 37, 38, 39], "data": [0.0, 0.0, 0.0002182888744386687, 0.0, 0.0049774137196872325, 0.0, 0.0, 0.0019457098623482632, 0.0, 0.024586575497949282, 0.006333991604342892, 0.0011082054543725271, 0.041955489665824935, 0.00796379546026651, 0.0016466393022797486, 0.0, 0.0034963371709837683, 0.027071258815727674, 0.0018286832873672752, 0.0045641463428407044, 0.01693143012315673, 0.010599573407530928, 0.0015759636088738438, 0.004008848412228805, 0.0, 0.009829337801586182, 0.0, 0.0, 0.0, 0.017016092602017845, 0.0038620836023005897, 0.0, 0.0007731554846297194, 0.043906958226794024, 0.0, 0.027441138297994962, 0.0, 0.011504178448076286, 0.0, 0.0005420870326729917]}