{"labels": [0, 1, 2, 3, 4, 5, 6, 7, 8, 9, 10, 11, 12, 13, 14, 15, 16, 17, 18, 19, 20, 21, 22, 23, 24, 25, 26, 27, 28, 29, 30, 31, 32, 33, 34, 35, 36, 37, 38, 39], "data": [0.0034443352602127417, 0.0, 0.0, 0.036610090612983245, 0.0, 0.0, 0.005905495593591495, 0.011268301149018549, 0.016974255286920176, 0.020682785708406256, 0.0, 0.0009247297981118173, 0.017264171816420686, 0.0063069318907371125, 0.0, 0.0, 0.004535228773643133, 0.008032739604743981, 0.0, 0.0, 0.004774705650108545, 0.02247014806639474, 0.00023361483226768106, 0.0, 0.00039683086177868285, 0.014891382107319003, 0.06046910153232764, 0.0003764403498979739, 0.002143461164036404, 0.0, 0.0, 0.0009222493620786261, 0.0, 0.016232783096903614, 0.01156964541291027, 6.432019824316779e-05, 0.006763990459384192, 0.004701208544402214, 0.003686130094794131, 0.025203001879320005]}