{"labels": [0, 1, 2, 3, 4, 5, 6, 7, 8, 9, 10, 11, 12, 13, 14, 15, 16, 17, 18, 19, 20, 21, 22, 23, 24, 25, 26, 27, 28, 29, 30, 31, 32, 33, 34, 35, 36, 37, 38, 39], "data": [0.0, 0.0, 0.0, 0.043880271249811774, 0.0, 0.0, 0.0007620491457558941, 0.0, 0.0038739650446346845, 0.01538375582404051, 0.0007213756070420433, 0.0, 0.021163485882516972, 0.013208567131707481, 0.0, 0.0007584805684150201, 0.0028132401109486303, 0.0, 0.0, 0.03710935241728063, 0.06569407677022306, 0.0, 0.00010449169671953889, 0.025034889228696483, 0.0027924387951491223, 0.0, 0.0, 0.005178512220803904, 0.008950397829972413, 0.014909441245552055, 0.0, 0.0, 0.0, 0.004829617178211484, 0.0, 0.00563939464146601, 0.0, 0.01706900642334559, 0.0, 0.002177941712076113]}