{"labels": [0, 1, 2, 3, 4, 5, 6, 7, 8, 9, 10, 11, 12, 13, 14, 15, 16, 17, 18, 19, 20, 21, 22, 23, 24, 25, 26, 27, 28, 29, 30, 31, 32, 33, 34, 35, 36, 37, 38, 39], "data": [0.0, 0.0, 0.0, 0.0, 0.0, 0.0, 0.019624589021889145, 0.0, 0.0, 0.024201989746862725, 0.0, 0.0, 0.04220470323205527, 0.0, 0.0, 0.0, 0.0, 0.0, 0.0, 0.0020698028150902313, 0.0, 0.0, 0.0, 0.05019661030503439, 0.0, 0.04221883449825183, 0.0, 0.0, 0.0, 0.0, 0.001141141304396924, 0.0, 0.0, 0.0, 0.0, 0.0, 0.0, 0.010487632194042923, 0.029315403918717963, 0.0]}