{"labels": [0, 1, 2, 3, 4, 5, 6, 7, 8, 9, 10, 11, 12, 13, 14, 15, 16, 17, 18, 19, 20, 21, 22, 23, 24, 25, 26, 27, 28, 29, 30, 31, 32, 33, 34, 35, 36, 37, 38, 39], "data": [0.0007288930130858993, 0.0, 0.0, 0.0, 0.007810814248404658, 0.0038687235212306473, 0.008659102699493723, 0.013171357903363708, 0.0037609567639784046, 0.0, 0.0, 0.0, 0.02194573014779086, 0.001060135485829237, 0.012910170809329087, 0.01910729233796633, 0.0001803139378346316, 0.0, 0.06491698751528764, 0.0023492000886287286, 0.002206926396330981, 0.0, 0.03722299696158724, 0.0, 0.0, 0.0, 0.04230191734004045, 0.0, 0.011985932983679753, 0.0, 0.0, 0.0, 0.00026004896784048134, 0.007954182694522255, 0.011444965381647495, 0.0, 0.0, 0.011306364831022795, 0.011390149120160805, 0.0]}