{"labels": [0, 1, 2, 3, 4, 5, 6, 7, 8, 9, 10, 11, 12, 13, 14, 15, 16, 17, 18, 19, 20, 21, 22, 23, 24, 25, 26, 27, 28, 29, 30, 31, 32, 33, 34, 35, 36, 37, 38, 39], "data": [0.000870100198752033, 0.0, 0.0019837525952137625, 0.061920524177200405, 0.0, 0.0, 0.004292225315565707, 0.006094925774557584, 0.0, 0.0031758187735673516, 0.018738834200011063, 0.0, 0.01618012229932084, 0.0, 0.0, 0.0, 0.058125551777993376, 0.0, 0.0, 0.0, 0.005541463137052957, 0.0, 0.0, 0.0, 0.0, 0.0, 0.0, 0.0, 0.0, 0.0, 0.0, 0.0, 0.0, 0.062409449844625764, 0.0, 8.499492052143523e-05, 0.00904406190494496, 0.02123137969662401, 0.001287654543335024, 0.0]}