{"labels": [0, 1, 2, 3, 4, 5, 6, 7, 8, 9, 10, 11, 12, 13, 14, 15, 16, 17, 18, 19, 20, 21, 22, 23, 24, 25, 26, 27, 28, 29, 30, 31, 32, 33, 34, 35, 36, 37, 38, 39], "data": [0.0, 0.0, 0.0160925808105503, 0.0, 0.014045106720522098, 0.0, 0.0, 0.0, 0.0030772115054298233, 0.008026957401731177, 0.003836953874788684, 0.008546060769254021, 0.0, 0.0015129807255373775, 0.0, 0.0005684416459595855, 0.0011308600233905215, 0.009499672845381356, 0.0016630687221685786, 0.030157202302264687, 0.06778895460498627, 0.0019581418618423397, 0.0, 0.002298981132379553, 0.0, 0.0013399606427296532, 0.0, 0.007378490415007082, 0.0044259918980335015, 0.0, 0.0, 0.0, 0.0, 0.0, 0.0133020779651959, 0.00723263459778184, 0.0, 0.029792640591852645, 0.003745223539825873, 0.04886555614016224]}