{"labels": [0, 1, 2, 3, 4, 5, 6, 7, 8, 9, 10, 11, 12, 13, 14, 15, 16, 17, 18, 19, 20, 21, 22, 23, 24, 25, 26, 27, 28, 29, 30, 31, 32, 33, 34, 35, 36, 37, 38, 39], "data": [0.011389337092404434, 0.00943103255912245, 0.007910964522349028, 0.001902333399402168, 0.0039732421182667255, 0.0, 0.0009101220042252177, 0.0, 0.0, 0.0, 0.0, 0.0015045641878421573, 0.0, 0.0006085478781289858, 0.0, 0.0, 0.001412946507581664, 0.0, 0.09584059310693842, 0.00015368626640698322, 0.0, 0.0, 0.04215216258667394, 0.0, 0.0015120140222105913, 0.0, 0.0, 0.009666660553834756, 0.0, 0.00682807957276515, 0.025148400802099923, 0.0020804622225400154, 0.002945538549465391, 0.06006280258718854, 0.00050424482684157, 0.027482136932855297, 0.0, 0.017287231717418416, 0.0, 0.03446014108825471]}