{"labels": [0, 1, 2, 3, 4, 5, 6, 7, 8, 9, 10, 11, 12, 13, 14, 15, 16, 17, 18, 19, 20, 21, 22, 23, 24, 25, 26, 27, 28, 29, 30, 31, 32, 33, 34, 35, 36, 37, 38, 39], "data": [0.0, 0.0, 0.0, 0.00047227160715560207, 0.0, 0.09340918115036198, 0.0002183260095353288, 0.0, 0.006256377149872976, 0.0029033587702601738, 0.0, 0.0, 0.0176931934684421, 0.0, 0.0, 0.0030565771516537976, 0.0019583034421365476, 0.0, 0.06587015023353142, 0.0, 0.0, 0.0, 0.0, 0.0, 0.0, 0.00476404853417075, 0.0, 0.0, 0.0, 0.017267175722121927, 0.05308886963002218, 0.0, 0.003926361192234903, 0.013289410844719272, 0.0, 0.0, 0.0, 0.0, 0.004158798472654833, 0.0029707346380656576]}