{"labels": [0, 1, 2, 3, 4, 5, 6, 7, 8, 9, 10, 11, 12, 13, 14, 15, 16, 17, 18, 19, 20, 21, 22, 23, 24, 25, 26, 27, 28, 29, 30, 31, 32, 33, 34, 35, 36, 37, 38, 39], "data": [0.0, 0.0, 0.019037063956289527, 0.00014349897276232513, 0.0317703899777977, 0.0, 0.0, 0.0, 0.0, 0.0, 0.0, 0.0, 0.02248512215029546, 0.0005017035833338484, 0.0, 0.0, 0.005601175056439222, 0.003101330239219739, 0.0, 0.0003554175254897434, 0.0017804640330204109, 0.0, 0.0, 0.0025073955305008307, 0.03701075787881784, 0.0, 0.0, 0.008858737226718788, 0.005163355539086994, 0.0, 0.0, 0.004016782592943938, 0.0, 0.020134872512445428, 0.009528507109172616, 0.0, 0.0, 0.0060085459334283334, 0.0, 0.0032308111049997217]}