{"labels": [0, 1, 2, 3, 4, 5, 6, 7, 8, 9, 10, 11, 12, 13, 14, 15, 16, 17, 18, 19, 20, 21, 22, 23, 24, 25, 26, 27, 28, 29, 30, 31, 32, 33, 34, 35, 36, 37, 38, 39], "data": [0.0034305785537994743, 0.0, 0.0, 0.007759951981449391, 0.059409672718512795, 0.0, 0.03196494222530818, 0.0, 0.0, 0.01595802594415255, 0.0, 0.0, 0.0, 0.003683364718889583, 0.04332392623539426, 0.0, 0.0, 0.0, 0.0, 0.0049971202569423275, 0.0005177166120102092, 0.0010071762894756243, 0.0, 0.0, 0.0, 0.007403907958820896, 0.0, 0.0, 0.0, 0.0, 0.0, 0.0, 0.0, 0.0, 0.0, 0.043461047290436046, 0.0, 0.0, 0.0, 0.0]}