{"labels": [0, 1, 2, 3, 4, 5, 6, 7, 8, 9, 10, 11, 12, 13, 14, 15, 16, 17, 18, 19, 20, 21, 22, 23, 24, 25, 26, 27, 28, 29, 30, 31, 32, 33, 34, 35, 36, 37, 38, 39], "data": [0.0, 0.036162978107948496, 0.0, 0.0, 0.0007763439024446072, 0.0, 0.0025907681365081705, 0.0, 0.0, 0.0, 0.008739705236669167, 0.0, 0.0, 0.0, 0.09349946422293766, 0.024151043810214896, 0.0003867564830218395, 0.0, 0.0, 0.0017316642999074307, 0.0, 0.0, 0.0, 0.0, 0.0, 0.0, 0.005491617864318978, 0.02177163794626337, 0.0, 0.0, 0.0, 0.0, 0.0, 0.005008709725941248, 0.0, 0.006076545097260141, 0.014708515536475692, 0.017129675855833516, 0.0, 0.0]}