{"labels": [0, 1, 2, 3, 4, 5, 6, 7, 8, 9, 10, 11, 12, 13, 14, 15, 16, 17, 18, 19, 20, 21, 22, 23, 24, 25, 26, 27, 28, 29, 30, 31, 32, 33, 34, 35, 36, 37, 38, 39], "data": [0.007067942086923587, 0.0011678363270261685, 0.0, 0.004013451973417366, 0.0051413161416345166, 0.028137636627702647, 0.0008757208952821598, 0.0, 0.0, 0.009623516392598268, 0.0, 0.009092921636824805, 0.0, 0.0, 0.0023612221334309443, 0.0, 0.0, 0.0, 0.014226657763371195, 0.0, 0.0, 0.0, 0.0005183003413570094, 0.010698750474914724, 0.0, 0.013019616236877375, 0.0, 0.0027070292947241384, 0.0, 0.0, 0.0044497014262596295, 0.0, 0.0021518954181713426, 0.0, 0.0, 0.0, 0.0, 0.0, 0.0, 0.0004808239382475354]}