{"labels": [0, 1, 2, 3, 4, 5, 6, 7, 8, 9, 10, 11, 12, 13, 14, 15, 16, 17, 18, 19, 20, 21, 22, 23, 24, 25, 26, 27, 28, 29, 30, 31, 32, 33, 34, 35, 36, 37, 38, 39], "data": [0.0, 0.0, 0.0, 0.0, 0.0, 0.0, 0.03164977039138107, 0.0, 0.002557720506152071, 0.0, 0.0022819730782046633, 0.0, 0.0, 0.054768859009670344, 0.0, 0.0025299834852426277, 0.0, 0.0, 0.0, 0.004010129957170969, 0.0, 0.0, 0.0005068604978537431, 0.0, 0.006086800205422175, 0.0, 0.0023636747178370607, 0.0, 0.0, 0.028168004810633772, 0.0, 0.0, 0.0005428155333581746, 0.023288523220987265, 0.0, 0.0, 0.0, 0.004732490837374752, 0.004076549929498419, 0.0028823034165410817]}