{"labels": [0, 1, 2, 3, 4, 5, 6, 7, 8, 9, 10, 11, 12, 13, 14, 15, 16, 17, 18, 19, 20, 21, 22, 23, 24, 25, 26, 27, 28, 29, 30, 31, 32, 33, 34, 35, 36, 37, 38, 39], "data": [0.0, 0.0, 0.0011496356177546248, 0.00035466989948477177, 0.0, 0.0, 0.009922876163367662, 0.0006978776125956515, 0.0, 0.0, 0.0, 0.0, 0.0, 0.00024391008539900993, 0.0, 0.007274435905634774, 0.006251268411670319, 0.0, 0.012147299536024603, 0.0, 0.0, 0.004509184038198595, 0.0, 0.0, 0.0023903665507946977, 0.01176532026973371, 0.014335044938324614, 0.007008469569411647, 0.010652934009032508, 0.0, 0.06601114341607135, 9.261006778168435e-05, 0.0, 0.0, 0.0, 0.0027311168420736187, 0.0, 0.017971609235871454, 0.0, 0.0]}