{"labels": [0, 1, 2, 3, 4, 5, 6, 7, 8, 9, 10, 11, 12, 13, 14, 15, 16, 17, 18, 19, 20, 21, 22, 23, 24, 25, 26, 27, 28, 29, 30, 31, 32, 33, 34, 35, 36, 37, 38, 39], "data": [0.0, 0.0011359771742034221, 0.0, 0.0, 0.027237760478694265, 0.0, 0.05896196347752944, 0.0, 0.0, 0.0, 0.0, 0.0, 0.0, 0.0, 0.0, 0.0, 0.0, 0.0, 0.0, 0.0, 0.0, 0.0004878443674213043, 0.0, 0.0, 0.045234508632893286, 0.04397608369920024, 0.0, 0.0, 0.0, 0.0, 0.02788402695893424, 0.0, 0.0, 0.0, 0.0, 0.0, 0.0, 0.007140826809782973, 0.0, 0.0]}