{"labels": [0, 1, 2, 3, 4, 5, 6, 7, 8, 9, 10, 11, 12, 13, 14, 15, 16, 17, 18, 19, 20, 21, 22, 23, 24, 25, 26, 27, 28, 29, 30, 31, 32, 33, 34, 35, 36, 37, 38, 39], "data": [0.037173293047754435, 0.0, 0.0, 0.0031817575989366137, 0.029462431057237465, 0.0, 0.010088411809464922, 0.0, 0.0, 0.0031817657756603754, 0.011357812006478885, 0.0, 0.01447704262769203, 0.008772968494252954, 0.0, 0.007992631476758114, 0.02055999150323371, 0.0, 0.0, 0.0020903467084876495, 0.007451061440343322, 0.04275747743368443, 0.0, 0.0, 0.003782659808195913, 0.04647521266703944, 0.0007190111829720754, 0.0225080801037117, 0.0, 0.0, 0.00021546289602255864, 0.0, 0.0009427135028949266, 0.0, 0.004280164934301365, 0.0, 0.0, 0.010759178757121046, 0.0, 0.0]}