{"labels": [0, 1, 2, 3, 4, 5, 6, 7, 8, 9, 10, 11, 12, 13, 14, 15, 16, 17, 18, 19, 20, 21, 22, 23, 24, 25, 26, 27, 28, 29, 30, 31, 32, 33, 34, 35, 36, 37, 38, 39], "data": [0.0, 0.005110073668333949, 0.0, 0.0, 0.02242361439478255, 0.0, 0.016526714977107296, 0.0, 0.0, 0.00014726466567002475, 0.0, 0.0, 0.006046327257867344, 0.004767175303044969, 0.009181345841579034, 0.006701688109431449, 0.0008033001537700006, 0.010827134693364984, 0.0, 0.0, 0.0026799473749432074, 0.04324077814710585, 0.06486788788572709, 0.0, 0.0, 0.0, 0.056816189228704544, 0.004638905076481325, 0.006894075017902943, 0.0, 0.01425400911001606, 0.0, 0.0013535687535573039, 0.0, 5.880262335642004e-05, 0.0, 0.0, 0.02150311376387643, 0.0, 0.0]}