{"labels": [0, 1, 2, 3, 4, 5, 6, 7, 8, 9, 10, 11, 12, 13, 14, 15, 16, 17, 18, 19, 20, 21, 22, 23, 24, 25, 26, 27, 28, 29, 30, 31, 32, 33, 34, 35, 36, 37, 38, 39], "data": [0.002835833265030485, 0.0, 0.0021813339814275765, 0.002340315714438922, 0.001471915094262547, 0.0, 0.0, 0.001283703022354579, 0.0, 0.0030997936756373143, 0.002268107712306422, 0.0, 0.0, 0.0064489247429996175, 0.0, 0.0, 0.0005397215517435947, 0.0, 0.0, 0.0023114829775161987, 0.0004972575803244753, 0.0, 0.0, 0.0, 0.0, 0.02359103957634521, 0.0, 0.0, 0.0, 0.00994850603154622, 0.0, 0.0011620331374851784, 0.0076535321955589816, 0.002313558781932395, 0.0033542854392800006, 0.0, 0.0002791891457946093, 0.0, 0.0, 0.0]}