{"labels": [0, 1, 2, 3, 4, 5, 6, 7, 8, 9, 10, 11, 12, 13, 14, 15, 16, 17, 18, 19, 20, 21, 22, 23, 24, 25, 26, 27, 28, 29, 30, 31, 32, 33, 34, 35, 36, 37, 38, 39], "data": [0.004493772680046124, 0.0034206388094024493, 0.0, 0.0, 0.01388730317998107, 0.0, 0.05094577644271846, 0.0, 0.032763621703795855, 0.0185313201108941, 0.0009046995149485362, 0.0, 0.0, 0.003767738304849252, 0.0, 0.0, 0.005382296471280457, 0.0, 0.0032174155949438563, 0.004576046956143557, 0.0, 0.0, 0.0, 0.018790195311780236, 0.0, 0.02170048022848522, 0.0011909128514850814, 0.0, 0.0, 0.0, 0.011726514491825765, 0.0, 0.0, 0.01204098382535258, 0.0, 0.003014440854389697, 0.0, 0.0, 0.007101708429461387, 0.004876334266378321]}