{"labels": [0, 1, 2, 3, 4, 5, 6, 7, 8, 9, 10, 11, 12, 13, 14, 15, 16, 17, 18, 19, 20, 21, 22, 23, 24, 25, 26, 27, 28, 29, 30, 31, 32, 33, 34, 35, 36, 37, 38, 39], "data": [0.01162815053437117, 0.0, 0.0, 0.0, 0.0, 0.026231539621727258, 0.0, 0.0, 0.0, 0.025308146546477818, 0.012541942745254811, 0.0, 0.016144165451241366, 0.0, 0.0, 0.0, 0.0, 0.04977545387852467, 0.0, 0.00018235364450884647, 0.0, 0.02320221641105877, 0.0, 0.027640630221797642, 0.0, 0.0, 0.03855946678824459, 0.036699070695698215, 0.0, 0.056762520055293864, 0.0, 0.0, 0.0, 0.0, 0.007845525984390077, 0.0, 0.0, 0.0, 0.0016144503957693697, 0.00024259629748977704]}