{"labels": [0, 1, 2, 3, 4, 5, 6, 7, 8, 9, 10, 11, 12, 13, 14, 15, 16, 17, 18, 19, 20, 21, 22, 23, 24, 25, 26, 27, 28, 29, 30, 31, 32, 33, 34, 35, 36, 37, 38, 39], "data": [0.0, 0.0006671718687497075, 0.0, 0.0, 0.05133158576662662, 0.0, 0.00431152258957048, 0.047489423061650694, 0.008254592607225506, 0.005158106415214297, 0.0, 0.004841211872564926, 0.0, 0.0, 0.0, 0.002191274248880869, 0.0, 0.017740744955283907, 0.0, 0.02653854708027432, 0.0021017576796167887, 0.03091422384405152, 0.0, 0.0, 0.0014636777045905888, 0.0, 0.004440282826452915, 0.020237219853251585, 0.0, 0.013323043276960631, 0.051127375098543176, 0.0, 0.0, 0.0, 0.002657284271564247, 0.0, 0.0, 0.0020466430937320064, 0.0025749691679992684, 0.0016318225660889552]}