{"labels": [0, 1, 2, 3, 4, 5, 6, 7, 8, 9, 10, 11, 12, 13, 14, 15, 16, 17, 18, 19, 20, 21, 22, 23, 24, 25, 26, 27, 28, 29, 30, 31, 32, 33, 34, 35, 36, 37, 38, 39], "data": [0.005988943408827796, 0.0, 0.003945033496808355, 0.010220192403589875, 0.0, 0.0077764697925669524, 0.007313814569458098, 0.0, 0.06666066341379229, 0.0, 0.008638623769987896, 0.004796093345397994, 8.877415365028217e-05, 0.009127014600776693, 0.0, 0.0, 0.0, 0.0, 0.0059724573981770656, 0.004624680307404215, 0.1037410385574886, 0.001077969125983127, 0.00027043254011268236, 0.017364394473793874, 0.001773048221390758, 0.0033758136922453145, 0.002500931364988914, 0.0, 0.0, 0.0, 0.0, 0.00027930376124466296, 0.0, 0.00150468407649655, 0.012664485679993079, 0.05009154182664262, 0.0, 0.0, 0.003971497746255636, 0.03856298997863847]}