{"labels": [0, 1, 2, 3, 4, 5, 6, 7, 8, 9, 10, 11, 12, 13, 14, 15, 16, 17, 18, 19, 20, 21, 22, 23, 24, 25, 26, 27, 28, 29, 30, 31, 32, 33, 34, 35, 36, 37, 38, 39], "data": [0.0, 0.0, 0.0, 0.09170695723995455, 0.0, 0.0, 0.0027654651715431147, 0.0, 0.0032990609435881954, 0.0, 0.004122908434251799, 0.0, 0.02853308200627583, 0.0, 0.0, 0.0, 0.0, 0.0, 0.004112619085190971, 0.0, 0.0, 0.0010530525388270427, 0.0, 0.05923975226599522, 0.0026085324128872272, 0.0, 0.0037027952778230623, 0.00010395149750697116, 0.0, 0.0, 0.0, 0.019764764613189004, 0.0, 0.0, 0.020387995761234845, 0.0, 0.0, 0.0, 0.0, 0.0]}