{"labels": [0, 1, 2, 3, 4, 5, 6, 7, 8, 9, 10, 11, 12, 13, 14, 15, 16, 17, 18, 19, 20, 21, 22, 23, 24, 25, 26, 27, 28, 29, 30, 31, 32, 33, 34, 35, 36, 37, 38, 39], "data": [0.014218594101180924, 0.0, 0.0, 0.0, 0.06640077069258157, 0.0, 0.010998290218557734, 0.0, 0.0, 0.0, 0.0, 0.0, 0.0, 0.0, 0.0, 0.0, 0.048791418421189905, 0.025318600959032544, 0.016163870941012074, 0.0, 0.0, 0.0, 0.0, 0.0005989219699389439, 0.011057559340454387, 0.0, 0.0, 0.0, 0.0, 0.0, 0.0, 0.0, 0.0009015798682514773, 0.0, 0.0013430812642712708, 0.001965393973215357, 0.0, 0.0, 0.03715943451266201, 0.03306494944436729]}