{"labels": [0, 1, 2, 3, 4, 5, 6, 7, 8, 9, 10, 11, 12, 13, 14, 15, 16, 17, 18, 19, 20, 21, 22, 23, 24, 25, 26, 27, 28, 29, 30, 31, 32, 33, 34, 35, 36, 37, 38, 39], "data": [0.010152532651022552, 0.0032238127842735367, 0.005492940904250253, 0.0, 0.0, 0.0, 0.0, 0.07433911470619772, 0.00046106540700090664, 0.00392526454175463, 0.00019450393051130321, 0.001546702856088751, 0.017507888564129506, 0.0, 0.0, 0.018382081444717122, 0.0, 0.00029867827409679184, 0.0, 0.0, 0.0, 0.002609525781773932, 0.0, 0.03385980594532679, 0.0, 0.0, 0.0004272576570942461, 0.03601527464988284, 0.0, 0.0, 0.0027053868542008886, 0.00021902857051687044, 0.0, 0.0, 0.0, 0.0, 0.0, 0.02082306202330218, 0.0, 0.0008768008409125695]}