{"labels": [0, 1, 2, 3, 4, 5, 6, 7, 8, 9, 10, 11, 12, 13, 14, 15, 16, 17, 18, 19, 20, 21, 22, 23, 24, 25, 26, 27, 28, 29, 30, 31, 32, 33, 34, 35, 36, 37, 38, 39], "data": [0.0, 0.0, 0.0, 0.0, 0.001402401587899187, 0.0, 0.0, 3.0632496524544835e-05, 0.0, 0.0, 0.013275608843939402, 0.0, 0.0, 0.16026799291989097, 0.0, 0.002174269278230609, 0.0, 0.0, 0.0, 0.0, 0.0, 0.0, 0.0, 0.010070250872781905, 0.0016158924625759518, 0.0, 0.0, 0.0016506975779273976, 0.003255892037802452, 0.0, 0.0, 0.000831912594411031, 0.0, 0.0, 0.0, 0.0030986989951729787, 0.0, 0.0, 0.0, 0.0]}