{"labels": [0, 1, 2, 3, 4, 5, 6, 7, 8, 9, 10, 11, 12, 13, 14, 15, 16, 17, 18, 19, 20, 21, 22, 23, 24, 25, 26, 27, 28, 29, 30, 31, 32, 33, 34, 35, 36, 37, 38, 39], "data": [0.0, 0.0, 0.0, 0.0, 0.0, 0.0, 0.0, 0.013500075825754408, 0.007061539175193067, 0.0, 0.0, 0.04116614377492125, 0.0, 0.0, 0.01863953865927575, 0.0, 0.0, 0.0, 0.005650176852948019, 0.0, 0.0, 0.025076206792222458, 0.005959936040736688, 0.0, 0.0, 0.06438524423496415, 0.0, 0.0, 0.0, 0.0, 0.0, 0.0, 0.0, 0.0, 0.003371075523445294, 0.008689369372598463, 0.0, 0.12422437527325966, 0.0, 0.0]}