{"labels": [0, 1, 2, 3, 4, 5, 6, 7, 8, 9, 10, 11, 12, 13, 14, 15, 16, 17, 18, 19, 20, 21, 22, 23, 24, 25, 26, 27, 28, 29, 30, 31, 32, 33, 34, 35, 36, 37, 38, 39], "data": [0.0009712171907810393, 0.0, 0.0033969653332230993, 0.011523968760519912, 0.0, 0.011424243450147425, 0.03043262300076791, 0.0, 0.0, 0.029124768083928446, 0.0, 0.03663951063868651, 0.0, 0.0, 0.011780561765732112, 0.03376306765948491, 0.0, 0.02616013679545304, 0.0, 0.0, 0.003502860413218856, 0.014914941793387346, 0.0008411671241938047, 0.011881425709104181, 0.0012141353245800671, 0.0, 0.0034925117528054935, 0.0, 0.0, 0.0, 0.007256003527308152, 0.005539741202652824, 0.0, 0.0, 0.0, 0.0, 0.0, 0.0, 0.0, 0.0]}