{"labels": [0, 1, 2, 3, 4, 5, 6, 7, 8, 9, 10, 11, 12, 13, 14, 15, 16, 17, 18, 19, 20, 21, 22, 23, 24, 25, 26, 27, 28, 29, 30, 31, 32, 33, 34, 35, 36, 37, 38, 39], "data": [0.0, 0.024341640980727254, 0.0, 0.005611752281097061, 0.03486997348623393, 0.0, 0.0, 0.0, 0.0, 0.004676663990954837, 0.0, 0.0, 0.0, 0.00015323944432028133, 0.0, 0.0, 0.0, 0.0, 0.0, 0.0, 0.0, 0.0, 0.0002800838214874442, 0.0029255441559070724, 0.0009715485250509464, 0.04905882644369415, 0.0, 0.040741909653723964, 0.0, 0.0, 0.0, 0.0006561109180997801, 0.0, 0.03845110372425404, 0.0038931893517374794, 0.0, 0.0, 0.020174307948825035, 0.0, 0.0]}