{"labels": [0, 1, 2, 3, 4, 5, 6, 7, 8, 9, 10, 11, 12, 13, 14, 15, 16, 17, 18, 19, 20, 21, 22, 23, 24, 25, 26, 27, 28, 29, 30, 31, 32, 33, 34, 35, 36, 37, 38, 39], "data": [0.004861292178944229, 0.0, 0.0, 0.018720432382114505, 0.014778448527611305, 0.0, 0.0, 0.014310512490726368, 0.0, 0.0, 0.0, 0.0, 0.03622171040451176, 0.0, 0.057074304605103064, 0.0, 0.0, 0.0, 0.0, 0.0006901735827628353, 0.09109614999443612, 0.0, 0.036607996447630894, 0.0, 0.04092114897700557, 0.017185769380491343, 0.0, 0.029039479992019765, 0.0, 0.0, 0.0, 0.0, 0.0, 0.0, 0.0, 0.014482160707231722, 0.0, 0.014296553770722725, 0.0, 0.0]}