{"labels": [0, 1, 2, 3, 4, 5, 6, 7, 8, 9, 10, 11, 12, 13, 14, 15, 16, 17, 18, 19, 20, 21, 22, 23, 24, 25, 26, 27, 28, 29, 30, 31, 32, 33, 34, 35, 36, 37, 38, 39], "data": [0.0005574548619638626, 0.009474353314318356, 0.024483173441800968, 0.0, 0.016900975349182834, 0.05824535025898054, 0.04187671536582344, 0.0, 0.02544978404834989, 0.0, 0.023433934791079657, 0.024855358239305993, 0.0, 0.0, 0.0, 0.0, 0.014236917346755999, 0.0, 0.0, 0.0, 0.0, 0.021871125747720814, 0.0010501323317793215, 0.0, 0.021980565771707136, 0.0, 0.0005661074947729592, 0.0, 0.0, 0.0, 0.0, 0.0, 0.0, 0.0, 0.0, 0.0, 0.0, 0.0, 0.010261301912792275, 0.007734201365814547]}