{"labels": [0, 1, 2, 3, 4, 5, 6, 7, 8, 9, 10, 11, 12, 13, 14, 15, 16, 17, 18, 19, 20, 21, 22, 23, 24, 25, 26, 27, 28, 29, 30, 31, 32, 33, 34, 35, 36, 37, 38, 39], "data": [0.014093036834441595, 0.0, 0.002932651911005216, 0.005956140221081866, 0.0350012241019755, 0.0, 0.0, 0.016081343872078657, 0.029065204695374186, 0.004131990059817886, 0.0, 0.0, 0.0, 0.00019303564770413358, 0.0, 0.0, 0.0, 0.009641519872823214, 0.01923052790001261, 0.0013944377153339337, 0.007862327505103028, 0.0077364172214179966, 0.00492814249579331, 0.019480863162542227, 0.0, 0.015878076452384527, 0.003119976539896797, 0.0, 0.0, 0.010273810371234397, 0.0, 0.0031734750565067544, 0.0, 0.05887795393193055, 0.0, 0.0, 0.0007943724863012287, 0.0, 0.0011601943849074748, 0.0]}