{"labels": [0, 1, 2, 3, 4, 5, 6, 7, 8, 9, 10, 11, 12, 13, 14, 15, 16, 17, 18, 19, 20, 21, 22, 23, 24, 25, 26, 27, 28, 29, 30, 31, 32, 33, 34, 35, 36, 37, 38, 39], "data": [0.0, 0.0, 0.0, 0.0, 0.0, 0.011443788782540881, 0.021315740499024925, 0.0, 0.0, 0.018836530154602786, 0.0, 0.0, 0.0234042355279907, 0.0, 0.05207892144474121, 0.0, 0.0, 0.04867815016758132, 0.01748090042358909, 0.0, 0.09863241935943695, 0.0, 0.0020861304699970207, 0.0, 0.0, 0.0, 0.0, 0.0, 0.0, 0.0, 0.002381665209613216, 0.008352241315434304, 0.0, 0.0006028035919718605, 0.0002710442135177542, 0.01747283025451479, 0.0, 0.013315590865531203, 0.0027438913502501497, 0.0]}