{"labels": [0, 1, 2, 3, 4, 5, 6, 7, 8, 9, 10, 11, 12, 13, 14, 15, 16, 17, 18, 19, 20, 21, 22, 23, 24, 25, 26, 27, 28, 29, 30, 31, 32, 33, 34, 35, 36, 37, 38, 39], "data": [0.0, 0.0, 0.0, 0.00010093925299257024, 0.0, 0.014363248098414853, 0.006146960214797388, 0.0, 0.0011836686787260022, 0.005321198569839624, 0.0, 0.0965142474814871, 0.0, 0.014636331378179757, 0.0, 0.0017562235639153535, 0.0, 0.027137693029319628, 0.014284278482200357, 0.0010251463304341106, 0.0, 0.02301514206540013, 0.0001065009205456216, 0.0, 0.00200987190296579, 0.008404240637280005, 0.0018619361221577538, 0.0, 0.0, 0.0, 0.0, 0.01069472814999738, 0.0, 0.0066000089098112585, 0.004603798864588416, 0.0, 0.017913033055129368, 0.0143162139809734, 0.000581526857921024, 0.0]}