{"labels": [0, 1, 2, 3, 4, 5, 6, 7, 8, 9, 10, 11, 12, 13, 14, 15, 16, 17, 18, 19, 20, 21, 22, 23, 24, 25, 26, 27, 28, 29, 30, 31, 32, 33, 34, 35, 36, 37, 38, 39], "data": [0.0, 0.005420325465655255, 0.008671919232997934, 0.0, 0.0, 0.005391529656198199, 0.011672812864457031, 0.020821574839905287, 0.0006920271402130099, 0.0, 0.0, 0.002964961846899936, 0.009423795914835309, 0.0, 0.017506455545878808, 0.011978136989441572, 0.0007295653233524138, 0.0, 0.0, 0.0005390351867006072, 0.0, 0.0146827195316248, 0.0, 0.0, 0.0, 0.0, 0.04806202258016367, 0.0, 0.0, 0.0, 0.0, 0.0028938023288318892, 0.0, 0.014719175251815701, 0.0, 0.10490970429071499, 0.01476360892216515, 0.028579664806257888, 0.005038232084993033, 0.05196079610490268]}