{"labels": [0, 1, 2, 3, 4, 5, 6, 7, 8, 9, 10, 11, 12, 13, 14, 15, 16, 17, 18, 19, 20, 21, 22, 23, 24, 25, 26, 27, 28, 29, 30, 31, 32, 33, 34, 35, 36, 37, 38, 39], "data": [0.0, 0.053881010792143955, 0.0, 0.0, 0.0, 0.0, 0.005384010418183785, 0.0, 0.06924864549277425, 0.0, 0.08262991726114505, 0.0, 0.0, 0.0007041779411396454, 0.0, 0.0, 0.0, 0.0, 0.016817778215155774, 0.0, 0.0, 0.0, 0.0, 0.0, 0.0, 0.0, 0.0, 0.0, 0.0, 0.003991619022842866, 0.0, 0.0, 0.0, 0.0, 0.0, 0.0, 0.007943896745509254, 0.0, 0.0, 0.0]}