{"labels": [0, 1, 2, 3, 4, 5, 6, 7, 8, 9, 10, 11, 12, 13, 14, 15, 16, 17, 18, 19, 20, 21, 22, 23, 24, 25, 26, 27, 28, 29, 30, 31, 32, 33, 34, 35, 36, 37, 38, 39], "data": [0.0, 0.0, 0.0008261640241199432, 0.016613782174527532, 0.004591995489722323, 0.0006187466690127055, 0.006299600793096211, 0.02303007313169469, 0.00032042733807429634, 0.003385608721792947, 0.0, 0.007438448526769567, 0.0, 0.0014087008465940853, 0.0007204978939988244, 0.01840070065424689, 0.0, 0.0017476919800972174, 0.042167403618973795, 0.0, 0.008207796276785787, 0.0022197650510132417, 0.04784598952999085, 0.0, 0.03683205990951171, 0.0, 0.04094078117282571, 0.0, 0.006667742193042795, 0.0, 0.0, 0.0018627289505068502, 0.0363197917168254, 0.029470847742845103, 0.0, 0.0, 0.0, 0.005128746141064824, 0.0057420978564280845, 0.005036359323036721]}