{"labels": [0, 1, 2, 3, 4, 5, 6, 7, 8, 9, 10, 11, 12, 13, 14, 15, 16, 17, 18, 19, 20, 21, 22, 23, 24, 25, 26, 27, 28, 29, 30, 31, 32, 33, 34, 35, 36, 37, 38, 39], "data": [0.006544291186888347, 0.00760659324850224, 0.010469082085445357, 0.0, 0.003977882459777521, 0.10397355329878001, 0.0, 0.0, 0.0, 0.0, 0.0, 0.020898852612853704, 0.0, 0.0, 0.0, 0.03731558755160029, 0.0, 0.0, 0.04539266588170262, 0.0, 0.0, 0.0, 0.0, 0.0, 0.001922774487526745, 0.0, 0.043807127224033536, 0.00015905300345109963, 0.0, 0.0, 0.0006087885198710722, 0.0, 0.025992939185812445, 0.0, 0.0, 0.0, 0.010151893524532897, 0.0032484444836700078, 0.0064270503401114825, 0.07848654770577632]}