{"labels": [0, 1, 2, 3, 4, 5, 6, 7, 8, 9, 10, 11, 12, 13, 14, 15, 16, 17, 18, 19, 20, 21, 22, 23, 24, 25, 26, 27, 28, 29, 30, 31, 32, 33, 34, 35, 36, 37, 38, 39], "data": [0.0, 0.0, 0.0, 0.0, 0.030001114675974095, 0.0, 0.0, 0.0, 0.0009293077292519634, 0.006425332543629391, 0.008850333533822485, 0.0, 0.002800402612933089, 0.012168009251989307, 0.0, 0.0, 0.011739272937684333, 0.012846463196950954, 0.016487853968504967, 0.00170035725563274, 0.08983510759131189, 0.004347632281099463, 0.0, 0.0018178223824928262, 0.0, 0.026571108660446645, 0.0, 0.004985892662944929, 0.0, 0.0, 0.0, 0.0, 0.005714703781213402, 0.0, 0.005284267467725502, 0.0, 0.0, 0.00296412227803028, 0.0, 0.06447434706799825]}