{"labels": [0, 1, 2, 3, 4, 5, 6, 7, 8, 9, 10, 11, 12, 13, 14, 15, 16, 17, 18, 19, 20, 21, 22, 23, 24, 25, 26, 27, 28, 29, 30, 31, 32, 33, 34, 35, 36, 37, 38, 39], "data": [0.0, 0.0, 0.0, 0.0, 0.0, 0.0, 0.0241331432999065, 0.0, 0.0008806233540245969, 0.0, 0.0005041847246279192, 0.0, 0.0, 0.0007772182368163262, 0.0, 0.0, 0.0, 0.0, 0.0, 0.0, 0.0, 0.0, 0.0014596789812724334, 0.0, 0.001776987524418187, 0.0, 0.007353952947941409, 0.08473832582646842, 0.0, 0.0, 0.0, 0.008956858441570698, 0.0, 0.0, 0.0, 0.06901348276970803, 0.0, 0.0, 0.0, 0.001632635063507798]}