{"labels": [0, 1, 2, 3, 4, 5, 6, 7, 8, 9, 10, 11, 12, 13, 14, 15, 16, 17, 18, 19, 20, 21, 22, 23, 24, 25, 26, 27, 28, 29, 30, 31, 32, 33, 34, 35, 36, 37, 38, 39], "data": [0.022851951058360166, 0.004239130526293949, 0.0, 0.08741876542454063, 0.0, 0.012954888335821209, 0.0, 0.0, 0.0, 0.0, 0.013008180147837006, 0.0, 0.026513712729504244, 0.0028932253075966735, 0.003727103786465762, 0.012328072295127591, 0.0, 0.003641684326114013, 0.017954932366214423, 0.0, 0.0023258044965785906, 0.029804276279457975, 0.002372507691212166, 0.0, 0.0, 0.0, 0.0, 0.0, 0.0, 0.0, 0.010099579531943667, 0.0, 0.0022541742463465415, 0.02804477763280127, 0.028692264104534855, 0.0, 0.0, 0.0, 0.0, 0.0]}