{"labels": [0, 1, 2, 3, 4, 5, 6, 7, 8, 9, 10, 11, 12, 13, 14, 15, 16, 17, 18, 19, 20, 21, 22, 23, 24, 25, 26, 27, 28, 29, 30, 31, 32, 33, 34, 35, 36, 37, 38, 39], "data": [0.008651640402509701, 0.0, 0.0, 0.014021465241191963, 0.0, 0.0, 0.0, 0.0, 0.0, 0.03576457990170753, 0.0, 0.0, 0.0, 0.0, 0.018098818398853828, 0.004332884808664772, 0.01749077844013107, 0.022905140089426304, 0.0, 0.00426054506849109, 0.0010450594817386606, 0.05904447904608004, 0.0, 0.020222335022932296, 0.0, 0.012040762767883151, 0.008748105850394703, 0.0, 0.0, 0.0, 0.0, 0.0006898825470646984, 0.0, 0.0, 0.03788172518655351, 0.0, 0.0, 0.0, 0.0, 0.0]}