{"labels": [0, 1, 2, 3, 4, 5, 6, 7, 8, 9, 10, 11, 12, 13, 14, 15, 16, 17, 18, 19, 20, 21, 22, 23, 24, 25, 26, 27, 28, 29, 30, 31, 32, 33, 34, 35, 36, 37, 38, 39], "data": [0.0, 0.0, 0.0, 0.08482913625568284, 0.0, 0.0, 0.0273094902385985, 0.0, 0.0, 0.00528934142059037, 0.0, 0.0, 0.013547803355180901, 0.0, 0.0, 0.0, 0.009761299966879184, 0.0, 0.006095066388687379, 0.001350699317395399, 0.0, 0.0, 0.0, 0.0, 0.0, 0.013960635667702826, 0.0, 0.0, 0.0029363701616176518, 0.0, 0.0, 0.0, 0.0, 0.04304106450449154, 0.0, 0.0, 0.0, 0.0, 0.0, 0.0]}