{"labels": [0, 1, 2, 3, 4, 5, 6, 7, 8, 9, 10, 11, 12, 13, 14, 15, 16, 17, 18, 19, 20, 21, 22, 23, 24, 25, 26, 27, 28, 29, 30, 31, 32, 33, 34, 35, 36, 37, 38, 39], "data": [0.0, 0.0, 0.0, 0.007812893471458216, 0.012167859682954262, 0.010146137199114714, 0.007521875356603747, 0.0, 0.001800453585277978, 0.0, 0.0, 0.10926971673035583, 0.0, 0.0, 0.008683921035408344, 0.013584767178159408, 0.002197773540082834, 0.0, 0.01565237503208659, 0.0, 0.0, 0.006821038472815067, 0.0, 0.0, 0.0, 0.012002594194627928, 0.0, 0.0, 0.0, 0.0, 0.0, 0.0, 0.0, 9.791001979384022e-05, 0.0, 0.06770866454149672, 0.0, 0.010888956798692472, 0.0, 0.0]}