{"labels": [0, 1, 2, 3, 4, 5, 6, 7, 8, 9, 10, 11, 12, 13, 14, 15, 16, 17, 18, 19, 20, 21, 22, 23, 24, 25, 26, 27, 28, 29, 30, 31, 32, 33, 34, 35, 36, 37, 38, 39], "data": [0.004354152985879948, 0.0038650631120835917, 0.0003240325397255041, 0.0, 0.026797282355352166, 0.0, 0.0009234005541950673, 0.0, 0.0006605871993622292, 0.002082391138632281, 0.0, 0.0, 0.0, 0.0057471684238648915, 0.0, 0.0, 0.0, 0.0353813595643945, 0.014504270321765367, 0.02719891789188928, 0.002978649975126738, 0.004076714988541899, 0.0006349873326333841, 0.0037088501974630213, 0.0, 0.02664094783038148, 0.0, 0.0, 0.0, 0.052323029325892285, 0.008268669700348622, 0.002356872426200164, 0.0, 0.0, 0.004862850175021495, 0.007285241987509718, 0.01069732919944457, 0.005231258498912958, 0.07133053503234192, 0.0005002385250577531]}