{"labels": [0, 1, 2, 3, 4, 5, 6, 7, 8, 9, 10, 11, 12, 13, 14, 15, 16, 17, 18, 19, 20, 21, 22, 23, 24, 25, 26, 27, 28, 29, 30, 31, 32, 33, 34, 35, 36, 37, 38, 39], "data": [0.0, 0.0005554313225842296, 0.004059371007019488, 0.0, 0.0, 0.002969309098229288, 0.023482138953552906, 0.006135689484880752, 0.0, 0.029381798939667917, 0.0, 0.0, 0.0, 0.0603457358742902, 0.022504260382397882, 0.0, 0.0, 0.0, 0.046672936056383216, 0.0, 0.0, 0.0021774096821044623, 0.0, 0.002304909476568261, 0.005513730573925039, 0.0, 0.007026178232583899, 0.0, 0.000675881598430241, 0.0, 0.0, 0.0, 0.03364374828914024, 0.0, 0.009407829930466703, 0.0, 0.0, 0.0, 0.036925674671858665, 0.0015563124152951496]}