{"labels": [0, 1, 2, 3, 4, 5, 6, 7, 8, 9, 10, 11, 12, 13, 14, 15, 16, 17, 18, 19, 20, 21, 22, 23, 24, 25, 26, 27, 28, 29, 30, 31, 32, 33, 34, 35, 36, 37, 38, 39], "data": [0.0, 0.0, 0.0, 0.0, 0.01799655378191802, 0.016101973061205352, 0.0010883617321773926, 0.010272296661509358, 0.0016477945354408635, 0.0, 0.0, 0.00024147764796126584, 0.08876528465093839, 0.0, 0.01523073565637204, 0.0, 0.0, 0.0, 0.0015675911885580792, 0.024493417955642534, 0.08509890686780555, 0.002521229423988833, 0.0, 0.028325259017803917, 0.0, 0.010445677175704283, 0.0, 0.00891732313957453, 0.06594797615542403, 0.0, 0.0, 0.0, 0.03416087811771739, 0.0019689158934365855, 0.004807684458360539, 0.0012979320785819158, 0.0, 0.0030213358727789108, 0.0, 5.9745672216641324e-05]}