{"labels": [0, 1, 2, 3, 4, 5, 6, 7, 8, 9, 10, 11, 12, 13, 14, 15, 16, 17, 18, 19, 20, 21, 22, 23, 24, 25, 26, 27, 28, 29, 30, 31, 32, 33, 34, 35, 36, 37, 38, 39], "data": [9.238320768026476e-05, 0.001188665721381671, 0.038989998368520275, 0.01396746183490772, 0.0015846170189757135, 0.01846553012431657, 0.0, 0.0008636433436808507, 0.0, 0.028226245434206636, 0.0, 0.0003466964737199607, 0.0, 0.03766464031223591, 0.0, 0.0036399307818220116, 0.0, 0.01862041393660806, 0.029503607178534966, 0.0009633901049369197, 0.006568867175052762, 0.0, 0.0014993769493662375, 0.0018827869330191851, 0.00071820068459005, 0.0017112204038352403, 0.012668878183183931, 0.0, 0.01828816375680373, 0.002981893100107384, 0.0013740459122311291, 0.0, 0.0, 0.014184836746814596, 0.0, 0.0, 0.010453651192120049, 0.009547791471251052, 0.0, 0.0]}