{"labels": [0, 1, 2, 3, 4, 5, 6, 7, 8, 9, 10, 11, 12, 13, 14, 15, 16, 17, 18, 19, 20, 21, 22, 23, 24, 25, 26, 27, 28, 29, 30, 31, 32, 33, 34, 35, 36, 37, 38, 39], "data": [0.0020000750008298757, 0.0, 0.0, 0.04120810823264908, 0.021970730800862513, 0.0, 0.00789499095418752, 0.0016948808958656867, 0.0, 0.00016589782221651886, 0.0, 0.0, 0.005256224505205384, 0.0, 0.0002812392557243138, 0.0, 0.0, 0.007841202093323086, 0.020323579379942162, 0.0, 0.0, 0.0036777688742274488, 0.0, 0.0, 0.0, 0.0, 0.052607124672757744, 0.0, 0.019099318910577385, 0.0, 0.005421730434473849, 0.03949065592836703, 0.0022707786656619303, 0.0, 0.0, 0.0, 0.0010145370142805902, 0.0, 0.038689484865244685, 0.0]}