{"labels": [0, 1, 2, 3, 4, 5, 6, 7, 8, 9, 10, 11, 12, 13, 14, 15, 16, 17, 18, 19, 20, 21, 22, 23, 24, 25, 26, 27, 28, 29, 30, 31, 32, 33, 34, 35, 36, 37, 38, 39], "data": [0.04983429113204804, 0.0, 0.0, 0.002304907507515091, 0.0, 5.740380508175912e-05, 0.0, 0.0, 0.0, 0.0, 0.017027029591281346, 0.004981398693709807, 0.06312387928183111, 0.006527600089744828, 0.013087286763459023, 0.0, 0.009429434289683621, 0.03105211526562007, 0.01875063454056426, 0.020538200957594673, 0.0, 0.0031777172290166373, 0.0, 0.0, 0.0, 0.0, 0.0, 0.0, 0.0, 0.0, 0.03558517480607704, 0.008861721227997658, 0.0, 0.005036934548334239, 0.08672687855497058, 0.0014143096475343988, 0.02338871626951863, 0.0, 0.0, 0.0]}