{"labels": [0, 1, 2, 3, 4, 5, 6, 7, 8, 9, 10, 11, 12, 13, 14, 15, 16, 17, 18, 19, 20, 21, 22, 23, 24, 25, 26, 27, 28, 29, 30, 31, 32, 33, 34, 35, 36, 37, 38, 39], "data": [0.0, 0.0, 0.0, 0.004329983241717606, 0.0, 0.06008721965750902, 0.0, 1.674633867211436, 0.0, 0.0, 0.0, 0.0, 0.0, 0.0, 0.0, 0.018979258627785923, 0.0, 0.0, 0.0, 0.0, 0.05801989859881608, 0.0, 0.0, 0.0, 0.0, 0.0, 0.0, 0.0, 0.18493338850351632, 0.0, 0.11088635410146222, 0.027188481338142487, 0.0, 0.0, 0.0, 0.0, 0.0, 0.0, 0.0, 0.0]}