{"labels": [0, 1, 2, 3, 4, 5, 6, 7, 8, 9, 10, 11, 12, 13, 14, 15, 16, 17, 18, 19, 20, 21, 22, 23, 24, 25, 26, 27, 28, 29, 30, 31, 32, 33, 34, 35, 36, 37, 38, 39], "data": [0.0, 0.0, 0.0, 0.00017955343246469849, 0.0, 0.0018528685147409059, 0.0006023762999290698, 0.0, 0.005526841446952116, 0.0, 0.0020503963101573593, 0.0006308619684163847, 0.0, 0.0, 0.048747881830673544, 0.002596238998133456, 0.0, 0.016831345546001925, 0.0021150869086417655, 0.0, 0.0037055742771999194, 0.0010751107441561085, 0.0, 4.7964550349727105e-05, 0.0, 0.004395778765495449, 0.0009609156036876496, 0.054214784046240055, 0.0, 0.03298474814585083, 0.0, 0.00038494577941038756, 0.00011138190788473729, 0.04258043185037058, 0.0, 0.0028601890957236672, 0.0, 0.0, 0.0022791473155409454, 0.0020621013396884534]}