{"labels": [0, 1, 2, 3, 4, 5, 6, 7, 8, 9, 10, 11, 12, 13, 14, 15, 16, 17, 18, 19, 20, 21, 22, 23, 24, 25, 26, 27, 28, 29, 30, 31, 32, 33, 34, 35, 36, 37, 38, 39], "data": [0.01189980643352959, 0.0, 0.0, 0.004359434368766765, 0.017167268961982948, 0.005540564862176938, 0.00798178451351267, 0.0, 0.0, 0.007439060123709839, 0.0015486007270165657, 0.0, 0.007505449130399794, 0.050990040505954265, 0.0013809400837540783, 0.011193557805474395, 0.013052948241106201, 0.0, 0.003198354212643707, 0.03657857905057373, 0.0, 0.01361671090758774, 0.0, 0.0, 0.018615606692184216, 0.036651040308216525, 0.03920600160833363, 0.011929606738735632, 0.0, 0.0, 0.002113590361120089, 0.0008825478523466381, 0.02854435973183981, 0.0, 0.0, 0.0, 0.0, 0.004730622224209127, 0.0, 0.0]}