{"labels": [0, 1, 2, 3, 4, 5, 6, 7, 8, 9, 10, 11, 12, 13, 14, 15, 16, 17, 18, 19, 20, 21, 22, 23, 24, 25, 26, 27, 28, 29, 30, 31, 32, 33, 34, 35, 36, 37, 38, 39], "data": [0.0, 0.0028983087632953744, 0.02025720613648387, 0.0, 0.0, 0.0, 0.028772039258754326, 0.006459631334689446, 0.0, 0.009476879933754841, 0.008813284855483524, 0.0, 0.0, 0.0, 0.14712512271771488, 0.0, 0.0, 0.0, 0.0, 0.02027210391382631, 0.003119254002610969, 0.0, 0.0, 0.0, 0.0, 0.0, 0.0, 0.0005160743020029327, 0.0, 0.010213812041087615, 0.0, 0.0, 0.0, 0.004833204327043722, 0.001135482785022248, 0.05332249485400661, 0.0, 0.0, 0.0, 0.0]}