{"labels": [0, 1, 2, 3, 4, 5, 6, 7, 8, 9, 10, 11, 12, 13, 14, 15, 16, 17, 18, 19, 20, 21, 22, 23, 24, 25, 26, 27, 28, 29, 30, 31, 32, 33, 34, 35, 36, 37, 38, 39], "data": [0.0, 0.006487914707569153, 0.006449931723927859, 0.0424486754334905, 0.02018435162201793, 0.0020247467749388752, 0.00916007069500371, 0.0, 0.0, 0.0, 0.00593747898044232, 0.0005900731543059207, 0.0, 0.0, 0.0, 0.0, 0.0, 0.03771554472735539, 0.0047491545158531625, 0.002856741252880952, 0.010788541524383254, 0.0, 0.0, 0.0, 0.0, 0.0, 0.004583991394481197, 0.024578780546910272, 0.0, 0.0, 0.017204375624722042, 0.0029778225371966034, 0.0, 0.0, 0.017253755750956914, 0.003691148329981994, 0.0, 0.0, 0.0013892254729809647, 0.003120019391178601]}