{"labels": [0, 1, 2, 3, 4, 5, 6, 7, 8, 9, 10, 11, 12, 13, 14, 15, 16, 17, 18, 19, 20, 21, 22, 23, 24, 25, 26, 27, 28, 29, 30, 31, 32, 33, 34, 35, 36, 37, 38, 39], "data": [0.0, 0.005753500741640695, 0.03361439977818671, 0.0, 0.0, 0.0, 0.032484687777120415, 0.012438923256669301, 0.022466134424919015, 0.0, 0.004691117632447659, 0.0, 0.0, 0.0, 0.048408268186829265, 0.007438207971471442, 0.0, 0.0, 0.0, 0.0, 0.0, 0.0042390683507348, 0.0, 0.0, 0.0, 0.0, 0.0067788738469584655, 0.0, 0.004196008604934982, 0.007659654432721404, 0.06425076641462522, 0.0, 0.0, 0.0, 0.0, 0.02597972181649474, 0.01736186190553406, 0.0, 0.0, 0.0]}