{"labels": [0, 1, 2, 3, 4, 5, 6, 7, 8, 9, 10, 11, 12, 13, 14, 15, 16, 17, 18, 19, 20, 21, 22, 23, 24, 25, 26, 27, 28, 29, 30, 31, 32, 33, 34, 35, 36, 37, 38, 39], "data": [0.016629341270099015, 0.006382708333371563, 0.0, 0.0, 0.0, 0.05141538282884001, 0.0, 0.0, 0.0011934160444039767, 0.0, 0.008939733864226296, 0.0020262061419467174, 0.0038273581743307047, 0.0007914735847320461, 0.01238789299788014, 0.0, 0.0, 0.018840304494816263, 0.0, 0.0, 0.0021918518407963825, 0.013737972841268292, 0.006016115472133774, 0.0018085455371740539, 0.021522878235019197, 0.0022386764779253657, 0.031079782839785436, 0.01629863654913968, 0.0, 0.0, 0.0, 0.0, 0.005160309790723463, 0.0, 0.0, 0.0022311090555830336, 0.0, 0.004428253765591383, 0.005860493416168442, 0.00418980759701645]}