{"labels": [0, 1, 2, 3, 4, 5, 6, 7, 8, 9, 10, 11, 12, 13, 14, 15, 16, 17, 18, 19, 20, 21, 22, 23, 24, 25, 26, 27, 28, 29, 30, 31, 32, 33, 34, 35, 36, 37, 38, 39], "data": [0.0007402406012726135, 0.011616457740656673, 0.0036161691279498315, 0.023109213554552296, 0.03154640651493968, 0.059686798338343464, 0.036013843418027026, 0.0, 0.018823156777683484, 0.0, 0.015642452038117663, 0.0, 0.0, 0.0, 0.024577069160773204, 0.0046352150979631435, 0.0, 0.0, 0.03870704425714607, 0.0, 0.0, 0.0, 0.0, 0.0018002216917010836, 0.0032947684005503034, 0.0, 0.0, 0.0, 0.0, 0.00494740262745427, 0.0, 0.0, 0.0026420889720726814, 0.015428264612028075, 0.0, 0.0, 0.0, 0.0020661601842633217, 0.006541494696086967, 0.002158166840447963]}