{"labels": [0, 1, 2, 3, 4, 5, 6, 7, 8, 9, 10, 11, 12, 13, 14, 15, 16, 17, 18, 19, 20, 21, 22, 23, 24, 25, 26, 27, 28, 29, 30, 31, 32, 33, 34, 35, 36, 37, 38, 39], "data": [0.0, 0.0, 0.0, 0.0, 0.013369744205421374, 0.17117787541239865, 0.0, 0.0, 0.0, 0.022319230714463196, 0.0, 0.060145546042261674, 0.0, 0.0, 0.0, 0.015958973377711454, 0.002877803969911898, 0.0, 0.0, 0.0035098272748925264, 0.0, 0.0, 0.0, 0.03971066723244655, 0.10626059552217972, 0.0, 0.0, 0.0, 0.0, 0.0, 0.0, 0.0, 0.0, 0.016158680094986846, 0.0, 0.0, 0.0, 0.0, 0.06535109475118141, 0.039215496398253516]}