{"labels": [0, 1, 2, 3, 4, 5, 6, 7, 8, 9, 10, 11, 12, 13, 14, 15, 16, 17, 18, 19, 20, 21, 22, 23, 24, 25, 26, 27, 28, 29, 30, 31, 32, 33, 34, 35, 36, 37, 38, 39], "data": [0.0, 0.0, 0.0, 0.0, 0.05535514653535562, 0.0, 0.008168280873167958, 0.0, 0.0, 0.0, 0.0, 0.0, 0.0, 0.0, 7.233582374528287e-05, 0.0, 0.0, 0.0, 0.0, 0.0, 0.0, 0.0, 0.0, 0.0, 0.0, 0.02798273807079573, 0.0, 0.038078987251369836, 0.0, 0.0, 0.0, 0.0, 0.0, 0.0, 0.0, 0.0, 0.0024281203028154717, 0.03870071777408779, 0.0, 0.0]}