{"labels": [0, 1, 2, 3, 4, 5, 6, 7, 8, 9, 10, 11, 12, 13, 14, 15, 16, 17, 18, 19, 20, 21, 22, 23, 24, 25, 26, 27, 28, 29, 30, 31, 32, 33, 34, 35, 36, 37, 38, 39], "data": [0.006261854730837635, 0.0, 0.0, 0.0, 0.031258958464341034, 0.0, 0.001460259604694747, 0.006977744528679051, 0.0010995894771607525, 0.0, 0.00809786893244853, 0.0, 0.001926457748237494, 6.005826511637897e-05, 0.0, 0.003270720383816817, 0.0066687488265524866, 0.017769690814343687, 0.0, 0.0, 0.0, 0.0013831426361017474, 0.0, 0.0122813762376043, 0.0, 0.045738775845451864, 0.0, 0.016454752503110123, 0.002272265930257462, 0.0, 0.028660449693296706, 0.0, 0.0, 0.007236634212359298, 0.017832623816391887, 0.0, 0.0, 0.0, 0.0, 0.0]}