{"labels": [0, 1, 2, 3, 4, 5, 6, 7, 8, 9, 10, 11, 12, 13, 14, 15, 16, 17, 18, 19, 20, 21, 22, 23, 24, 25, 26, 27, 28, 29, 30, 31, 32, 33, 34, 35, 36, 37, 38, 39], "data": [0.0, 0.0026635139594763397, 0.0, 0.012817066280238688, 0.007930421680229257, 0.0, 0.0, 0.020521913623172287, 0.02792920055947342, 0.015147646235210163, 0.0007003953803710377, 0.0, 0.013080007221275747, 0.005931934014779787, 0.01526432600239381, 0.001975692276543608, 0.0, 0.008896302404699673, 0.004029953606724085, 0.0006296033254000765, 0.00616374073224597, 0.0048673889439977145, 0.0, 0.0017319703543143177, 0.0, 0.007740032309862292, 0.002960617552625712, 0.0016876652618368312, 0.0, 0.0, 0.03673306277391079, 0.0066399748989046155, 0.0, 0.017911402342431916, 0.005056453151435789, 0.0030407222409828947, 0.0, 0.017641409499347113, 0.0, 0.0]}