{"labels": [0, 1, 2, 3, 4, 5, 6, 7, 8, 9, 10, 11, 12, 13, 14, 15, 16, 17, 18, 19, 20, 21, 22, 23, 24, 25, 26, 27, 28, 29, 30, 31, 32, 33, 34, 35, 36, 37, 38, 39], "data": [0.0, 0.0, 0.0194176143379932, 0.02580103507584756, 0.018622463708561056, 0.0, 0.006878996075440575, 0.019083346395493878, 0.0, 0.0, 0.0021865182246813214, 0.0, 0.0, 0.0, 0.0, 0.0, 0.0, 0.008978032981427528, 0.0, 0.0, 0.0074708328978512675, 0.0, 0.0, 0.0, 0.06825425114627648, 0.0, 0.04049407419091199, 0.04568777244945937, 0.0, 0.0, 0.0034210538798471564, 0.0, 0.008856921278209178, 0.0, 0.0, 0.0, 0.03010664051976743, 0.0, 0.0, 0.0]}