{"labels": [0, 1, 2, 3, 4, 5, 6, 7, 8, 9, 10, 11, 12, 13, 14, 15, 16, 17, 18, 19, 20, 21, 22, 23, 24, 25, 26, 27, 28, 29, 30, 31, 32, 33, 34, 35, 36, 37, 38, 39], "data": [0.0, 0.0, 0.012810262319694857, 0.013062383941602754, 0.0, 0.0018473101247773133, 0.0, 0.0015418924186405912, 0.0, 0.026898917507497802, 0.01684942636321702, 0.015454704662258954, 0.0011386913215188955, 0.0, 0.004580380704493895, 0.0, 0.010752417529408961, 0.19074677211984195, 0.0, 0.0, 0.004613756805972826, 0.013308899576849356, 0.04005706960951041, 0.026711193512090434, 0.0, 0.0, 0.0, 0.009177439068022278, 0.0, 0.0, 0.0, 0.028495212779651988, 0.0, 0.02448965466031248, 0.0, 0.0, 0.010339028536399428, 0.0, 0.017458233591686467, 0.0]}