{"labels": [0, 1, 2, 3, 4, 5, 6, 7, 8, 9, 10, 11, 12, 13, 14, 15, 16, 17, 18, 19, 20, 21, 22, 23, 24, 25, 26, 27, 28, 29, 30, 31, 32, 33, 34, 35, 36, 37, 38, 39], "data": [0.0, 0.0, 0.0, 0.02028321753962903, 0.03272475370588211, 0.0, 0.0, 0.0, 0.0, 0.0, 0.0, 0.0, 0.0, 0.0, 0.0, 0.0, 0.0, 0.0, 0.0, 0.0, 0.003159566496086158, 0.0, 0.0, 0.0, 0.0, 0.0013380917935103276, 0.0, 0.0009656423900618667, 0.0, 0.0, 0.0, 0.0, 0.0, 0.08365995115274598, 0.0, 0.0005519057756591541, 0.0, 0.0, 0.0, 0.0]}