{"labels": [0, 1, 2, 3, 4, 5, 6, 7, 8, 9, 10, 11, 12, 13, 14, 15, 16, 17, 18, 19, 20, 21, 22, 23, 24, 25, 26, 27, 28, 29, 30, 31, 32, 33, 34, 35, 36, 37, 38, 39], "data": [0.0, 0.0, 0.0009232816955510514, 0.0, 0.0, 0.0, 0.030775060282567733, 0.009564883703980377, 0.0, 0.0, 0.0, 0.0, 0.006515745079033149, 0.0, 0.0, 0.011345995828027594, 0.0, 0.007871235115251972, 0.0, 0.0, 0.0, 0.0, 0.0, 0.0, 0.0007587340176205885, 0.0, 0.011050205975908762, 0.02530176096917613, 0.006100814850986757, 0.0, 0.0, 0.0, 0.0, 0.030926180252953777, 0.020867932817394432, 0.04277703762538135, 0.0017935190302646358, 0.07304334407976128, 0.0, 0.0]}