{"labels": [0, 1, 2, 3, 4, 5, 6, 7, 8, 9, 10, 11, 12, 13, 14, 15, 16, 17, 18, 19, 20, 21, 22, 23, 24, 25, 26, 27, 28, 29, 30, 31, 32, 33, 34, 35, 36, 37, 38, 39], "data": [0.0, 0.005139058868413251, 0.0, 0.0007866277312042908, 0.0, 0.0, 0.004217645544145068, 0.0, 0.008787593113728537, 0.0, 0.018921816505206773, 0.002772217314011244, 0.0, 0.0, 0.008425121241349068, 0.0002974869963949594, 0.00013460356861952686, 0.0, 0.0, 3.102871762140059e-06, 0.0, 0.0, 0.0, 0.0, 0.0, 0.0, 0.0, 0.00012231925132875622, 0.0, 0.060473101279662725, 0.0, 0.0028976087684515176, 0.004055888999252706, 0.005332951847596605, 0.0, 0.0, 0.0, 0.0, 0.0, 0.0031666480727854758]}