{"labels": [0, 1, 2, 3, 4, 5, 6, 7, 8, 9, 10, 11, 12, 13, 14, 15, 16, 17, 18, 19, 20, 21, 22, 23, 24, 25, 26, 27, 28, 29, 30, 31, 32, 33, 34, 35, 36, 37, 38, 39], "data": [0.0, 0.0009083271009015954, 0.0013680626892102526, 0.0, 0.0, 0.0, 0.03931572617722749, 0.0, 0.04133259332821095, 0.0, 0.0, 0.0, 0.0, 0.0, 0.10411217523857805, 0.0, 0.00020845359622935714, 0.0, 0.0, 0.0014967849450245468, 0.0, 0.0, 0.0, 0.0, 0.0008222685413092205, 0.014231681409394044, 0.0052409445127807016, 0.023777795182632927, 0.0, 0.0, 0.0, 0.0, 0.002303256347474884, 0.003755308512424647, 0.0, 0.00141069412871595, 0.005550231402320379, 0.018004607357064814, 3.9963095679821464e-05, 0.05145928696339113]}