{"labels": [0, 1, 2, 3, 4, 5, 6, 7, 8, 9, 10, 11, 12, 13, 14, 15, 16, 17, 18, 19, 20, 21, 22, 23, 24, 25, 26, 27, 28, 29, 30, 31, 32, 33, 34, 35, 36, 37, 38, 39], "data": [0.0, 0.0, 0.0021261341367758177, 0.005570582368255773, 0.0, 0.0, 0.0, 0.019924913286769767, 0.0, 0.034682684556040434, 0.0, 0.0006783995808371194, 0.0, 0.0, 0.0, 0.0, 0.0, 0.04683351765569984, 0.0, 0.0, 0.0, 0.0, 0.03379224649037105, 0.0, 0.0, 0.0, 0.0, 0.0, 0.0, 0.0, 0.026075480615512975, 0.0022194397019243244, 0.0681869438109027, 0.009512882058759515, 0.0, 0.005886773019960947, 0.047422238597368674, 0.009165601783034957, 0.033616630297890165, 0.0]}