{"labels": [0, 1, 2, 3, 4, 5, 6, 7, 8, 9, 10, 11, 12, 13, 14, 15, 16, 17, 18, 19, 20, 21, 22, 23, 24, 25, 26, 27, 28, 29, 30, 31, 32, 33, 34, 35, 36, 37, 38, 39], "data": [0.0, 0.006235498187376324, 0.0124963686330156, 0.0, 0.029267059197326337, 0.0826059278031249, 0.022208557456573918, 0.0, 0.0, 0.002970210838692795, 0.03399561488286198, 0.0, 0.0, 0.0, 0.0, 0.004820281030778975, 0.0, 0.00031203666610935405, 0.010491550958530159, 0.0, 0.0, 0.0, 0.0, 0.0, 0.002276495610907805, 0.0, 0.00060104692056011, 0.0, 0.0, 0.00783345089882966, 0.0, 0.0, 0.00040077838166928853, 0.09546636831298763, 0.0, 0.0, 0.0, 0.0, 0.0372226190850293, 0.004126970807205605]}