{"labels": [0, 1, 2, 3, 4, 5, 6, 7, 8, 9, 10, 11, 12, 13, 14, 15, 16, 17, 18, 19, 20, 21, 22, 23, 24, 25, 26, 27, 28, 29, 30, 31, 32, 33, 34, 35, 36, 37, 38, 39], "data": [0.0, 0.0044253683894878515, 0.0008638166249098101, 0.013990578167686566, 0.0, 0.0, 0.02188815777108276, 0.0, 0.0, 0.00048000640366436067, 0.0, 0.0, 0.004688010699331234, 0.0, 0.0, 0.0, 0.0, 0.0, 0.0054750354522149275, 0.0010004703996530204, 0.08976606821340886, 0.0, 0.0027800672168984144, 0.010863055446108097, 0.0, 0.006282618476599228, 0.004580211647684743, 0.0, 0.0, 0.0, 0.02287799629317818, 0.047311107187073716, 0.0, 0.0, 0.0, 0.0, 0.00969071075373828, 0.0, 0.0, 0.0009865929948066417]}