{"labels": [0, 1, 2, 3, 4, 5, 6, 7, 8, 9, 10, 11, 12, 13, 14, 15, 16, 17, 18, 19, 20, 21, 22, 23, 24, 25, 26, 27, 28, 29, 30, 31, 32, 33, 34, 35, 36, 37, 38, 39], "data": [0.0, 0.0, 0.0, 0.0071499156187891455, 0.0, 0.0, 0.006652655162740468, 0.0, 0.0026634023434924494, 0.025938760465639407, 0.0, 0.0, 0.0, 0.0048008205577572665, 0.0, 0.0, 0.0, 0.0, 0.0, 0.0014164779640520318, 0.0, 0.012416225120318291, 0.0, 0.01420673506115147, 0.0, 0.01830970013566783, 0.04258336583302861, 0.0, 0.0, 0.0, 0.013595793373250037, 0.08218905768078999, 0.039044328503728395, 0.0, 0.0, 0.0011304526497681535, 0.0, 0.01328948590688233, 0.0, 0.0]}