{"labels": [0, 1, 2, 3, 4, 5, 6, 7, 8, 9, 10, 11, 12, 13, 14, 15, 16, 17, 18, 19, 20, 21, 22, 23, 24, 25, 26, 27, 28, 29, 30, 31, 32, 33, 34, 35, 36, 37, 38, 39], "data": [0.0031130766498943894, 0.003176210142596679, 0.005066991195100312, 0.0, 0.010050510622883268, 0.0, 0.0, 0.0, 0.0011905675176630884, 0.0, 0.007014779204076494, 0.0, 0.0, 0.0, 0.011405852220429655, 0.0, 0.0035705387477719852, 0.0019041053285152093, 0.008872446653564197, 0.0022017910883414004, 0.0, 0.0, 0.0, 0.0, 0.00405911380833182, 0.0, 0.0026019203460837044, 0.00033410297343076483, 0.0, 0.014663982236187766, 0.00845034990185083, 0.0007710534765086232, 0.006134360667407012, 0.0007826192879656734, 0.016492403580830726, 0.026187642699691663, 0.06002334098505259, 0.0, 0.009016826330361471, 0.0]}