{"labels": [0, 1, 2, 3, 4, 5, 6, 7, 8, 9, 10, 11, 12, 13, 14, 15, 16, 17, 18, 19, 20, 21, 22, 23, 24, 25, 26, 27, 28, 29, 30, 31, 32, 33, 34, 35, 36, 37, 38, 39], "data": [0.003492968988146547, 0.0006765957467783481, 0.0, 0.0, 0.015951841114594485, 0.0, 0.009304510810749974, 0.0, 0.004598833383735189, 0.0012821989704956604, 0.0, 0.0027753993613564387, 0.010051699863226226, 0.0, 0.0, 0.0, 0.0, 0.0, 0.00018558138319686517, 0.0, 0.0, 0.0, 0.0, 0.0, 0.0, 0.0026248045179333374, 0.0, 0.02708753679718995, 0.0, 0.008303484564295017, 0.0, 0.0, 0.026498227218174217, 0.0029482104549164363, 0.026746065080384945, 0.018129817823580273, 0.021216670201211804, 0.08153280340179289, 0.0, 0.0]}