{"labels": [0, 1, 2, 3, 4, 5, 6, 7, 8, 9, 10, 11, 12, 13, 14, 15, 16, 17, 18, 19, 20, 21, 22, 23, 24, 25, 26, 27, 28, 29, 30, 31, 32, 33, 34, 35, 36, 37, 38, 39], "data": [0.0, 0.000713095934922219, 0.0, 0.0, 0.05269555142068184, 0.0, 0.018706951835833468, 0.02229180239573345, 0.11509421652798607, 0.0, 0.0, 0.0, 0.0, 0.0, 0.0, 0.0, 0.0, 0.0, 0.0, 0.0, 0.0, 0.009581061626665707, 8.399741781895267e-06, 0.0, 0.0, 0.0, 0.0, 0.02506325715105878, 0.0, 0.0, 0.0, 0.0, 0.0, 0.0, 0.0, 0.04027832051073928, 0.0, 0.03805240812909484, 0.0, 0.049256091808320634]}