{"labels": [0, 1, 2, 3, 4, 5, 6, 7, 8, 9, 10, 11, 12, 13, 14, 15, 16, 17, 18, 19, 20, 21, 22, 23, 24, 25, 26, 27, 28, 29, 30, 31, 32, 33, 34, 35, 36, 37, 38, 39], "data": [0.0, 0.0, 0.00030957134484178866, 0.0, 0.005767181661339211, 0.0, 0.0, 0.0, 0.0, 0.0, 0.0, 0.0, 0.0, 0.0, 0.011816078006101167, 0.0, 0.0, 0.033262917065315034, 0.0, 0.0, 0.0, 0.02188067738319025, 0.0, 0.0, 0.0009678497521611966, 0.0, 0.004102167856049924, 0.0, 0.0, 0.04947032863929324, 0.0, 0.0031333710464327147, 0.0, 0.07730038781528392, 0.0027543189946632107, 0.0, 0.0, 0.005635215555234539, 0.030903141901475657, 0.0023153961783293417]}