{"labels": [0, 1, 2, 3, 4, 5, 6, 7, 8, 9, 10, 11, 12, 13, 14, 15, 16, 17, 18, 19, 20, 21, 22, 23, 24, 25, 26, 27, 28, 29, 30, 31, 32, 33, 34, 35, 36, 37, 38, 39], "data": [0.0, 0.0, 0.0, 0.0005852661205803336, 0.0, 0.0, 0.020814177205982824, 0.047560413783854165, 0.0, 0.0, 0.0, 0.0, 0.0001884220052471796, 0.0, 4.784104232191859e-05, 0.0, 0.0, 0.0, 0.0, 0.0, 0.0008180997990335429, 0.0, 0.0005822122721507668, 0.0, 0.0, 0.009152736785284223, 0.0, 0.0, 0.0, 0.0, 0.004203858764391448, 0.0, 0.0, 0.0, 0.0, 0.020870247460659436, 0.0, 0.037893775395924055, 0.0, 0.0]}