{"labels": [0, 1, 2, 3, 4, 5, 6, 7, 8, 9, 10, 11, 12, 13, 14, 15, 16, 17, 18, 19, 20, 21, 22, 23, 24, 25, 26, 27, 28, 29, 30, 31, 32, 33, 34, 35, 36, 37, 38, 39], "data": [0.0, 0.0, 0.001966796122110362, 0.0, 0.0, 0.0, 0.020543173183349427, 0.0, 0.023523659223055424, 0.0, 0.0, 0.0023067130339300625, 0.0041894344502594605, 0.0, 0.0, 0.014439589450687648, 0.0, 0.0, 0.0, 0.027614361106033224, 0.05271166709294135, 0.0, 0.0, 0.0, 0.0, 0.03137990760578203, 0.04039021763913341, 0.0, 0.0038902174931660562, 0.0, 0.0, 0.0, 0.0, 0.0, 0.0071227242533881616, 0.08139831332344294, 0.0, 0.0, 0.0, 0.0]}