{"labels": [0, 1, 2, 3, 4, 5, 6, 7, 8, 9, 10, 11, 12, 13, 14, 15, 16, 17, 18, 19, 20, 21, 22, 23, 24, 25, 26, 27, 28, 29, 30, 31, 32, 33, 34, 35, 36, 37, 38, 39], "data": [0.0, 0.0, 0.0, 0.0535548859544035, 0.014739999326327795, 0.0, 0.020543398144780317, 0.0011728727310962189, 0.0, 0.0, 0.015934167892612473, 0.0, 0.0, 0.0031148001251797785, 0.0, 0.0, 0.0015672369903384396, 0.0, 0.0, 0.0, 0.0, 0.0, 0.0, 0.0008147955903500249, 0.0, 0.002257178350943411, 0.0, 0.0, 0.003662796902196597, 0.0, 0.0, 0.0027202543776753607, 0.0, 0.0009761118142077653, 0.0, 0.002868465956547295, 0.0, 0.010238045179697319, 0.0, 0.0]}