{"labels": [0, 1, 2, 3, 4, 5, 6, 7, 8, 9, 10, 11, 12, 13, 14, 15, 16, 17, 18, 19, 20, 21, 22, 23, 24, 25, 26, 27, 28, 29, 30, 31, 32, 33, 34, 35, 36, 37, 38, 39], "data": [0.00020891173281117014, 0.0, 0.015590410960024914, 0.015503218337385388, 0.0, 0.0, 0.03205863429695459, 0.016018174488865264, 0.0, 0.0, 0.0, 0.0, 0.0, 0.0029534647924125573, 0.0, 0.0024848090105203343, 0.0, 0.001848894075733799, 0.05138944534860276, 0.0, 0.0, 0.0007681956476494474, 0.0, 0.0007630177713790025, 0.002796621649905101, 0.0, 0.00778418174328794, 0.0, 0.0024006604444349448, 0.0, 0.08824772518813136, 0.019689229768786586, 0.0016320372205398071, 0.0, 0.0, 0.0, 0.0, 0.008579382536722715, 0.0011933277329234681, 0.06523465496294098]}