{"labels": [0, 1, 2, 3, 4, 5, 6, 7, 8, 9, 10, 11, 12, 13, 14, 15, 16, 17, 18, 19, 20, 21, 22, 23, 24, 25, 26, 27, 28, 29, 30, 31, 32, 33, 34, 35, 36, 37, 38, 39], "data": [0.003665444835889395, 0.018890360000442377, 0.0, 0.010357980631934494, 0.0073351873678079455, 0.0, 0.013278286420184644, 0.0, 0.005484739671115095, 0.013351506418858808, 0.005800272839141063, 0.0, 0.04335573068170919, 0.0, 0.0, 0.0, 0.0, 0.007906337519924703, 0.009806602791923774, 0.004362937641702802, 0.0, 0.0, 0.0, 0.0013252329019523635, 0.0, 0.004800153588654069, 0.0, 0.017400232760045705, 0.0, 0.0, 0.0, 0.001124195962022294, 0.04133185223697854, 0.0021506190667877727, 0.0, 0.025568578373442112, 0.0897336666991917, 0.0016693834622511486, 0.0023677040143391865, 0.0]}