{"labels": [0, 1, 2, 3, 4, 5, 6, 7, 8, 9, 10, 11, 12, 13, 14, 15, 16, 17, 18, 19, 20, 21, 22, 23, 24, 25, 26, 27, 28, 29, 30, 31, 32, 33, 34, 35, 36, 37, 38, 39], "data": [0.0, 0.0, 0.0, 0.013618621237075945, 0.0, 0.0, 0.018865493057530623, 0.0, 0.0007781973611808579, 0.007531725597793026, 0.0, 0.0, 0.0, 0.07633495912267989, 0.0, 0.06278972077348652, 0.0, 0.0, 0.042131258621552904, 0.03997725408525211, 0.0006161121909891446, 0.0, 0.0049276478793132215, 0.03773673938193591, 0.002169090584209681, 0.0, 0.0, 0.0, 0.0, 0.0, 0.0, 0.0, 0.0, 0.0, 0.0, 0.0, 0.0, 0.0, 0.0023776006941477064, 0.00020070756430777193]}