{"labels": [0, 1, 2, 3, 4, 5, 6, 7, 8, 9, 10, 11, 12, 13, 14, 15, 16, 17, 18, 19, 20, 21, 22, 23, 24, 25, 26, 27, 28, 29, 30, 31, 32, 33, 34, 35, 36, 37, 38, 39], "data": [0.01428151948174202, 0.005581600245213069, 0.023878606947073736, 0.0, 0.0009638365325752769, 0.0448990586853815, 0.001996651792687632, 0.0, 0.0015696827809027836, 0.01037279273994175, 0.0, 0.0002617888317429037, 0.0, 0.0022029682294890814, 0.031011491507053436, 0.008145004226380481, 0.0008343849486583845, 0.0, 0.008381219192688116, 0.0, 0.0, 0.0, 0.0, 0.0064514314486623925, 0.03752566151411655, 0.0, 0.048059805435063094, 0.0, 0.0020838385536914306, 0.0, 0.0, 0.0, 0.0433263501527577, 0.0002789777164012836, 0.008608653125616848, 0.0, 0.017946195493011144, 0.0, 0.0005144733307987809, 0.0]}