{"labels": [0, 1, 2, 3, 4, 5, 6, 7, 8, 9, 10, 11, 12, 13, 14, 15, 16, 17, 18, 19, 20, 21, 22, 23, 24, 25, 26, 27, 28, 29, 30, 31, 32, 33, 34, 35, 36, 37, 38, 39], "data": [0.0, 0.0, 0.0, 0.015389473988089061, 0.019626269890432455, 0.00016481259987690132, 0.0, 0.011127350208664762, 0.0, 0.0, 0.0037652299785756655, 0.0, 0.011104092675101313, 0.0, 0.0, 0.0, 0.01379639855620194, 0.0, 0.0, 0.0024687795111287157, 0.0, 0.03763883480805082, 0.0, 0.0009180955424670232, 0.0, 0.0, 0.002386322559200534, 0.02093040696589439, 0.0, 0.0005331780822912486, 0.0006502508673469172, 0.0, 0.0009332847261758843, 0.04532621948756407, 0.011561249817412203, 0.0, 0.0, 0.010691430191639236, 0.00013679466439965474, 0.002492418959850912]}