{"labels": [0, 1, 2, 3, 4, 5, 6, 7, 8, 9, 10, 11, 12, 13, 14, 15, 16, 17, 18, 19, 20, 21, 22, 23, 24, 25, 26, 27, 28, 29, 30, 31, 32, 33, 34, 35, 36, 37, 38, 39], "data": [0.002233824931412001, 0.0009885822233131904, 0.006310663173428056, 0.0, 0.014371577677742942, 0.0, 0.0, 0.0, 0.0023585442984417953, 0.008656346820537909, 0.0, 0.0032765558479885383, 0.001132668985982396, 0.003969398515321518, 0.0001286761648020443, 0.0, 0.003921487065338576, 0.0011513574940547463, 0.0, 0.004935661996049897, 0.0, 0.0020175844334858165, 0.0, 0.044533326642435145, 0.0014279126305924133, 0.0, 0.0005728219222431479, 0.0, 0.0050685406294443515, 0.0, 0.0005288932032400033, 0.00893033072947936, 0.047001628610897676, 0.0036986668999502773, 0.020586864920626866, 0.001439381163214382, 0.0, 0.0, 0.0005988608319098987, 0.0]}