{"labels": [0, 1, 2, 3, 4, 5, 6, 7, 8, 9, 10, 11, 12, 13, 14, 15, 16, 17, 18, 19, 20, 21, 22, 23, 24, 25, 26, 27, 28, 29, 30, 31, 32, 33, 34, 35, 36, 37, 38, 39], "data": [0.0, 0.03296681862001013, 0.030990639076984104, 0.03912222804706882, 0.0, 0.0, 0.001817979799911894, 0.0, 0.0011759097157449019, 0.0, 0.0, 0.0, 0.0, 0.0, 0.0, 0.0015165862011775502, 0.0, 0.0, 0.0, 0.0, 0.0, 0.012593532362094373, 0.0, 0.0, 0.0013079745389382275, 0.017266280415149035, 0.039653373782159475, 0.0, 0.0, 0.00323194313207291, 0.05852414896934844, 0.0635605630427975, 0.05974020519928084, 0.0, 0.0, 0.0, 0.01631106083904564, 0.008100951543271867, 0.02182890034314123, 0.0]}