{"labels": [0, 1, 2, 3, 4, 5, 6, 7, 8, 9, 10, 11, 12, 13, 14, 15, 16, 17, 18, 19, 20, 21, 22, 23, 24, 25, 26, 27, 28, 29, 30, 31, 32, 33, 34, 35, 36, 37, 38, 39], "data": [0.0008826027404301645, 0.0002919562070737965, 0.0033866258137771345, 0.0, 0.028147087496358032, 0.031798115388653854, 0.015104326143899375, 0.0, 0.012617785603437067, 0.00672193476128903, 0.0, 0.011110400094747305, 0.0, 0.0, 0.0, 0.0, 0.014075079362890633, 0.010002622538080633, 0.0, 0.015844771081398975, 0.0, 0.014893056064479226, 0.0, 0.0027187563099579652, 0.014749431083687826, 0.0, 0.0, 0.002535496294025794, 0.1480783978440603, 0.008463444776406247, 0.0, 0.007873282121676435, 0.0, 0.0193926167214412, 0.007957885992865902, 0.0, 0.009629373796075008, 0.04614309771338258, 0.0, 0.0]}