{"labels": [0, 1, 2, 3, 4, 5, 6, 7, 8, 9, 10, 11, 12, 13, 14, 15, 16, 17, 18, 19, 20, 21, 22, 23, 24, 25, 26, 27, 28, 29, 30, 31, 32, 33, 34, 35, 36, 37, 38, 39], "data": [0.006336027063716635, 0.0, 0.001323927983785121, 0.043371303464142766, 0.0027711227497023783, 0.00971470396603847, 0.011252045478431422, 0.0, 0.015456555530385682, 0.003779895666334481, 0.017258100523221784, 0.010708159771288285, 0.0, 0.0035888357164000936, 0.0009714075212604766, 0.04172182793486938, 0.0009562824516572472, 0.0012006755459513009, 0.013995852916263036, 0.0, 0.0031587974527297973, 0.0, 0.022719587526400194, 0.0, 0.0015776454793045105, 0.0034256298544904215, 0.04980797244521128, 0.0, 0.02437296826569008, 0.0021182420153850376, 0.0, 0.0033062519354245855, 0.0003398695783577915, 0.011899642993355341, 0.0, 0.07161691442651572, 0.00260974812642678, 0.024293815748590575, 0.002536610899078772, 0.0]}