{"labels": [0, 1, 2, 3, 4, 5, 6, 7, 8, 9, 10, 11, 12, 13, 14, 15, 16, 17, 18, 19, 20, 21, 22, 23, 24, 25, 26, 27, 28, 29, 30, 31, 32, 33, 34, 35, 36, 37, 38, 39], "data": [0.00188207184672282, 0.0, 0.0004803634810376549, 0.0003158958761239746, 0.0, 0.0033815780682453717, 0.004807371923466594, 0.002302096799673819, 0.01955135483964802, 0.003004613519608276, 0.007062439713445672, 0.002823838451698923, 0.0030911976930090156, 0.0030573402216337183, 0.0, 0.0015054061773781026, 0.003831423590262362, 0.0, 0.0, 0.00022115870165764076, 0.001419072865967442, 0.0, 0.0, 0.0, 0.0, 0.00262090884323825, 9.318429664457705e-05, 0.0, 0.004050440221978162, 0.0, 0.0, 0.004171883715096157, 0.0013353280994246803, 0.01026577505199274, 0.005385549526668886, 0.002252138593194235, 0.0031236910917724586, 0.0, 0.004248965548911592, 0.0004569537588827854]}