{"labels": [0, 1, 2, 3, 4, 5, 6, 7, 8, 9, 10, 11, 12, 13, 14, 15, 16, 17, 18, 19, 20, 21, 22, 23, 24, 25, 26, 27, 28, 29, 30, 31, 32, 33, 34, 35, 36, 37, 38, 39], "data": [0.0, 0.0015497046310169918, 0.0, 0.0, 0.0, 0.0, 0.04630404135397617, 0.0, 0.01392486629099161, 0.021457927309339594, 0.01467044043483576, 0.009981299805239553, 0.0, 0.0006678030437747739, 0.0009617484842041627, 0.0, 0.0, 0.002024478226917968, 0.007090437090639608, 0.00013898035023370115, 0.005122260158709561, 0.00019857117791766935, 0.00026287497332323594, 0.0, 0.003114442473078642, 0.007600929124627408, 0.03809132605325432, 0.0, 0.002746712730481187, 0.0, 0.0, 0.0, 0.0032863866955205167, 0.0, 0.0, 0.004557363154284844, 0.0, 0.0049417333049457945, 4.571817368778903e-05, 0.04845410045090112]}