{"labels": [0, 1, 2, 3, 4, 5, 6, 7, 8, 9, 10, 11, 12, 13, 14, 15, 16, 17, 18, 19, 20, 21, 22, 23, 24, 25, 26, 27, 28, 29, 30, 31, 32, 33, 34, 35, 36, 37, 38, 39], "data": [0.0030966684056050785, 0.0, 0.0, 0.0, 0.0, 0.0, 0.0, 0.025131100773496607, 0.0, 0.0, 0.0, 0.0, 0.002055674621313522, 0.0, 0.0, 0.0, 0.004272194268960543, 0.03082263984470152, 0.0, 0.0, 0.0933951016602603, 0.002694979065787281, 0.0, 0.0547519714145039, 0.0, 0.0, 0.001213400933135311, 0.028984635741696387, 0.009788748325443967, 0.0, 0.0, 0.0, 0.0011688287512095293, 0.0, 0.0, 0.0, 0.0, 0.00704753149809085, 0.0, 0.0]}