{"labels": [0, 1, 2, 3, 4, 5, 6, 7, 8, 9, 10, 11, 12, 13, 14, 15, 16, 17, 18, 19, 20, 21, 22, 23, 24, 25, 26, 27, 28, 29, 30, 31, 32, 33, 34, 35, 36, 37, 38, 39], "data": [0.0, 0.0, 0.0, 0.0, 0.006007797309188502, 0.0, 0.0, 0.008430629942786674, 0.0, 0.0, 0.00780952020139093, 0.0, 0.010050934661161023, 0.0004877533895015103, 0.0, 0.018442464694212263, 0.0, 0.0, 0.0022676699648409315, 0.0, 0.0024674869392110168, 0.0004977859189503267, 0.0011629966131427795, 0.0, 0.0011870074882902142, 0.00240825641051446, 0.0, 0.0, 0.0, 0.0, 0.0018054168833206844, 0.001248588143032747, 0.0, 0.010464539009817447, 8.142240509301517e-05, 0.11041157134880207, 0.0, 0.05810060270556725, 0.0, 0.0]}