{"labels": [0, 1, 2, 3, 4, 5, 6, 7, 8, 9, 10, 11, 12, 13, 14, 15, 16, 17, 18, 19, 20, 21, 22, 23, 24, 25, 26, 27, 28, 29, 30, 31, 32, 33, 34, 35, 36, 37, 38, 39], "data": [0.003701177952538077, 0.0, 0.0023390868155415126, 0.030419257380800837, 0.013071983153807743, 0.04830352201771575, 0.043265264215442065, 0.0, 0.0, 0.0, 0.011120441165738215, 0.00010757543709263175, 0.04337117709119582, 0.0, 0.0012684800263871839, 0.0, 0.0007077343053096998, 0.0011240810046087685, 0.022335194207867583, 0.0, 0.003162480721490285, 0.0, 0.0010431016947354931, 0.002665895840534849, 0.004828922778373344, 0.00466558287535042, 0.0, 0.015447953619183868, 0.0, 0.0, 0.0, 0.0, 0.0, 0.0061358329843629175, 0.0, 0.0, 0.011494685977816816, 0.0024162686537022005, 0.0, 0.00013793073462906475]}