{"labels": [0, 1, 2, 3, 4, 5, 6, 7, 8, 9, 10, 11, 12, 13, 14, 15, 16, 17, 18, 19, 20, 21, 22, 23, 24, 25, 26, 27, 28, 29, 30, 31, 32, 33, 34, 35, 36, 37, 38, 39], "data": [0.0024053330415019156, 0.0, 0.0, 0.0, 0.0, 0.15147610069454745, 0.008020315727938399, 0.0, 0.0, 0.0, 0.0, 0.00045545237250368823, 0.04647242411275491, 0.001667510548050412, 0.0, 0.0, 0.02814734303205974, 0.0, 0.0, 0.0, 0.0, 0.0, 0.0003846467005967235, 0.0, 0.0, 0.0024974384683060557, 0.0, 0.0, 0.0, 0.0, 0.005480301865760891, 0.0018468762623863799, 0.0, 0.0, 7.758915949401319e-05, 0.0, 0.0, 0.007030225593327636, 0.0, 0.0012547571221250959]}