{"labels": [0, 1, 2, 3, 4, 5, 6, 7, 8, 9, 10, 11, 12, 13, 14, 15, 16, 17, 18, 19, 20, 21, 22, 23, 24, 25, 26, 27, 28, 29, 30, 31, 32, 33, 34, 35, 36, 37, 38, 39], "data": [0.0066788318242018505, 0.0, 0.0, 0.0, 0.00458133516356936, 0.02467623034074428, 0.0, 0.0, 0.002282848300800335, 0.0010935167426434295, 0.0, 0.08471465173681345, 0.0, 0.0, 0.0, 0.0, 0.02433331449171126, 0.0, 0.004024128793027168, 0.0024661383730434786, 0.0, 0.0250345658296382, 0.0009010779334951322, 0.0, 0.0, 0.017342424988225157, 0.0, 0.0, 0.0, 0.0, 0.0, 4.527710038788927e-05, 0.0, 0.0124919459798865, 0.035335548735639044, 0.0, 0.00012657342170715522, 0.012906689596525843, 0.026420234280061874, 0.047005703879979426]}