{"labels": [0, 1, 2, 3, 4, 5, 6, 7, 8, 9, 10, 11, 12, 13, 14, 15, 16, 17, 18, 19, 20, 21, 22, 23, 24, 25, 26, 27, 28, 29, 30, 31, 32, 33, 34, 35, 36, 37, 38, 39], "data": [0.007307290157838951, 0.0030443920289251296, 0.0017365792142147575, 0.0, 0.0, 0.0, 0.029629336486938582, 0.008196014348745522, 0.0, 0.05358013682485503, 0.0, 0.0, 0.0, 0.002258600079119535, 0.0, 0.0, 0.0, 0.0, 0.03564961604608955, 0.0, 0.004644588203374369, 0.0, 0.0, 0.007128074370760846, 0.0, 0.0, 0.0014168963298860368, 0.0005989472666440483, 0.0035454559653129193, 0.0, 0.0, 0.0, 0.0025523844623773764, 0.0, 0.008060223956806, 0.024814503177960613, 0.0, 0.0, 0.0, 0.03396043512430483]}