{"labels": [0, 1, 2, 3, 4, 5, 6, 7, 8, 9, 10, 11, 12, 13, 14, 15, 16, 17, 18, 19, 20, 21, 22, 23, 24, 25, 26, 27, 28, 29, 30, 31, 32, 33, 34, 35, 36, 37, 38, 39], "data": [0.0, 0.004866060226656198, 0.03481921401377755, 0.0, 0.0, 0.00027521423142809546, 0.00838858174923653, 0.060838889383572306, 0.0, 0.02566894488383623, 0.0, 0.0, 0.003280409801882888, 0.0, 0.0, 0.0, 0.0, 0.0, 0.022445341241077377, 0.024653498416598422, 0.0, 0.0, 0.0014547574465947376, 0.011032118668598366, 0.001787707597155143, 0.0, 0.0, 0.041110987939893144, 0.0, 0.0, 0.0, 0.004231926203194461, 0.0, 0.0056005910990005155, 0.0073106165282170255, 0.0, 0.004492204231044863, 0.0, 0.0014173075639698333, 0.0]}