{"labels": [0, 1, 2, 3, 4, 5, 6, 7, 8, 9, 10, 11, 12, 13, 14, 15, 16, 17, 18, 19, 20, 21, 22, 23, 24, 25, 26, 27, 28, 29, 30, 31, 32, 33, 34, 35, 36, 37, 38, 39], "data": [0.0019055396968544029, 0.0, 0.0, 0.013888497382629334, 0.05763526740311118, 0.0014245606613728379, 0.007157506886262198, 0.0012417838366237713, 0.0008495413853338767, 0.0005005169701285514, 0.0006656927096277628, 0.000676159832447362, 0.0, 0.025298714143954522, 0.0, 0.0, 0.01106119574776737, 0.009578955289784048, 0.0, 0.0, 0.030378761463744818, 0.0, 0.0, 0.0, 0.0, 0.027667289941878514, 0.0, 0.004642192819206724, 0.0005152279304785496, 0.0, 0.0, 0.0, 0.0012272765821187426, 0.0, 0.0, 0.0, 0.0, 0.0, 0.0, 0.0]}