{"labels": [0, 1, 2, 3, 4, 5, 6, 7, 8, 9, 10, 11, 12, 13, 14, 15, 16, 17, 18, 19, 20, 21, 22, 23, 24, 25, 26, 27, 28, 29, 30, 31, 32, 33, 34, 35, 36, 37, 38, 39], "data": [0.0066798802359334785, 0.0, 0.0, 0.0, 0.04746459881510509, 0.0, 0.0, 0.0, 0.0, 0.0, 0.0, 0.0, 0.0, 0.02264194742311767, 0.007292524893395478, 0.0, 0.0060846072927728135, 0.004469260325496065, 0.0, 0.0, 0.0, 0.0, 0.0, 0.0030916286778071393, 0.0, 0.038902101844570415, 0.0, 0.00155779527483528, 0.00034571431636004846, 0.010961066681797797, 0.0, 0.0, 0.0, 0.04533737763484877, 0.0, 0.025049508963068925, 0.00013599919203914084, 0.019825509665849953, 0.03601143498534088, 0.0]}