{"labels": [0, 1, 2, 3, 4, 5, 6, 7, 8, 9, 10, 11, 12, 13, 14, 15, 16, 17, 18, 19, 20, 21, 22, 23, 24, 25, 26, 27, 28, 29, 30, 31, 32, 33, 34, 35, 36, 37, 38, 39], "data": [0.0018326036251480639, 0.0, 0.0, 0.0, 0.058550835935163074, 0.0, 0.0202413526094528, 0.002211583529812913, 0.0008304160992563043, 0.0, 0.0, 0.0, 0.00470312919467432, 0.007183332497526064, 0.0, 0.0, 0.0, 0.0020771640105125256, 0.0, 0.03150707295131783, 0.0, 0.0004945607305816682, 0.002256426448038865, 0.0002341825021346626, 0.03248886449628294, 0.01356907629273753, 0.0005860422725532871, 0.0, 0.0, 0.0, 0.00047317548010115484, 0.0, 0.0, 0.0, 0.050462506404462835, 0.0, 0.007708392558029754, 0.0, 0.0, 0.0]}