{"labels": [0, 1, 2, 3, 4, 5, 6, 7, 8, 9, 10, 11, 12, 13, 14, 15, 16, 17, 18, 19, 20, 21, 22, 23, 24, 25, 26, 27, 28, 29, 30, 31, 32, 33, 34, 35, 36, 37, 38, 39], "data": [0.08068972933813294, 0.0, 0.0, 0.04977342558173605, 0.004593235842203778, 0.0, 0.0, 0.0, 0.0, 0.004813633038035225, 0.0, 0.0, 0.0, 0.0, 0.005030377806448049, 0.0, 0.0, 0.0, 0.0, 0.0, 0.0, 0.0, 0.0, 0.0154454022425413, 0.00873727731730401, 0.032183016659832114, 0.0, 0.028542009782988906, 0.0, 0.0, 0.0, 0.0011533296368864126, 0.014952576844128753, 0.00975977761094251, 0.0, 0.0, 0.0, 0.0003707599432372699, 0.0, 0.00021639020845796775]}