{"labels": [0, 1, 2, 3, 4, 5, 6, 7, 8, 9, 10, 11, 12, 13, 14, 15, 16, 17, 18, 19, 20, 21, 22, 23, 24, 25, 26, 27, 28, 29, 30, 31, 32, 33, 34, 35, 36, 37, 38, 39], "data": [0.0, 0.0, 0.0, 0.06715693599039324, 0.0, 0.0006602716486621917, 0.0, 0.0, 0.0, 0.0, 0.0, 0.0, 0.05820752798202804, 0.0, 0.0, 0.0, 0.0, 0.0, 0.0, 0.0, 0.0, 0.0, 0.0, 0.014761496171415913, 0.0, 0.0, 0.0, 0.0, 0.0, 0.0, 0.0, 0.09379180560904726, 0.0, 0.03203452322134218, 0.011537297325563632, 0.0, 0.0, 0.0, 0.0027035340951956422, 0.0]}