{"labels": [0, 1, 2, 3, 4, 5, 6, 7, 8, 9, 10, 11, 12, 13, 14, 15, 16, 17, 18, 19, 20, 21, 22, 23, 24, 25, 26, 27, 28, 29, 30, 31, 32, 33, 34, 35, 36, 37, 38, 39], "data": [0.003279544320283486, 0.0, 0.0, 0.0, 0.06710678178525684, 0.0, 0.02621317134228118, 0.0, 0.0, 0.0, 0.0, 0.0, 0.0, 0.0, 0.0, 0.016083546604231228, 0.00895715423618806, 0.0, 0.0, 0.0, 0.0, 0.0, 0.0, 0.0, 0.0, 0.04433402487946748, 0.0, 0.016599267848078157, 0.0, 0.0, 0.0, 0.0, 0.0, 0.0, 0.029283555643302935, 0.0, 0.0, 0.0483842134537069, 0.0, 0.0057924435549441084]}