{"labels": [0, 1, 2, 3, 4, 5, 6, 7, 8, 9, 10, 11, 12, 13, 14, 15, 16, 17, 18, 19, 20, 21, 22, 23, 24, 25, 26, 27, 28, 29, 30, 31, 32, 33, 34, 35, 36, 37, 38, 39], "data": [0.001315427503199412, 0.0, 0.0, 0.0, 0.020692374261892316, 0.010305931857515268, 0.017215408834916904, 0.003990194428643062, 0.002574328885902352, 0.0, 0.0, 0.0, 0.027914486478081205, 0.0, 0.0004815279101169967, 0.019914077096955207, 0.0, 0.0, 0.0, 0.0, 0.0, 0.026702698753309374, 0.0031391631495396276, 0.0, 0.0, 0.0, 0.03805279993446986, 0.019432696024857126, 0.012439807112608359, 0.0, 0.010880807590907742, 0.005033364803581688, 0.0, 0.028354286647330362, 0.0, 0.006781558052246231, 0.0020796472569231087, 0.019375762492124315, 0.013848607130962079, 0.000616361912928643]}