{"labels": [0, 1, 2, 3, 4, 5, 6, 7, 8, 9, 10, 11, 12, 13, 14, 15, 16, 17, 18, 19, 20, 21, 22, 23, 24, 25, 26, 27, 28, 29, 30, 31, 32, 33, 34, 35, 36, 37, 38, 39], "data": [0.0, 0.14046948496575537, 0.06808589111866642, 0.0, 0.0, 0.0, 0.0, 0.0, 0.0, 0.0, 0.0, 0.0, 0.0, 0.0, 0.20490210876162648, 0.0, 0.0, 0.0, 0.0, 0.0, 0.032336817963380296, 0.0, 0.0, 0.0, 0.0, 0.0, 0.011829094749887819, 0.0, 0.024010114274129014, 0.0, 0.16355475836059494, 0.03284068475211328, 0.0, 0.0, 0.0, 0.0, 0.09341412726890773, 0.0, 0.0, 0.0]}