{"labels": [0, 1, 2, 3, 4, 5, 6, 7, 8, 9, 10, 11, 12, 13, 14, 15, 16, 17, 18, 19, 20, 21, 22, 23, 24, 25, 26, 27, 28, 29, 30, 31, 32, 33, 34, 35, 36, 37, 38, 39], "data": [0.005639980255660175, 0.012124768715247597, 0.006642318833950353, 0.0012739430553972218, 0.003386152563538156, 0.0, 0.004000996373949028, 0.0, 0.0, 0.033214401710132485, 0.0029474621122771824, 0.0, 0.0, 0.0, 0.0, 0.0, 0.0, 0.0, 0.0, 0.0010740139910658756, 0.0, 0.0, 0.0, 0.0, 0.010360819121024229, 0.0051430551696679235, 0.0, 0.004478182770872713, 0.0, 0.0029885198132112794, 0.0, 0.0, 0.001582278100590523, 0.0, 0.0, 0.0, 0.0, 0.013042132379033353, 0.0, 0.005560218297336836]}