{"labels": [0, 1, 2, 3, 4, 5, 6, 7, 8, 9, 10, 11, 12, 13, 14, 15, 16, 17, 18, 19, 20, 21, 22, 23, 24, 25, 26, 27, 28, 29, 30, 31, 32, 33, 34, 35, 36, 37, 38, 39], "data": [0.0008667267572590781, 0.012195803271996956, 0.0, 0.00012028289240338112, 0.02361069766395914, 0.0014682652973745762, 0.03602929473233656, 0.0, 0.008024965987640527, 0.04290517172552747, 0.000289660212592932, 0.0, 0.0356738406240526, 0.0, 0.003462077207981804, 0.0, 0.0, 0.0, 0.029209168624907852, 0.0, 0.0, 0.0, 0.0024192330948374086, 0.0, 0.003943384705680774, 0.005544075703425352, 0.002511405435691198, 0.0, 0.007005192543588547, 0.0, 0.0035555263308113807, 0.0, 0.0015638010408521418, 0.009849880715792616, 0.004535787713816241, 0.0043336986565147275, 0.07820838994946071, 0.010326587149869572, 0.0, 0.0]}