{"labels": [0, 1, 2, 3, 4, 5, 6, 7, 8, 9, 10, 11, 12, 13, 14, 15, 16, 17, 18, 19, 20, 21, 22, 23, 24, 25, 26, 27, 28, 29, 30, 31, 32, 33, 34, 35, 36, 37, 38, 39], "data": [0.007179230554906204, 0.0, 0.014839860611302814, 0.0, 0.0, 0.0, 0.007029145610444653, 0.011575324137496061, 0.0, 0.012391817663583781, 0.0, 0.0001231890888957828, 0.00025249214468519036, 0.006804052999674592, 0.0, 0.0010968947800783088, 0.0007560140913538918, 0.0, 0.01573623650422551, 0.0, 0.005247472012649462, 0.0, 0.0, 0.0, 0.0, 0.0, 0.0037290270389488504, 0.0012756511457627888, 0.0010654539322187066, 0.0005353416699899324, 0.0586264547651853, 0.0, 0.04024665738904918, 0.0, 0.0020497733950179202, 0.0, 0.011943176333375586, 0.007859393006999978, 0.046768273914024605, 0.0013114927675127082]}