{"labels": [0, 1, 2, 3, 4, 5, 6, 7, 8, 9, 10, 11, 12, 13, 14, 15, 16, 17, 18, 19, 20, 21, 22, 23, 24, 25, 26, 27, 28, 29, 30, 31, 32, 33, 34, 35, 36, 37, 38, 39], "data": [0.008157667172336127, 0.0, 0.005358143666103993, 0.0, 0.010657795500982848, 0.0, 0.030031326291947085, 0.00811105134327951, 0.0, 0.0, 0.045097585613134816, 0.0, 0.0, 0.00608195326677414, 0.010422857806889846, 0.0034031352088090498, 0.0, 0.0, 0.022089461528638915, 0.0011512238856736178, 0.05122565169006922, 0.0, 0.0013274458746095805, 0.0, 0.0007964721540979503, 0.00521261274571405, 0.001006667481818564, 0.0, 0.0, 0.0, 0.0, 0.0, 0.0006267937715751519, 0.0, 0.007156883720794707, 0.065019131052679, 0.0027532576300910504, 0.005123063774173489, 0.0032664190065090463, 0.0022002539418544925]}