{"labels": [0, 1, 2, 3, 4, 5, 6, 7, 8, 9, 10, 11, 12, 13, 14, 15, 16, 17, 18, 19, 20, 21, 22, 23, 24, 25, 26, 27, 28, 29, 30, 31, 32, 33, 34, 35, 36, 37, 38, 39], "data": [0.024612417508427898, 0.015657280690500135, 0.0, 0.004467232578137367, 0.007660110812710371, 0.0008922900764068247, 0.0, 0.007996540144346202, 0.0, 0.0, 0.0, 0.0, 0.007059074480985526, 0.0, 0.0, 0.01292139290170251, 0.0, 0.024926408337484548, 0.04629396354664789, 0.02348328644108542, 0.0, 0.022710291044095273, 0.0, 0.0, 0.0, 0.01861972801076763, 0.013677460643718348, 0.00023019413027754415, 0.0034630483891686364, 0.0, 0.0, 0.0020796666938443734, 0.0, 0.008529121628261263, 0.039620483839088734, 0.0, 0.009053758078935088, 0.014861671120045255, 0.023501898205654268, 0.0013376724244309895]}