{"labels": [0, 1, 2, 3, 4, 5, 6, 7, 8, 9, 10, 11, 12, 13, 14, 15, 16, 17, 18, 19, 20, 21, 22, 23, 24, 25, 26, 27, 28, 29, 30, 31, 32, 33, 34, 35, 36, 37, 38, 39], "data": [0.006873178942694373, 0.0, 0.0, 0.022438668191884885, 0.037736843834274496, 0.009802301004438255, 0.010104283336770806, 0.0, 0.0, 0.008791516543277988, 0.0, 0.02769520922444461, 0.0017369121331104222, 0.010944362671413728, 0.006259914966387375, 0.0, 0.0, 0.0, 0.004941675984844247, 0.0031007296394897545, 0.0, 0.0, 0.0, 0.0, 0.0, 0.049482787104349425, 0.0, 0.0, 0.0, 0.0, 0.002413635091483951, 0.0, 0.0, 0.0, 0.0, 0.05655326297357452, 0.009200503751758514, 0.017552218322689873, 0.08168119963380252, 0.0]}