{"labels": [0, 1, 2, 3, 4, 5, 6, 7, 8, 9, 10, 11, 12, 13, 14, 15, 16, 17, 18, 19, 20, 21, 22, 23, 24, 25, 26, 27, 28, 29, 30, 31, 32, 33, 34, 35, 36, 37, 38, 39], "data": [0.016376710320162143, 0.0, 0.00033008358001886167, 0.0, 0.008104659551453387, 0.0, 0.021987388484630783, 0.00015390032692282142, 0.0012805088921651181, 0.06294137245678624, 0.010515283076751612, 0.0004314388140997005, 0.0, 0.0, 0.0, 0.00020997366565165588, 0.0, 0.0, 0.0, 0.0, 0.0, 0.0, 0.0, 0.0, 0.0, 0.007092181792916787, 0.0, 0.0, 0.0, 0.007363803789755412, 0.00015446174159869396, 0.0024493153364326566, 0.048420709359503385, 0.0012193428514129375, 0.0024673044501554325, 0.0, 0.02017395592384234, 0.0, 0.0, 0.0]}