{"labels": [0, 1, 2, 3, 4, 5, 6, 7, 8, 9, 10, 11, 12, 13, 14, 15, 16, 17, 18, 19, 20, 21, 22, 23, 24, 25, 26, 27, 28, 29, 30, 31, 32, 33, 34, 35, 36, 37, 38, 39], "data": [0.0017798684452940276, 0.0031618411827324046, 0.0, 0.0, 0.01658353294614843, 0.0, 0.04803431038169217, 0.03091028871519433, 0.0, 0.0, 0.0, 0.0028993652997649656, 0.0, 0.005274673813545618, 0.0, 0.04718443934966117, 0.0, 0.0, 0.0035916012346406566, 0.022963688431917085, 0.003018233253102743, 0.02286651449089252, 0.03206732224439359, 0.0, 0.02052742642212831, 0.023937792448433713, 0.007118909743682825, 0.0, 0.0019134524833566916, 0.0, 0.0, 0.0, 0.035991694122228794, 0.019550926428829326, 0.01001719310259897, 0.002001016497738638, 0.0, 0.0, 0.0013007849437497488, 0.0]}