{"labels": [0, 1, 2, 3, 4, 5, 6, 7, 8, 9, 10, 11, 12, 13, 14, 15, 16, 17, 18, 19, 20, 21, 22, 23, 24, 25, 26, 27, 28, 29, 30, 31, 32, 33, 34, 35, 36, 37, 38, 39], "data": [0.007081518938873992, 0.0025825004423838194, 0.0004362540331004924, 8.503883963881675e-05, 0.0, 0.0, 0.004614262559425753, 0.0, 0.024244192922820974, 0.0, 0.00602368970786548, 0.0, 0.0, 0.0, 0.0, 0.0, 0.0, 0.0, 0.01221789998368614, 0.07356862688283945, 0.00442031174648642, 0.0016743022870531745, 0.051169040351637614, 0.001714531073285739, 0.038460128545471026, 0.011595896338846185, 0.0, 0.022828162359519358, 0.0, 0.001243445720127787, 0.0, 0.0008874803591100003, 0.0, 0.0003063604220877072, 0.0, 0.0, 0.04863428370086389, 0.0, 0.009386305142460229, 0.0]}