{"labels": [0, 1, 2, 3, 4, 5, 6, 7, 8, 9, 10, 11, 12, 13, 14, 15, 16, 17, 18, 19, 20, 21, 22, 23, 24, 25, 26, 27, 28, 29, 30, 31, 32, 33, 34, 35, 36, 37, 38, 39], "data": [0.0, 0.0, 0.0, 0.0, 0.0, 0.002067798975776539, 0.009386128125424968, 0.0, 0.0, 0.0, 0.0, 0.0, 0.0, 0.0, 0.0, 0.0, 0.001552042921832834, 0.0, 0.0, 0.0, 0.0, 0.003863594611046078, 0.0, 0.0008887546332097033, 0.0003244305364504489, 0.0, 0.0, 0.0, 0.0, 0.0, 0.0, 0.10189754855688846, 0.0, 0.0283503538382407, 0.004979560634363778, 0.0, 0.0, 0.0, 0.009902480952142328, 0.0]}