{"labels": [0, 1, 2, 3, 4, 5, 6, 7, 8, 9, 10, 11, 12, 13, 14, 15, 16, 17, 18, 19, 20, 21, 22, 23, 24, 25, 26, 27, 28, 29, 30, 31, 32, 33, 34, 35, 36, 37, 38, 39], "data": [0.0011155999691233585, 0.0, 0.0, 0.009682379071377865, 0.0009220999663144722, 0.0, 0.0054035954360214964, 0.003302649097584387, 0.0, 0.0010962207367836195, 0.0, 0.07642473963916942, 0.013565155527157357, 0.0062522619975119995, 0.0, 0.0014742720311588474, 0.0, 0.03408971558248011, 0.010355384638411111, 0.0, 0.0, 0.015551913094532686, 0.004416493450980156, 0.0, 0.0008950311045935798, 0.009003491771377006, 0.0009748934220939715, 0.01699299148796143, 0.004260591173219591, 0.0, 0.0, 0.0, 0.0, 0.012725761874425293, 0.0, 0.0, 0.0, 0.0, 0.0006663084938152326, 0.0010158826395046605]}