{"labels": [0, 1, 2, 3, 4, 5, 6, 7, 8, 9, 10, 11, 12, 13, 14, 15, 16, 17, 18, 19, 20, 21, 22, 23, 24, 25, 26, 27, 28, 29, 30, 31, 32, 33, 34, 35, 36, 37, 38, 39], "data": [0.0, 0.0, 0.003297478506530052, 0.0, 0.0004997820768647806, 0.0006924619146841057, 0.014043179117791033, 0.0, 0.0, 0.012835831988301854, 0.008750265784516232, 0.0, 0.0, 0.002932643790425708, 0.022724058416909127, 0.006956727141171413, 0.003116806057864334, 0.0, 0.0054790191198982345, 0.02367717915372546, 0.0, 0.0, 0.0, 0.1484728932770679, 0.0, 0.0, 0.0010817602362322314, 0.0, 0.0019873937951031904, 0.005390763304029969, 0.0, 0.0, 0.028145905644814433, 0.01764541695331324, 0.0, 0.0019068633726121976, 0.0, 0.0, 0.0, 0.002571965961320786]}