{"labels": [0, 1, 2, 3, 4, 5, 6, 7, 8, 9, 10, 11, 12, 13, 14, 15, 16, 17, 18, 19, 20, 21, 22, 23, 24, 25, 26, 27, 28, 29, 30, 31, 32, 33, 34, 35, 36, 37, 38, 39], "data": [0.004570041344483954, 0.0, 0.0, 0.005249914366246158, 0.0031498916608775577, 0.0, 0.0, 0.0, 0.0, 0.0, 0.00040528419931125864, 0.0, 0.0, 0.010742617248261943, 0.0, 0.0004884818283414996, 0.03569328492572246, 0.006032812455088592, 0.0, 0.0, 0.0022471070300248085, 0.0, 0.0, 0.02125702379325359, 0.0016221431238332819, 0.021891955242784766, 0.0, 0.009516126393191252, 0.004806586613061927, 0.0, 0.0, 0.0, 0.0015569641296625334, 0.0, 0.028051357670164763, 0.0, 0.0, 0.0, 0.0, 0.000694603882282743]}