{"labels": [0, 1, 2, 3, 4, 5, 6, 7, 8, 9, 10, 11, 12, 13, 14, 15, 16, 17, 18, 19, 20, 21, 22, 23, 24, 25, 26, 27, 28, 29, 30, 31, 32, 33, 34, 35, 36, 37, 38, 39], "data": [0.0, 0.09109389815362764, 0.0, 0.0, 0.0, 0.029195597710876264, 0.008039694531741977, 0.0, 0.0, 0.0, 0.0, 0.003924540532818335, 0.0, 0.0, 0.0, 0.0, 0.0013913341271547914, 0.0, 0.02431969948378358, 0.056068371112925154, 0.0, 0.0, 0.0014873175863512392, 0.0, 0.002199298828840709, 0.0, 0.0, 0.0, 0.0, 0.0, 0.0, 0.0017190194484308398, 0.0, 0.0, 0.0, 0.0, 0.0, 0.0, 0.0, 0.0]}