{"labels": [0, 1, 2, 3, 4, 5, 6, 7, 8, 9, 10, 11, 12, 13, 14, 15, 16, 17, 18, 19, 20, 21, 22, 23, 24, 25, 26, 27, 28, 29, 30, 31, 32, 33, 34, 35, 36, 37, 38, 39], "data": [0.006457024083879216, 0.0, 0.0014677653773253515, 0.017452928419655615, 0.0, 0.006375906391242518, 0.0, 0.0, 0.0, 0.0, 0.014398665051323803, 0.0039739776045403935, 0.0, 0.0, 0.00021605773907037952, 0.013634180627326515, 0.004437670626149463, 0.0, 0.07816361320047108, 0.0, 0.0, 0.0, 0.0, 0.001441330043836257, 0.020666723141277266, 0.001419140665890051, 0.0, 0.005627634967044812, 0.00030384549678985433, 0.0, 0.0, 0.0, 0.0016361964660896622, 0.0, 0.004112147188237234, 0.04615985740922126, 0.015561432957531427, 0.0036900868845165646, 0.024143412103198852, 0.05507427789459625]}