{"labels": [0, 1, 2, 3, 4, 5, 6, 7, 8, 9, 10, 11, 12, 13, 14, 15, 16, 17, 18, 19, 20, 21, 22, 23, 24, 25, 26, 27, 28, 29, 30, 31, 32, 33, 34, 35, 36, 37, 38, 39], "data": [0.0, 0.0, 0.0, 0.0, 0.019919569961147594, 0.0, 0.04123705340185168, 0.0, 0.0, 0.0, 0.01546264074955145, 0.0, 0.0, 0.0, 0.012773187046155633, 0.0, 0.0004578326301852496, 0.0, 0.0, 0.0025299170456300883, 0.0, 0.0, 0.0, 0.0, 0.0, 0.0, 0.008326664014829503, 0.023503803127553177, 0.0, 0.0, 0.013129466125286149, 0.0019751891858015456, 0.0, 0.0, 0.011267618397616534, 0.08334238682965531, 0.0, 0.0028629813977398225, 0.0, 0.005728165620783573]}