{"labels": [0, 1, 2, 3, 4, 5, 6, 7, 8, 9, 10, 11, 12, 13, 14, 15, 16, 17, 18, 19, 20, 21, 22, 23, 24, 25, 26, 27, 28, 29, 30, 31, 32, 33, 34, 35, 36, 37, 38, 39], "data": [0.0, 0.0, 0.0, 0.0, 0.049616075346790925, 0.0, 0.004464275322173355, 0.04033680733850235, 0.0010701573223806304, 0.0, 0.004053111755137408, 0.0011323757614507132, 0.0059124245811874206, 0.0, 0.01571187708110785, 0.0026112547131888937, 0.0, 0.023248792681922096, 0.014324081208187211, 0.0, 0.0, 0.03802412430286284, 0.0, 0.0, 0.004973790527878397, 0.0038062734462162924, 0.0, 0.0, 0.0, 0.0, 0.0, 0.0, 0.0, 0.008544677131583049, 0.0010591399730696823, 0.014000635587746191, 0.0019292850093435947, 0.014093502778948766, 0.0, 0.0]}