{"labels": [0, 1, 2, 3, 4, 5, 6, 7, 8, 9, 10, 11, 12, 13, 14, 15, 16, 17, 18, 19, 20, 21, 22, 23, 24, 25, 26, 27, 28, 29, 30, 31, 32, 33, 34, 35, 36, 37, 38, 39], "data": [0.0, 0.0, 0.0, 0.0, 0.0, 0.0, 0.07253482112024073, 0.0, 0.0, 0.0, 0.0, 0.0, 0.0, 0.0, 0.0, 0.0, 0.0, 0.0, 0.0, 0.0, 0.03561952058708481, 0.0, 0.0, 0.0, 0.05581182896161994, 0.0, 0.0, 0.0, 0.0, 0.0, 0.008177595094753567, 0.0, 0.00020464660305663233, 0.0, 0.0, 0.0025356234305162276, 0.0019299854306288598, 0.06905985562431154, 0.0, 0.0]}