{"labels": [0, 1, 2, 3, 4, 5, 6, 7, 8, 9, 10, 11, 12, 13, 14, 15, 16, 17, 18, 19, 20, 21, 22, 23, 24, 25, 26, 27, 28, 29, 30, 31, 32, 33, 34, 35, 36, 37, 38, 39], "data": [0.024752392253537252, 0.006111640177011758, 0.0006343103425050923, 0.0, 0.020991654031098664, 0.017987187729388385, 0.005411046844553516, 0.0, 0.0, 0.0015031724697454154, 0.0, 0.0022175857909425135, 0.037572864686863015, 0.02142547140020225, 0.006434632072121277, 0.0, 0.0, 0.016133698012118013, 0.0, 0.020416717099273094, 0.0, 0.05033997303866179, 0.03920980935132406, 0.0, 0.0035853784463315656, 0.0, 0.0, 0.0, 0.0027809993329215173, 0.0, 0.00230121419586288, 0.002163326000712098, 0.0, 0.020594091490455275, 0.0, 0.05153073062165864, 0.0009266981212153542, 0.0, 0.0, 0.0005849478958663629]}