{"labels": [0, 1, 2, 3, 4, 5, 6, 7, 8, 9, 10, 11, 12, 13, 14, 15, 16, 17, 18, 19, 20, 21, 22, 23, 24, 25, 26, 27, 28, 29, 30, 31, 32, 33, 34, 35, 36, 37, 38, 39], "data": [0.0, 0.0, 1.8779278708198177e-05, 0.0, 0.018092821759484783, 0.0, 0.0, 0.002367178847139453, 0.0, 0.0, 0.005163492686984397, 0.0, 0.021704621332041985, 0.0, 0.0022488516536224817, 0.01002559891013474, 0.0018006548363253816, 0.0, 0.0, 0.0048026482250056075, 0.0, 0.0, 0.0, 0.0, 0.0031897508996149553, 0.0, 0.005143692211887863, 0.0, 0.0002510829634297429, 7.836290206581926e-05, 0.002461138027328728, 0.0, 0.0, 0.016788966721909535, 0.02475746510956628, 0.004220744901616258, 0.0, 0.002635304749044287, 0.002138574006487691, 0.0]}