{"labels": [0, 1, 2, 3, 4, 5, 6, 7, 8, 9, 10, 11, 12, 13, 14, 15, 16, 17, 18, 19, 20, 21, 22, 23, 24, 25, 26, 27, 28, 29, 30, 31, 32, 33, 34, 35, 36, 37, 38, 39], "data": [0.0, 0.006695515623975747, 0.0010936401287010434, 0.04471961524571581, 0.0, 0.0, 0.0, 0.0, 0.0, 0.0033619551280595302, 0.0, 0.0012445663484239216, 0.04192650718359032, 0.0, 0.0, 0.0012509284387090696, 0.00018551403657938507, 0.0, 0.0012253495408173056, 0.0, 0.0, 0.043560166957568806, 0.0, 0.0016895357892591641, 0.0, 0.0, 0.0, 0.0, 0.0, 0.0007336083204291688, 0.021647996484106768, 0.002860884704210476, 0.0, 0.0, 0.05352619068148951, 0.0, 0.03765663236657214, 0.0, 0.0, 0.0036299560950710055]}