{"labels": [0, 1, 2, 3, 4, 5, 6, 7, 8, 9, 10, 11, 12, 13, 14, 15, 16, 17, 18, 19, 20, 21, 22, 23, 24, 25, 26, 27, 28, 29, 30, 31, 32, 33, 34, 35, 36, 37, 38, 39], "data": [0.0, 0.055622172119609584, 0.019149213405879346, 0.0, 0.018446889881854948, 0.0, 0.0074822102457930625, 0.0, 0.0, 0.0, 0.0, 0.0, 6.989078449337657e-05, 0.00870719302054638, 0.0, 0.0, 0.0, 0.00720027576971339, 0.0, 0.0, 0.0, 0.0, 0.0007355832245712807, 0.0, 0.0, 0.010797019087195249, 0.0, 0.0, 9.35188403294891e-05, 0.0, 0.016682112710707308, 0.0, 0.06994479229249174, 0.017337306738317144, 0.0, 0.041238869189193096, 0.0, 0.005640550166966947, 0.03390513701622913, 0.0]}