{"labels": [0, 1, 2, 3, 4, 5, 6, 7, 8, 9, 10, 11, 12, 13, 14, 15, 16, 17, 18, 19, 20, 21, 22, 23, 24, 25, 26, 27, 28, 29, 30, 31, 32, 33, 34, 35, 36, 37, 38, 39], "data": [0.0010264690729269764, 0.0, 0.0, 0.0011378397532117055, 0.01386140637808791, 0.013675524936439653, 0.03861152662034197, 0.0, 0.007609089958266393, 0.0, 0.012119290023096323, 0.009880237875984082, 0.0, 0.0, 0.0, 0.00027683551771842034, 0.0, 0.0068804051466595335, 0.0, 0.0, 0.0, 0.016927913894181967, 0.002931992037278946, 0.0009202668674391251, 0.0, 0.0, 0.002230077879004418, 0.0, 0.0, 0.0, 0.0, 0.0012865084461976544, 0.0, 0.0, 0.0, 0.0, 0.0, 0.03311552423506862, 0.0015042355862742137, 0.002065766291070317]}