{"labels": [0, 1, 2, 3, 4, 5, 6, 7, 8, 9, 10, 11, 12, 13, 14, 15, 16, 17, 18, 19, 20, 21, 22, 23, 24, 25, 26, 27, 28, 29, 30, 31, 32, 33, 34, 35, 36, 37, 38, 39], "data": [0.0009504332981953571, 0.0, 0.0, 0.0027172731950390037, 0.0, 0.0, 0.0, 0.055805165310924006, 0.0, 0.013472012863745934, 0.0, 0.0, 0.011205812324496854, 0.053309657969113716, 0.01947284469498281, 0.002501233890243302, 0.0, 0.023093764819685943, 0.013731350508322379, 0.0, 0.001985741650942527, 0.0, 0.004084510189159534, 0.0, 0.0, 0.03557149347506687, 0.0, 0.01937916460082947, 0.0, 0.0, 0.0, 0.0, 0.0, 0.0, 0.03140534111792422, 0.012160107119428708, 0.021117977459113278, 0.011717069068461735, 0.05059795180392905, 0.0]}