{"labels": [0, 1, 2, 3, 4, 5, 6, 7, 8, 9, 10, 11, 12, 13, 14, 15, 16, 17, 18, 19, 20, 21, 22, 23, 24, 25, 26, 27, 28, 29, 30, 31, 32, 33, 34, 35, 36, 37, 38, 39], "data": [0.0059703566059467255, 0.0008760071391157077, 0.03154661380164067, 0.006055113386713697, 0.0018040751091484741, 0.0, 0.0, 0.0014867123913157101, 0.0, 0.00187069275758103, 0.0075627668141083, 0.0, 0.0, 0.0, 0.005525715110023943, 0.0, 0.007772982117730934, 0.011791388505263699, 0.004157911334256871, 0.0, 0.005066829529569017, 0.0, 0.003039845284911012, 0.004689346722030008, 0.0, 0.008783112564019268, 0.0021971039767597917, 0.026085980788868788, 0.0, 0.0, 0.011747518095271836, 0.006126108241018072, 0.0, 0.006012375575444495, 0.009520861342201826, 0.015689266084663377, 0.0, 0.0, 0.003746872368117018, 0.0011603354351061139]}