{"labels": [0, 1, 2, 3, 4, 5, 6, 7, 8, 9, 10, 11, 12, 13, 14, 15, 16, 17, 18, 19, 20, 21, 22, 23, 24, 25, 26, 27, 28, 29, 30, 31, 32, 33, 34, 35, 36, 37, 38, 39], "data": [0.0, 0.002631524638045177, 0.006282354195942895, 0.001604836776077209, 0.036065407036430866, 0.0, 0.017591533500287727, 0.0037524776502145278, 0.00899781636130677, 0.0, 0.012974757452522906, 0.000307870605226808, 0.01914848491656761, 0.0, 0.0009166405115499584, 0.0011918333069090216, 0.0, 0.0, 0.0, 0.03628743758991396, 0.004206529448113672, 0.0, 0.00022959063530566837, 0.0, 0.001434006527381333, 0.0, 0.0058207993125375945, 0.0, 0.008818239515773929, 0.015047703167507998, 0.0, 0.0, 0.0539907192690587, 0.007720844008592645, 0.0, 0.009365319409758373, 0.011075684197173261, 0.0, 0.0, 0.0]}