{"labels": [0, 1, 2, 3, 4, 5, 6, 7, 8, 9, 10, 11, 12, 13, 14, 15, 16, 17, 18, 19, 20, 21, 22, 23, 24, 25, 26, 27, 28, 29, 30, 31, 32, 33, 34, 35, 36, 37, 38, 39], "data": [0.002324254473127376, 0.0, 0.0009826901181648371, 0.0, 0.025337928785996163, 0.0, 0.0018014983324495248, 0.0, 0.0010978761643912222, 0.03614103304679571, 0.0, 0.0, 0.002344261665754725, 0.0060558125972159545, 0.001442362932968483, 0.0052045716790357485, 0.0, 0.06748339496440901, 0.0, 0.007830458697348643, 0.0, 0.0052705352868849965, 0.0, 0.003746281081623349, 0.0, 0.012020669577036984, 0.0, 0.02278617429535312, 0.0, 0.0, 0.004959388207931633, 0.023549499103967666, 0.0, 0.03480335043860292, 0.0056084378389576, 0.0, 0.0, 4.324387951195555e-05, 0.0, 0.042886262888538675]}