{"labels": [0, 1, 2, 3, 4, 5, 6, 7, 8, 9, 10, 11, 12, 13, 14, 15, 16, 17, 18, 19, 20, 21, 22, 23, 24, 25, 26, 27, 28, 29, 30, 31, 32, 33, 34, 35, 36, 37, 38, 39], "data": [0.0, 0.0, 0.0007407130181242357, 0.0, 0.03355414441475195, 0.012496678330389886, 0.013327124089783635, 0.0, 0.0, 0.0, 0.0, 0.003213588524028473, 0.0036656435006636383, 0.0, 0.001576961749612657, 0.0, 0.00013144319445313192, 0.003368050139804906, 0.0036226845043655174, 0.0, 0.0, 0.01324363435377374, 0.00512552571037476, 0.007517138956458357, 0.0, 0.01005171941434419, 0.08884039109772514, 0.0011406780636214336, 0.0, 0.0, 0.0, 0.0, 0.001563971257207769, 2.6086381038442654e-05, 0.0, 0.029185475290828784, 0.006306414959902768, 0.0, 0.006452678920068035, 0.0012896970291621022]}