{"labels": [0, 1, 2, 3, 4, 5, 6, 7, 8, 9, 10, 11, 12, 13, 14, 15, 16, 17, 18, 19, 20, 21, 22, 23, 24, 25, 26, 27, 28, 29, 30, 31, 32, 33, 34, 35, 36, 37, 38, 39], "data": [0.3784824726275295, 0.0, 0.0, 0.0, 0.0, 0.0, 0.0, 0.0, 0.004396137042688997, 0.0, 0.0, 0.0, 0.0, 0.02756601935443608, 0.0, 0.0, 0.11224854778848233, 0.0, 0.0, 0.03438496312512629, 0.0, 0.0, 0.0, 0.0, 0.0, 0.0, 0.0, 0.0, 0.0, 0.0015480288126260733, 0.003108307445642858, 0.0, 0.0, 0.0, 0.0, 0.0, 0.0, 0.0, 0.0, 0.0]}