{"labels": [0, 1, 2, 3, 4, 5, 6, 7, 8, 9, 10, 11, 12, 13, 14, 15, 16, 17, 18, 19, 20, 21, 22, 23, 24, 25, 26, 27, 28, 29, 30, 31, 32, 33, 34, 35, 36, 37, 38, 39], "data": [0.0009454646833701621, 0.009063191793028455, 0.0040921016472949935, 0.06077875972125194, 0.006828323391221334, 0.006521161722905689, 0.0015820723759229459, 0.0, 0.0, 0.008515851210628391, 0.005348970112218066, 0.0008071891501266268, 0.0022660229358424967, 0.005531583195724354, 0.0, 0.01624094465700577, 0.0, 0.01507566097461699, 0.00039389929396569875, 0.0, 0.00756277274016295, 0.010230841546744477, 0.005338552236859113, 0.011453505290517307, 0.0015777835529393895, 0.0, 0.002734444335827141, 0.0, 0.0, 0.0008326907229160812, 0.01929421912436795, 0.07760724851898204, 0.0016507474588753877, 0.0, 0.0, 0.0, 0.0, 0.010056402934474159, 0.0042674836997261285, 0.0004323320680018611]}