{"labels": [0, 1, 2, 3, 4, 5, 6, 7, 8, 9, 10, 11, 12, 13, 14, 15, 16, 17, 18, 19, 20, 21, 22, 23, 24, 25, 26, 27, 28, 29, 30, 31, 32, 33, 34, 35, 36, 37, 38, 39], "data": [0.0, 0.0, 0.0, 0.02039368055549445, 0.0, 0.0, 0.017094966596977557, 6.744802763201902e-05, 0.0, 0.013747003381912992, 0.006955037673098279, 0.0, 0.0, 0.0, 0.0, 0.003446863446046788, 0.0, 0.02973961611264147, 0.0, 0.0, 0.0011418517277209696, 0.0, 0.0, 0.0, 0.0, 0.002865598319535613, 0.0, 0.0, 0.0, 0.0, 0.0005774076852833456, 0.0, 0.0005621025937761713, 0.0, 0.017763931532482406, 0.0075481379827309365, 0.0025524197355393857, 0.0053531338160868035, 0.008202634414129972, 0.0]}