{"labels": [0, 1, 2, 3, 4, 5, 6, 7, 8, 9, 10, 11, 12, 13, 14, 15, 16, 17, 18, 19, 20, 21, 22, 23, 24, 25, 26, 27, 28, 29, 30, 31, 32, 33, 34, 35, 36, 37, 38, 39], "data": [0.0008119174312841316, 0.001326680711771942, 0.017657811398787828, 0.021773072651708875, 0.0, 0.07483311334114304, 0.010450142546025472, 0.0, 0.010614723725540887, 0.0, 0.0, 0.0, 0.025274319886323046, 0.0, 0.0, 0.0, 0.0, 0.003313277174618854, 0.02682449724427856, 0.0, 0.0, 0.002016755075545154, 0.0, 0.0, 0.0, 0.0, 0.0010120420018452337, 0.0001536718379242144, 0.040346078029636995, 0.0031388826974417714, 0.0, 0.00039333114826822075, 0.0, 0.007409845153779329, 0.02159147367557869, 0.010408313276317228, 0.0392470282872911, 0.006928836618381498, 0.01893379425301924, 0.027541016567335003]}