{"labels": [0, 1, 2, 3, 4, 5, 6, 7, 8, 9, 10, 11, 12, 13, 14, 15, 16, 17, 18, 19, 20, 21, 22, 23, 24, 25, 26, 27, 28, 29, 30, 31, 32, 33, 34, 35, 36, 37, 38, 39], "data": [0.007689307460415563, 0.0, 0.01979999157952459, 0.003733772811270727, 0.0016986019752479658, 0.011530536476690995, 0.007548250736081277, 0.0, 0.0, 0.016980638044823564, 0.0, 0.0, 0.005999472357293755, 0.004836836712039704, 0.0, 0.0, 0.0, 0.025732044713544344, 0.0, 0.0064935536924100165, 0.009193333041995821, 0.00020096658247503973, 0.0, 0.01511346404388205, 0.011343750439226917, 0.016824444047950703, 0.003324877103180716, 0.02064296354083171, 3.315048379029952e-05, 0.010979222942856939, 0.0, 0.00743721620139704, 0.00543078023675456, 0.015589159174381383, 0.0, 0.03731996394839518, 0.002154626059423667, 0.0, 0.0, 0.0]}