{"labels": [0, 1, 2, 3, 4, 5, 6, 7, 8, 9, 10, 11, 12, 13, 14, 15, 16, 17, 18, 19, 20, 21, 22, 23, 24, 25, 26, 27, 28, 29, 30, 31, 32, 33, 34, 35, 36, 37, 38, 39], "data": [0.011877511238222936, 0.0, 0.0, 0.07362836797631836, 0.01146243338741113, 0.0, 0.01091053017047273, 0.006144930524029563, 0.0, 0.0115659935200518, 0.01740040061936757, 0.0, 0.0, 0.0, 0.0, 0.0, 0.0, 0.010085528944851827, 0.0, 0.0001595381749508078, 0.0, 0.0, 0.0, 0.0, 0.0, 0.03977317978271409, 0.0, 0.003813455600894151, 0.004084608102507835, 0.0, 0.0, 0.0, 0.0, 0.01651052892156428, 0.03190597367107509, 0.0, 0.0, 0.0, 0.0, 0.026006997997673885]}