{"labels": [0, 1, 2, 3, 4, 5, 6, 7, 8, 9, 10, 11, 12, 13, 14, 15, 16, 17, 18, 19, 20, 21, 22, 23, 24, 25, 26, 27, 28, 29, 30, 31, 32, 33, 34, 35, 36, 37, 38, 39], "data": [0.0, 0.0, 0.0070130673035683055, 0.02162754278182278, 0.010046532968543609, 0.0, 0.029432264216082752, 0.0018125874213408355, 0.0, 0.004128776519256086, 0.0, 0.0, 0.0, 0.0, 0.002047509970646646, 0.0, 0.005219573312724425, 0.0, 0.0, 0.0010553261215827722, 0.005128090733552793, 0.005111505319676543, 0.001816360503466745, 0.0, 0.0, 0.0005981339930717064, 0.0018241635886954296, 0.002940143052176858, 0.0, 0.0, 0.00024894027992685184, 0.0010585841167969163, 0.0, 0.0, 0.03783946955541492, 0.00804496012738674, 0.0035104083192570193, 0.0, 0.00015708198556761588, 0.0]}