{"labels": [0, 1, 2, 3, 4, 5, 6, 7, 8, 9, 10, 11, 12, 13, 14, 15, 16, 17, 18, 19, 20, 21, 22, 23, 24, 25, 26, 27, 28, 29, 30, 31, 32, 33, 34, 35, 36, 37, 38, 39], "data": [0.0023685334388209803, 0.0, 0.0066737810968576505, 0.00012914098323296136, 0.007691744650480149, 0.0013790550459484565, 0.006554522042756362, 0.030422456029715057, 0.0, 0.0, 0.0066301619509991925, 0.00013728449503012642, 0.0035354580743485052, 0.0, 0.0, 0.011305263346910439, 0.000844350803431648, 0.001158305635642616, 0.0008213797115448943, 0.0011484775262034853, 0.0027496579804414333, 0.005417725140622243, 0.006111910001548721, 0.021739732440657807, 0.008076774704783423, 0.006122987909705744, 0.0, 0.0, 0.00872812255353215, 0.0030007214092003685, 0.0, 0.004504884848445635, 0.005528877825251702, 0.0, 0.001603845377337812, 5.206461547754388e-05, 0.0, 0.015740030156154595, 0.0, 0.00043409600694911904]}