{"labels": [0, 1, 2, 3, 4, 5, 6, 7, 8, 9, 10, 11, 12, 13, 14, 15, 16, 17, 18, 19, 20, 21, 22, 23, 24, 25, 26, 27, 28, 29, 30, 31, 32, 33, 34, 35, 36, 37, 38, 39], "data": [0.00022444570619772398, 0.0, 0.017525306079038766, 0.0, 0.012251121111138047, 0.035986089251013514, 0.002964827733447284, 0.0, 0.0, 0.020305014657557314, 0.0, 0.00027876287318240263, 0.03356690267819932, 0.022278487667099275, 0.0, 0.0, 0.0, 0.0005670320466029451, 0.0, 0.0, 0.001951885513620739, 0.01451797228457292, 0.02535802835219392, 0.0, 0.0, 0.013557433986030586, 0.0, 0.021167700944391167, 0.0, 0.0, 0.0, 0.0, 0.0633460769866124, 0.006068202214309921, 0.0398950070739855, 0.0, 0.03283415681193016, 0.00027963479269074845, 0.005818188756723166, 0.0026180545871643925]}