{"labels": [0, 1, 2, 3, 4, 5, 6, 7, 8, 9, 10, 11, 12, 13, 14, 15, 16, 17, 18, 19, 20, 21, 22, 23, 24, 25, 26, 27, 28, 29, 30, 31, 32, 33, 34, 35, 36, 37, 38, 39], "data": [0.0, 0.0, 0.024322091650953823, 0.0, 0.0, 0.0, 0.019272727808634243, 0.019843098061158655, 0.04022470918651569, 0.0, 0.0, 0.011579797106570255, 0.02468193195491911, 0.0, 0.009239886902112127, 0.0, 0.0, 0.0, 0.0, 0.0, 0.053873841867421314, 0.0, 0.05180258330418245, 0.0, 0.0, 0.0, 0.04413020703328826, 0.0, 0.0, 0.0, 0.0, 0.0, 0.0, 0.0, 0.0, 0.006313354624482722, 0.0, 0.0, 0.0, 0.0]}