{"labels": [0, 1, 2, 3, 4, 5, 6, 7, 8, 9, 10, 11, 12, 13, 14, 15, 16, 17, 18, 19, 20, 21, 22, 23, 24, 25, 26, 27, 28, 29, 30, 31, 32, 33, 34, 35, 36, 37, 38, 39], "data": [0.0011445973924245328, 0.0, 0.015363184798890489, 0.07993326992087649, 0.024925217863428394, 0.0, 0.004158885418936072, 0.0, 0.0026822183519173465, 0.0, 0.0, 0.0, 0.03439894298622134, 0.0, 0.0, 0.0, 0.014722861544013597, 0.0, 0.0, 0.0, 0.0, 0.023934318699136134, 0.0404037400675149, 0.0, 0.0, 0.0, 0.0733983250724773, 0.0, 0.006878143354699059, 0.0, 0.0, 0.0, 0.0, 0.009885473029003888, 0.002294346756700309, 0.0, 0.0, 0.0009347967750047146, 0.004751163074001032, 0.0020616058078266634]}