{"labels": [0, 1, 2, 3, 4, 5, 6, 7, 8, 9, 10, 11, 12, 13, 14, 15, 16, 17, 18, 19, 20, 21, 22, 23, 24, 25, 26, 27, 28, 29, 30, 31, 32, 33, 34, 35, 36, 37, 38, 39], "data": [0.15124493540409598, 0.0, 0.0, 0.0, 0.0, 0.0, 0.0, 0.0, 0.003984794275674902, 0.008619388756251643, 0.0, 0.001225309341263303, 0.0, 0.037267869943834755, 0.0, 0.01758415595223509, 0.008681844887493, 0.0, 0.030186895317049288, 0.007194990608084749, 0.0, 0.018003029096313666, 0.0, 0.0, 0.0, 0.1207336950810337, 0.007635403020999641, 0.0, 0.0, 0.0, 0.011231814328931585, 0.0, 0.0, 0.0, 0.015972412788637844, 0.0, 0.011867367845162763, 0.0, 0.0, 0.0]}