{"labels": [0, 1, 2, 3, 4, 5, 6, 7, 8, 9, 10, 11, 12, 13, 14, 15, 16, 17, 18, 19, 20, 21, 22, 23, 24, 25, 26, 27, 28, 29, 30, 31, 32, 33, 34, 35, 36, 37, 38, 39], "data": [0.0, 0.0, 0.0, 0.0, 0.0026294350179538357, 0.05189396107194408, 0.0, 0.0007613079635872909, 0.0, 0.021586347667634318, 0.0014398873497545762, 0.0, 0.0007938125951837505, 0.0005340103447644462, 0.0, 0.0, 0.0, 0.018582516273420807, 0.001844958452087147, 0.0, 0.02403768398969925, 0.0, 0.0, 0.04850006711745482, 0.07531178497001305, 0.018226183449181383, 0.0, 0.05556761447767097, 0.0, 0.0, 0.0, 0.0, 0.003517337821281236, 0.0, 0.0, 0.005259936831943665, 0.0, 0.01082025953745488, 0.0, 0.0]}