{"labels": [0, 1, 2, 3, 4, 5, 6, 7, 8, 9, 10, 11, 12, 13, 14, 15, 16, 17, 18, 19, 20, 21, 22, 23, 24, 25, 26, 27, 28, 29, 30, 31, 32, 33, 34, 35, 36, 37, 38, 39], "data": [0.0, 0.0, 0.006491616648258568, 0.0, 0.0, 0.0, 0.00921191674271513, 0.020418391297688052, 0.0, 0.0, 0.0, 0.0, 0.0342092925601379, 0.0, 0.01160495028312346, 0.0, 0.0, 0.0, 0.0, 0.0, 0.0, 0.010894168827955608, 0.052025091718668176, 0.0, 0.0, 0.011308010302555167, 0.0, 0.0018255487680103307, 0.0, 0.0, 0.0, 0.0, 0.0, 0.15367535456418147, 0.0, 0.0, 0.0, 0.0, 0.004746230751709117, 0.00018894167843618706]}