{"labels": [0, 1, 2, 3, 4, 5, 6, 7, 8, 9, 10, 11, 12, 13, 14, 15, 16, 17, 18, 19, 20, 21, 22, 23, 24, 25, 26, 27, 28, 29, 30, 31, 32, 33, 34, 35, 36, 37, 38, 39], "data": [0.005722113362390292, 0.0, 0.02466841748154824, 0.0, 0.07783419368567392, 0.0, 0.0032361020230320314, 0.0, 0.0, 0.0009730693132088989, 0.0002320852637018582, 0.0, 0.003222449559838793, 0.0, 0.0, 0.0, 0.0006513545740390369, 0.0, 0.0, 0.00046819010694476137, 0.0, 0.0, 0.0, 0.0, 0.008845139859387117, 0.0, 0.0, 0.02667556615347106, 0.0, 0.0, 0.0, 0.0, 0.0, 0.03955827579982299, 0.0, 0.0, 0.0, 0.0, 0.0, 0.0]}