{"labels": [0, 1, 2, 3, 4, 5, 6, 7, 8, 9, 10, 11, 12, 13, 14, 15, 16, 17, 18, 19, 20, 21, 22, 23, 24, 25, 26, 27, 28, 29, 30, 31, 32, 33, 34, 35, 36, 37, 38, 39], "data": [0.0, 0.0, 0.010534613449019485, 0.0, 0.0, 0.0070068922720841675, 0.01308116304042217, 0.0017156735351215576, 0.0, 0.05791782620056066, 0.01668163433720881, 0.0, 0.019358342837871, 0.0, 0.0, 0.0, 0.003458143492658186, 0.026973720976195784, 0.03427465483337225, 0.012259147425311704, 0.0, 0.0015126662126910332, 0.005356899173594479, 0.004624436078133929, 0.016936285903744696, 0.006309846033119245, 0.0, 0.0025137894674053815, 0.0, 0.0023305585538652184, 0.015967450263988003, 0.0, 0.024107155305589538, 0.0005691692545070278, 0.02122783130164973, 0.0, 0.0, 0.01938938539712032, 0.016943605983786945, 0.0]}