{"labels": [0, 1, 2, 3, 4, 5, 6, 7, 8, 9, 10, 11, 12, 13, 14, 15, 16, 17, 18, 19, 20, 21, 22, 23, 24, 25, 26, 27, 28, 29, 30, 31, 32, 33, 34, 35, 36, 37, 38, 39], "data": [0.0, 0.007079596446180693, 0.01699336235002707, 0.0, 0.0, 0.01710153572691156, 0.020787144993963044, 0.04240805328539181, 0.02257641434911626, 0.0, 0.0, 0.006054140901860798, 0.06183116812133755, 0.0017246327304658979, 0.0, 0.0, 0.0, 0.0, 0.0, 0.0, 0.0, 0.01899458536210974, 0.000818681220884616, 0.0, 0.0, 0.0, 0.008048308176201072, 0.0, 0.0076560553989584714, 0.003180719002882456, 0.026826276886657723, 0.0, 0.0, 0.0, 0.03383116523480965, 0.029324563686328346, 0.01596277494923469, 0.0, 0.03264508411247266, 0.0]}