{"labels": [0, 1, 2, 3, 4, 5, 6, 7, 8, 9, 10, 11, 12, 13, 14, 15, 16, 17, 18, 19, 20, 21, 22, 23, 24, 25, 26, 27, 28, 29, 30, 31, 32, 33, 34, 35, 36, 37, 38, 39], "data": [0.0, 0.0, 0.0, 0.0, 0.016473710143358227, 0.006009905321795905, 0.0032274381038430813, 0.0, 0.0, 0.0, 0.0, 0.0, 0.0, 0.0, 0.0, 0.0, 0.027305219096973324, 0.0, 0.012585043443504886, 0.0, 0.0, 0.04615921948490134, 0.0, 0.0, 0.0, 0.047784738464211045, 0.0, 0.033575448943937804, 0.0, 0.0010408090502868278, 0.0, 0.0, 0.0, 0.027171739185415343, 0.016134021824380698, 0.0, 0.01579213126886654, 0.017721767549231385, 0.0, 0.03451914972910068]}