{"labels": [0, 1, 2, 3, 4, 5, 6, 7, 8, 9, 10, 11, 12, 13, 14, 15, 16, 17, 18, 19, 20, 21, 22, 23, 24, 25, 26, 27, 28, 29, 30, 31, 32, 33, 34, 35, 36, 37, 38, 39], "data": [0.0, 0.08625746212024112, 0.0, 0.0, 0.0, 0.0, 1.0107954908417638, 0.07745110040591126, 0.703274117116265, 0.0, 0.0, 0.2545205848014994, 0.0, 0.0, 0.03461046266815371, 0.029401427165610162, 0.0, 0.09959935191092757, 0.0, 0.0, 0.008595365386351915, 0.025645496228929403, 0.0, 0.0, 0.0, 0.0, 0.07351972491214832, 0.0, 0.0, 0.0, 0.0, 0.06148520126850497, 0.0, 0.006405406091868944, 0.0, 0.04183444120769453, 0.05776699806841731, 0.0, 0.0, 0.0]}