{"labels": [0, 1, 2, 3, 4, 5, 6, 7, 8, 9, 10, 11, 12, 13, 14, 15, 16, 17, 18, 19, 20, 21, 22, 23, 24, 25, 26, 27, 28, 29, 30, 31, 32, 33, 34, 35, 36, 37, 38, 39], "data": [0.00633974979715041, 0.005051679373173193, 0.04183580266791217, 0.017941728115319154, 0.0063732348575604916, 0.0, 0.0, 0.0047671909055713784, 0.0, 0.0018246427260384171, 0.010093119304246428, 0.0, 0.004571911513037226, 0.00333597271637762, 0.049032080131430296, 0.0, 0.000983212892904745, 0.012013246874038538, 0.0, 0.0, 0.0, 0.003905919052055094, 0.0003773806623293727, 0.004053960939156257, 0.012340199555914184, 0.0, 0.0566395886039406, 0.03074984036788218, 0.00616763575594901, 0.0, 0.015180455354391267, 0.04187843021304003, 0.04626528952523384, 0.015007234264749434, 0.006313849108536982, 0.031030637048321753, 0.0, 0.0, 0.0, 0.00149261421167378]}