{"labels": [0, 1, 2, 3, 4, 5, 6, 7, 8, 9, 10, 11, 12, 13, 14, 15, 16, 17, 18, 19, 20, 21, 22, 23, 24, 25, 26, 27, 28, 29, 30, 31, 32, 33, 34, 35, 36, 37, 38, 39], "data": [0.0, 0.015325329560858672, 0.018868591784252157, 0.0001986958979077867, 0.0012820832257319453, 0.0, 0.0, 0.01563173968101718, 0.0, 0.008118677696290922, 0.0, 0.0, 0.0, 0.003927179376169383, 0.0, 0.0, 0.0005762345492271462, 0.012374198540000146, 0.0, 0.0001782458272754205, 0.0, 0.0, 0.07685576464545503, 0.010792663070304426, 0.0, 0.0, 0.0, 0.0062239730898065995, 0.0, 0.0, 0.0, 0.0, 0.006501552253655316, 0.0, 0.0, 0.032797977639879204, 0.04041848154417069, 0.045177242918082706, 0.0, 0.0]}