{"labels": [0, 1, 2, 3, 4, 5, 6, 7, 8, 9, 10, 11, 12, 13, 14, 15, 16, 17, 18, 19, 20, 21, 22, 23, 24, 25, 26, 27, 28, 29, 30, 31, 32, 33, 34, 35, 36, 37, 38, 39], "data": [0.0, 0.0, 0.0, 0.0, 0.005447696310955061, 0.0, 0.011984037249577308, 0.0009727322938004899, 0.0, 0.005249070791421981, 0.0, 0.0, 0.0, 0.04640026094961333, 0.0, 0.0, 0.0, 0.00705898022991121, 0.0, 0.0, 0.0025889248573236273, 0.004029276171674276, 0.0016474697218167896, 0.0, 0.0017571558955056788, 0.0, 0.0, 0.00214659716424531, 0.0, 0.0008898368684684935, 0.0, 0.0, 0.0, 0.004150757387421863, 0.00482406135892743, 0.0027194505103968524, 0.0, 0.0157150749333289, 0.0, 0.00017458646442530695]}