{"labels": [0, 1, 2, 3, 4, 5, 6, 7, 8, 9, 10, 11, 12, 13, 14, 15, 16, 17, 18, 19, 20, 21, 22, 23, 24, 25, 26, 27, 28, 29, 30, 31, 32, 33, 34, 35, 36, 37, 38, 39], "data": [0.008647098130026058, 0.0, 0.0, 0.007187759893159318, 0.03371112293042837, 0.0, 0.0, 0.0, 0.0, 0.0018163382720498323, 0.021803309162569468, 0.0, 0.0, 0.0, 0.0, 0.0, 0.04536724924368236, 0.004803265730427576, 0.0, 0.0, 0.001267296242670069, 0.0, 0.0, 0.0, 0.0, 0.002564533198693193, 0.0003664874653606056, 0.0553390983622939, 0.0, 0.0, 0.0, 0.0024427224880352685, 0.0, 0.0, 0.0, 0.0, 0.002624037611602683, 0.0, 0.0016325358264607983, 0.0]}