{"labels": [0, 1, 2, 3, 4, 5, 6, 7, 8, 9, 10, 11, 12, 13, 14, 15, 16, 17, 18, 19, 20, 21, 22, 23, 24, 25, 26, 27, 28, 29, 30, 31, 32, 33, 34, 35, 36, 37, 38, 39], "data": [0.0, 0.04763319995435877, 0.0004348763838642263, 0.0, 0.0, 0.010228485652167916, 0.013507348000250607, 0.0, 0.0, 0.0, 0.0, 0.0, 0.008107644968900632, 0.0, 0.0, 0.0, 0.0, 0.05383875172927893, 0.0, 0.0, 0.0, 0.0, 0.0, 0.0, 0.0, 0.0, 0.0, 0.029878066689754106, 0.0, 0.0, 0.0, 0.0, 0.002242838206577411, 0.0, 0.0, 0.0037271491732078707, 0.09648916351799704, 0.009868671767987095, 0.0, 0.0]}