{"labels": [0, 1, 2, 3, 4, 5, 6, 7, 8, 9, 10, 11, 12, 13, 14, 15, 16, 17, 18, 19, 20, 21, 22, 23, 24, 25, 26, 27, 28, 29, 30, 31, 32, 33, 34, 35, 36, 37, 38, 39], "data": [0.0, 0.0058105027965403835, 0.0036191022758139666, 0.0016306802112908028, 0.0, 0.0, 0.04288940619782814, 0.036102706881176116, 0.0, 0.0235081516221227, 0.0016295331056828733, 0.0, 0.0, 0.0, 0.0002974889781246014, 0.0, 0.0001549215703579693, 0.0, 0.0, 0.00754410626101623, 0.0, 0.001055504824857572, 0.0021750893095682264, 0.013702780077128367, 0.0, 0.0, 0.0, 0.0, 0.0, 0.020454615741497217, 0.0, 0.0, 0.0034790520286164216, 0.0, 0.0, 0.0, 0.0, 0.0, 0.0, 0.0]}