{"labels": [0, 1, 2, 3, 4, 5, 6, 7, 8, 9, 10, 11, 12, 13, 14, 15, 16, 17, 18, 19, 20, 21, 22, 23, 24, 25, 26, 27, 28, 29, 30, 31, 32, 33, 34, 35, 36, 37, 38, 39], "data": [0.010043588020251888, 0.0015205372326759982, 0.02877122267527931, 0.0, 0.0, 0.016747229293094076, 0.024288298518674988, 0.0, 0.0, 0.00033445059873604926, 0.01915878557450717, 0.0, 0.0, 0.0, 0.05034686955030326, 0.0, 0.0, 0.0, 0.0, 0.0, 0.001994579282747726, 0.0, 0.0, 0.004101959153558561, 0.00837994242130926, 0.0, 0.0, 0.0, 0.0, 0.01309551203552694, 0.0, 0.0, 0.0, 0.0, 0.0, 0.0, 0.0, 0.04067760141330617, 0.0, 0.004850833887665004]}