{"labels": [0, 1, 2, 3, 4, 5, 6, 7, 8, 9, 10, 11, 12, 13, 14, 15, 16, 17, 18, 19, 20, 21, 22, 23, 24, 25, 26, 27, 28, 29, 30, 31, 32, 33, 34, 35, 36, 37, 38, 39], "data": [0.12254482869708302, 0.0013375457551600164, 0.019849829542875546, 0.005591643406548623, 0.0166581328682904, 0.0, 0.04461770210530161, 0.0, 0.0, 0.0, 0.007112490294256688, 0.0, 0.01638882624730733, 0.0, 0.013703987842726953, 0.0015218528911418437, 0.0, 0.0, 0.013843659009170312, 0.0, 0.0, 0.0, 0.0, 0.0, 0.0, 0.0026397079412115955, 0.006520244575452024, 0.0, 0.0, 0.0, 0.0, 0.0, 0.03581507728293246, 0.0, 0.0, 0.0, 0.0, 0.015092160934196944, 0.011284000188414795, 0.0032420624997690924]}