{"labels": [0, 1, 2, 3, 4, 5, 6, 7, 8, 9, 10, 11, 12, 13, 14, 15, 16, 17, 18, 19, 20, 21, 22, 23, 24, 25, 26, 27, 28, 29, 30, 31, 32, 33, 34, 35, 36, 37, 38, 39], "data": [0.00870308976327962, 0.0025929884867737997, 0.0, 0.0, 0.015671849997553944, 0.0039138745521346986, 0.0, 0.0006382478519467649, 0.0, 0.025853058814605697, 0.0, 0.0, 0.0, 0.014092173996337491, 0.0, 0.0, 0.0, 0.03183385307406133, 0.0, 0.0, 0.04327916435065298, 0.0, 0.05185714517338946, 0.0011854216419659857, 0.0, 0.030654168484952365, 0.04627900748287262, 0.013495486941937095, 0.0, 0.0, 0.0, 0.0, 0.0006863299333592138, 0.040947412750388816, 0.0021099577149822756, 0.0, 0.0, 0.016633479547991065, 0.0, 0.0]}