{"labels": [0, 1, 2, 3, 4, 5, 6, 7, 8, 9, 10, 11, 12, 13, 14, 15, 16, 17, 18, 19, 20, 21, 22, 23, 24, 25, 26, 27, 28, 29, 30, 31, 32, 33, 34, 35, 36, 37, 38, 39], "data": [0.002360205699510631, 0.004805109283564544, 0.04330526043373084, 0.022367599365420654, 0.0, 0.024314405554680275, 0.03051067518441282, 0.0, 0.0, 0.01613251945489066, 0.005120373417592309, 0.00010989349690169632, 0.0, 0.0012495965779690025, 0.0, 0.0, 0.03364055043788088, 0.004150825128568851, 0.0011654018010578604, 0.0022009971945509926, 0.0140906828091447, 0.0012555210063757644, 0.0, 0.0026620543680634626, 0.003119373379805856, 0.0, 0.0020550434679336427, 0.0, 0.0, 0.008656210916994771, 0.0, 0.00240063496778936, 0.046810134158603744, 0.003962330517994202, 0.0, 0.0, 0.02930420955675302, 0.0, 0.0, 0.0]}