{"labels": [0, 1, 2, 3, 4, 5, 6, 7, 8, 9, 10, 11, 12, 13, 14, 15, 16, 17, 18, 19, 20, 21, 22, 23, 24, 25, 26, 27, 28, 29, 30, 31, 32, 33, 34, 35, 36, 37, 38, 39], "data": [0.0, 0.010940044997305219, 0.003992119344336865, 0.006015800616814491, 0.030564577430723158, 0.012623160262394108, 0.01850786062434658, 0.0, 0.0, 0.001464610749570441, 0.0, 0.0, 0.0, 0.0, 0.0061988824274696605, 0.0, 0.0, 0.0043795903615098195, 0.007291818627552749, 0.0, 0.0, 0.0, 0.0, 0.0, 0.0, 0.0, 0.08188657741906163, 0.0, 0.0019461591516552626, 0.0, 0.0, 0.0, 0.0, 0.0061092605302416276, 0.0, 0.036852145452714334, 0.0034396061053905756, 0.0, 0.007246674952197083, 0.0007881463566902333]}