{"labels": [0, 1, 2, 3, 4, 5, 6, 7, 8, 9, 10, 11, 12, 13, 14, 15, 16, 17, 18, 19, 20, 21, 22, 23, 24, 25, 26, 27, 28, 29, 30, 31, 32, 33, 34, 35, 36, 37, 38, 39], "data": [0.0, 0.0, 0.0, 0.016386168471757414, 0.009948316076048704, 0.0, 0.0, 0.0013003467183147995, 0.0, 0.01561384013726269, 0.0, 0.0, 0.0, 0.0, 0.0, 0.0, 0.053757993676425225, 0.0, 0.001509481970709819, 0.0, 0.0, 0.0003463524145871031, 0.0, 0.0038583778325382108, 0.0, 0.0022778526164171243, 0.0, 0.03433964945902831, 0.0, 0.0, 0.0, 0.0, 0.0029091350971219153, 0.01706692923909935, 0.0, 0.0, 0.02047109147263222, 0.02012577062162696, 0.0, 0.0]}