{"labels": [0, 1, 2, 3, 4, 5, 6, 7, 8, 9, 10, 11, 12, 13, 14, 15, 16, 17, 18, 19, 20, 21, 22, 23, 24, 25, 26, 27, 28, 29, 30, 31, 32, 33, 34, 35, 36, 37, 38, 39], "data": [0.004255679465974476, 0.0, 0.00015069591460912285, 0.019689662446426497, 0.008363402623837442, 0.0, 0.013198853001039169, 0.0, 0.017348400262093396, 0.04618256785104487, 0.0, 0.0011284011602965287, 0.0, 0.007202562837611903, 0.0, 0.0, 0.0, 0.01780865732958592, 0.015496574306854492, 0.0, 0.0, 0.0, 0.0018391682141357857, 0.005516268340297192, 0.0, 0.0, 0.0, 0.0, 0.0, 0.0007487513027933402, 0.0, 0.004012510479139652, 0.0, 0.02639479057694627, 0.0, 0.0013591656277715891, 0.0033807539888893925, 0.0, 0.0, 0.0]}