{"labels": [0, 1, 2, 3, 4, 5, 6, 7, 8, 9, 10, 11, 12, 13, 14, 15, 16, 17, 18, 19, 20, 21, 22, 23, 24, 25, 26, 27, 28, 29, 30, 31, 32, 33, 34, 35, 36, 37, 38, 39], "data": [0.0, 0.0, 0.0, 0.0012490872176931353, 0.0, 0.0, 0.005767268695198397, 0.02439488214411122, 0.0, 0.0, 0.0, 0.0, 0.0, 0.0, 0.0, 0.0, 0.002178383310047394, 0.0, 0.0, 0.0, 0.003769399598753263, 0.0, 0.0, 0.0006707913344305717, 0.03561023504123287, 0.0022187592216483887, 0.0007300060054881426, 0.026034932216574037, 0.004255660293797228, 0.013127744035395307, 0.0, 0.0, 0.0, 0.029287212124223427, 0.0, 0.11189691696813217, 0.0, 0.035002947625874574, 0.0, 0.0]}