{"labels": [0, 1, 2, 3, 4, 5, 6, 7, 8, 9, 10, 11, 12, 13, 14, 15, 16, 17, 18, 19, 20, 21, 22, 23, 24, 25, 26, 27, 28, 29, 30, 31, 32, 33, 34, 35, 36, 37, 38, 39], "data": [0.0003267200432174309, 0.0, 0.0, 0.0, 0.0, 0.0, 0.010047416428128864, 0.0, 0.000860475291766299, 0.0, 0.0, 0.0, 0.0, 0.0, 0.0, 0.0, 0.0, 0.0, 0.0, 0.0, 0.0, 0.08388009576515941, 0.0, 0.0, 0.0006798912733733558, 0.0, 0.0, 0.0, 0.0, 0.0, 0.0, 0.0, 0.0, 0.12609823877464577, 0.0, 0.0, 0.0, 0.00727192868489461, 0.0, 0.0]}