{"labels": [0, 1, 2, 3, 4, 5, 6, 7, 8, 9, 10, 11, 12, 13, 14, 15, 16, 17, 18, 19, 20, 21, 22, 23, 24, 25, 26, 27, 28, 29, 30, 31, 32, 33, 34, 35, 36, 37, 38, 39], "data": [0.0, 0.04137475943408103, 0.0016193465435631607, 0.0, 0.0006582171319675169, 0.026012492047539384, 0.03447511025845903, 0.0, 0.010593569472281582, 0.010738059928911236, 0.0, 0.011347337779528642, 0.0, 0.03997333541849071, 0.0, 0.0, 0.006549622376097557, 0.0, 0.0016564216662343176, 0.0, 0.0, 0.0, 0.0, 0.04067291548020131, 0.0, 0.0, 0.008013096650042881, 0.0, 0.12826213402716768, 0.007295473644971852, 0.0, 0.0, 0.0, 0.010669112649897197, 0.0, 0.0, 0.003348286952281854, 0.01866700790561811, 0.005942090942981133, 0.0002655958682520164]}