{"labels": [0, 1, 2, 3, 4, 5, 6, 7, 8, 9, 10, 11, 12, 13, 14, 15, 16, 17, 18, 19, 20, 21, 22, 23, 24, 25, 26, 27, 28, 29, 30, 31, 32, 33, 34, 35, 36, 37, 38, 39], "data": [0.002319267426457944, 0.0014368771471122608, 0.0, 0.0, 0.0, 0.0, 0.011208564941270927, 0.02554104774175683, 0.0050836780450276165, 0.03794570327797421, 0.001344648553753657, 0.0, 0.0, 0.03797187500356839, 0.0, 0.0, 0.0, 0.042423277751669035, 0.0023327020701375584, 0.024614014413296623, 0.0, 0.0019632204931080153, 0.08005767669786382, 0.0, 0.013650997982203159, 0.0, 0.0, 0.018449605114503005, 0.0, 0.008829094690166083, 0.008030766024666921, 0.0, 0.0014337030166231893, 0.0, 0.0, 0.0, 0.0, 0.008051032950403443, 6.805196645699397e-05, 0.0]}