{"labels": [0, 1, 2, 3, 4, 5, 6, 7, 8, 9, 10, 11, 12, 13, 14, 15, 16, 17, 18, 19, 20, 21, 22, 23, 24, 25, 26, 27, 28, 29, 30, 31, 32, 33, 34, 35, 36, 37, 38, 39], "data": [0.0, 0.0, 0.023651809192578827, 0.0, 0.0, 0.0, 0.0, 0.0, 0.0, 0.035375210752178914, 0.0, 0.0, 0.0653298548511532, 0.0, 0.0, 0.0, 0.0, 0.002702366136774974, 0.0, 0.0, 0.008605709542643412, 0.0, 0.0, 0.0, 0.045544093657656, 0.0, 0.06011742645559328, 0.0, 0.0, 0.0, 0.003506248692308964, 0.056607090198019315, 0.0, 0.0, 0.0, 0.0, 0.0, 0.006787474378106281, 0.0, 0.0]}