{"labels": [0, 1, 2, 3, 4, 5, 6, 7, 8, 9, 10, 11, 12, 13, 14, 15, 16, 17, 18, 19, 20, 21, 22, 23, 24, 25, 26, 27, 28, 29, 30, 31, 32, 33, 34, 35, 36, 37, 38, 39], "data": [0.0001282459523689728, 0.0, 0.001844540388861882, 0.0, 0.006981253324958443, 0.0, 0.0141549093452326, 0.0, 0.0008394795811511822, 0.0006460361553395415, 0.0, 0.00228371698942178, 0.0, 0.0, 0.0, 0.0, 0.0006285459353332627, 0.0018009684139383645, 0.0, 0.0, 0.0, 0.006105996302891465, 0.006490805869774918, 0.0, 0.0017948349325628808, 0.010889105023502463, 0.0030191350629152143, 0.0011046168267728356, 0.0, 0.0, 0.0, 0.003709966426959647, 0.0, 0.0017641153816434114, 0.010485225748805723, 0.002177500055677687, 0.0, 0.009593963407166419, 0.0, 0.007440261716340956]}