{"labels": [0, 1, 2, 3, 4, 5, 6, 7, 8, 9, 10, 11, 12, 13, 14, 15, 16, 17, 18, 19, 20, 21, 22, 23, 24, 25, 26, 27, 28, 29, 30, 31, 32, 33, 34, 35, 36, 37, 38, 39], "data": [0.002131596874757372, 0.02168113623364696, 0.024673025233327348, 0.006736885334385023, 0.0, 0.0038656987478916495, 0.0, 0.00879521818354479, 0.0, 0.0, 0.007189711993982405, 0.01857273901621127, 0.0005405217808412166, 0.03439270209041361, 0.02929116853458375, 0.02448669085901258, 0.005422826753407532, 0.03387501288415952, 0.02067749262463552, 0.026610233626716558, 0.0009129343533064933, 0.014166980716621109, 0.007741963489511106, 0.005240272849857474, 0.002843015009705098, 0.00840038993955298, 0.003560457969169307, 0.01816511698348096, 0.0, 0.0011648636687395042, 0.017702579420010432, 0.0, 0.0015208427146675165, 0.0022731554251994293, 0.0021952535930611777, 0.0, 0.008978173288149515, 0.029857321754490462, 0.005895795882829686, 0.0021855629094249484]}