{"labels": [0, 1, 2, 3, 4, 5, 6, 7, 8, 9, 10, 11, 12, 13, 14, 15, 16, 17, 18, 19, 20, 21, 22, 23, 24, 25, 26, 27, 28, 29, 30, 31, 32, 33, 34, 35, 36, 37, 38, 39], "data": [0.0, 0.0, 0.002448950916377498, 0.0, 0.07571401923125477, 0.004911732455115518, 0.004847159211521331, 0.007746152694670846, 0.0, 0.060246851970288826, 0.016257305681653324, 0.0, 0.013528489990426586, 0.04692279468155415, 0.0, 0.0, 0.03330892800067634, 0.0, 0.0, 0.0, 0.010328265451030768, 0.0, 0.007516606176727568, 0.0, 0.02911706180436436, 0.0, 0.0, 0.028964979392728435, 0.0, 0.0, 0.04060732294670453, 0.0, 0.0, 0.011407711298599849, 0.24332920518213386, 0.0033528314874838386, 0.0, 0.1135049378869218, 0.0, 0.002066991937003568]}