{"labels": [0, 1, 2, 3, 4, 5, 6, 7, 8, 9, 10, 11, 12, 13, 14, 15, 16, 17, 18, 19, 20, 21, 22, 23, 24, 25, 26, 27, 28, 29, 30, 31, 32, 33, 34, 35, 36, 37, 38, 39], "data": [0.0015507479895620518, 0.0, 0.0, 0.08313425824909693, 0.0, 0.0, 0.0, 0.0, 0.008107935593494207, 0.006647347126011495, 0.0, 0.004324000548458392, 0.0, 0.004770414378555759, 0.0, 0.0, 0.0007298254075278534, 0.0031612844577723854, 0.027502717765870748, 0.0009611286973604408, 0.0020156152941551496, 0.0, 0.0, 0.0, 0.0, 0.0, 0.0, 0.040774597761385104, 0.0, 0.013483367128302918, 0.0, 0.0, 0.0006457978698813544, 0.0, 0.0011881275525477554, 0.035505822378012517, 0.0, 0.01911089738915399, 0.0, 0.0038138199353542155]}