{"labels": [0, 1, 2, 3, 4, 5, 6, 7, 8, 9, 10, 11, 12, 13, 14, 15, 16, 17, 18, 19, 20, 21, 22, 23, 24, 25, 26, 27, 28, 29, 30, 31, 32, 33, 34, 35, 36, 37, 38, 39], "data": [0.009356365199918136, 0.0, 0.0, 0.0, 0.0, 0.01074646022586219, 0.0, 0.0, 0.0, 0.001215120888029628, 0.0, 0.0, 0.0, 0.0, 0.022021018115144033, 0.005504632309328669, 0.0, 0.008969682006289035, 0.0, 0.0, 0.0020992288596327546, 0.017886066698177796, 0.0, 0.0, 0.0008606249219060815, 0.013174386479744466, 0.003533036975955865, 0.024995977918047838, 3.669600551504277e-05, 0.0, 0.0004077480041332181, 0.0015354183109063389, 0.0, 0.04972546808743531, 0.013956872246851262, 0.04514920708715334, 0.0, 0.006334261942274473, 0.003080428379307752, 0.0011208673802672092]}