{"labels": [0, 1, 2, 3, 4, 5, 6, 7, 8, 9, 10, 11, 12, 13, 14, 15, 16, 17, 18, 19, 20, 21, 22, 23, 24, 25, 26, 27, 28, 29, 30, 31, 32, 33, 34, 35, 36, 37, 38, 39], "data": [0.0, 0.0, 0.0, 0.0, 0.0, 0.0, 0.013046855918686238, 0.0012508380774099363, 0.0, 0.0, 0.0, 0.0021289347765462647, 0.0, 0.0, 0.0, 0.00013905335719967816, 0.0, 0.0, 0.0, 0.0, 0.0, 0.006155944194173156, 0.0, 0.0, 0.0, 0.02631534062461242, 0.0, 0.0034179884870786004, 0.0024494995798818708, 0.0, 0.0, 0.0, 0.06387945906063079, 0.07152137578825142, 0.0016402134594298095, 0.0036798874753859643, 0.0, 0.0, 0.0, 0.0003093453870191636]}