{"labels": [0, 1, 2, 3, 4, 5, 6, 7, 8, 9, 10, 11, 12, 13, 14, 15, 16, 17, 18, 19, 20, 21, 22, 23, 24, 25, 26, 27, 28, 29, 30, 31, 32, 33, 34, 35, 36, 37, 38, 39], "data": [0.009902703197903, 0.01613966812485793, 0.013896149241902647, 0.008966374288576998, 0.02607734967248916, 0.037518503274440146, 0.017011812666627723, 0.0, 0.00483945776219841, 0.0, 0.011789012843209375, 0.003038650127599117, 0.005648216509934305, 0.0, 0.0015145293797404823, 0.0737191887980528, 0.0, 0.0, 0.05107808378538408, 0.0, 0.0, 0.0011988462817540788, 0.0011995496149549583, 0.0, 0.0, 0.01901407777732104, 0.0, 0.0, 0.0, 0.009712663307781828, 0.0, 0.0, 0.002625216634689306, 0.034828152582631604, 0.02812205172609341, 0.05145495108454766, 0.0, 0.0027915099712852807, 0.007377530338227607, 0.04395498589478408]}