{"labels": [0, 1, 2, 3, 4, 5, 6, 7, 8, 9, 10, 11, 12, 13, 14, 15, 16, 17, 18, 19, 20, 21, 22, 23, 24, 25, 26, 27, 28, 29, 30, 31, 32, 33, 34, 35, 36, 37, 38, 39], "data": [0.014834982763967513, 0.0, 0.003970613280096627, 0.009652200574901865, 0.0, 0.0, 0.02881314370958862, 0.0114154403299049, 0.0057740894389094995, 0.022446285458726428, 0.0013577004005807002, 0.002016294539038326, 0.008312387060003182, 0.05917418568895637, 0.017390516469956, 0.06399058263610136, 0.003155409760744132, 0.0, 0.0, 0.0, 0.0, 0.0, 0.0, 0.0008422052936136491, 0.01830531492515488, 0.002265994336004823, 0.0, 0.0, 0.0042415685882197145, 0.0, 0.0, 0.005522721364323548, 0.06527053532573826, 0.00609615783798691, 0.022474041971575636, 0.0005725208353586549, 0.0008752257240763422, 0.007660888834535462, 0.002877729891598047, 0.06625601795775185]}