{"labels": [0, 1, 2, 3, 4, 5, 6, 7, 8, 9, 10, 11, 12, 13, 14, 15, 16, 17, 18, 19, 20, 21, 22, 23, 24, 25, 26, 27, 28, 29, 30, 31, 32, 33, 34, 35, 36, 37, 38, 39], "data": [0.0015267433826670626, 0.0027555569706708767, 0.0, 0.0, 0.0, 0.12382980758524609, 0.01441556409554294, 0.014769191601634903, 0.0, 0.0, 0.0, 0.0, 0.0, 0.0, 0.001197952303110647, 0.0, 0.0, 0.0, 0.0, 0.0, 0.0, 0.0, 0.002690285464048818, 6.35937596661172e-05, 0.0006236402170944139, 0.0, 0.00021496309023419418, 0.0, 0.0, 0.0, 0.007140381377654675, 0.0015217516164115481, 0.0, 0.0, 0.0, 0.0, 0.0, 0.0, 0.0, 0.0]}