{"labels": [0, 1, 2, 3, 4, 5, 6, 7, 8, 9, 10, 11, 12, 13, 14, 15, 16, 17, 18, 19, 20, 21, 22, 23, 24, 25, 26, 27, 28, 29, 30, 31, 32, 33, 34, 35, 36, 37, 38, 39], "data": [0.0034989985678505657, 0.052580953270429436, 0.0, 0.0, 0.0, 0.0, 0.0, 0.0, 0.0, 0.0, 0.014172699000683547, 0.0, 0.010089379442574025, 0.0, 0.0, 0.020866064300960174, 0.0, 0.0, 0.0, 0.003147993799417658, 0.00011636683073568157, 9.102856632069002e-05, 0.0, 0.0, 0.0, 0.0, 0.0, 0.0, 0.0, 0.0, 0.0, 0.0, 0.0, 0.09376949734403424, 0.0, 0.02662325250112754, 0.0, 0.020897298632807846, 0.0, 0.0]}