{"labels": [0, 1, 2, 3, 4, 5, 6, 7, 8, 9, 10, 11, 12, 13, 14, 15, 16, 17, 18, 19, 20, 21, 22, 23, 24, 25, 26, 27, 28, 29, 30, 31, 32, 33, 34, 35, 36, 37, 38, 39], "data": [0.0029301144502971873, 0.007306550971685576, 0.0018728138877872529, 0.0, 0.02882875412791985, 0.0005833450267674248, 0.0, 0.0, 0.0, 0.0019047235536212514, 0.0, 0.0006255247605130415, 2.6957194657929193e-05, 0.0, 0.003689298235790794, 0.0, 0.0, 0.0, 0.007967009079669308, 0.0, 0.0, 0.0, 0.0, 0.0, 0.05100046779022741, 0.0, 0.002002513615071228, 0.03612381800385435, 0.0, 0.0, 0.0, 0.0014085679335332367, 0.0, 0.006589682547051607, 0.0, 0.0, 0.0, 0.05599536669704906, 0.0, 0.0034330756298765397]}