{"labels": [0, 1, 2, 3, 4, 5, 6, 7, 8, 9, 10, 11, 12, 13, 14, 15, 16, 17, 18, 19, 20, 21, 22, 23, 24, 25, 26, 27, 28, 29, 30, 31, 32, 33, 34, 35, 36, 37, 38, 39], "data": [0.0, 0.0, 0.0011926823803253062, 0.004527164683702331, 0.0, 0.0020497228930686055, 0.0, 0.00791452304629149, 0.009493691589695666, 0.02356207910739776, 0.010700693188422834, 0.00017619464164450873, 0.01145205748930486, 0.0017932770842642774, 0.0, 0.004386126399429445, 0.02687387490330058, 0.0, 0.0, 0.0, 0.0, 0.0005305189778909852, 0.00029970190731414394, 0.0005021587561187928, 0.0, 0.01310072813241971, 0.011834472590830201, 0.0, 0.0017144864855377466, 6.573336942857424e-05, 0.0, 0.004637324707277328, 0.0, 0.02228409561268971, 0.0, 0.0020004094415458805, 0.0, 0.023244934214355483, 0.007914860023094772, 0.003683262165377832]}