{"labels": [0, 1, 2, 3, 4, 5, 6, 7, 8, 9, 10, 11, 12, 13, 14, 15, 16, 17, 18, 19, 20, 21, 22, 23, 24, 25, 26, 27, 28, 29, 30, 31, 32, 33, 34, 35, 36, 37, 38, 39], "data": [0.006834993812743291, 0.0, 0.002663288929467771, 0.03412950315830279, 0.0, 0.0, 0.021875565996968726, 0.0, 0.002034728574331636, 0.003318582542346556, 0.0, 0.0, 0.010637817048203772, 0.02045022363845403, 0.0, 0.008660181856567358, 0.008204244773186192, 0.0053096581500445515, 0.0, 0.003666182316628608, 0.09269286654702649, 0.020359512391024327, 0.0254024552019756, 0.019347167957455776, 0.0, 0.0, 0.0, 0.004149198493889273, 0.0, 0.013707397413793317, 0.0034680012512154114, 0.0, 0.00020651994022946948, 0.043430257878912595, 0.00149981242938018, 0.0, 0.0011028050737953061, 0.0, 0.0, 0.028512457355544283]}