{"labels": [0, 1, 2, 3, 4, 5, 6, 7, 8, 9, 10, 11, 12, 13, 14, 15, 16, 17, 18, 19, 20, 21, 22, 23, 24, 25, 26, 27, 28, 29, 30, 31, 32, 33, 34, 35, 36, 37, 38, 39], "data": [0.0073042107136415775, 0.01688264078483062, 0.018552970806693922, 0.008798434944454881, 0.0378703341362439, 0.032152777726122475, 0.01757275058704694, 0.0, 0.0, 0.013516781018021123, 0.0, 0.0, 0.0, 0.0, 0.0, 0.0, 0.0005529947668462479, 0.0, 0.0, 0.0, 0.010861437515643651, 0.023256191119883366, 0.023548740719318357, 0.07685887849643766, 0.0, 0.006860801235791904, 0.0, 0.016151011695074293, 0.008446325013758044, 0.0, 0.009577162084615697, 0.0, 0.03939217252048697, 0.025926322997488687, 0.0008708759731427777, 0.0, 0.0, 0.0, 0.0, 0.0]}