{"labels": [0, 1, 2, 3, 4, 5, 6, 7, 8, 9, 10, 11, 12, 13, 14, 15, 16, 17, 18, 19, 20, 21, 22, 23, 24, 25, 26, 27, 28, 29, 30, 31, 32, 33, 34, 35, 36, 37, 38, 39], "data": [0.0, 0.04805553534012661, 0.03516069137532608, 0.012051909097876378, 0.0, 0.0, 0.0, 0.0, 0.0, 0.031877673772290345, 0.0, 0.004923463504971671, 0.03799970688698461, 0.0, 0.01440389892686804, 0.0, 0.009188042524667876, 0.0, 0.0, 0.0, 0.0, 0.0, 0.0, 0.014768070200562429, 0.009312272473088195, 0.0, 0.0, 0.0, 0.00045991914162100663, 0.0, 0.0, 0.014035582047856387, 0.0, 0.0, 0.4105967438510868, 0.0, 0.019767713380208926, 0.21816629168776078, 0.0, 0.0]}