{"labels": [0, 1, 2, 3, 4, 5, 6, 7, 8, 9, 10, 11, 12, 13, 14, 15, 16, 17, 18, 19, 20, 21, 22, 23, 24, 25, 26, 27, 28, 29, 30, 31, 32, 33, 34, 35, 36, 37, 38, 39], "data": [0.14971361427604024, 0.0, 0.0, 0.0014815455536381396, 0.0, 0.0, 0.0, 0.0, 0.003972504534629359, 0.0, 0.0, 0.011424384437511153, 0.0, 0.0, 0.0, 0.0, 0.042854530476769175, 0.0, 0.0, 0.0, 0.0, 0.0, 0.0, 0.0, 0.0, 0.00615745221079979, 0.0, 0.0, 0.0, 0.0, 0.0, 0.0, 0.03523263371023881, 0.0, 0.0, 0.0, 0.9734379530315209, 0.0, 0.0, 0.0]}