{"labels": [0, 1, 2, 3, 4, 5, 6, 7, 8, 9, 10, 11, 12, 13, 14, 15, 16, 17, 18, 19, 20, 21, 22, 23, 24, 25, 26, 27, 28, 29, 30, 31, 32, 33, 34, 35, 36, 37, 38, 39], "data": [0.0, 0.0, 0.0, 0.002868709191635419, 0.0, 0.0, 0.02312601844005259, 0.027623200310930098, 0.01611508357489854, 0.0, 0.0, 0.0, 0.0, 0.0, 0.0, 0.012568432338283725, 0.0, 0.0, 0.0, 0.0, 0.019212276819090143, 0.0, 0.0, 0.0, 0.0, 0.06038220345466043, 0.0, 0.0, 0.0, 0.0, 0.0, 0.0, 0.0, 0.0, 0.001531135764133525, 0.11865147971756956, 0.0, 0.19460781478733002, 0.0, 0.0]}