{"labels": [0, 1, 2, 3, 4, 5, 6, 7, 8, 9, 10, 11, 12, 13, 14, 15, 16, 17, 18, 19, 20, 21, 22, 23, 24, 25, 26, 27, 28, 29, 30, 31, 32, 33, 34, 35, 36, 37, 38, 39], "data": [0.0, 0.0, 0.0, 0.018470330105048786, 0.0, 0.0, 0.0, 0.0, 0.002298133412323712, 0.03160280302146288, 0.0, 0.024001574143589752, 0.0036567665334115863, 0.0, 0.009368514355035712, 0.0, 0.027890310525143305, 0.09700571229009594, 0.0, 0.0, 0.0, 0.1281723823854864, 0.0, 0.0, 0.0, 0.008668103222102876, 0.0, 0.04302828637199602, 0.0, 0.0, 0.0, 0.057327326346229265, 0.0, 0.0, 0.0031478340051431988, 0.0, 0.0, 0.041600379637018584, 0.04680546675390794, 0.0]}