{"labels": [0, 1, 2, 3, 4, 5, 6, 7, 8, 9, 10, 11, 12, 13, 14, 15, 16, 17, 18, 19, 20, 21, 22, 23, 24, 25, 26, 27, 28, 29, 30, 31, 32, 33, 34, 35, 36, 37, 38, 39], "data": [0.008849353133264272, 0.002252226105254805, 0.03721122548989547, 0.00751816126176083, 0.005393898472834108, 0.07060667867624106, 0.0, 0.0018173026890685763, 0.0, 0.011921940502991434, 0.010643538595397408, 0.0003136475862646191, 0.0, 0.003135270065258877, 0.010601082008915385, 0.0, 0.010264966825976964, 0.0, 0.021964961082329294, 0.0, 0.0, 0.0004200353773603171, 0.0038670551890718162, 0.0, 0.0, 0.0, 0.002883747192215156, 0.026432790144090196, 0.0, 0.005895632334255025, 0.0038016216591547788, 0.00210331169375417, 0.005793681877489552, 0.0067597239020588595, 0.01448079494181908, 0.006860670928368851, 0.011730851810850552, 0.0, 0.0049779097066920686, 0.03289307190368179]}