{"labels": [0, 1, 2, 3, 4, 5, 6, 7, 8, 9, 10, 11, 12, 13, 14, 15, 16, 17, 18, 19, 20, 21, 22, 23, 24, 25, 26, 27, 28, 29, 30, 31, 32, 33, 34, 35, 36, 37, 38, 39], "data": [0.0, 0.0, 0.010098394755365283, 0.050047430761293005, 0.011785593096387112, 0.0, 0.0, 0.0016954242153743703, 0.0, 0.002356123750337186, 0.0, 0.0, 0.0, 0.0, 0.0, 0.0, 0.0, 0.00025552141065630603, 0.0006931468274451971, 0.0, 0.006841254642090155, 0.0, 0.0, 0.0, 0.09514437597881661, 0.005581373632406241, 0.025582359796976872, 0.0, 0.0008456984181815627, 0.0844626087878383, 0.0, 0.052785095557011406, 0.0, 0.0, 0.0006067253892672293, 0.004434693973284056, 0.018842159901154037, 0.023618328384168594, 0.017470692575028778, 0.0]}