{"labels": [0, 1, 2, 3, 4, 5, 6, 7, 8, 9, 10, 11, 12, 13, 14, 15, 16, 17, 18, 19, 20, 21, 22, 23, 24, 25, 26, 27, 28, 29, 30, 31, 32, 33, 34, 35, 36, 37, 38, 39], "data": [0.0001337307098748275, 0.0, 0.003922525857544035, 0.0, 0.002417399834903361, 0.0, 0.015121570248140695, 0.010596411855558287, 0.010082752327990186, 0.0023310023049263866, 0.01012203662909673, 0.0, 0.018034234381372943, 0.0, 0.0, 0.0, 0.0, 0.0, 0.002047117178343305, 0.002731995496769939, 0.00024280024889068412, 0.0035409395832949214, 0.007862301916588255, 0.0, 0.0, 0.0, 0.0019406699171088879, 0.0011919151683458934, 0.003890161939071338, 0.0, 0.0, 0.0, 0.0014356891797823045, 0.003628549564210993, 0.003399073411014047, 0.002338664082897599, 0.01080185564662071, 0.027072369687652455, 0.0, 0.001575775215029414]}