{"labels": [0, 1, 2, 3, 4, 5, 6, 7, 8, 9, 10, 11, 12, 13, 14, 15, 16, 17, 18, 19, 20, 21, 22, 23, 24, 25, 26, 27, 28, 29, 30, 31, 32, 33, 34, 35, 36, 37, 38, 39], "data": [0.0, 0.0, 0.023631562952771124, 0.0, 0.0, 0.0, 0.060396700107931134, 0.03551398995853702, 0.0, 0.0, 0.004519002257741731, 0.0, 0.0, 0.0, 0.0, 0.0, 0.0, 0.005605582697490998, 0.005150038164969331, 0.00016327690173262508, 0.0, 0.004654824610638032, 0.0, 0.0, 0.017396587382011844, 0.0, 0.0, 0.0, 0.0, 0.0, 0.022465666468122075, 0.0, 0.0, 0.0, 0.0, 0.001865011129688924, 0.0, 0.04069130168508824, 0.0, 0.0]}