{"labels": [0, 1, 2, 3, 4, 5, 6, 7, 8, 9, 10, 11, 12, 13, 14, 15, 16, 17, 18, 19, 20, 21, 22, 23, 24, 25, 26, 27, 28, 29, 30, 31, 32, 33, 34, 35, 36, 37, 38, 39], "data": [0.0, 0.003479316821569214, 0.0013199557812262825, 0.0, 0.009755793757274707, 0.0, 0.0074668372330055745, 0.0, 0.0, 0.009049976972948579, 0.0, 0.0, 0.0, 0.0, 0.004424356474252979, 0.0, 0.0014842981827571432, 0.02588331694176556, 0.0, 0.0, 0.03156744962168789, 0.0, 0.0, 0.0, 0.0005868694259602942, 0.009678641186499163, 0.0, 0.031995765699274, 0.0, 0.0, 0.026641883154145958, 0.0, 0.0020151235278694445, 0.0, 0.0, 0.049602120522353244, 0.0, 0.0, 0.004282003244140626, 0.0]}