{"labels": [0, 1, 2, 3, 4, 5, 6, 7, 8, 9, 10, 11, 12, 13, 14, 15, 16, 17, 18, 19, 20, 21, 22, 23, 24, 25, 26, 27, 28, 29, 30, 31, 32, 33, 34, 35, 36, 37, 38, 39], "data": [0.0, 0.0, 0.015680876926672933, 0.019385036773386717, 0.012471130409431272, 0.007813633811212065, 0.0, 0.0, 0.0, 0.0, 0.0026057185721203224, 0.0, 0.0, 0.04063435488107967, 0.0, 0.0, 0.0, 0.0, 0.013132045129327181, 0.0, 0.0, 0.0, 0.0, 0.0, 0.0, 0.004622168829764763, 0.07590346336181206, 0.0, 0.0, 0.0, 0.03339722806631981, 0.08322712307404423, 0.0, 0.0, 0.0037154234914289386, 0.0, 0.0, 0.03593374002665139, 0.010952842530731876, 0.00048547649259928703]}