{"labels": [0, 1, 2, 3, 4, 5, 6, 7, 8, 9, 10, 11, 12, 13, 14, 15, 16, 17, 18, 19, 20, 21, 22, 23, 24, 25, 26, 27, 28, 29, 30, 31, 32, 33, 34, 35, 36, 37, 38, 39], "data": [0.0, 0.0, 0.03287975213804439, 0.0, 0.0, 0.0, 0.0, 0.0, 0.0, 0.0025583699141664023, 0.0, 0.0, 0.0, 0.0, 0.0, 0.0, 0.0, 0.0, 0.0, 0.0, 0.0, 0.0, 0.0, 0.01474568757051206, 0.0, 0.0, 0.0, 0.0009577989105073409, 0.0, 0.0, 0.01615732195460208, 0.0, 0.0, 0.05006638618941478, 0.0, 0.0, 0.0, 0.0, 0.0, 0.0]}