{"labels": [0, 1, 2, 3, 4, 5, 6, 7, 8, 9, 10, 11, 12, 13, 14, 15, 16, 17, 18, 19, 20, 21, 22, 23, 24, 25, 26, 27, 28, 29, 30, 31, 32, 33, 34, 35, 36, 37, 38, 39], "data": [0.0, 0.0, 0.004442430649961598, 0.0, 0.00143839725524208, 0.1321444613609189, 0.01486384788370386, 0.0, 0.0, 0.01979209456785267, 0.002563277903464649, 0.056230731816271515, 0.0, 0.0, 0.0, 0.0, 0.005841550253887034, 0.0, 0.0, 0.0, 0.004238041613073507, 0.0, 0.0020653166022324755, 0.0, 0.005844545427886343, 0.0, 0.0, 0.0, 0.002316661440588272, 0.0, 0.0, 0.0, 0.0, 0.0, 0.015227601594099064, 0.0, 0.0, 0.0005898965970507191, 0.0, 0.0]}