{"labels": [0, 1, 2, 3, 4, 5, 6, 7, 8, 9, 10, 11, 12, 13, 14, 15, 16, 17, 18, 19, 20, 21, 22, 23, 24, 25, 26, 27, 28, 29, 30, 31, 32, 33, 34, 35, 36, 37, 38, 39], "data": [0.0, 0.0, 0.0012460387614199352, 0.0, 0.0, 0.0, 0.0, 0.001379649644567918, 0.0, 0.0032346455474851414, 0.0, 0.0, 0.0, 0.0, 0.0, 0.0, 0.0007339538603371422, 0.0, 0.0, 0.0, 0.0, 0.04959207245122166, 0.0, 0.0, 0.0, 0.0, 0.0, 0.0, 0.0, 0.0, 0.0, 0.000319990544553516, 0.06383139262106897, 0.030032845628931958, 0.023935217516548063, 0.0, 0.0, 0.0, 0.0, 0.0658238970158635]}