{"labels": [0, 1, 2, 3, 4, 5, 6, 7, 8, 9, 10, 11, 12, 13, 14, 15, 16, 17, 18, 19, 20, 21, 22, 23, 24, 25, 26, 27, 28, 29, 30, 31, 32, 33, 34, 35, 36, 37, 38, 39], "data": [0.0, 0.0, 0.0, 0.0, 0.00708097716718873, 0.0, 0.00880345806097558, 0.002174793333652012, 0.0, 0.0, 0.0, 0.0, 0.0, 0.0, 0.0, 0.0029648147737356273, 0.0, 0.0, 0.0, 0.0, 0.0, 0.0, 0.0, 0.0, 0.0, 0.0038078531398023975, 0.0, 0.0, 0.0, 0.0004970744336674802, 0.0, 0.0, 0.0, 0.0, 0.001260381494952864, 0.010484051212230137, 0.0, 0.004727737999794815, 0.0, 0.0]}