{"labels": [0, 1, 2, 3, 4, 5, 6, 7, 8, 9, 10, 11, 12, 13, 14, 15, 16, 17, 18, 19, 20, 21, 22, 23, 24, 25, 26, 27, 28, 29, 30, 31, 32, 33, 34, 35, 36, 37, 38, 39], "data": [0.0003822897635191117, 0.0, 0.0, 0.0, 0.0, 0.0, 0.006374005028775781, 0.0, 0.006122115572599458, 0.0, 0.0, 0.0, 0.06411179941611793, 0.007697196373807188, 0.0, 0.003604803941001491, 0.0025388120371501906, 0.0, 0.0, 0.00035960949767226445, 0.008680672573738576, 0.0, 0.0006300992823668314, 0.0, 0.0, 0.0, 0.0, 0.04273195413686029, 0.0, 0.0, 0.0, 0.004450307613512465, 0.0006411670894971152, 0.0, 0.0, 0.0014389245478878497, 0.0, 0.0, 0.0, 0.0]}