{"labels": [0, 1, 2, 3, 4, 5, 6, 7, 8, 9, 10, 11, 12, 13, 14, 15, 16, 17, 18, 19, 20, 21, 22, 23, 24, 25, 26, 27, 28, 29, 30, 31, 32, 33, 34, 35, 36, 37, 38, 39], "data": [0.0, 0.0, 0.037388693365556204, 0.0, 0.021701167954599726, 0.0005158909370190877, 0.0, 0.0, 0.0, 0.0, 0.006165227846504208, 0.0, 0.03250919292989801, 0.0, 0.029063009929982668, 0.0, 0.0, 0.006954431954594743, 0.0, 0.0, 0.0, 0.0, 0.0022347359955074064, 0.0, 0.004427570368659368, 0.0, 0.0, 0.0, 0.0, 0.0, 0.0010446071517804328, 0.0, 0.0, 0.09541170259485737, 0.0, 0.0, 0.0, 0.0, 0.0, 0.0]}