{"labels": [0, 1, 2, 3, 4, 5, 6, 7, 8, 9, 10, 11, 12, 13, 14, 15, 16, 17, 18, 19, 20, 21, 22, 23, 24, 25, 26, 27, 28, 29, 30, 31, 32, 33, 34, 35, 36, 37, 38, 39], "data": [0.0, 0.0, 0.0007833990256134863, 0.0, 0.014306814744172332, 0.0, 0.004946238114619269, 0.020401272977220775, 0.0, 0.007643764642663414, 0.02323823463475091, 0.0, 0.017954096298669845, 0.0, 0.0, 0.01816123182600368, 0.0, 0.02284977754822645, 0.0, 0.00037863366505352166, 0.0, 0.02628825953500905, 0.027616726901969427, 0.06871100473256692, 0.0, 0.0, 0.002083705924855111, 0.028905255047042888, 0.016416338760036068, 0.0, 0.0028457397495988035, 0.0, 0.0, 0.027703930937823168, 0.0, 0.0034858093987838045, 0.0, 0.011529325821276219, 0.0, 0.00057932520188694]}