{"labels": [0, 1, 2, 3, 4, 5, 6, 7, 8, 9, 10, 11, 12, 13, 14, 15, 16, 17, 18, 19, 20, 21, 22, 23, 24, 25, 26, 27, 28, 29, 30, 31, 32, 33, 34, 35, 36, 37, 38, 39], "data": [0.0, 0.0019841458938412698, 0.01629503011856037, 0.054557307079535475, 0.014697304587511109, 0.0, 0.0, 0.0011491985044977942, 0.0, 0.0, 0.0012345551358736854, 0.0, 0.0, 0.0, 0.0, 0.0, 0.0, 0.00032944621693730157, 0.00020750716855244243, 0.0006705973766504379, 0.0, 0.05049894204869457, 0.0, 0.039792385407486364, 0.01469846828809381, 0.021889399056456937, 0.004948967531253601, 0.0, 0.0, 0.0, 0.0, 0.0, 0.0007302007918837905, 0.0, 0.021276717718204614, 0.00020380833586235562, 0.0, 0.027740007774829732, 0.0, 0.0]}