{"labels": [0, 1, 2, 3, 4, 5, 6, 7, 8, 9, 10, 11, 12, 13, 14, 15, 16, 17, 18, 19, 20, 21, 22, 23, 24, 25, 26, 27, 28, 29, 30, 31, 32, 33, 34, 35, 36, 37, 38, 39], "data": [0.027395043246348862, 0.0, 0.0, 0.0, 0.0, 0.0, 0.0, 0.0, 0.0028233576146978567, 0.0, 0.0, 0.0, 0.0, 0.0, 0.0, 0.0, 0.0, 0.0, 0.0, 0.0, 0.0, 0.005247449016275003, 0.0, 0.0, 0.0, 0.06197396475062772, 0.0, 0.0, 0.0, 0.0016212817812299627, 0.0, 0.0, 0.0, 0.013050492353832823, 0.09111575633916678, 0.011674119048106169, 0.0, 0.0, 0.007786058744833836, 0.0]}