{"labels": [0, 1, 2, 3, 4, 5, 6, 7, 8, 9, 10, 11, 12, 13, 14, 15, 16, 17, 18, 19, 20, 21, 22, 23, 24, 25, 26, 27, 28, 29, 30, 31, 32, 33, 34, 35, 36, 37, 38, 39], "data": [0.0, 0.0, 0.0, 0.013120661798302208, 0.026507492384682012, 0.0, 0.0, 0.005642697275679368, 0.0, 0.0, 0.0, 0.00020400281641728168, 0.07898298657073274, 0.0, 0.0, 0.0, 0.0, 0.0, 0.0, 0.0, 0.0, 0.0, 0.0, 0.0, 0.0007369508487475722, 0.0, 0.0, 0.0, 0.0, 0.0, 0.0, 0.0, 0.0, 0.003059890918603411, 0.019753217549947674, 0.07119412361509331, 0.0, 0.05057605848132769, 6.564850698408081e-05, 0.0]}