{"labels": [0, 1, 2, 3, 4, 5, 6, 7, 8, 9, 10, 11, 12, 13, 14, 15, 16, 17, 18, 19, 20, 21, 22, 23, 24, 25, 26, 27, 28, 29, 30, 31, 32, 33, 34, 35, 36, 37, 38, 39], "data": [0.0, 0.005748604894900153, 0.01003628732749769, 0.019921136131604823, 0.006920146148114071, 0.07537042543096213, 0.0005542561637724989, 0.0012415195140659285, 0.0, 0.03742708307922976, 0.0, 0.02654207177415171, 0.0, 0.0014833676235729914, 0.0, 0.0, 0.008455989333922796, 0.0, 0.0, 0.0, 0.02049646153782689, 0.0, 0.0, 0.0, 0.0, 0.001985277838209445, 0.0, 0.0035943967765211583, 0.0008102423635085812, 0.0, 0.019057042368726025, 0.04418736393111187, 0.0, 0.005797950532388046, 0.031072045691094754, 0.0, 0.0, 0.03805100582292824, 0.0004834593640727788, 0.0014918414655010327]}