{"labels": [0, 1, 2, 3, 4, 5, 6, 7, 8, 9, 10, 11, 12, 13, 14, 15, 16, 17, 18, 19, 20, 21, 22, 23, 24, 25, 26, 27, 28, 29, 30, 31, 32, 33, 34, 35, 36, 37, 38, 39], "data": [0.0056130353411804985, 0.029040902024653332, 0.0, 0.0, 0.0, 0.0, 0.0, 0.0, 0.0, 0.0, 0.0, 0.003986866615171329, 0.0, 0.0, 0.12025349484543488, 0.0003792932260342969, 0.0, 0.03125682461525795, 0.0, 0.0, 0.0, 0.0, 0.014000425057467769, 0.0, 0.005489468769634746, 0.0, 0.007125087804420995, 0.016509237119208948, 0.0011628425264475282, 0.0, 0.035801820305594645, 0.0, 0.0, 0.0, 0.0, 0.02314470266103481, 0.05689571650277159, 0.0, 0.015896262280282528, 0.0042451926923759015]}