{"labels": [0, 1, 2, 3, 4, 5, 6, 7, 8, 9, 10, 11, 12, 13, 14, 15, 16, 17, 18, 19, 20, 21, 22, 23, 24, 25, 26, 27, 28, 29, 30, 31, 32, 33, 34, 35, 36, 37, 38, 39], "data": [0.001764733233591313, 0.0, 0.0020242298820775054, 0.03738584751351369, 0.009194885351374362, 0.0, 0.0, 0.0, 0.0, 0.0, 0.0, 0.0, 0.008747825800223302, 0.0, 0.0, 0.0, 0.0, 0.0, 0.0, 0.0, 0.0, 0.0, 0.0, 0.0035354021968394362, 0.0, 0.0, 0.0, 0.0007498032973452993, 0.010424120775469545, 0.0, 0.0, 0.0057380023250482365, 0.0, 0.017836609618131546, 0.026993471185625537, 0.0, 0.0, 0.0, 0.0, 0.0]}