{"labels": [0, 1, 2, 3, 4, 5, 6, 7, 8, 9, 10, 11, 12, 13, 14, 15, 16, 17, 18, 19, 20, 21, 22, 23, 24, 25, 26, 27, 28, 29, 30, 31, 32, 33, 34, 35, 36, 37, 38, 39], "data": [0.0, 0.0, 0.003911193860967414, 0.0, 0.0, 0.0009791123903095866, 7.809094378985388e-05, 0.018827671054892806, 0.0017451094516031742, 0.014241857284549627, 0.007073563198154432, 0.001174860274266588, 0.02741266655559008, 0.00611917443700158, 0.0, 0.0010929431190648462, 0.01194509169819849, 0.008548559552916647, 0.0, 0.0, 0.0, 0.0, 0.0017216694052019138, 0.0, 0.0009065130118855116, 0.0, 0.0016502365403846444, 0.00681069927676794, 0.0, 0.0, 0.0, 0.0006221385232465169, 0.0017213969944140926, 0.0, 0.0, 0.0, 0.0, 0.0, 0.0, 0.0005629865905419173]}