{"labels": [0, 1, 2, 3, 4, 5, 6, 7, 8, 9, 10, 11, 12, 13, 14, 15, 16, 17, 18, 19, 20, 21, 22, 23, 24, 25, 26, 27, 28, 29, 30, 31, 32, 33, 34, 35, 36, 37, 38, 39], "data": [0.009067978521260981, 0.0, 0.014073864700812677, 0.0, 0.015005043204747588, 0.004198443080997443, 0.0017106776606721384, 0.0, 0.0, 0.023954768725396595, 0.003989842523751364, 0.0, 0.01872093401183022, 0.020200222848331822, 0.0027562337951794478, 0.0, 0.0, 0.06285762844047166, 0.024606221007122227, 0.021242251090319388, 0.008099852698578597, 0.0, 0.025557107362832197, 0.005697093442046098, 0.0, 0.0, 0.06546418783385888, 0.0, 0.0, 0.02427854432610194, 0.0023625649439199237, 0.01954561409196114, 0.005015577385251944, 0.0, 0.019874287407641647, 0.0, 0.0036361794039816496, 0.0, 0.0, 0.0]}