{"labels": [0, 1, 2, 3, 4, 5, 6, 7, 8, 9, 10, 11, 12, 13, 14, 15, 16, 17, 18, 19, 20, 21, 22, 23, 24, 25, 26, 27, 28, 29, 30, 31, 32, 33, 34, 35, 36, 37, 38, 39], "data": [0.0, 0.0, 0.0, 0.0, 0.0, 0.0, 0.012327139761927553, 0.0, 0.000640139556189199, 0.0, 0.0, 0.04285135589226972, 0.0, 0.00032593998531112194, 0.0, 0.0, 0.0030098062307405216, 0.006015919223882302, 0.018926865324239366, 0.0, 0.0, 0.0, 0.0, 0.0, 0.02061378885702551, 0.016249060281128155, 0.0, 0.0, 0.0, 0.0, 0.0, 0.0, 0.02886426374091373, 0.10359679327752398, 0.023750558450689685, 0.016218654523229875, 0.0, 0.0060339391372721705, 0.0, 0.0]}