{"labels": [0, 1, 2, 3, 4, 5, 6, 7, 8, 9, 10, 11, 12, 13, 14, 15, 16, 17, 18, 19, 20, 21, 22, 23, 24, 25, 26, 27, 28, 29, 30, 31, 32, 33, 34, 35, 36, 37, 38, 39], "data": [0.0, 0.0, 0.0, 0.0, 0.0, 0.014729433148548509, 0.007450539433761464, 0.005696366613483927, 0.0, 0.0, 0.0855656846549927, 0.0, 0.0, 0.0, 0.0, 0.0, 0.0, 0.0, 0.0, 0.05702362331977542, 0.0, 0.0, 0.0004839316793474487, 0.0, 0.005577520411990905, 0.0, 0.0, 0.0, 0.0, 0.0, 0.0, 0.0, 0.0, 0.0, 0.004474580284472939, 0.0, 0.001281161511609008, 0.009215858474156392, 0.003514543344981158, 0.0]}