{"labels": [0, 1, 2, 3, 4, 5, 6, 7, 8, 9, 10, 11, 12, 13, 14, 15, 16, 17, 18, 19, 20, 21, 22, 23, 24, 25, 26, 27, 28, 29, 30, 31, 32, 33, 34, 35, 36, 37, 38, 39], "data": [0.0, 0.0, 0.016730357573243065, 0.037054256701585894, 0.01582860839231813, 0.0, 0.001026005974867699, 0.0, 0.007617860920112863, 0.0, 0.0, 0.0016279238223660792, 0.0, 0.0, 0.0, 0.008864121762792167, 0.0, 0.009193451583762636, 0.020908432439193672, 0.0, 0.0, 4.609514635370486e-06, 0.0, 0.0, 0.0034735700141902428, 0.006053689330334853, 0.03934383957873878, 0.0, 0.07982110571361263, 0.0, 0.0, 0.00020394725266468613, 0.0, 0.0, 0.01197358551105735, 0.0, 0.0, 0.02973615477348155, 0.0, 0.0]}