{"labels": [0, 1, 2, 3, 4, 5, 6, 7, 8, 9, 10, 11, 12, 13, 14, 15, 16, 17, 18, 19, 20, 21, 22, 23, 24, 25, 26, 27, 28, 29, 30, 31, 32, 33, 34, 35, 36, 37, 38, 39], "data": [0.0, 0.0003066421018620326, 0.0013504991235993153, 0.022727967554034556, 0.0, 0.0, 0.003494181706459039, 0.0, 0.0, 0.0, 0.0005623038118479162, 0.0, 0.0, 0.004549979617320498, 0.0, 0.01837722023405179, 0.052597176614453435, 0.03667923057050831, 0.0, 0.002397188359493, 0.0, 0.0006344411538578028, 0.0, 0.013199202769662828, 0.005147685567038553, 0.03476230902720884, 0.0, 0.0009075368421661056, 0.0, 0.0, 0.0005233053594358057, 0.0, 0.0, 0.008738524222897696, 0.010939761255453402, 0.0, 0.0, 0.028073654997523415, 0.0, 0.0]}