{"labels": [0, 1, 2, 3, 4, 5, 6, 7, 8, 9, 10, 11, 12, 13, 14, 15, 16, 17, 18, 19, 20, 21, 22, 23, 24, 25, 26, 27, 28, 29, 30, 31, 32, 33, 34, 35, 36, 37, 38, 39], "data": [0.017704253246483004, 0.0, 0.0, 0.0, 0.0, 0.0, 0.0, 0.0, 0.0018644868052454298, 0.0, 0.0, 0.005891567380761306, 0.0, 0.010750675982632876, 0.0, 0.0, 0.0, 0.0, 0.0026159579441875787, 0.0, 0.0, 0.06897848846163103, 0.0, 0.0036028054742824676, 0.0, 0.015348854652742319, 0.0015091447605137455, 0.0, 0.0, 0.004445774017337858, 0.0632638523840721, 0.0, 0.0, 0.0, 0.0, 0.0, 0.0, 0.0, 0.0, 0.0026367943518850584]}