{"labels": [0, 1, 2, 3, 4, 5, 6, 7, 8, 9, 10, 11, 12, 13, 14, 15, 16, 17, 18, 19, 20, 21, 22, 23, 24, 25, 26, 27, 28, 29, 30, 31, 32, 33, 34, 35, 36, 37, 38, 39], "data": [0.0019804633466672895, 0.0008638703309465308, 0.0, 0.0, 0.005289383106662796, 0.0, 0.0, 0.020899192700415754, 0.0, 0.0, 0.0, 0.0, 0.0, 0.0832555702286845, 0.0, 0.0, 0.0, 0.0, 0.0, 0.03544387211056078, 0.0, 0.0, 0.0, 0.0014469126722802621, 0.0, 0.0, 0.0, 0.0, 0.0, 0.0, 0.0, 0.0, 0.000100781078856343, 0.0, 0.0, 0.0, 0.0, 0.03375976323782548, 0.0, 0.0]}