{"labels": [0, 1, 2, 3, 4, 5, 6, 7, 8, 9, 10, 11, 12, 13, 14, 15, 16, 17, 18, 19, 20, 21, 22, 23, 24, 25, 26, 27, 28, 29, 30, 31, 32, 33, 34, 35, 36, 37, 38, 39], "data": [0.0, 0.001991008460750371, 0.02774544182380181, 0.0, 0.001418483282455921, 0.0, 0.01071399437562337, 0.009162802127043243, 0.0042755508143268285, 0.0, 0.07168713526819655, 0.0, 0.0, 0.0, 0.0, 0.0035386329687994477, 0.0006589761231824663, 0.0, 0.0, 0.0007552580882082458, 0.0, 0.0, 0.0, 0.004025858133025393, 0.0061411911913264484, 3.1705293110050116e-05, 0.0, 0.0, 0.0, 0.01140581378304966, 0.0, 0.0, 0.0006908397120552637, 0.009921627809094561, 0.01616215415368737, 0.00587389742028627, 0.024558949859466075, 0.0, 0.0002820816480974534, 0.0]}