{"labels": [0, 1, 2, 3, 4, 5, 6, 7, 8, 9, 10, 11, 12, 13, 14, 15, 16, 17, 18, 19, 20, 21, 22, 23, 24, 25, 26, 27, 28, 29, 30, 31, 32, 33, 34, 35, 36, 37, 38, 39], "data": [6.177624195535313e-05, 0.0009068273499537875, 0.0005050521410014131, 0.024991293449297108, 0.031409092829600305, 0.0, 0.003870603569292923, 0.024287502995962593, 0.0, 0.0, 0.0, 0.0, 0.0, 0.0, 0.0, 0.0038298777634331884, 0.0210806271559527, 0.0, 0.0, 0.0, 0.002811668921700095, 5.6070251693466027e-05, 0.0003163218116756148, 0.0, 0.0, 0.0, 0.0033689631447818614, 0.004003323918703943, 0.0, 0.003579136782533935, 0.0, 0.005413587327329378, 0.0, 0.0, 0.0, 0.07159696723442574, 0.0, 0.02802735309445925, 0.008054644772899895, 0.0]}