{"labels": [0, 1, 2, 3, 4, 5, 6, 7, 8, 9, 10, 11, 12, 13, 14, 15, 16, 17, 18, 19, 20, 21, 22, 23, 24, 25, 26, 27, 28, 29, 30, 31, 32, 33, 34, 35, 36, 37, 38, 39], "data": [0.004272324855330181, 0.0, 0.020569352808467178, 0.0, 0.01255656581765045, 0.12183609039843706, 0.004844732601042244, 0.0, 0.0, 0.0, 0.0, 0.0, 0.0040572437948141575, 0.0, 0.0, 0.0, 0.0, 0.0, 0.0, 0.0, 0.0, 0.0, 0.00037230186864049575, 0.0, 0.0, 0.008553519871675784, 0.0, 0.0009088516054684339, 0.0021209754187659167, 0.0, 0.0, 0.0, 0.0, 0.0041630131965814925, 0.0, 0.0, 0.018299622646732936, 0.0, 0.0, 0.07489670692813266]}