{"labels": [0, 1, 2, 3, 4, 5, 6, 7, 8, 9, 10, 11, 12, 13, 14, 15, 16, 17, 18, 19, 20, 21, 22, 23, 24, 25, 26, 27, 28, 29, 30, 31, 32, 33, 34, 35, 36, 37, 38, 39], "data": [0.0006917595955252266, 0.0, 0.0, 0.017310540585891186, 0.011363019629410194, 0.002231302226022543, 0.005881617175420238, 0.07234877156250702, 0.0, 0.0035462673600547964, 0.02232902154000757, 0.0, 0.0036313278544674466, 0.007746152832457479, 0.0, 0.016871996877646716, 0.015704557527865443, 0.05433034142151349, 0.0, 0.005124981544893978, 0.0, 0.02098003236868973, 2.201246887627781e-05, 0.0, 0.0, 0.0007482325773547654, 0.00013815551818803493, 0.021109025662016678, 0.0, 0.0, 0.0, 0.0, 7.264163414425792e-05, 0.0, 0.01105262187960521, 0.0, 0.0, 0.0011844294614021833, 0.024652682265377306, 0.0]}