{"labels": [0, 1, 2, 3, 4, 5, 6, 7, 8, 9, 10, 11, 12, 13, 14, 15, 16, 17, 18, 19, 20, 21, 22, 23, 24, 25, 26, 27, 28, 29, 30, 31, 32, 33, 34, 35, 36, 37, 38, 39], "data": [0.01524489096539226, 0.0009008176286449793, 0.0034808096672544818, 0.0, 0.0, 0.0017862594204898826, 0.0001889264247488914, 0.0, 0.0, 0.0, 0.010289935078793009, 0.0, 0.0, 0.0, 0.0, 0.0, 0.0033031144024033387, 0.0, 0.0014919289843159911, 0.0033151785994570983, 0.0, 0.00045510310026831345, 0.0012937122913228435, 0.0, 0.0022154352924280423, 0.0, 0.0, 0.0, 0.0, 0.005830841172131688, 0.0, 0.012592309603037035, 0.0, 0.001760359583173959, 0.0, 0.0, 0.0, 0.001507925040476198, 0.0, 0.0]}