{"labels": [0, 1, 2, 3, 4, 5, 6, 7, 8, 9, 10, 11, 12, 13, 14, 15, 16, 17, 18, 19, 20, 21, 22, 23, 24, 25, 26, 27, 28, 29, 30, 31, 32, 33, 34, 35, 36, 37, 38, 39], "data": [0.0, 0.0028635824469324654, 0.0, 0.0, 0.0, 0.0, 0.009262153198181423, 0.02015420060204759, 0.0, 0.0, 0.0, 0.0, 0.044089126080034395, 0.0, 0.0, 0.0, 0.0, 0.0010649422953703388, 0.01877170768384034, 0.0, 0.0, 0.01643185343836708, 0.005767666464572418, 0.0, 0.0, 0.0, 0.0014757432264514783, 0.0, 0.028467892849714047, 0.0, 0.003449019563400264, 0.03675371987314524, 0.0, 0.016818456981500505, 0.0, 0.08547946490583692, 0.03834340053454589, 0.002412134602845238, 0.0, 0.0]}