{"labels": [0, 1, 2, 3, 4, 5, 6, 7, 8, 9, 10, 11, 12, 13, 14, 15, 16, 17, 18, 19, 20, 21, 22, 23, 24, 25, 26, 27, 28, 29, 30, 31, 32, 33, 34, 35, 36, 37, 38, 39], "data": [0.0, 0.0, 0.0, 0.0, 0.0, 0.05506003381432929, 0.0, 0.0, 0.0, 0.0010049895837826556, 0.031589707082113797, 0.0, 0.0, 0.042674391026414925, 0.014513689670037171, 0.040127825479643976, 0.0, 0.008698381840919645, 0.00808898951789372, 0.0, 0.005281573728855124, 0.0003864366639168708, 0.00323798748799754, 0.004941508697357453, 0.0, 0.0, 0.0, 0.04339574209008283, 0.006159280088657312, 0.0, 0.05471584696446463, 0.0002614479727526335, 0.0, 0.013165978666728487, 0.016680020445815617, 0.0, 0.0, 0.01166474536673209, 0.03999876241902962, 0.0]}