{"labels": [0, 1, 2, 3, 4, 5, 6, 7, 8, 9, 10, 11, 12, 13, 14, 15, 16, 17, 18, 19, 20, 21, 22, 23, 24, 25, 26, 27, 28, 29, 30, 31, 32, 33, 34, 35, 36, 37, 38, 39], "data": [0.0, 0.0, 0.0, 0.0, 0.02154594281764015, 0.0, 0.04443433982240551, 0.0, 0.0, 0.0, 0.07174840720597192, 0.0, 0.0, 0.0, 0.0, 7.278906277499784e-06, 0.0, 0.0, 0.0, 0.0, 0.0, 0.0, 0.0, 0.0021124518560851333, 0.0057585507654126745, 0.0, 0.0, 0.0, 0.003926951394476143, 0.0, 0.0, 0.0, 0.0, 0.0, 0.0, 0.0, 0.0, 0.007228300984050499, 0.0, 0.0]}