{"labels": [0, 1, 2, 3, 4, 5, 6, 7, 8, 9, 10, 11, 12, 13, 14, 15, 16, 17, 18, 19, 20, 21, 22, 23, 24, 25, 26, 27, 28, 29, 30, 31, 32, 33, 34, 35, 36, 37, 38, 39], "data": [0.0, 0.006451542877230307, 0.010405608680052351, 0.0, 0.0, 0.0, 0.0006830846991569324, 0.0, 0.0, 0.007155301977200276, 0.008106289825562005, 0.0, 0.0056642040443241086, 0.0, 0.0, 0.0, 0.012574125563075283, 0.0, 0.0, 0.030643697936453784, 0.0, 0.024510595748784142, 0.0, 0.0, 0.0, 0.0, 0.0, 0.0032560393972274814, 0.0029326880170789716, 0.009667076873488441, 0.0010521012332896779, 0.05333788891367522, 0.05714231900964335, 0.0, 0.0, 0.0, 0.03974936330819887, 0.0, 0.0, 0.002784521970852591]}