{"labels": [0, 1, 2, 3, 4, 5, 6, 7, 8, 9, 10, 11, 12, 13, 14, 15, 16, 17, 18, 19, 20, 21, 22, 23, 24, 25, 26, 27, 28, 29, 30, 31, 32, 33, 34, 35, 36, 37, 38, 39], "data": [0.0012538187397294768, 0.0, 0.0, 0.018641980418145493, 0.0, 0.0, 0.0, 0.0, 0.0, 0.00033572789527946343, 0.0, 0.0, 0.0, 0.0, 0.0, 0.0003972101918163161, 0.005577757905455074, 0.0, 0.0, 0.0042317874729589965, 0.014328622431010067, 0.0, 0.044675244116347, 0.0, 0.0, 0.043988222564908475, 0.0001570565288053824, 0.025056235292396794, 0.0, 0.0, 0.0, 0.0, 0.0, 0.0, 0.025196851768990502, 0.0023239608384668965, 0.0, 0.0, 0.0, 0.0]}