{"labels": [0, 1, 2, 3, 4, 5, 6, 7, 8, 9, 10, 11, 12, 13, 14, 15, 16, 17, 18, 19, 20, 21, 22, 23, 24, 25, 26, 27, 28, 29, 30, 31, 32, 33, 34, 35, 36, 37, 38, 39], "data": [0.0, 0.0, 0.0, 0.014042707598393307, 0.0007835708212416889, 0.009632036777131894, 0.007889705715817895, 0.017227550982999627, 0.0, 0.0, 0.005706184800220568, 0.0, 0.030729069482457523, 0.0, 0.0, 0.006404662624302196, 0.0027046018812359263, 0.04600236500751391, 0.0012048232560411627, 0.0, 0.0, 0.018374908811939338, 0.0031937962023150107, 0.0, 0.002435288704467638, 0.0, 0.047483694151142376, 0.019982586404178337, 0.011885663274215388, 0.012704871209149192, 0.002033491299071384, 0.0, 0.0, 0.0020373037398329174, 0.014849392426950365, 0.017890676009895797, 0.0070068601902601516, 0.02194792945161097, 0.022045543286239016, 0.0]}