{"labels": [0, 1, 2, 3, 4, 5, 6, 7, 8, 9, 10, 11, 12, 13, 14, 15, 16, 17, 18, 19, 20, 21, 22, 23, 24, 25, 26, 27, 28, 29, 30, 31, 32, 33, 34, 35, 36, 37, 38, 39], "data": [0.0, 0.0, 0.0, 0.03640211880069322, 0.0, 0.0, 0.002597127880377347, 0.028437008045029112, 0.0, 0.016639265608298388, 0.0, 0.0, 0.0, 0.0, 0.0, 0.0, 0.0, 0.008030952928022096, 0.008874823594424477, 0.0614346890151058, 0.0, 0.036597586409294135, 0.0, 0.06690857912872272, 0.0015821095714314744, 0.0, 0.0, 0.0, 0.0, 0.0, 0.0, 0.0, 0.0, 0.0, 0.0036322843724632846, 0.041113367140074936, 0.0, 0.0, 0.030418948762921998, 0.0]}