{"labels": [0, 1, 2, 3, 4, 5, 6, 7, 8, 9, 10, 11, 12, 13, 14, 15, 16, 17, 18, 19, 20, 21, 22, 23, 24, 25, 26, 27, 28, 29, 30, 31, 32, 33, 34, 35, 36, 37, 38, 39], "data": [0.0031518966688259815, 0.0, 0.0, 0.08424910551678463, 0.011887613806618435, 0.0, 0.0, 0.0, 0.023448976262036014, 0.0, 0.0, 0.0, 0.0027526058536227757, 0.0026224499887949945, 0.003335794257412895, 0.001130118871628181, 0.0, 0.0008152698839826861, 0.008206734907107197, 0.0, 0.018559290373697527, 0.0, 0.0, 0.0, 0.0, 0.03526252842892826, 0.01366305406479751, 0.0, 0.008463683527491227, 0.03435455933226294, 0.0, 0.005908632131016839, 0.0003141102992121412, 0.005723883479454439, 0.0024101570881554448, 0.036387002102024134, 0.011586021786071835, 0.008396174484728918, 0.023559753956335586, 0.02647635479562239]}