{"labels": [0, 1, 2, 3, 4, 5, 6, 7, 8, 9, 10, 11, 12, 13, 14, 15, 16, 17, 18, 19, 20, 21, 22, 23, 24, 25, 26, 27, 28, 29, 30, 31, 32, 33, 34, 35, 36, 37, 38, 39], "data": [0.0, 0.0, 0.001427249813634308, 0.0, 0.0029765911690469255, 0.0, 0.0, 0.0, 0.0, 0.0037316813301398227, 0.0, 0.0, 0.0, 0.0006216618698918273, 0.0009957406789506931, 0.06541639064667677, 0.0, 0.0, 0.0, 0.00029843785605257326, 0.00923903710078249, 0.0, 0.000329269925833593, 0.000461338059879364, 0.0, 0.0, 0.0, 0.0, 0.0, 0.0, 0.005898846161688093, 0.0, 0.0, 0.0021399266609073314, 0.0, 0.05207971310108966, 0.0, 0.0, 0.0, 0.0]}