{"labels": [0, 1, 2, 3, 4, 5, 6, 7, 8, 9, 10, 11, 12, 13, 14, 15, 16, 17, 18, 19, 20, 21, 22, 23, 24, 25, 26, 27, 28, 29, 30, 31, 32, 33, 34, 35, 36, 37, 38, 39], "data": [0.0, 0.0015764145555619352, 0.0006248137277237013, 0.012769208196226326, 0.00733396882269177, 0.0, 0.008623083687330647, 0.0, 0.0, 0.001705663718302363, 6.917926068605294e-05, 0.0, 0.02234210464048102, 0.0, 0.0029439886773090234, 0.006915043576669718, 0.0, 0.0, 0.0009505223249272861, 0.0013252254924326677, 0.0, 0.0, 0.0, 0.00014125547468263024, 0.0, 0.0, 0.0069424798552156575, 0.005642559537589103, 0.004871809915019556, 0.0, 0.0, 0.07406294396723719, 0.05455116412152714, 0.022841322379849226, 0.0, 0.0, 0.0, 0.04078314363240011, 0.0, 9.0480483117099e-05]}