{"labels": [0, 1, 2, 3, 4, 5, 6, 7, 8, 9, 10, 11, 12, 13, 14, 15, 16, 17, 18, 19, 20, 21, 22, 23, 24, 25, 26, 27, 28, 29, 30, 31, 32, 33, 34, 35, 36, 37, 38, 39], "data": [0.0, 0.0, 0.0015864901655565952, 0.0, 0.0, 0.0, 0.00017090853306865427, 0.025697429657413604, 0.0, 0.03711919877369128, 0.011365809964969716, 0.0, 0.0, 0.0016713971130259892, 0.0003869110800583729, 0.0024619254688396756, 0.0, 0.0, 0.0, 0.0014019134573515354, 0.0, 0.0033659003871936086, 0.042510336700711276, 0.11478989748832265, 0.0006511854436161994, 0.0, 0.001657517899421251, 0.014863812117630276, 0.004853124934128826, 0.0036776540599235594, 0.0, 0.0, 0.0, 0.0017890588017401114, 0.00027269476921202933, 0.006364546736242238, 0.004916374305631101, 0.014910371012324165, 0.0, 0.0]}