{"labels": [0, 1, 2, 3, 4, 5, 6, 7, 8, 9, 10, 11, 12, 13, 14, 15, 16, 17, 18, 19, 20, 21, 22, 23, 24, 25, 26, 27, 28, 29, 30, 31, 32, 33, 34, 35, 36, 37, 38, 39], "data": [0.0, 0.0, 0.0, 0.0, 0.0, 0.004278748620550779, 0.0, 0.033424375777985314, 0.0005273392134907061, 0.0, 0.04133288542564511, 0.0032664514987224614, 0.0, 0.0004452209943674675, 0.0, 0.009470234240520979, 0.002916134892363312, 0.007856729239989622, 0.008012677223481864, 0.0, 0.0, 0.0027634396268958364, 0.0, 0.0, 0.0016618673688377054, 0.0037519925619526997, 0.0, 0.0, 0.0, 0.0, 0.001708076273438716, 0.000373881870671196, 0.0, 0.0, 0.0009644813216755187, 0.0, 0.0003897576330915552, 0.0058127090213736365, 9.272382610612064e-05, 0.004415385377165152]}