{"labels": [0, 1, 2, 3, 4, 5, 6, 7, 8, 9, 10, 11, 12, 13, 14, 15, 16, 17, 18, 19, 20, 21, 22, 23, 24, 25, 26, 27, 28, 29, 30, 31, 32, 33, 34, 35, 36, 37, 38, 39], "data": [0.0, 0.0, 0.034003345860462414, 0.0, 0.0, 0.010310574376789778, 0.002517040159422909, 0.0, 0.0, 0.0, 0.08453882785237712, 0.0, 0.0, 0.0, 0.0, 0.0, 0.0, 0.0, 0.0, 0.0, 0.000848101174681352, 0.0, 0.0, 0.0, 0.03637167214419838, 0.0, 0.006129631192847278, 0.0013287225837050013, 0.0, 0.006834421593886171, 0.033828548406831714, 0.0, 0.0, 0.0, 0.0, 0.0, 0.0, 0.05631292966641547, 0.0, 0.0]}