{"labels": [0, 1, 2, 3, 4, 5, 6, 7, 8, 9, 10, 11, 12, 13, 14, 15, 16, 17, 18, 19, 20, 21, 22, 23, 24, 25, 26, 27, 28, 29, 30, 31, 32, 33, 34, 35, 36, 37, 38, 39], "data": [0.0, 0.0008511375396884197, 0.003625451374939434, 0.0, 0.013751961887264517, 0.0, 0.012686191130335587, 0.0, 0.002281357422432045, 0.0, 0.0, 0.0, 0.0, 0.0, 0.035730221664115304, 0.0, 0.0, 0.0, 0.0, 0.0, 0.0, 0.0, 0.0005323008629776171, 0.0, 0.009366074370448972, 0.0, 0.0, 0.04356085827066141, 0.0, 0.006358660647388969, 0.053519733931748505, 0.0, 0.005972218960252513, 0.0, 0.0, 0.0, 0.07849930980990848, 0.03026344380557823, 0.0016609811311510602, 0.0]}