{"labels": [0, 1, 2, 3, 4, 5, 6, 7, 8, 9, 10, 11, 12, 13, 14, 15, 16, 17, 18, 19, 20, 21, 22, 23, 24, 25, 26, 27, 28, 29, 30, 31, 32, 33, 34, 35, 36, 37, 38, 39], "data": [0.0, 0.0007845063696569155, 0.00878635294073119, 0.0, 0.020608960186196953, 0.0, 0.018959168558635914, 0.0, 0.0, 0.04041780084429699, 0.0, 0.0, 0.015283407030095689, 0.0, 0.0, 0.0021825114823718914, 0.044254407070263006, 0.015249187616277223, 0.0, 0.0, 0.0, 0.0, 0.0013173343137640671, 0.0, 0.0, 0.01786417127825591, 0.0, 0.021447042151253353, 0.0, 0.0, 0.0, 0.0, 0.0, 0.017571827715608914, 0.02371678788612787, 0.0, 0.0, 0.018673660220209526, 0.0006549201749552135, 0.006224787002725795]}