{"labels": [0, 1, 2, 3, 4, 5, 6, 7, 8, 9, 10, 11, 12, 13, 14, 15, 16, 17, 18, 19, 20, 21, 22, 23, 24, 25, 26, 27, 28, 29, 30, 31, 32, 33, 34, 35, 36, 37, 38, 39], "data": [0.0, 0.00019939758685548275, 0.0, 0.0, 0.0, 0.0, 0.0, 0.0062889867898722855, 0.0, 0.0, 0.017073083682267707, 0.0, 0.0, 0.0, 0.02921476413094602, 0.001452344350227256, 0.0, 0.009737281200472401, 0.0, 0.0012665649223555907, 0.0, 0.004183669432882198, 0.010275509925276117, 0.0, 0.0004188654232952621, 0.0, 0.0656037024201124, 0.06136831229060596, 0.0, 0.0, 0.0, 0.0, 0.009409107882925231, 0.0, 0.0, 0.0027139468801330763, 0.014538303700463946, 0.022756036893474125, 0.003194194903509433, 0.0]}