{"labels": [0, 1, 2, 3, 4, 5, 6, 7, 8, 9, 10, 11, 12, 13, 14, 15, 16, 17, 18, 19, 20, 21, 22, 23, 24, 25, 26, 27, 28, 29, 30, 31, 32, 33, 34, 35, 36, 37, 38, 39], "data": [0.004589770489109493, 0.0, 0.00023227029262527416, 0.0019533118688727607, 0.015388234119595695, 0.029077410095180677, 0.004492216792816513, 0.0007296153259380803, 0.0, 0.017079430495510216, 0.019651418272641413, 0.0009018060407520019, 0.0, 0.0, 0.010449348047991573, 0.010121810794043116, 0.08738574397285934, 0.0052407725087981645, 0.0, 0.03903204717897108, 0.0, 0.0, 0.023922373643392454, 0.03026026485299607, 0.011023694485420489, 0.007448337679916121, 0.0, 0.0, 0.001661475884626324, 0.0015211617603607056, 0.012453516109695206, 0.0035838755626524193, 0.021518882295153113, 0.002581099360707726, 0.0, 0.0, 0.0, 0.009741106095377558, 0.05027469819326022, 0.06884777834930599]}