{"labels": [0, 1, 2, 3, 4, 5, 6, 7, 8, 9, 10, 11, 12, 13, 14, 15, 16, 17, 18, 19, 20, 21, 22, 23, 24, 25, 26, 27, 28, 29, 30, 31, 32, 33, 34, 35, 36, 37, 38, 39], "data": [0.008319859157265623, 0.005839444097916515, 0.0, 0.0, 0.0, 0.0, 0.0, 0.024574786846904062, 0.0, 0.0, 0.005503373486557569, 0.0, 0.0008627590456621178, 0.0, 0.02096482045473764, 0.0, 0.0, 0.0015071815640679668, 0.0, 0.0005065064509485286, 0.0, 0.027018899916976907, 0.0038990224248077058, 0.0, 0.004036058094932428, 0.025162654354910264, 0.0015374310786467637, 0.0, 0.006240504317386549, 0.0, 0.0, 0.0012978398056404778, 0.0, 0.00593840065034124, 0.0054047856951917675, 0.0, 0.0, 0.05311761093070982, 0.002371120603584895, 0.0]}