{"labels": [0, 1, 2, 3, 4, 5, 6, 7, 8, 9, 10, 11, 12, 13, 14, 15, 16, 17, 18, 19, 20, 21, 22, 23, 24, 25, 26, 27, 28, 29, 30, 31, 32, 33, 34, 35, 36, 37, 38, 39], "data": [0.01258522668001081, 0.0009182949346334947, 0.025501910472281984, 0.0, 0.0, 0.007085729509044589, 0.0, 0.0007260689453476652, 0.0, 0.0, 0.0, 0.0, 0.0, 0.0, 0.009997863408252755, 0.0030709127801217995, 0.0018933956313572583, 0.0015372196841274023, 0.08797017322239756, 0.0005031125064662959, 0.0, 0.0064176975689233945, 0.0, 0.0, 0.0, 0.007978680521013585, 0.0, 0.0041172817950124755, 0.006255093494663542, 0.0, 0.0, 0.0006509596357904177, 0.0, 0.0074253936611515265, 0.02664048308385828, 0.0, 0.0030969609405372234, 0.007763670000941816, 0.05574699066454094, 0.007375128636001129]}