{"labels": [0, 1, 2, 3, 4, 5, 6, 7, 8, 9, 10, 11, 12, 13, 14, 15, 16, 17, 18, 19, 20, 21, 22, 23, 24, 25, 26, 27, 28, 29, 30, 31, 32, 33, 34, 35, 36, 37, 38, 39], "data": [0.008053319207223963, 0.0, 0.0007504766792019255, 0.002164007897266608, 0.0, 0.0, 0.0015935672405414782, 0.0, 0.016779157142750807, 0.006363210433455008, 0.0, 0.08778362775080596, 0.0, 0.006052012042204149, 0.0024253473938338596, 0.02579898025090387, 0.0, 0.013127593668145664, 0.08091500209845982, 0.0, 0.0, 0.011325453309462242, 0.0005240290691403368, 0.0, 0.030147784204904146, 0.028011999383866767, 0.003362856868197738, 0.0, 0.0007616192341149783, 0.001902994809297529, 0.005795456456263634, 0.0014137359417465093, 0.0, 0.01949612165172311, 0.00783483767618439, 0.019525948308667888, 0.0122231542457866, 0.0, 0.0, 0.03497271970797191]}