{"labels": [0, 1, 2, 3, 4, 5, 6, 7, 8, 9, 10, 11, 12, 13, 14, 15, 16, 17, 18, 19, 20, 21, 22, 23, 24, 25, 26, 27, 28, 29, 30, 31, 32, 33, 34, 35, 36, 37, 38, 39], "data": [0.0, 0.0, 0.0, 0.0, 0.0014776462311893689, 0.0, 0.0, 0.0, 0.0, 0.0399390883005425, 0.0, 0.0, 0.0, 0.0043156658628036955, 0.005750937109624372, 0.000203054046930342, 0.0, 0.0, 0.0, 0.0, 0.0015282624023877957, 0.0, 0.0019268121514629945, 0.014228238168789981, 0.00894292345034335, 0.0, 0.0, 0.0, 0.008355432897386852, 0.0, 0.0, 0.0, 0.004617592196147567, 0.0, 0.0, 0.001830780516033347, 0.04265222915219474, 0.0, 0.0, 0.0]}