{"labels": [0, 1, 2, 3, 4, 5, 6, 7, 8, 9, 10, 11, 12, 13, 14, 15, 16, 17, 18, 19, 20, 21, 22, 23, 24, 25, 26, 27, 28, 29, 30, 31, 32, 33, 34, 35, 36, 37, 38, 39], "data": [0.008113062369720501, 0.001117659971631595, 0.004903351774545941, 0.0006277776690658947, 0.0021551543931450225, 0.00036084884518160925, 0.008907879321711675, 0.0, 0.0, 0.007380760149044304, 0.022867629786243234, 0.0, 0.0, 0.0, 0.0005397421097268329, 0.0, 0.0006560298108119519, 0.0, 0.0, 0.0, 0.002061736330682833, 0.0, 0.04969012932247349, 0.0, 0.0, 0.0, 0.0007363083613749139, 0.001936683357361113, 0.0, 0.024403425127266617, 0.00020452745329140357, 0.0, 0.005331778678857916, 0.0040058740892386455, 0.0, 0.0, 0.015793167249402246, 0.0032207355308244193, 0.0, 0.0]}