{"labels": [0, 1, 2, 3, 4, 5, 6, 7, 8, 9, 10, 11, 12, 13, 14, 15, 16, 17, 18, 19, 20, 21, 22, 23, 24, 25, 26, 27, 28, 29, 30, 31, 32, 33, 34, 35, 36, 37, 38, 39], "data": [0.0, 0.0, 0.0, 0.0, 0.0027980526066862335, 0.03469250333264248, 0.0, 0.0, 0.0, 0.0, 0.0, 0.039099449709859735, 0.0, 0.0, 0.0, 0.0, 0.15850378415194388, 0.3692196711147221, 0.0, 0.0, 1.0457308658070894, 0.0, 0.0, 0.0, 0.0, 0.0, 0.0, 0.0, 0.0, 0.0, 0.0, 0.0, 0.10599314357495587, 0.0, 0.0, 0.010872109051781525, 0.0, 0.0, 0.0, 0.0]}