{"labels": [0, 1, 2, 3, 4, 5, 6, 7, 8, 9, 10, 11, 12, 13, 14, 15, 16, 17, 18, 19, 20, 21, 22, 23, 24, 25, 26, 27, 28, 29, 30, 31, 32, 33, 34, 35, 36, 37, 38, 39], "data": [0.00356620374070037, 0.0, 0.0, 0.025938974204694928, 0.0, 0.0, 0.008865610626907052, 0.0, 0.0, 0.016921539621463703, 0.0, 0.0, 0.0186966592242762, 0.0, 0.0, 0.0, 0.0, 0.0, 0.0, 0.0, 0.0463195474077443, 0.0018544952561324094, 0.0, 0.0, 0.0, 0.10686792688341423, 9.693476874158354e-05, 0.0009074002762682264, 0.0, 0.0, 0.0, 0.0, 0.0, 0.0005563122822574788, 0.0006037554813417501, 0.006123723361311174, 0.0022634017841206525, 0.0, 0.0, 0.0]}