{"labels": [0, 1, 2, 3, 4, 5, 6, 7, 8, 9, 10, 11, 12, 13, 14, 15, 16, 17, 18, 19, 20, 21, 22, 23, 24, 25, 26, 27, 28, 29, 30, 31, 32, 33, 34, 35, 36, 37, 38, 39], "data": [0.006062755873881991, 0.0, 0.007155505453706753, 0.0, 0.018655446202700703, 0.04018391836449134, 0.0, 0.0, 0.009506462379527415, 0.008619950715806823, 0.0, 0.0, 0.020245939759342288, 0.03140825461371236, 0.0, 0.02014709085245823, 0.0, 0.00016248473141545843, 0.0, 0.0003613215190832351, 0.0027352692253057474, 0.0, 0.0017699491080529909, 0.009615316044478654, 0.0, 0.0051220156001604705, 0.03487184667531428, 0.0021240197539457704, 0.0025814584079172902, 0.0105696141876846, 0.018636721577099905, 0.0, 0.05185173438649494, 0.041048741297128113, 0.006121490172910293, 0.0, 0.0, 0.034609891503848224, 0.009325630885351594, 0.0]}