{"labels": [0, 1, 2, 3, 4, 5, 6, 7, 8, 9, 10, 11, 12, 13, 14, 15, 16, 17, 18, 19, 20, 21, 22, 23, 24, 25, 26, 27, 28, 29, 30, 31, 32, 33, 34, 35, 36, 37, 38, 39], "data": [0.01140776593304935, 0.0, 0.0009287019567486616, 0.0, 0.025820782590008612, 0.0018938593272727789, 0.05325502626937972, 0.0, 0.0, 0.010694992530208502, 0.004126122559851257, 0.0012556620264859474, 0.018592583079198546, 0.007731274328671121, 0.0, 0.0075249659655574905, 0.006300786870535573, 0.009706297887555348, 0.0014000785327156708, 0.0, 0.008717797837929194, 0.0, 0.0027365836730191143, 0.0, 0.004145001293281369, 0.0013394119631737556, 0.005755744705282165, 0.0, 0.009878195802141033, 0.0, 0.0, 0.0018015230235213118, 0.006510727940204303, 0.008221097661302261, 0.0024871197076867767, 0.0, 0.0, 0.006935214771565699, 0.0012045953987113549, 0.00016579592754839957]}