{"labels": [0, 1, 2, 3, 4, 5, 6, 7, 8, 9, 10, 11, 12, 13, 14, 15, 16, 17, 18, 19, 20, 21, 22, 23, 24, 25, 26, 27, 28, 29, 30, 31, 32, 33, 34, 35, 36, 37, 38, 39], "data": [0.0041605808986641, 0.006640301071902551, 0.0025881456336753084, 0.0, 0.0, 0.0, 0.015881765811356644, 0.0037366844749891657, 0.0, 0.0, 0.0017027613647461097, 0.002045819713110155, 0.0002220689281006976, 0.005634322653115569, 0.00952648066657247, 0.0, 0.0030743300888197733, 0.0006605994160995874, 0.0, 0.0007004759631319162, 0.0, 0.0007190524785285337, 0.0023461951702543385, 0.0, 0.003941071699893392, 0.0, 0.003049030366911529, 0.002769576892546253, 0.0, 0.0, 0.0, 0.0046415631441011585, 0.0017820929951833297, 0.009938832292462597, 0.0, 0.0, 0.0, 0.002233386915481331, 0.0, 0.0018211435879984291]}