{"labels": [0, 1, 2, 3, 4, 5, 6, 7, 8, 9, 10, 11, 12, 13, 14, 15, 16, 17, 18, 19, 20, 21, 22, 23, 24, 25, 26, 27, 28, 29, 30, 31, 32, 33, 34, 35, 36, 37, 38, 39], "data": [0.0, 0.0, 0.0, 0.0, 0.0, 0.0, 0.04119461983490831, 0.02523715347735415, 0.0, 0.0, 0.0, 0.0, 0.0, 0.0, 0.0005454130043419555, 0.0, 0.0, 0.0, 0.0, 0.0, 0.00045895291708807675, 0.006288348143113096, 0.00963086846232824, 0.11812471145932449, 0.006093386532491977, 0.0, 0.0, 0.0, 0.005566128429269827, 0.0, 0.0014504028700825528, 0.002564019299265841, 0.0, 0.0019947502558659257, 0.0, 0.0, 0.0, 0.0, 0.0, 0.0]}