{"labels": [0, 1, 2, 3, 4, 5, 6, 7, 8, 9, 10, 11, 12, 13, 14, 15, 16, 17, 18, 19, 20, 21, 22, 23, 24, 25, 26, 27, 28, 29, 30, 31, 32, 33, 34, 35, 36, 37, 38, 39], "data": [0.0, 0.002091091762431865, 0.0022213192584431404, 0.01802809768881131, 0.0, 0.0, 0.001362204144139517, 0.0, 0.008958943222755094, 0.013676138637623481, 0.004612156241295406, 0.0019485822900004131, 0.0, 0.0, 0.009523632250719354, 0.010895532507434993, 0.00600713465974891, 0.0, 0.0, 0.0, 0.00350108728878836, 0.0026980185029549346, 0.0, 0.03980027724504945, 0.0004736932645771746, 0.021172227133082613, 0.0066395050455930575, 0.003347425412301636, 0.004055407611500112, 0.01465760586307236, 0.0, 0.0, 0.002764927993488934, 0.0, 0.006725691062531822, 0.0, 0.0, 0.03930080837780392, 0.005336274448828781, 0.0026463954449490374]}