{"labels": [0, 1, 2, 3, 4, 5, 6, 7, 8, 9, 10, 11, 12, 13, 14, 15, 16, 17, 18, 19, 20, 21, 22, 23, 24, 25, 26, 27, 28, 29, 30, 31, 32, 33, 34, 35, 36, 37, 38, 39], "data": [0.0, 0.0, 0.0, 0.0, 0.06286911167765667, 0.0, 0.004396107625394447, 0.0012927595329039027, 0.000296297990295177, 0.0083985080020869, 0.0, 0.0, 0.012654616500106925, 0.0, 0.0, 0.0, 0.009594477222133399, 0.0, 0.0, 0.0, 0.0, 0.0452328362210013, 0.0, 0.0, 0.0, 0.04024994169320142, 0.0, 0.0, 0.0, 0.0, 0.0, 0.0, 0.0, 0.0, 0.04598906588196091, 0.0, 0.0, 0.0, 0.0, 0.0]}