{"labels": [0, 1, 2, 3, 4, 5, 6, 7, 8, 9, 10, 11, 12, 13, 14, 15, 16, 17, 18, 19, 20, 21, 22, 23, 24, 25, 26, 27, 28, 29, 30, 31, 32, 33, 34, 35, 36, 37, 38, 39], "data": [0.0, 0.0, 3.669105821306405e-05, 0.0, 0.0, 0.0, 0.0, 0.0, 0.0, 0.0, 0.0002130275240846341, 0.0031787783735777366, 0.0, 0.0, 0.004853029749846734, 0.0, 0.00173836881713557, 0.0, 0.0, 0.001363730771259841, 0.0, 0.0018965321058010368, 0.0014750974052753084, 0.0, 0.0, 0.00017269901862338694, 0.0, 0.0018461340038624533, 0.0, 0.0, 0.0, 0.0009046191912085479, 0.0, 0.0, 0.0, 0.0, 0.0, 0.0, 0.0, 0.007978999080847442]}