{"labels": [0, 1, 2, 3, 4, 5, 6, 7, 8, 9, 10, 11, 12, 13, 14, 15, 16, 17, 18, 19, 20, 21, 22, 23, 24, 25, 26, 27, 28, 29, 30, 31, 32, 33, 34, 35, 36, 37, 38, 39], "data": [0.0038140628540091516, 0.005344801379849228, 0.0011044614843618032, 0.005704317541525945, 0.0, 0.0038991501959022394, 0.0, 0.0, 0.0, 0.0, 0.0011971871891312167, 0.0, 0.006441606140857887, 0.0, 0.0035936712967715705, 0.0, 0.009053961157781202, 0.0, 0.0, 0.0, 0.0, 0.001075805413245199, 0.0008354494131586015, 0.010049140446041509, 0.0054126493246218444, 0.0, 0.003779656716397648, 0.00359078484404957, 0.00047080953952358096, 0.0, 0.0016575464399771773, 0.0, 0.15036340116334193, 0.0005340754137472142, 0.0, 0.0, 0.0, 0.0, 0.009891657136360959, 0.0050311936739918]}