{"labels": [0, 1, 2, 3, 4, 5, 6, 7, 8, 9, 10, 11, 12, 13, 14, 15, 16, 17, 18, 19, 20, 21, 22, 23, 24, 25, 26, 27, 28, 29, 30, 31, 32, 33, 34, 35, 36, 37, 38, 39], "data": [0.0, 0.0, 0.04781884284717393, 0.0, 0.0, 0.0007318358581650876, 0.015001026538862846, 0.0, 0.007237223553567423, 0.0, 0.0, 0.0005778001337951467, 0.0, 0.0, 0.0, 0.00305460050085666, 0.0, 0.002924805438822547, 0.013981687170507845, 0.0007654251905752224, 0.0, 0.0, 0.0038597358792033976, 0.0, 0.01616248716594232, 0.0, 0.0050861453400284735, 0.0, 0.0, 0.0, 0.0, 0.005508856336276266, 0.0, 0.0, 0.0, 0.0, 0.0, 0.007770554124732423, 0.007753836243282746, 0.007549359829642898]}