{"labels": [0, 1, 2, 3, 4, 5, 6, 7, 8, 9, 10, 11, 12, 13, 14, 15, 16, 17, 18, 19, 20, 21, 22, 23, 24, 25, 26, 27, 28, 29, 30, 31, 32, 33, 34, 35, 36, 37, 38, 39], "data": [0.0, 0.00017167076659466182, 0.0, 0.0, 0.0, 0.0, 0.0271458890482337, 0.0, 0.04303678766204678, 0.0, 0.06939012291156559, 0.0, 0.0, 0.011526202736778455, 0.002245365533799245, 0.0, 0.0, 0.0015783565334740056, 0.00025093396719141117, 0.005417495491284818, 0.0030305563020090907, 0.0, 0.0, 0.009678587818271672, 0.0, 0.0, 0.002002519279979329, 0.0014678208264275456, 0.0, 0.0, 0.021151772425978623, 0.0, 0.0, 0.0, 0.0, 0.0, 0.0, 0.002906957711402533, 0.0, 0.0]}