{"labels": [0, 1, 2, 3, 4, 5, 6, 7, 8, 9, 10, 11, 12, 13, 14, 15, 16, 17, 18, 19, 20, 21, 22, 23, 24, 25, 26, 27, 28, 29, 30, 31, 32, 33, 34, 35, 36, 37, 38, 39], "data": [0.0011309722154188068, 0.0, 7.652321061664927e-05, 0.011224733690309878, 0.011435265870593734, 0.0, 0.026650864145020978, 0.0, 0.0, 0.0, 0.0, 0.0, 0.0, 0.023456650056461928, 0.0, 0.0, 0.0, 0.005058379886464743, 0.0, 0.0, 0.0027397937215785685, 0.0, 0.0, 0.055412487767595976, 0.0010509986589666712, 0.016848497654248718, 0.0, 0.0, 0.0, 0.0026528570697673653, 0.028303401659652883, 0.0039083850139422635, 0.0, 0.0, 0.009938242278867202, 0.0, 0.0, 0.07026492624184838, 0.0, 0.0]}