{"labels": [0, 1, 2, 3, 4, 5, 6, 7, 8, 9, 10, 11, 12, 13, 14, 15, 16, 17, 18, 19, 20, 21, 22, 23, 24, 25, 26, 27, 28, 29, 30, 31, 32, 33, 34, 35, 36, 37, 38, 39], "data": [0.0, 0.004316926100205014, 0.031525655674657926, 0.0, 0.0, 0.0, 0.0, 0.0010259485538578687, 0.0, 0.011147557474196133, 0.0, 0.0, 0.0, 0.0, 0.006062315157305541, 0.040577172593457785, 0.0, 0.0, 0.0, 0.0, 0.012140608220595197, 0.00040843953253515955, 0.0, 0.0, 0.0, 0.0, 0.0, 0.0, 0.0, 0.0, 0.023051893276810998, 0.0, 0.0, 0.0, 0.022953522193779177, 0.0, 0.041982308756857226, 0.0, 0.0, 0.0]}