{"labels": [0, 1, 2, 3, 4, 5, 6, 7, 8, 9, 10, 11, 12, 13, 14, 15, 16, 17, 18, 19, 20, 21, 22, 23, 24, 25, 26, 27, 28, 29, 30, 31, 32, 33, 34, 35, 36, 37, 38, 39], "data": [0.004693564320495263, 0.0, 0.0010696148208459376, 0.0, 0.0674561900544011, 0.00874198878820737, 0.018452564847476437, 0.0, 0.0, 0.0003539103673667344, 0.0, 0.0, 0.0, 0.0006693815288411292, 0.0, 0.0, 0.0, 0.0, 0.0, 0.0009322297113616888, 0.0, 0.0, 0.0, 0.0026714119369830908, 0.0, 0.0, 0.0, 0.0, 0.0, 0.0, 0.0, 0.0032160260628737313, 0.0, 0.0024865847200974717, 0.00048428356938893104, 0.0, 0.0, 0.059954177131504055, 0.0, 0.0031724133012526836]}