{"labels": [0, 1, 2, 3, 4, 5, 6, 7, 8, 9, 10, 11, 12, 13, 14, 15, 16, 17, 18, 19, 20, 21, 22, 23, 24, 25, 26, 27, 28, 29, 30, 31, 32, 33, 34, 35, 36, 37, 38, 39], "data": [0.0, 0.004455176730199117, 0.0, 0.0, 0.0, 0.0, 0.013420629574062455, 0.0, 0.0016707423183627852, 0.0, 0.0, 0.0, 0.0, 0.0, 0.0025209387675150462, 0.0, 0.00150817522525968, 0.001984101747555955, 0.006153809342367167, 0.0, 0.006877183864171369, 0.0015813954669522817, 0.0, 0.0, 0.0, 0.013710084447439598, 0.0, 0.0013989723663252087, 0.002722231147719958, 0.0, 0.0, 0.0, 0.0, 0.006281707254235281, 0.007542296825376528, 0.009556285377653522, 0.0, 0.02536225665154306, 0.0, 0.0015578842758361038]}