{"labels": [0, 1, 2, 3, 4, 5, 6, 7, 8, 9, 10, 11, 12, 13, 14, 15, 16, 17, 18, 19, 20, 21, 22, 23, 24, 25, 26, 27, 28, 29, 30, 31, 32, 33, 34, 35, 36, 37, 38, 39], "data": [0.0, 0.0, 0.004582026758029853, 0.00669626178117347, 0.0014634197585973096, 0.0, 0.0, 0.0, 0.0, 0.0, 0.0, 0.0, 0.0027137211344515823, 0.0, 0.0, 0.0, 0.002927528071853883, 0.0, 0.008069972584833811, 0.0, 0.012816136851083255, 0.0, 0.001989168829989673, 0.0, 0.0, 0.0, 0.0009141645709447272, 0.037449255390897475, 0.006030957927540834, 0.0, 0.0, 0.0, 0.00014406877249212204, 0.0177131844297971, 0.0267382861119834, 0.014688449978315102, 0.0037883606870950885, 0.0, 0.0, 0.000846334637376793]}