{"labels": [0, 1, 2, 3, 4, 5, 6, 7, 8, 9, 10, 11, 12, 13, 14, 15, 16, 17, 18, 19, 20, 21, 22, 23, 24, 25, 26, 27, 28, 29, 30, 31, 32, 33, 34, 35, 36, 37, 38, 39], "data": [0.005943685613689418, 0.012354479272154238, 0.0, 0.00020942106927303487, 0.0, 0.0, 0.0204221040967839, 0.0, 0.0, 0.022759823195955833, 0.010532063628285902, 0.0, 0.0014088468224782644, 0.03777002860041243, 0.0, 0.0, 0.0, 0.009737917398220575, 0.011457751446362484, 0.05670671182120756, 0.0, 0.021609101191977377, 0.0008504121080395775, 0.032136136512663956, 0.0, 0.0, 0.0, 0.0, 0.0015908390890805894, 0.0, 0.018916466419403744, 0.0011784586579309652, 0.030509012804618475, 0.006236311418215614, 0.00666453283156747, 0.02618088373870099, 0.0, 0.004918691800462672, 0.0, 0.0]}