{"labels": [0, 1, 2, 3, 4, 5, 6, 7, 8, 9, 10, 11, 12, 13, 14, 15, 16, 17, 18, 19, 20, 21, 22, 23, 24, 25, 26, 27, 28, 29, 30, 31, 32, 33, 34, 35, 36, 37, 38, 39], "data": [0.0, 0.004490414140571532, 0.0011470988296694263, 0.0, 0.006793274596580128, 0.0, 0.051518822372375796, 0.01965190504277821, 0.0, 0.0, 0.044421775118129586, 0.0, 0.0, 0.0, 0.0027824589430699483, 0.03031805160750196, 0.0, 0.0, 0.0, 0.0, 0.0, 0.0, 0.0, 0.0, 0.0031499772073568704, 0.0, 0.005760149497118532, 0.0, 0.0003204896794983226, 0.012051880552088282, 0.0, 0.0, 0.0018190142951456782, 0.015824421657800566, 0.0, 0.0, 0.0, 0.03033439651209738, 0.0, 0.002552352111177372]}