{"labels": [0, 1, 2, 3, 4, 5, 6, 7, 8, 9, 10, 11, 12, 13, 14, 15, 16, 17, 18, 19, 20, 21, 22, 23, 24, 25, 26, 27, 28, 29, 30, 31, 32, 33, 34, 35, 36, 37, 38, 39], "data": [0.013084964946884955, 0.003828347179559448, 0.01102917102615099, 0.012604678012584613, 0.0, 0.03359352524061636, 0.0, 0.0007056476536557752, 0.001276076802938868, 0.0, 0.0, 0.0, 0.0027907423109202424, 0.011415866568023443, 0.018662784322828148, 0.012929287596670353, 0.0060510036467190925, 0.004216597144511541, 0.025096717998816097, 0.0, 0.0, 0.0, 0.0, 0.00835728672062298, 0.0, 0.054273204481661286, 0.018168182527561808, 0.009373997828160051, 0.0, 0.0, 0.027532265665929756, 0.000779961469450944, 0.001809144910668536, 0.018800514365900297, 0.022468512483871234, 0.0, 0.0006072126544923392, 0.0, 0.04042689208526045, 0.046824277393483146]}