{"labels": [0, 1, 2, 3, 4, 5, 6, 7, 8, 9, 10, 11, 12, 13, 14, 15, 16, 17, 18, 19, 20, 21, 22, 23, 24, 25, 26, 27, 28, 29, 30, 31, 32, 33, 34, 35, 36, 37, 38, 39], "data": [0.0, 0.001958975826640831, 0.0007274166166418254, 0.0, 0.0, 0.0023551567213020703, 0.014269194352820038, 3.3863833709096786e-05, 0.0016116485297380746, 0.019152869139304113, 0.0, 0.00013104456135056022, 1.0550484744359492e-06, 0.0, 0.003480456250001888, 0.011478503966461178, 0.00024400816492715615, 0.0, 0.0, 0.0, 0.0, 0.0, 0.0, 0.0, 0.023771446148640768, 0.0, 0.004182093070862348, 0.02972293164053511, 0.0, 0.0, 0.0, 0.007435123960759373, 0.0, 0.008629420728062935, 0.010358228553366813, 0.02831608137094364, 0.0, 0.0, 0.0, 0.0017963428043644095]}