{"labels": [0, 1, 2, 3, 4, 5, 6, 7, 8, 9, 10, 11, 12, 13, 14, 15, 16, 17, 18, 19, 20, 21, 22, 23, 24, 25, 26, 27, 28, 29, 30, 31, 32, 33, 34, 35, 36, 37, 38, 39], "data": [0.0, 0.004673299864112828, 0.0005672403195868287, 0.0, 0.0, 0.0032493913450848014, 0.013726966175126079, 0.0, 0.08786022421192713, 0.007759024975298537, 0.003391640465021353, 0.0, 0.0029963683057111787, 0.02861632242452789, 0.0, 0.0, 0.04058466050660172, 0.0, 0.0, 0.030456851585689133, 0.0, 0.016409129932871885, 0.0, 0.05597437957747635, 0.0, 0.02691588905129361, 0.00027474453578387386, 0.0, 0.0, 0.001248068326735388, 0.0, 0.0, 0.0024192568979750323, 0.0, 0.0, 0.0, 0.0006361942977526825, 0.0, 0.024903683164481622, 0.07875798539665539]}