{"labels": [0, 1, 2, 3, 4, 5, 6, 7, 8, 9, 10, 11, 12, 13, 14, 15, 16, 17, 18, 19, 20, 21, 22, 23, 24, 25, 26, 27, 28, 29, 30, 31, 32, 33, 34, 35, 36, 37, 38, 39], "data": [0.0023408086853389685, 0.00280265825228404, 0.0, 0.03906077824142254, 0.0, 0.0, 0.0, 1.0823572083133152e-05, 0.0, 0.05554777309502321, 0.0, 0.0, 0.0, 0.0, 0.0, 0.0, 0.0, 0.0020089985863467955, 0.0, 0.0, 0.0036480312959650107, 0.0, 0.028587054872785893, 0.0013360837256294266, 7.570185718866225e-05, 0.03784877471258715, 0.0, 0.031060567518804816, 0.0, 0.0010708477085793918, 0.020586914586271345, 0.0, 0.026266285023078824, 0.005243064287706803, 6.245908456368927e-05, 0.0, 0.012916540626009774, 0.0, 0.0, 0.0]}