{"labels": [0, 1, 2, 3, 4, 5, 6, 7, 8, 9, 10, 11, 12, 13, 14, 15, 16, 17, 18, 19, 20, 21, 22, 23, 24, 25, 26, 27, 28, 29, 30, 31, 32, 33, 34, 35, 36, 37, 38, 39], "data": [0.008181418099976632, 0.008896498244163508, 0.0127455067983015, 0.012926807463984485, 0.05406695063885877, 0.03369896099074589, 0.010069800434681133, 0.0, 0.0, 0.0, 0.0, 0.0023110501131758075, 0.0, 0.0025103753066138415, 0.00016977603195917395, 0.0, 0.004927281308883478, 0.02349013631823101, 0.0, 0.0, 0.0, 0.0, 0.038657610307755406, 0.0015864488790113523, 0.0, 0.021101671042277996, 0.000599802455006027, 0.016930628915991185, 0.0, 0.0, 0.01233751760653047, 0.0, 0.0, 0.05443635594294376, 0.006944105470965829, 0.0, 0.0, 0.015204419848116574, 0.010570591452807305, 0.00480276931333191]}