{"labels": [0, 1, 2, 3, 4, 5, 6, 7, 8, 9, 10, 11, 12, 13, 14, 15, 16, 17, 18, 19, 20, 21, 22, 23, 24, 25, 26, 27, 28, 29, 30, 31, 32, 33, 34, 35, 36, 37, 38, 39], "data": [0.0, 0.0, 0.0, 0.0, 0.03680058195292188, 0.0, 0.005430178218500836, 0.035568900104622214, 0.00035114265827400955, 0.0, 0.0, 0.0, 0.0, 0.0, 0.0, 0.0, 0.0, 0.0, 0.01986851828716047, 0.0, 0.0, 0.0, 0.0, 0.0, 0.0, 0.0, 0.0, 0.0, 0.0, 0.023880442059342054, 0.060008008928701374, 0.0, 0.0, 0.0, 0.0533777928213327, 0.001685575586868961, 0.0, 0.0, 0.0, 0.07876309254890017]}