{"labels": [0, 1, 2, 3, 4, 5, 6, 7, 8, 9, 10, 11, 12, 13, 14, 15, 16, 17, 18, 19, 20, 21, 22, 23, 24, 25, 26, 27, 28, 29, 30, 31, 32, 33, 34, 35, 36, 37, 38, 39], "data": [0.0, 0.0, 0.0, 0.0, 0.02342842741334724, 0.0, 0.03615379134083867, 0.0, 0.0, 0.0, 0.009846911789131286, 0.0, 0.011093763822474, 0.0, 0.0, 0.0, 0.0, 0.0, 0.0, 0.010573283852463661, 0.0, 0.0, 0.0, 0.0, 0.0, 0.0, 0.0, 0.0, 0.0, 0.00046440161885270246, 0.06699097950915323, 0.0, 0.0, 0.0, 0.0, 0.051514207847200184, 0.0034588706521344126, 0.0, 0.0, 0.0]}