{"labels": [0, 1, 2, 3, 4, 5, 6, 7, 8, 9, 10, 11, 12, 13, 14, 15, 16, 17, 18, 19, 20, 21, 22, 23, 24, 25, 26, 27, 28, 29, 30, 31, 32, 33, 34, 35, 36, 37, 38, 39], "data": [0.0, 0.0, 0.0, 0.0, 0.0, 0.0, 0.0, 0.0, 0.0019243865721751108, 0.0, 0.0, 0.0, 0.008908668040369931, 0.0010370320071029608, 0.0, 0.0, 0.004999134183108076, 0.03369523952773443, 0.0, 0.0, 0.0, 0.013060297982375913, 0.0005179734717287203, 0.0, 0.0, 0.011344074592593487, 0.0007355197841946039, 0.018888313308583638, 0.0010312125034595062, 0.0, 0.0, 0.0, 0.0011572527736674885, 0.0696708743085133, 0.02278964159984647, 0.0, 0.007193843371942254, 0.023626922654577415, 0.0, 0.0]}