{"labels": [0, 1, 2, 3, 4, 5, 6, 7, 8, 9, 10, 11, 12, 13, 14, 15, 16, 17, 18, 19, 20, 21, 22, 23, 24, 25, 26, 27, 28, 29, 30, 31, 32, 33, 34, 35, 36, 37, 38, 39], "data": [0.0027851512900566103, 0.0010595511790156072, 0.0015211812392217625, 0.015569070588108396, 0.03116808218685319, 0.0, 0.0, 0.0, 0.0, 0.020220529634560173, 0.0, 0.0, 0.0, 0.053994149869410486, 0.0, 0.0, 0.0, 0.019992239046389082, 0.0, 0.0009627918861770522, 0.0024044685553626538, 0.026711425301086774, 0.10705278284489059, 0.015515019028900689, 0.0, 0.01325995582878414, 0.0, 0.0, 0.0, 0.0, 0.0, 0.0, 0.0, 0.0, 0.019269221107243453, 0.0, 0.0, 0.0, 0.0, 0.0]}