{"labels": [0, 1, 2, 3, 4, 5, 6, 7, 8, 9, 10, 11, 12, 13, 14, 15, 16, 17, 18, 19, 20, 21, 22, 23, 24, 25, 26, 27, 28, 29, 30, 31, 32, 33, 34, 35, 36, 37, 38, 39], "data": [0.005674322197192422, 0.0, 0.0, 0.001370541110914888, 0.019122084641151574, 0.01111256658324896, 0.0, 0.0, 0.0, 0.011106588446802932, 0.0, 0.0, 0.004284168300324049, 0.023223305460996876, 0.013525108984957478, 0.0015924841226586256, 0.00028970741085276863, 0.0, 0.0020496308611597275, 0.02741780032055043, 0.008766242401998555, 0.0, 0.0005408101002498218, 0.01711939754018215, 0.0, 0.036099012732650135, 0.0, 0.0, 0.0, 0.0, 0.0, 0.00020689608200991406, 0.0, 0.0, 0.0, 0.0, 0.0, 0.0018964226721278272, 0.041227557993134226, 0.0]}