{"labels": [0, 1, 2, 3, 4, 5, 6, 7, 8, 9, 10, 11, 12, 13, 14, 15, 16, 17, 18, 19, 20, 21, 22, 23, 24, 25, 26, 27, 28, 29, 30, 31, 32, 33, 34, 35, 36, 37, 38, 39], "data": [0.0019695283635961353, 0.0, 0.0, 0.009298342160084273, 0.034111259062144225, 0.0, 0.007600491592478905, 0.018852233066637396, 0.0, 0.0023014166531633577, 0.0049101806351950165, 0.0, 0.0, 0.0, 0.0, 0.0, 0.011852260251229492, 0.0, 0.0, 0.027343904661154928, 0.0, 0.027228989633857427, 0.0014007432584640957, 0.0016804560441787946, 0.028493220717349627, 0.0, 0.006788617744205368, 0.023975290030443356, 0.0, 0.0, 0.0, 0.0, 0.09575382975123209, 0.03418304744666695, 0.015380290542232047, 0.0006185178414890217, 0.0, 0.017881781363906953, 0.0, 0.0]}