{"labels": [0, 1, 2, 3, 4, 5, 6, 7, 8, 9, 10, 11, 12, 13, 14, 15, 16, 17, 18, 19, 20, 21, 22, 23, 24, 25, 26, 27, 28, 29, 30, 31, 32, 33, 34, 35, 36, 37, 38, 39], "data": [0.004792919424194509, 0.0, 0.0, 0.008311855242775527, 0.0, 0.04303279223319921, 0.007873998210120586, 0.001077545645763672, 0.0, 0.0, 0.0, 0.003806059806191856, 0.0, 0.023968942942892448, 0.0, 0.0, 0.0013394351218166053, 0.01425789672491998, 0.00507724626602185, 0.03247854653175137, 0.011741042415016004, 0.019637410809778547, 0.0, 0.0025846224435521594, 0.017280813358403438, 0.03373339830625103, 0.001467554446544878, 0.01354628212790415, 0.006525956938636955, 0.0, 0.00382044905400726, 0.0013250217528960172, 0.02678373750290864, 0.00478931853677026, 0.0, 0.000223121783484609, 0.0, 0.05251266790098256, 0.039334154532971045, 0.0]}