{"labels": [0, 1, 2, 3, 4, 5, 6, 7, 8, 9, 10, 11, 12, 13, 14, 15, 16, 17, 18, 19, 20, 21, 22, 23, 24, 25, 26, 27, 28, 29, 30, 31, 32, 33, 34, 35, 36, 37, 38, 39], "data": [0.0, 0.0, 0.0, 0.0, 0.0, 0.0, 0.007524867062675077, 0.0, 0.008913575661932354, 0.006956660139482389, 0.005631279858614743, 0.023158449732468507, 0.00021148973336195643, 0.009431417555847808, 0.0, 0.0, 0.0, 0.0, 0.0, 0.0, 0.007119987577790787, 0.0, 0.0022449614871703615, 0.0, 0.0, 0.0, 0.006938524653867268, 0.0, 0.0, 0.0, 0.0, 0.0, 0.0025476523946918865, 0.0, 0.0073616773248462225, 0.0, 0.0, 0.13219591763620256, 0.0, 0.0]}