{"labels": [0, 1, 2, 3, 4, 5, 6, 7, 8, 9, 10, 11, 12, 13, 14, 15, 16, 17, 18, 19, 20, 21, 22, 23, 24, 25, 26, 27, 28, 29, 30, 31, 32, 33, 34, 35, 36, 37, 38, 39], "data": [0.0012509158394867778, 0.00031548735602729097, 0.0, 0.0, 0.0, 0.0, 0.023719051655842528, 0.014673676213205557, 0.001709474506719632, 0.0, 0.0, 0.0, 0.0025251120690410046, 0.0, 1.2234327004975517e-05, 0.0, 0.00031570671217187054, 0.003016155283871209, 0.0, 0.0002499343950102232, 0.004628522034892296, 0.0, 0.0, 0.0, 0.0, 0.0, 0.00028570119379290113, 0.001785079446047551, 0.006004124439522055, 0.0, 0.00284166124019656, 0.0032200869275033003, 0.0, 0.05368494067695751, 0.0031765611916668587, 0.014087393292789416, 0.0, 0.014374329828347462, 0.0, 0.0]}