{"labels": [0, 1, 2, 3, 4, 5, 6, 7, 8, 9, 10, 11, 12, 13, 14, 15, 16, 17, 18, 19, 20, 21, 22, 23, 24, 25, 26, 27, 28, 29, 30, 31, 32, 33, 34, 35, 36, 37, 38, 39], "data": [0.0035895520466208467, 0.0, 0.015864693024538246, 0.0, 0.0, 0.036173330768475204, 0.006137367175034401, 0.008523112690014973, 0.0, 0.025878768868134266, 0.003171571931190763, 0.044510760243844455, 0.030314454748653803, 0.004073081536041175, 0.0, 0.0, 0.0, 0.0008145588268785642, 0.0, 0.0, 0.0, 0.0030854990276215754, 0.03433497278537955, 0.0032836869771859715, 0.0018249173337213085, 0.026242474727797914, 0.02387314359233029, 0.0, 0.013650021006386452, 0.003907362786088974, 0.0, 0.0, 0.0, 0.01062129685579558, 0.0006408229511014054, 0.0, 0.0, 0.03788924253797007, 0.024551076945085574, 0.0]}