{"labels": [0, 1, 2, 3, 4, 5, 6, 7, 8, 9, 10, 11, 12, 13, 14, 15, 16, 17, 18, 19, 20, 21, 22, 23, 24, 25, 26, 27, 28, 29, 30, 31, 32, 33, 34, 35, 36, 37, 38, 39], "data": [0.0, 0.0, 0.0, 0.0010394250570084252, 0.0, 0.0, 0.0, 0.0, 0.0, 0.008093050483125058, 0.0, 0.0, 0.002928367059906704, 0.0, 0.0, 0.0, 0.0, 0.0, 0.0016777767880352843, 0.0, 0.0, 0.0015005009874047516, 0.00055089106584799, 0.0, 0.0, 0.0, 0.0, 0.0, 0.0, 0.0, 0.0, 0.0, 0.0, 0.0, 0.0037422904630082764, 0.0, 0.0, 0.0, 0.0, 0.0]}