{"labels": [0, 1, 2, 3, 4, 5, 6, 7, 8, 9, 10, 11, 12, 13, 14, 15, 16, 17, 18, 19, 20, 21, 22, 23, 24, 25, 26, 27, 28, 29, 30, 31, 32, 33, 34, 35, 36, 37, 38, 39], "data": [0.0, 0.0, 0.0009834754410353098, 0.0, 0.0, 0.0, 0.012853770857474862, 0.004095559844894541, 0.0, 0.028241127550687684, 0.004286663019968511, 0.0, 0.013293802194951012, 0.0, 0.0, 0.0021341657173789145, 0.0, 0.0006343101720397569, 0.0, 0.0016034112586598302, 0.0, 0.04369176219185079, 0.06902830921631294, 0.006860899778215873, 0.06612464141776421, 0.0, 0.00250468983361968, 0.0, 0.0, 0.0, 0.0, 0.012741681202375565, 0.04073665515832093, 0.0, 0.0038735906524149915, 0.0, 0.0, 0.0, 0.0, 0.0]}