{"labels": [0, 1, 2, 3, 4, 5, 6, 7, 8, 9, 10, 11, 12, 13, 14, 15, 16, 17, 18, 19, 20, 21, 22, 23, 24, 25, 26, 27, 28, 29, 30, 31, 32, 33, 34, 35, 36, 37, 38, 39], "data": [0.0010611493804598504, 0.0, 0.0, 0.0, 0.04082234826346767, 0.020968741234688677, 0.029212389920039248, 0.0, 0.0, 0.00538564544473047, 0.00863550200012828, 0.0, 0.0, 0.0, 0.0, 0.0, 0.0, 0.0, 0.0, 0.0, 0.0033854317573318348, 0.0, 0.0, 0.0, 0.0, 0.0, 0.0, 0.06980664549430438, 0.0, 0.0, 0.0, 0.0, 0.0, 0.0003999306468983044, 0.029371550315354357, 0.0, 0.0020588284255665568, 0.02336727788161434, 0.0, 0.003030496562931511]}