{"labels": [0, 1, 2, 3, 4, 5, 6, 7, 8, 9, 10, 11, 12, 13, 14, 15, 16, 17, 18, 19, 20, 21, 22, 23, 24, 25, 26, 27, 28, 29, 30, 31, 32, 33, 34, 35, 36, 37, 38, 39], "data": [0.00432465938996127, 0.002954708927281573, 0.0, 0.0, 0.001550700163968997, 0.0, 0.0, 0.027871822214866497, 0.0, 0.027117083583097234, 0.00016461196101594494, 0.0, 0.0, 0.003136288489691494, 0.0, 0.0, 0.0, 0.016943509078582577, 0.0, 0.03749945847444026, 0.0, 0.0, 0.0, 0.05067222217560868, 0.03699299172922723, 0.0, 0.0, 0.0004995519019166653, 0.0, 0.07935737985659007, 0.0, 0.003679974288434524, 0.0, 0.0, 0.0, 0.0, 0.0, 0.0, 0.003004633266910178, 0.0]}