{"labels": [0, 1, 2, 3, 4, 5, 6, 7, 8, 9, 10, 11, 12, 13, 14, 15, 16, 17, 18, 19, 20, 21, 22, 23, 24, 25, 26, 27, 28, 29, 30, 31, 32, 33, 34, 35, 36, 37, 38, 39], "data": [0.0042081655620812035, 0.018960094006742034, 0.01799925298584335, 0.00924598724004706, 0.0014151435288380216, 0.0023510990766701543, 0.013032685486462962, 0.014334712992107701, 0.0, 0.04862730882077355, 0.0, 0.0, 0.051434588643503185, 0.0, 0.06676178076849038, 0.0, 0.0, 0.0053136091408058925, 0.0028615756967926577, 0.0, 0.0, 0.011488465435594404, 0.007234061235210288, 0.0, 0.0, 0.0, 0.0, 0.0, 0.006315262277168517, 0.0074096419424293306, 0.010823534066771905, 0.0, 0.04870524105958215, 0.08154539585223111, 0.004456865033391124, 0.013522814171138795, 0.025501292167034922, 0.0, 0.010515755314379387, 8.905593721583143e-05]}