{"labels": [0, 1, 2, 3, 4, 5, 6, 7, 8, 9, 10, 11, 12, 13, 14, 15, 16, 17, 18, 19, 20, 21, 22, 23, 24, 25, 26, 27, 28, 29, 30, 31, 32, 33, 34, 35, 36, 37, 38, 39], "data": [0.0, 0.00024563792338344674, 0.006738866688336378, 0.012768054019622848, 0.0, 0.015547553059706107, 0.048381494864328425, 0.0, 0.0, 0.0, 0.0015355385758636505, 0.004640295126092451, 0.0, 0.005892218839991767, 0.0, 0.0, 0.0, 0.0, 0.0, 0.003616620006923261, 0.006469370911214307, 0.008090335291144222, 0.006516987789874459, 0.020425937980498333, 0.007552158479222677, 0.0, 0.006474893885564701, 0.0, 0.0013302132856415553, 0.014380228829301515, 0.0, 0.0001601738739691682, 0.001276495730736225, 0.04334165089065678, 0.0049788129606081555, 0.0, 0.0, 0.0, 0.003446409288914583, 0.0018143501261491187]}