{"labels": [0, 1, 2, 3, 4, 5, 6, 7, 8, 9, 10, 11, 12, 13, 14, 15, 16, 17, 18, 19, 20, 21, 22, 23, 24, 25, 26, 27, 28, 29, 30, 31, 32, 33, 34, 35, 36, 37, 38, 39], "data": [0.0, 0.0, 0.0, 0.0, 0.0, 0.0, 0.013599754301142323, 0.0, 0.014813526133764117, 0.0, 0.0, 0.0, 0.0, 0.0, 0.0, 0.0, 0.0, 0.0, 0.0, 0.0, 0.0, 0.0, 0.0, 0.0, 0.0, 0.01686652261863647, 0.0, 0.0, 0.0, 0.0, 0.0, 0.0, 0.0, 0.19391615973639328, 0.0, 0.0, 0.0, 0.0, 0.043228061755755734, 0.0]}