{"labels": [0, 1, 2, 3, 4, 5, 6, 7, 8, 9, 10, 11, 12, 13, 14, 15, 16, 17, 18, 19, 20, 21, 22, 23, 24, 25, 26, 27, 28, 29, 30, 31, 32, 33, 34, 35, 36, 37, 38, 39], "data": [0.01696988654539318, 0.0, 0.014472174732523416, 0.004227235873552854, 0.013094088011540786, 0.0025435485202412334, 0.0, 0.0, 0.0, 0.0027490362767083865, 0.0, 0.0, 0.019052669795004633, 0.009484605550160955, 0.0, 0.0, 0.013041484272712546, 0.014689596808460905, 0.017887574309624198, 0.02941312713540593, 0.0023547739206584944, 0.0065606346351790934, 0.0, 0.0013995384803533225, 0.0, 0.04054218415336553, 0.0, 0.0012696785788586203, 0.0, 0.0, 0.005450448390884092, 0.00030062659475838064, 0.0, 0.0, 0.0, 0.0, 0.0, 0.0, 0.002818838567743497, 0.0]}