{"labels": [0, 1, 2, 3, 4, 5, 6, 7, 8, 9, 10, 11, 12, 13, 14, 15, 16, 17, 18, 19, 20, 21, 22, 23, 24, 25, 26, 27, 28, 29, 30, 31, 32, 33, 34, 35, 36, 37, 38, 39], "data": [0.0, 0.0, 0.024308944994648207, 0.010361431387413668, 0.01505111083286942, 0.0, 0.02222580675230897, 0.0, 0.02770237082904833, 0.007155798591096775, 0.0021159447876074686, 0.0, 0.014747971171089048, 0.0, 0.01006629273013835, 0.0, 0.07986012013315474, 0.0018281298956225492, 0.0, 0.0, 0.006557478372972296, 0.007373241914064002, 0.0014469717747672426, 0.0, 0.011366691179201789, 0.0, 0.0, 0.0, 0.0032482008195495603, 0.0, 0.0, 0.00551601484166905, 0.0, 0.014262619171372438, 0.0, 0.0, 0.0, 0.017671482157913906, 0.0, 0.0]}