{"labels": [0, 1, 2, 3, 4, 5, 6, 7, 8, 9, 10, 11, 12, 13, 14, 15, 16, 17, 18, 19, 20, 21, 22, 23, 24, 25, 26, 27, 28, 29, 30, 31, 32, 33, 34, 35, 36, 37, 38, 39], "data": [0.0, 0.00687638346692598, 0.016405071046807673, 0.027784779513836986, 0.0, 0.0021598393621736164, 0.0, 0.00041635431459603387, 0.003837192228829277, 0.002498614440544907, 0.0, 0.015209998826189739, 0.0, 0.0009279654668053491, 0.0, 0.01937833156759269, 0.0, 0.0, 0.0004550318990812343, 0.0, 0.008727308625135132, 0.020046959767910398, 0.001749272130204838, 0.0022045624138057897, 0.002907939205474015, 0.003982536311820026, 0.004397889106618472, 0.014705973493751402, 0.0016231299285690672, 0.005927217245972963, 0.010908987906576153, 0.04308136041781971, 0.03059831498178916, 0.007938345889701237, 0.010049201115634506, 0.0, 0.09554496390054688, 0.0, 0.0, 0.0005231031596475076]}