{"labels": [0, 1, 2, 3, 4, 5, 6, 7, 8, 9, 10, 11, 12, 13, 14, 15, 16, 17, 18, 19, 20, 21, 22, 23, 24, 25, 26, 27, 28, 29, 30, 31, 32, 33, 34, 35, 36, 37, 38, 39], "data": [0.01019859300249216, 0.0, 0.004810424511808871, 0.001992517765793185, 0.010908530342451296, 0.07689202179928353, 0.0007693535025842154, 0.0008021334582662513, 0.0, 0.0, 0.0, 0.0, 0.0, 0.02095809300140251, 0.0, 0.008789492083334653, 0.0734452515631203, 0.003513884032781339, 0.012238990981488309, 0.02137596329792528, 0.0, 0.0, 0.002781877352017917, 0.0, 0.0023147570935203488, 0.01706243763596926, 0.0, 0.0, 0.0, 0.0058370125201004, 0.0, 0.001957436197257442, 0.0030686168586699933, 0.008459713389107604, 0.0, 0.0037740663814462626, 0.0, 0.008144005307094918, 0.02162285436778731, 0.047403893802836904]}