{"labels": [0, 1, 2, 3, 4, 5, 6, 7, 8, 9, 10, 11, 12, 13, 14, 15, 16, 17, 18, 19, 20, 21, 22, 23, 24, 25, 26, 27, 28, 29, 30, 31, 32, 33, 34, 35, 36, 37, 38, 39], "data": [0.0, 0.0, 0.0, 0.007300238620883301, 0.16118485197414958, 0.0, 0.0, 0.0, 0.08626342607011107, 0.0, 0.0, 0.0, 0.0, 0.0, 0.0, 0.019045760159513394, 0.0011921900255862628, 0.0, 0.0, 0.0, 0.0, 0.0, 0.013303137984747278, 0.0, 0.0, 0.0, 0.0, 0.0, 0.0067737690920101476, 0.0, 0.0, 0.0048894947195121516, 0.0, 0.0, 0.0, 0.0, 0.0, 1.2427371548031918, 0.0, 0.05273304370013257]}