{"labels": [0, 1, 2, 3, 4, 5, 6, 7, 8, 9, 10, 11, 12, 13, 14, 15, 16, 17, 18, 19, 20, 21, 22, 23, 24, 25, 26, 27, 28, 29, 30, 31, 32, 33, 34, 35, 36, 37, 38, 39], "data": [0.013828234656654614, 0.0022257232794651222, 0.0012026317539333847, 0.0, 0.0, 0.0, 0.0, 0.0, 0.0, 0.05912832722220353, 0.0, 0.0, 0.001678496292123848, 0.0, 0.0, 0.0, 0.0, 0.002844937859931778, 0.0, 0.0032292350442071523, 0.0, 0.04773114173016639, 0.0, 0.004135696194757094, 0.0, 0.0, 0.0, 2.3030222243220556e-05, 0.0, 0.0, 0.0, 0.0, 9.396566487879678e-06, 0.0, 0.0, 0.0, 0.0, 0.026191894869946, 0.0013879038819797523, 0.0]}