{"labels": [0, 1, 2, 3, 4, 5, 6, 7, 8, 9, 10, 11, 12, 13, 14, 15, 16, 17, 18, 19, 20, 21, 22, 23, 24, 25, 26, 27, 28, 29, 30, 31, 32, 33, 34, 35, 36, 37, 38, 39], "data": [0.0, 0.034976951953486456, 0.023283694528567277, 0.0, 0.032948628431951746, 0.0, 0.0, 0.0, 0.0, 0.0, 0.0, 0.0, 0.0, 0.0, 0.0006184663151010539, 0.0, 0.0, 0.003974404718889178, 0.0, 0.028894288815950006, 0.0, 0.0, 0.0, 0.0, 0.0, 0.0, 0.0, 0.04000922212458333, 0.1249356748840913, 0.010682020532147753, 0.0, 0.0, 0.0, 0.011009299310963372, 0.007536484036113989, 0.0, 0.0, 0.01132887038046515, 0.0, 0.0]}