{"labels": [0, 1, 2, 3, 4, 5, 6, 7, 8, 9, 10, 11, 12, 13, 14, 15, 16, 17, 18, 19, 20, 21, 22, 23, 24, 25, 26, 27, 28, 29, 30, 31, 32, 33, 34, 35, 36, 37, 38, 39], "data": [0.0, 0.0, 0.0, 0.0, 0.0846248795900229, 0.0, 0.16109118153686525, 0.014192066252214405, 0.0034110529713874, 0.0, 0.0, 0.0037280979198517717, 0.0, 0.0, 0.0, 0.0, 0.0, 0.02399116914046806, 0.0, 0.0, 0.0, 0.0, 0.0, 0.0, 0.0, 0.01685179935804502, 0.0, 0.0, 0.05443198076622494, 0.0, 0.0, 0.0, 0.0, 0.022808705695023385, 0.11189263536023834, 0.006214164846276444, 0.0, 0.07078554355350898, 0.0, 0.0]}