{"labels": [0, 1, 2, 3, 4, 5, 6, 7, 8, 9, 10, 11, 12, 13, 14, 15, 16, 17, 18, 19, 20, 21, 22, 23, 24, 25, 26, 27, 28, 29, 30, 31, 32, 33, 34, 35, 36, 37, 38, 39], "data": [0.0038692427791803237, 0.00859153163065662, 0.007044047243545394, 0.0, 0.008297543580981453, 0.0, 0.010734443142341208, 0.0, 0.0, 0.012690728216138949, 0.008097361489532464, 0.0, 0.005266046807107968, 0.00632138662686352, 0.006016534853630888, 0.0, 0.010048585967670703, 0.0059780382095299504, 0.0021415849784970254, 0.0, 0.0, 0.006280342926253286, 0.003953839314115849, 0.014038356993238438, 0.00081610031496147, 0.0058844500661712935, 0.0, 0.002059099611489785, 0.0, 0.0, 0.00678381038484058, 0.0013400326267532328, 0.0017828825681852592, 0.0030493953793735372, 0.00827185903639002, 0.0, 0.0034181604203275626, 0.0024465101240716616, 0.0, 0.0028154835732388346]}