{"labels": [0, 1, 2, 3, 4, 5, 6, 7, 8, 9, 10, 11, 12, 13, 14, 15, 16, 17, 18, 19, 20, 21, 22, 23, 24, 25, 26, 27, 28, 29, 30, 31, 32, 33, 34, 35, 36, 37, 38, 39], "data": [0.0, 0.007399243800002164, 0.0, 0.0, 0.0, 0.0002640417339808119, 0.0, 0.02367965118100869, 0.0, 0.003613593328526089, 0.0, 0.0, 0.016353184322541237, 0.0, 0.08344594691919162, 0.0, 0.0, 0.0, 0.0, 0.00021784779511825993, 0.0, 0.0, 0.0002702883908321232, 0.0, 0.0, 0.0, 0.030818382400051008, 0.0, 0.0, 0.0, 0.1572764567478929, 0.0, 0.05585264545030749, 0.0, 0.0, 0.0, 0.009262480019826574, 0.0, 0.0, 0.0]}