{"labels": [0, 1, 2, 3, 4, 5, 6, 7, 8, 9, 10, 11, 12, 13, 14, 15, 16, 17, 18, 19, 20, 21, 22, 23, 24, 25, 26, 27, 28, 29, 30, 31, 32, 33, 34, 35, 36, 37, 38, 39], "data": [0.09776792247716555, 0.004604124013749999, 0.01984610322652744, 0.0, 0.022869638315405786, 0.00014147167912521215, 0.024525762697203607, 0.0, 0.0, 0.06581070292295986, 0.004672150851618835, 0.0, 0.0, 0.0, 0.0, 0.0, 0.0, 0.0, 0.02304007234738871, 0.0, 0.0, 0.0, 0.0, 0.0, 0.0, 0.0, 0.0, 0.017525598738478122, 0.0, 0.0016239780167361145, 0.0, 0.0, 0.0, 0.0, 0.0, 0.0, 0.0, 0.0, 0.0, 0.019288065367847766]}