{"labels": [0, 1, 2, 3, 4, 5, 6, 7, 8, 9, 10, 11, 12, 13, 14, 15, 16, 17, 18, 19, 20, 21, 22, 23, 24, 25, 26, 27, 28, 29, 30, 31, 32, 33, 34, 35, 36, 37, 38, 39], "data": [0.0, 0.027294243349356113, 0.028103884409367574, 0.004171009364581485, 0.0, 0.0, 0.029207656814342606, 0.0, 0.0, 0.0, 0.0, 0.0, 0.0, 0.0, 0.0, 0.0, 0.0, 0.0, 0.0, 0.0, 0.046643756166243514, 0.005159613182954776, 0.0, 0.06614143291628662, 0.052571838456516244, 0.0, 0.0, 0.021516666178383034, 0.0, 0.0, 0.0, 0.0, 0.04119201006722641, 0.0, 0.0, 0.020208522971976926, 0.03293880147270352, 0.0, 0.0, 0.0]}