{"labels": [0, 1, 2, 3, 4, 5, 6, 7, 8, 9, 10, 11, 12, 13, 14, 15, 16, 17, 18, 19, 20, 21, 22, 23, 24, 25, 26, 27, 28, 29, 30, 31, 32, 33, 34, 35, 36, 37, 38, 39], "data": [0.0, 0.0, 0.02545074426785113, 0.0, 0.013623707906605687, 0.0, 0.0022275143386398695, 0.0, 0.0, 0.0, 0.010262048481328306, 0.0, 0.0, 0.0, 0.0044461510530985696, 0.0, 0.0, 0.0, 0.013338887589975491, 0.024758671321857485, 0.005181254086897964, 0.0036759216899232765, 0.006314009436333287, 0.014267152368575392, 0.022565022949522447, 0.0, 0.0011770008081872403, 0.0, 0.030946438638044405, 0.0014994185598153876, 0.004667150726597978, 0.0, 0.0, 0.07628154946132873, 0.0, 0.0, 0.0, 0.022874650154547534, 1.3381043221884586e-05, 0.0]}