{"labels": [0, 1, 2, 3, 4, 5, 6, 7, 8, 9, 10, 11, 12, 13, 14, 15, 16, 17, 18, 19, 20, 21, 22, 23, 24, 25, 26, 27, 28, 29, 30, 31, 32, 33, 34, 35, 36, 37, 38, 39], "data": [0.0, 0.001615227190405286, 9.699944474970244e-05, 0.0, 0.03077789876177253, 0.018637255505464856, 0.026163514408650352, 0.002881223385198326, 0.0032731706468221195, 0.0, 0.0075121915427929994, 0.0036187248717814047, 0.0, 0.00019540005224943623, 0.021401610852249352, 0.0, 0.053091819234593496, 0.0, 0.00018468395244680732, 0.0, 0.0, 0.0, 0.0006691990807466789, 0.0, 0.0, 0.0633008228279685, 0.006183845402410765, 0.00039515236052458833, 0.0, 0.00872386930843194, 0.0, 0.00042845451109386226, 0.0, 0.0, 0.0, 0.0, 0.0, 0.017577509901642765, 0.07892461811186557, 0.003263824362997269]}