{"labels": [0, 1, 2, 3, 4, 5, 6, 7, 8, 9, 10, 11, 12, 13, 14, 15, 16, 17, 18, 19, 20, 21, 22, 23, 24, 25, 26, 27, 28, 29, 30, 31, 32, 33, 34, 35, 36, 37, 38, 39], "data": [0.0, 0.0, 0.0, 0.0725734806788578, 0.0, 0.0, 0.0, 0.04534503301518345, 0.0, 0.0, 0.0, 0.0, 0.022521530307571588, 0.0, 0.0, 0.03308220996278356, 0.0, 0.0, 0.0, 0.0, 0.0, 0.0, 0.06968497475502076, 0.0, 0.0, 0.0, 0.0, 0.032812890656602596, 0.005501982540875686, 0.0, 0.0, 0.0, 0.0, 0.0, 0.0, 0.04710828354803383, 0.0, 0.01259131220636845, 0.0, 0.0]}