{"labels": [0, 1, 2, 3, 4, 5, 6, 7, 8, 9, 10, 11, 12, 13, 14, 15, 16, 17, 18, 19, 20, 21, 22, 23, 24, 25, 26, 27, 28, 29, 30, 31, 32, 33, 34, 35, 36, 37, 38, 39], "data": [0.0, 0.00787847018550419, 9.232004061484074e-05, 0.0, 0.0, 0.027932622806829465, 0.0, 0.00943645908979713, 0.0, 0.034686549657278534, 0.0, 0.004242634563860002, 0.0, 0.0, 0.000916517987141195, 0.0, 0.004729820461841356, 0.034939381423686106, 0.0, 0.035233916508313645, 0.017653609649003303, 0.0035297006478904715, 0.08292854564455142, 0.0, 0.0, 0.0, 0.0057824473964036005, 0.006801469718290852, 0.0022874184184334687, 0.0, 0.034512805689594285, 0.0, 0.043673738005136506, 0.013739591707538502, 0.0, 0.0, 0.0, 0.0, 0.003506509268564023, 0.001239034796546376]}