{"labels": [0, 1, 2, 3, 4, 5, 6, 7, 8, 9, 10, 11, 12, 13, 14, 15, 16, 17, 18, 19, 20, 21, 22, 23, 24, 25, 26, 27, 28, 29, 30, 31, 32, 33, 34, 35, 36, 37, 38, 39], "data": [0.0072414266385363215, 0.0, 0.004713810092993044, 0.0, 0.06299962396596528, 0.0, 0.013113678590011281, 0.0, 0.0, 0.01765225693775161, 0.003331773412723213, 3.1130085029344055e-05, 0.006414792438872503, 0.003327939011115186, 0.0, 0.0, 0.0, 0.0, 0.0, 0.0, 0.0, 0.0, 0.0, 0.0010609434320841085, 0.0, 0.0, 0.0, 0.0, 0.010432778875719487, 0.0, 0.0, 0.0063641987629922256, 0.0, 0.045124901510529496, 0.0, 0.041192217128676, 0.0, 0.0, 0.0, 0.001693164093095997]}