{"labels": [0, 1, 2, 3, 4, 5, 6, 7, 8, 9, 10, 11, 12, 13, 14, 15, 16, 17, 18, 19, 20, 21, 22, 23, 24, 25, 26, 27, 28, 29, 30, 31, 32, 33, 34, 35, 36, 37, 38, 39], "data": [0.0, 0.0, 0.0, 0.0, 0.007696434367743123, 0.0, 0.0, 0.0, 0.0, 0.0, 0.0, 0.0, 0.0, 0.0041247001784678345, 0.06288732007705702, 0.0, 0.0015027303385690223, 0.0, 0.0, 0.0007320312503986129, 0.0, 0.0, 0.0, 0.0021373387348314057, 0.0, 0.0, 0.0, 0.004860197878592956, 0.0, 0.0, 0.0, 0.0, 0.004029639492180899, 0.03450437166573794, 0.0, 0.061790738981743414, 0.0, 0.0, 0.0, 0.0]}