{"labels": [0, 1, 2, 3, 4, 5, 6, 7, 8, 9, 10, 11, 12, 13, 14, 15, 16, 17, 18, 19, 20, 21, 22, 23, 24, 25, 26, 27, 28, 29, 30, 31, 32, 33, 34, 35, 36, 37, 38, 39], "data": [0.0, 0.0027568322166064483, 0.0, 0.01568646641435543, 0.0, 0.0, 0.011295144983718001, 0.0, 0.005844308096776745, 0.01272945065587392, 0.0, 0.0, 0.0, 0.0, 0.0006209760582983537, 0.08255403413027287, 0.0, 0.0, 0.0, 0.0, 0.0, 0.002120929913291178, 0.0, 0.058221928448906814, 0.0, 0.0, 0.00449390772973278, 0.0, 0.0, 0.0, 0.012742109041451535, 0.0, 0.0, 0.0, 0.002581853984737343, 0.0, 0.0, 0.0, 0.0, 0.0]}