{"labels": [0, 1, 2, 3, 4, 5, 6, 7, 8, 9, 10, 11, 12, 13, 14, 15, 16, 17, 18, 19, 20, 21, 22, 23, 24, 25, 26, 27, 28, 29, 30, 31, 32, 33, 34, 35, 36, 37, 38, 39], "data": [0.11772286847665932, 0.0, 0.0, 0.0, 0.0, 0.0, 0.0, 0.0, 0.0180502139334556, 0.0, 0.0, 0.0, 0.0, 0.2637620135372629, 0.0082944130110437, 0.028031681604360575, 0.06496655083650074, 0.0, 0.0, 0.07685252145552154, 0.0, 0.0, 0.0, 0.0946288507503341, 0.0, 0.0, 0.0, 0.0, 0.0, 0.0, 0.0, 0.0, 0.0, 0.0, 0.0, 0.0, 0.01739258071855599, 0.0, 0.0, 0.00992962214833687]}