{"labels": [0, 1, 2, 3, 4, 5, 6, 7, 8, 9, 10, 11, 12, 13, 14, 15, 16, 17, 18, 19, 20, 21, 22, 23, 24, 25, 26, 27, 28, 29, 30, 31, 32, 33, 34, 35, 36, 37, 38, 39], "data": [0.006746263773716077, 0.0, 0.0023205239628895278, 0.0, 0.0, 0.0, 0.03542726684679643, 0.0, 0.0, 0.018136324434028305, 0.0, 0.0, 0.0, 0.0, 0.0, 0.0, 0.0, 0.0, 0.0, 0.0, 0.001115666164663541, 0.004155940027869388, 0.0, 0.0, 0.0, 0.012987767763577806, 0.003853205508658493, 0.0, 0.0, 0.0, 0.0, 0.0, 0.0018049676441445198, 0.0, 0.018327710432211923, 0.0, 0.0, 0.015408823389148518, 0.004815581297668429, 0.07218395371683604]}