{"labels": [0, 1, 2, 3, 4, 5, 6, 7, 8, 9, 10, 11, 12, 13, 14, 15, 16, 17, 18, 19, 20, 21, 22, 23, 24, 25, 26, 27, 28, 29, 30, 31, 32, 33, 34, 35, 36, 37, 38, 39], "data": [0.0234241375676535, 0.002244671927538097, 0.0018790272023401912, 0.0, 0.0, 0.005791885241401095, 0.0010204062464955971, 0.0, 0.0, 0.0027313091066432, 0.0, 0.0030543030065714157, 0.011142326294010515, 0.0, 0.0, 0.0, 0.0054611217768166295, 0.035853827270588494, 0.0, 0.002416031039695955, 0.0008003291249817275, 0.000705761135921767, 0.00039206314243333076, 0.009394537200846416, 0.003584066213870338, 0.007095824119250722, 0.0010064798496016735, 0.001136748744046694, 0.0021035786590215388, 0.009419965654857369, 0.02148394420321776, 0.0, 0.0, 0.00476700237671276, 0.04540499190787274, 0.018653053866715726, 0.009196112158829772, 0.0, 0.004304941776578683, 0.032329286793513316]}