{"labels": [0, 1, 2, 3, 4, 5, 6, 7, 8, 9, 10, 11, 12, 13, 14, 15, 16, 17, 18, 19, 20, 21, 22, 23, 24, 25, 26, 27, 28, 29, 30, 31, 32, 33, 34, 35, 36, 37, 38, 39], "data": [0.024737946676638187, 0.0018206328455826091, 0.0037982386648239847, 0.0, 0.004204168400911105, 0.0, 0.015088195915373736, 0.0, 0.0, 0.06001883940119043, 0.001205296738088359, 0.0, 0.0, 0.006517220555747059, 0.007915719611698747, 0.0, 0.0, 0.01405623614851868, 0.008476503615831616, 0.0, 0.014496407498393137, 0.0, 0.0, 0.0033324777034864222, 0.0, 0.07541136496991081, 0.0, 1.742175689000608e-05, 0.0, 0.0, 0.0027213930552907294, 0.0, 0.003586842649558405, 0.0, 0.016372402199994106, 0.0, 0.010195619880850049, 0.0024969309528850175, 0.012814227589044243, 0.00035552020384364315]}