{"labels": [0, 1, 2, 3, 4, 5, 6, 7, 8, 9, 10, 11, 12, 13, 14, 15, 16, 17, 18, 19, 20, 21, 22, 23, 24, 25, 26, 27, 28, 29, 30, 31, 32, 33, 34, 35, 36, 37, 38, 39], "data": [8.75978174956179e-06, 0.0002651698089234835, 0.0006858772236426209, 0.045636895284825944, 0.0, 0.0, 0.0, 0.0, 0.0, 0.014173905936496445, 0.0, 0.0, 0.0, 0.002057619807019258, 0.0008674994587061083, 0.0, 0.0, 0.004509947103862084, 0.00171390158057751, 0.0016809603718995372, 0.0, 0.005880977773768244, 0.0, 0.03020407181509318, 0.0, 0.02391737150406225, 0.0006404598211438912, 0.0, 0.0, 0.0, 0.0, 0.001442105823742942, 0.0023890564135623333, 0.020051171060172013, 0.0, 0.0, 0.0, 0.0, 0.0, 0.0]}