{"labels": [0, 1, 2, 3, 4, 5, 6, 7, 8, 9, 10, 11, 12, 13, 14, 15, 16, 17, 18, 19, 20, 21, 22, 23, 24, 25, 26, 27, 28, 29, 30, 31, 32, 33, 34, 35, 36, 37, 38, 39], "data": [0.004342554688250409, 0.0, 0.005460002471267202, 0.001474930012609265, 0.017238784056227332, 0.0, 0.014777758111566598, 0.0035009927660046938, 0.0, 0.015912357084081532, 0.004424766178380782, 0.0, 0.0, 0.009761117188473107, 0.0, 0.0, 0.0, 0.0, 0.0004970529070288303, 0.00151890903415628, 0.0027455143922297726, 0.0, 0.0, 0.033397047025792104, 0.0049515678809120296, 0.0, 0.0, 0.04444962687435525, 0.0, 0.0, 0.0010236489438080626, 0.000932153162531347, 0.00023171467777498083, 0.0, 0.0, 0.0, 0.0, 0.0, 0.0, 0.0]}