{"labels": [0, 1, 2, 3, 4, 5, 6, 7, 8, 9, 10, 11, 12, 13, 14, 15, 16, 17, 18, 19, 20, 21, 22, 23, 24, 25, 26, 27, 28, 29, 30, 31, 32, 33, 34, 35, 36, 37, 38, 39], "data": [0.0, 0.0, 0.0009862155960219416, 0.0, 0.0, 0.012683379598313239, 0.004923128339569429, 0.00760646638972889, 0.0, 0.008145831700038514, 0.04068193267920952, 0.0, 0.0, 0.0008314635108807944, 0.0, 0.021617770697075215, 0.004183484645248208, 0.0018559871014926016, 0.017707723366974123, 0.0, 0.009671708359647778, 0.0459073475384773, 0.0043773749866557465, 0.0, 0.00651209491236676, 0.0, 0.0033086180793128685, 0.0, 0.0015935666079922232, 0.0, 0.0, 0.0023032445009361097, 0.0, 0.0, 0.0043939598562564046, 0.0, 0.012621367380366027, 0.0028766210610460634, 0.009230438412864417, 0.0]}