{"labels": [0, 1, 2, 3, 4, 5, 6, 7, 8, 9, 10, 11, 12, 13, 14, 15, 16, 17, 18, 19, 20, 21, 22, 23, 24, 25, 26, 27, 28, 29, 30, 31, 32, 33, 34, 35, 36, 37, 38, 39], "data": [0.0, 0.02515420506794663, 0.01611184227387502, 0.0, 0.0, 0.004727750556766154, 0.0, 0.0, 0.0, 0.0, 0.12205264589471004, 0.0, 0.0, 0.0, 0.0, 0.0, 0.0, 0.0, 0.0, 0.0, 0.0, 0.0, 0.0, 0.0, 0.0, 0.0, 0.0, 0.021806968880360104, 0.0, 0.0, 0.0, 0.0, 0.0006299991035192846, 0.0, 0.0, 0.03062479885286937, 0.0, 0.0, 0.03207697318587798, 0.0]}