{"labels": [0, 1, 2, 3, 4, 5, 6, 7, 8, 9, 10, 11, 12, 13, 14, 15, 16, 17, 18, 19, 20, 21, 22, 23, 24, 25, 26, 27, 28, 29, 30, 31, 32, 33, 34, 35, 36, 37, 38, 39], "data": [0.0007285861602546284, 0.0, 0.002392337003907826, 0.0, 0.0037518381457806835, 0.0, 0.001387573410742288, 0.0, 0.0, 0.01677956069707071, 0.024558503444745697, 0.0, 0.0, 0.0, 0.0, 0.0, 0.0023559944672231835, 0.0, 0.0, 0.0, 0.0, 0.0, 0.0, 0.0, 0.0009688845663614478, 0.00876119469805051, 0.0, 0.0, 0.0, 0.0, 0.00018590408609655157, 0.0, 0.006279249298416579, 0.0, 0.0018208335710838516, 0.0, 0.005889853212460291, 0.0, 0.0010259936659600738, 0.0016972689387282493]}