{"labels": [0, 1, 2, 3, 4, 5, 6, 7, 8, 9, 10, 11, 12, 13, 14, 15, 16, 17, 18, 19, 20, 21, 22, 23, 24, 25, 26, 27, 28, 29, 30, 31, 32, 33, 34, 35, 36, 37, 38, 39], "data": [0.0, 0.0, 0.0, 0.0, 0.0, 0.0, 0.02615401393837091, 0.029684565623019212, 0.024834805153342687, 0.0, 0.05944156727310742, 0.0016505666141239136, 0.0, 0.0, 3.5168250347076585e-05, 0.044844416429190584, 0.0, 0.0032843052104289255, 0.0, 0.0, 0.0, 0.0036235866155288248, 8.81680574779759e-07, 0.0, 0.0, 0.0, 0.037860543650231886, 0.0, 0.0, 0.0, 0.0, 0.0033826611362233073, 0.0, 0.0, 0.0, 0.046275078315642745, 0.002085803137178424, 0.003357294674418871, 0.009848562086345653, 0.0]}