{"labels": [0, 1, 2, 3, 4, 5, 6, 7, 8, 9, 10, 11, 12, 13, 14, 15, 16, 17, 18, 19, 20, 21, 22, 23, 24, 25, 26, 27, 28, 29, 30, 31, 32, 33, 34, 35, 36, 37, 38, 39], "data": [0.022418207316447628, 0.0004244708705886451, 0.0, 0.0071002872976387976, 0.02364320210539772, 0.0015130536768839427, 0.006183107023512274, 0.0, 0.0, 0.0, 0.00113849903379233, 0.0, 0.008981883259779288, 0.006500273952272617, 0.0, 0.0, 0.0, 0.0007819526951782607, 0.09551130467997863, 0.0, 0.0, 0.002678367902958577, 0.04577624556877569, 0.0, 0.0, 0.02426745908923779, 0.0, 0.0, 0.0012338754011826144, 0.0, 0.0, 0.0, 0.021911549651083433, 0.009715312664151354, 0.009818275663985134, 0.0, 0.0, 0.013526840244105772, 0.0, 0.0]}