{"labels": [0, 1, 2, 3, 4, 5, 6, 7, 8, 9, 10, 11, 12, 13, 14, 15, 16, 17, 18, 19, 20, 21, 22, 23, 24, 25, 26, 27, 28, 29, 30, 31, 32, 33, 34, 35, 36, 37, 38, 39], "data": [0.06732404154223956, 0.0, 0.0, 0.029407472687536015, 0.003566428435429071, 0.0, 0.11572397426899975, 0.028461473936189922, 0.0, 0.0, 0.0, 0.0, 0.0, 0.08259014520957929, 0.0, 0.0006853676985625172, 0.06817049956886914, 0.0, 0.0, 0.0, 0.0, 0.013461014926098488, 0.0, 0.00492903757657254, 0.012021405960522829, 0.04936123928971644, 0.0, 0.0, 0.0, 0.0, 0.022769872061854005, 0.0, 0.0, 0.007068636699994036, 0.0, 0.0, 0.0, 0.07806681268843066, 0.0, 0.0]}