{"labels": [0, 1, 2, 3, 4, 5, 6, 7, 8, 9, 10, 11, 12, 13, 14, 15, 16, 17, 18, 19, 20, 21, 22, 23, 24, 25, 26, 27, 28, 29, 30, 31, 32, 33, 34, 35, 36, 37, 38, 39], "data": [0.0005502042500876897, 0.0015591445697689436, 0.0010117848872388182, 0.0, 0.05918565087806298, 0.0, 0.013628151358090555, 0.0, 0.0, 0.004841115927785241, 0.0, 0.0014951594985317732, 0.0, 0.0, 0.0, 0.0, 0.04843410940411531, 0.0, 0.0, 0.0, 0.0, 0.0, 0.0, 0.0, 0.0012718237421099011, 0.0, 0.0, 0.0, 0.0, 0.0, 0.0, 0.0008355327130844793, 0.0, 0.030845481193342777, 0.0014364236912543312, 0.0, 0.0, 0.0, 0.0019725096737502738, 0.0026350034113760096]}