{"labels": [0, 1, 2, 3, 4, 5, 6, 7, 8, 9, 10, 11, 12, 13, 14, 15, 16, 17, 18, 19, 20, 21, 22, 23, 24, 25, 26, 27, 28, 29, 30, 31, 32, 33, 34, 35, 36, 37, 38, 39], "data": [0.0, 0.0010585489185011637, 0.026550377298731526, 0.0, 0.03755422608529356, 0.013002465253488592, 0.0, 0.008849839626084877, 0.0, 0.0, 0.0008361644894858709, 0.0015470712621519134, 0.001173720010790988, 0.0024376191456335432, 0.0, 0.003684817539210851, 0.005233932117341367, 0.007083909373705892, 0.0, 0.03302211337185541, 0.02641820401444523, 0.0006677313443330946, 0.000836168946496059, 0.0, 0.010378003137332458, 0.0, 0.007230770543539028, 0.0, 0.004633075207487516, 0.012436502531047675, 0.0011279751144148038, 0.0026201428498550724, 0.05098485311909571, 0.009536956222381175, 0.0, 0.0, 0.0069882197073207405, 0.02112861295976306, 0.0, 0.001815245987889073]}