{"labels": [0, 1, 2, 3, 4, 5, 6, 7, 8, 9, 10, 11, 12, 13, 14, 15, 16, 17, 18, 19, 20, 21, 22, 23, 24, 25, 26, 27, 28, 29, 30, 31, 32, 33, 34, 35, 36, 37, 38, 39], "data": [0.0, 0.0, 0.015195372326907416, 0.0, 0.0, 0.05730982834824674, 0.012046764920601118, 0.0, 0.11618166300142714, 0.0, 0.0, 0.006503161790710559, 0.0, 0.020302825190930386, 0.0, 0.0, 0.0, 0.0, 0.0, 0.02462405971948033, 0.0, 0.001041721919207859, 0.0, 0.0038772688668815844, 0.0, 0.04302858343633844, 0.0, 0.0, 0.0, 0.0, 0.0, 0.0009596197212974588, 0.0, 0.002086600611970557, 0.0049747152099826435, 9.322197717667823e-07, 0.0, 0.00701086467510771, 0.03341467098940417, 0.0007372397751701224]}