{"labels": [0, 1, 2, 3, 4, 5, 6, 7, 8, 9, 10, 11, 12, 13, 14, 15, 16, 17, 18, 19, 20, 21, 22, 23, 24, 25, 26, 27, 28, 29, 30, 31, 32, 33, 34, 35, 36, 37, 38, 39], "data": [0.00048537527066705514, 0.0, 0.004633991992472906, 0.002877402124633855, 0.008671670010532793, 0.0, 0.0, 0.031023223577317533, 0.0, 0.0, 0.025326356367580783, 0.0, 0.0, 0.0, 7.358951746721982e-05, 0.0, 0.0013360249487488981, 0.0, 0.018182028287922047, 0.0007473682101070229, 0.0, 0.0, 0.0, 0.0, 0.009491216998607327, 0.0, 0.00810098971985172, 0.0, 0.004221095486027896, 0.0, 0.0, 0.0, 0.0, 0.0, 0.0, 0.0, 0.0, 0.0004738744418781849, 0.023994138093655196, 0.0]}