{"labels": [0, 1, 2, 3, 4, 5, 6, 7, 8, 9, 10, 11, 12, 13, 14, 15, 16, 17, 18, 19, 20, 21, 22, 23, 24, 25, 26, 27, 28, 29, 30, 31, 32, 33, 34, 35, 36, 37, 38, 39], "data": [0.0, 0.0, 0.0005744037275122703, 0.004062920611077007, 0.0, 0.047390791812729004, 0.03067544578738849, 0.0, 0.007566561915855374, 0.0, 0.0, 0.0035964316626119893, 0.0, 0.0, 0.0, 0.0070010130107546085, 0.005668244433210031, 0.0, 0.0, 0.0, 0.0, 0.04420531399831664, 0.0, 0.0, 0.011059988397822405, 0.0, 0.012713155229631162, 0.005108725392474836, 0.0, 0.0, 0.054590261720081815, 0.0, 0.0, 0.011757626390028692, 0.0, 0.0, 0.0, 0.03846708624132499, 0.009344060562138289, 0.0]}