{"labels": [0, 1, 2, 3, 4, 5, 6, 7, 8, 9, 10, 11, 12, 13, 14, 15, 16, 17, 18, 19, 20, 21, 22, 23, 24, 25, 26, 27, 28, 29, 30, 31, 32, 33, 34, 35, 36, 37, 38, 39], "data": [0.0, 0.006135015657899578, 0.0011776374391899965, 0.032067617758686, 0.0, 0.0112363301747828, 0.0003643493401660936, 0.010559526314497598, 3.936537232647618e-05, 0.04717769844476561, 0.0, 0.0, 0.0, 0.02476581086609219, 0.02225993408013198, 0.0, 0.0, 0.0018818828147170337, 0.012973976166354052, 0.0, 0.0, 0.0, 0.003270447640204612, 0.03167657051484277, 0.0010386159434253328, 0.0, 0.0, 0.01013011582193422, 0.003921510861892673, 0.0, 0.0, 0.06505798946131841, 0.0, 0.0, 0.01571746118410387, 0.0, 0.0, 0.044791453757727584, 0.0, 0.00010601514430476836]}