{"labels": [0, 1, 2, 3, 4, 5, 6, 7, 8, 9, 10, 11, 12, 13, 14, 15, 16, 17, 18, 19, 20, 21, 22, 23, 24, 25, 26, 27, 28, 29, 30, 31, 32, 33, 34, 35, 36, 37, 38, 39], "data": [0.0, 0.0, 0.0004977029854585313, 0.0057620290366519914, 0.0032363219519933903, 0.0, 0.010928181366602362, 0.0, 0.0, 0.0, 0.00014865173271958612, 0.0, 0.004568171698036846, 0.0, 0.0, 0.0, 0.008340877827037551, 0.002477523981616025, 0.0, 0.0, 0.020177274779818358, 0.0, 0.0004152565705477674, 0.0012059996299016499, 0.0, 0.004412359283715888, 0.007641128596745803, 0.005579029113084748, 0.011379575123623807, 0.0, 0.0, 0.0, 0.0, 0.0, 0.028611493887016802, 0.0125238033834489, 0.0, 0.021038159869081773, 0.0, 0.0]}