{"labels": [0, 1, 2, 3, 4, 5, 6, 7, 8, 9, 10, 11, 12, 13, 14, 15, 16, 17, 18, 19, 20, 21, 22, 23, 24, 25, 26, 27, 28, 29, 30, 31, 32, 33, 34, 35, 36, 37, 38, 39], "data": [0.004418459106878376, 0.0, 0.004044287436561943, 0.0, 0.0, 0.0, 0.005223631553199717, 0.0036585771019052036, 0.006889754475647598, 0.0, 0.0006037650472582036, 0.00934035890094039, 0.0, 0.0002903741252821453, 0.0, 0.01901167446616324, 0.0, 0.0031864853624801468, 0.003800863377054616, 3.64376236963901e-05, 0.0, 0.01657123253775944, 0.0047543924705225424, 0.0, 0.038179249476402936, 0.0, 0.014648386312947764, 0.0, 0.007077798717655433, 0.0, 0.002254571986721808, 0.0, 0.0033149292878501737, 0.006704020620907414, 0.0, 0.04802239228034882, 0.005732537464980516, 0.0032809569026644864, 0.0, 0.0]}