{"labels": [0, 1, 2, 3, 4, 5, 6, 7, 8, 9, 10, 11, 12, 13, 14, 15, 16, 17, 18, 19, 20, 21, 22, 23, 24, 25, 26, 27, 28, 29, 30, 31, 32, 33, 34, 35, 36, 37, 38, 39], "data": [0.0006044915511469268, 0.0, 0.0, 0.01058427758071571, 0.0, 0.0, 0.0014301153128719872, 0.001557095014970308, 0.0, 0.0, 0.0034482269806914594, 0.0, 0.0, 3.857469381359351e-05, 0.0030556193990640443, 0.0, 0.005896216348980217, 0.0, 0.0, 0.0, 0.0002953680657330814, 0.0, 0.0, 0.0032090006398626447, 0.0, 0.013049098721451907, 0.0, 0.03894640440153202, 0.0009480849529819506, 0.0, 0.0035038807672967327, 0.0, 0.0, 0.0, 0.02910234110430545, 0.07274058948694243, 0.028669608225777677, 0.0, 0.0, 0.0]}