{"labels": [0, 1, 2, 3, 4, 5, 6, 7, 8, 9, 10, 11, 12, 13, 14, 15, 16, 17, 18, 19, 20, 21, 22, 23, 24, 25, 26, 27, 28, 29, 30, 31, 32, 33, 34, 35, 36, 37, 38, 39], "data": [0.0, 0.0, 0.0011811643917998631, 0.0, 0.0, 0.008603695968500422, 0.03572333229766145, 0.0, 0.0, 0.035073419363566054, 0.0, 0.0, 0.003537498076130931, 0.025169617253984245, 0.0, 0.0, 0.0, 0.008416619395913648, 0.0, 0.005359603266539999, 0.0, 0.0, 0.00024123854077507233, 0.0, 0.0, 0.010987222373126139, 0.03358956997012369, 0.0, 0.0, 0.0, 0.0, 0.0, 0.0, 0.002435503706731752, 0.01041449035176797, 0.0, 0.012538188030245416, 0.06831162629695409, 0.0, 0.0]}