{"labels": [0, 1, 2, 3, 4, 5, 6, 7, 8, 9, 10, 11, 12, 13, 14, 15, 16, 17, 18, 19, 20, 21, 22, 23, 24, 25, 26, 27, 28, 29, 30, 31, 32, 33, 34, 35, 36, 37, 38, 39], "data": [0.0, 0.021974173652952334, 0.007672064738554481, 0.01914227020830511, 0.0, 0.0, 0.0, 0.0, 0.0, 0.0, 0.0, 0.0, 0.0, 0.0, 0.016497761882901148, 0.0, 0.0, 0.0077473592180427, 0.0, 0.035986327419653096, 0.0, 0.0, 0.0, 0.055130888451091827, 0.0022599986686065434, 0.0, 0.0, 0.04952931214164541, 0.00213004602398975, 0.013002336362680543, 0.0013859331069975415, 0.0, 0.005247198001607511, 0.0, 0.010680724476653681, 0.0030033173614813576, 0.02705990247444681, 0.0030601788003181848, 0.0, 0.0]}