{"labels": [0, 1, 2, 3, 4, 5, 6, 7, 8, 9, 10, 11, 12, 13, 14, 15, 16, 17, 18, 19, 20, 21, 22, 23, 24, 25, 26, 27, 28, 29, 30, 31, 32, 33, 34, 35, 36, 37, 38, 39], "data": [0.0, 0.0, 0.0, 0.0, 0.0, 0.0, 0.0, 0.0, 0.0, 0.0, 0.0, 0.0, 0.0, 0.0, 0.0, 0.0, 0.014889061860859192, 0.011096493437428901, 0.0, 0.0, 0.03707417966046947, 0.0, 0.0, 0.0, 0.0, 0.0, 0.0, 0.006808080648192849, 0.0, 0.04207252052645197, 0.0, 0.0, 0.002273450914677186, 0.1011837262107314, 0.0, 0.0, 0.0, 0.02226512695925641, 0.0, 0.0]}