{"labels": [0, 1, 2, 3, 4, 5, 6, 7, 8, 9, 10, 11, 12, 13, 14, 15, 16, 17, 18, 19, 20, 21, 22, 23, 24, 25, 26, 27, 28, 29, 30, 31, 32, 33, 34, 35, 36, 37, 38, 39], "data": [0.007879280695019707, 0.017667246318688476, 0.0032697190589748275, 0.0, 0.011901631313754407, 0.018889784963011236, 0.007567660643386711, 0.0, 0.0, 0.003932408442168416, 0.0, 0.001575152936006178, 0.015391221194813657, 0.001721491772192654, 0.0, 0.0, 0.006292826047979959, 0.025787340021304284, 0.0, 0.0, 0.007350561399690171, 0.0, 0.0011902511870351465, 0.0, 0.006725679274883161, 0.008193010803028372, 0.0013903975621416022, 0.004469621966741228, 0.0, 0.0, 0.06541455524111328, 0.002774424357427569, 0.004783845838230554, 0.05459953260723512, 0.020406923697687863, 0.011535216096030962, 0.00202435630401786, 0.021811159584980068, 0.0, 0.0]}