{"labels": [0, 1, 2, 3, 4, 5, 6, 7, 8, 9, 10, 11, 12, 13, 14, 15, 16, 17, 18, 19, 20, 21, 22, 23, 24, 25, 26, 27, 28, 29, 30, 31, 32, 33, 34, 35, 36, 37, 38, 39], "data": [0.0, 0.08689567393960722, 0.0, 0.0, 0.0, 0.001699814155984379, 0.006460659927917336, 0.017864488009219488, 0.03461965634407846, 0.0, 0.0, 0.0, 0.0, 0.0, 0.05724960446204073, 0.0, 0.0, 0.0, 0.02185545553135001, 0.0, 0.0, 0.0, 0.0, 0.0, 0.0, 0.0, 0.0016722205067113765, 0.0, 0.007318935260135125, 0.0, 0.02251284444403949, 0.0, 0.0, 0.010074948042214675, 0.0, 0.0, 0.0, 0.00017936737586836176, 0.01999797911827121, 0.0]}