{"labels": [0, 1, 2, 3, 4, 5, 6, 7, 8, 9, 10, 11, 12, 13, 14, 15, 16, 17, 18, 19, 20, 21, 22, 23, 24, 25, 26, 27, 28, 29, 30, 31, 32, 33, 34, 35, 36, 37, 38, 39], "data": [0.0, 0.0, 0.0, 0.0, 0.0, 0.0, 0.0, 0.0, 0.0, 0.0, 0.0, 0.0, 0.047376343559188044, 0.0, 0.0, 0.0, 0.0, 0.05955956971986034, 0.0, 0.07899468712093351, 0.0, 0.0, 0.0, 0.0, 0.0, 0.010445394276230561, 0.0, 0.0, 0.0, 0.0, 0.014727737115417956, 0.0, 0.0, 0.0, 0.0, 0.0, 0.0019668940709209057, 0.0, 0.0, 0.0]}