{"labels": [0, 1, 2, 3, 4, 5, 6, 7, 8, 9, 10, 11, 12, 13, 14, 15, 16, 17, 18, 19, 20, 21, 22, 23, 24, 25, 26, 27, 28, 29, 30, 31, 32, 33, 34, 35, 36, 37, 38, 39], "data": [0.0, 0.0, 0.0, 0.0, 0.0, 0.0, 0.008982077819713092, 0.0, 0.02250014136005574, 0.0, 0.0, 0.007966896983514648, 0.0, 0.0, 0.0, 0.0021369857064364255, 0.0, 0.0, 0.0, 0.0, 0.0, 0.0, 0.0, 0.0, 0.09616983472161539, 0.0, 0.0, 0.0, 0.0, 0.0, 0.0, 0.007068691962201158, 0.0, 0.0, 0.0, 0.06995513415358642, 0.0038021199771379613, 0.0007338645759733945, 0.0, 0.0]}