{"labels": [0, 1, 2, 3, 4, 5, 6, 7, 8, 9, 10, 11, 12, 13, 14, 15, 16, 17, 18, 19, 20, 21, 22, 23, 24, 25, 26, 27, 28, 29, 30, 31, 32, 33, 34, 35, 36, 37, 38, 39], "data": [0.0, 0.0, 0.008528692448500502, 0.0, 0.0, 0.036397523102776067, 0.0, 0.0, 0.1489772416622981, 0.0, 0.0, 0.0, 0.03911026897145548, 0.051111595560498026, 0.0, 0.0, 0.0, 0.0, 0.012526289265291255, 0.009808426971282235, 0.0, 0.032083246566848606, 0.0, 0.0, 0.0, 0.0, 0.17209999752519334, 0.0, 0.0, 0.0, 0.0, 0.03465213497579421, 0.0, 0.003479652213498567, 0.009395030310188039, 0.0, 0.03890178086195952, 0.09420761937434202, 0.0, 0.0]}