{"labels": [0, 1, 2, 3, 4, 5, 6, 7, 8, 9, 10, 11, 12, 13, 14, 15, 16, 17, 18, 19, 20, 21, 22, 23, 24, 25, 26, 27, 28, 29, 30, 31, 32, 33, 34, 35, 36, 37, 38, 39], "data": [0.0, 0.0, 0.0, 0.0, 0.0, 0.0, 0.001354692241105869, 0.0, 0.0, 0.0, 0.002570398964177548, 0.001709289838731527, 0.00011668412829649322, 0.0, 0.0, 0.0, 0.005277739670119342, 0.0, 0.0, 0.0, 0.0, 0.0, 0.0, 0.0, 0.0, 0.0, 0.0, 0.0, 0.0, 0.002543051426309439, 0.0012029193093602212, 0.0, 0.0, 0.0013902431464998088, 0.002082115812882819, 0.0, 0.0, 0.0, 0.0, 0.0]}