{"labels": [0, 1, 2, 3, 4, 5, 6, 7, 8, 9, 10, 11, 12, 13, 14, 15, 16, 17, 18, 19, 20, 21, 22, 23, 24, 25, 26, 27, 28, 29, 30, 31, 32, 33, 34, 35, 36, 37, 38, 39], "data": [0.004527341266135737, 0.0, 0.0005346640223362225, 0.0, 0.025029024683484388, 0.007416421867350957, 0.0013286913586646873, 0.0013868097692913584, 0.0, 0.0054110652877108366, 0.0030161744962275794, 0.01451217431299469, 0.02455512738982937, 0.003436345523779111, 0.0, 0.022185714770880466, 0.0010165826440856917, 0.0012270392639082283, 0.09405536218269707, 0.0, 0.0, 0.005592739337661335, 0.002182823238630971, 0.0, 0.0014463783985015828, 0.020429252441379716, 0.002615848122234819, 0.0, 0.007050826596853088, 0.026232464489382188, 0.013168764309655426, 0.0012310130320254593, 0.000449566540732053, 0.024063118232943093, 0.015033437834760957, 0.06609960007208489, 0.004058690398031564, 0.00880779528291708, 0.007199129187421355, 0.02796536353708299]}