{"labels": [0, 1, 2, 3, 4, 5, 6, 7, 8, 9, 10, 11, 12, 13, 14, 15, 16, 17, 18, 19, 20, 21, 22, 23, 24, 25, 26, 27, 28, 29, 30, 31, 32, 33, 34, 35, 36, 37, 38, 39], "data": [0.0, 0.006381399751389012, 0.0, 0.0, 0.0, 0.02236544912578696, 0.04162994549330133, 0.03588107361374794, 0.0, 0.0009599944496426954, 0.0004685647265785113, 0.0, 0.022766074039253684, 0.0016522441126692628, 0.008952862475478178, 0.0, 0.0, 0.003213168125041241, 0.0, 0.0, 0.0, 0.005945025526770609, 0.0, 0.0012312847687119821, 0.0, 0.0, 0.0, 0.0, 0.0, 0.0, 0.0038296727402437124, 0.0, 0.0, 0.0, 0.0008777145336609432, 0.003867084282079417, 0.0014243482981610388, 0.0, 0.005128234422746941, 0.0023249176098351777]}