{"labels": [0, 1, 2, 3, 4, 5, 6, 7, 8, 9, 10, 11, 12, 13, 14, 15, 16, 17, 18, 19, 20, 21, 22, 23, 24, 25, 26, 27, 28, 29, 30, 31, 32, 33, 34, 35, 36, 37, 38, 39], "data": [0.0, 0.00451699403023428, 0.0, 0.0, 0.0, 0.0016580800395849097, 0.012616543189005361, 0.0, 0.0, 0.0, 0.017148677087702065, 0.0, 0.0009259689029403907, 0.0, 0.0, 0.001992573037554567, 0.0, 0.0, 0.0, 0.00042979770312897653, 0.002922513817780873, 0.0, 0.0, 0.0, 0.0, 0.0036515057719851856, 0.0, 0.00013956568624017197, 0.0, 0.2533188676903593, 0.0, 0.0, 0.0012159722887252037, 0.0, 0.0, 0.0, 0.0, 0.0, 0.0015856664472514148, 0.0]}