{"labels": [0, 1, 2, 3, 4, 5, 6, 7, 8, 9, 10, 11, 12, 13, 14, 15, 16, 17, 18, 19, 20, 21, 22, 23, 24, 25, 26, 27, 28, 29, 30, 31, 32, 33, 34, 35, 36, 37, 38, 39], "data": [0.0, 0.01727149255572762, 0.028387970919630676, 0.0, 0.0006298929167795705, 0.01785913376309605, 0.0, 0.0, 0.0, 0.0, 0.014453443992886261, 0.002254398567936826, 0.0, 0.0, 0.0, 0.0, 0.0, 0.0, 0.0, 0.0, 0.0, 0.0, 0.0, 0.0, 0.0, 0.03481616479595566, 0.000813951954846854, 0.0008023445778749143, 0.0, 0.027659023242432104, 0.04381578977930057, 0.0012176926516587695, 0.0017694918003662355, 0.0, 0.019216594623237392, 0.0, 0.0, 0.0, 0.0, 0.00024175824108603605]}