{"labels": [0, 1, 2, 3, 4, 5, 6, 7, 8, 9, 10, 11, 12, 13, 14, 15, 16, 17, 18, 19, 20, 21, 22, 23, 24, 25, 26, 27, 28, 29, 30, 31, 32, 33, 34, 35, 36, 37, 38, 39], "data": [0.005630395004195794, 0.0, 0.0, 0.0, 0.0023351952155357416, 0.0, 0.0024168662439268134, 0.0879329238308408, 0.0, 0.0, 0.010012613122845645, 0.0, 0.02630156424015408, 0.002910515887483721, 0.0, 0.0010623462731897226, 0.0, 0.002624125194555543, 0.0, 0.0, 0.003499904359406712, 0.005755812627200335, 0.0, 0.0, 0.0, 0.012548658010230664, 0.0, 0.01817551418761614, 0.006687697013708046, 0.0, 0.00040795080663434615, 0.0, 0.0, 0.01800430502335608, 0.0, 0.0, 0.0, 0.05458425517864894, 0.0, 0.0]}