{"labels": [0, 1, 2, 3, 4, 5, 6, 7, 8, 9, 10, 11, 12, 13, 14, 15, 16, 17, 18, 19, 20, 21, 22, 23, 24, 25, 26, 27, 28, 29, 30, 31, 32, 33, 34, 35, 36, 37, 38, 39], "data": [0.0, 0.0, 0.0, 0.00883858181915799, 0.0, 0.009224508744138651, 0.06134618778861385, 0.0, 0.0, 0.0066874394475767256, 0.0, 0.0, 0.0, 0.0, 0.0, 0.0, 0.0, 0.0, 0.0, 0.0, 0.0, 0.0, 0.0, 0.0, 0.0, 0.04646193652364993, 0.0, 0.0017787178800124604, 0.0, 0.0, 0.0, 0.0, 0.0, 0.0, 4.1446181957520295e-05, 0.027524519237863514, 0.002727222524083461, 0.04264391784308406, 0.03169795287945921, 0.0]}