{"labels": [0, 1, 2, 3, 4, 5, 6, 7, 8, 9, 10, 11, 12, 13, 14, 15, 16, 17, 18, 19, 20, 21, 22, 23, 24, 25, 26, 27, 28, 29, 30, 31, 32, 33, 34, 35, 36, 37, 38, 39], "data": [0.004913741316997572, 0.00840712504673009, 0.0008288960823009444, 0.0, 0.029459688714809442, 0.00117937709647563, 0.0, 0.013403061325133681, 0.0, 0.0, 0.0, 0.0, 0.011397020777227101, 0.02056562544135923, 0.024108293220470523, 0.0, 0.0, 0.023189108069408916, 0.03437481693480458, 0.0019116047926572347, 0.008441449575332731, 0.00038041282715192427, 0.0, 0.0, 0.0, 0.0030469133893656487, 0.0, 0.0, 0.0, 0.0, 0.05687409084599271, 0.0, 0.0, 0.0, 0.004064867348412276, 0.04317238490481938, 0.0026345534369923164, 0.03801399351867777, 0.030360966339498113, 0.0]}