{"labels": [0, 1, 2, 3, 4, 5, 6, 7, 8, 9, 10, 11, 12, 13, 14, 15, 16, 17, 18, 19, 20, 21, 22, 23, 24, 25, 26, 27, 28, 29, 30, 31, 32, 33, 34, 35, 36, 37, 38, 39], "data": [0.00136247988141008, 0.002909571862068947, 0.0, 0.0, 0.005539908222793178, 0.0, 0.07623923359494193, 0.0, 0.0016025596145408081, 0.0025044683599594665, 0.0, 0.0031173089375453123, 0.0, 0.0, 0.00045856817373874124, 0.0, 0.036300544715153926, 0.0, 0.0, 0.0, 0.0, 0.0, 0.0, 0.0, 0.0, 0.012619897709708214, 0.0028655446735243706, 0.0, 1.3059328698109195e-06, 0.0, 0.0, 0.0, 0.0, 0.0, 0.027752239536779258, 0.0, 0.010917390688293935, 0.0, 0.0, 0.004794573469281173]}