{"labels": [0, 1, 2, 3, 4, 5, 6, 7, 8, 9, 10, 11, 12, 13, 14, 15, 16, 17, 18, 19, 20, 21, 22, 23, 24, 25, 26, 27, 28, 29, 30, 31, 32, 33, 34, 35, 36, 37, 38, 39], "data": [0.0, 0.0, 0.0, 0.0, 0.0, 0.0, 0.01990358555132781, 0.006445102270306917, 0.0, 0.0, 0.0036898546802483557, 0.0, 0.0, 0.0, 0.0, 0.003781132275661795, 0.037097549904453464, 0.0, 0.055815629119503, 0.0, 0.0, 0.0, 0.045062230702507484, 0.0, 0.0, 0.0, 0.08125239368202837, 0.0, 0.0013905205749516227, 0.0, 0.0, 0.0, 0.0, 0.010364001435812634, 0.00010091697813745168, 0.0, 0.0, 0.0, 0.03782272243454774, 0.04685830057331284]}