{"labels": [0, 1, 2, 3, 4, 5, 6, 7, 8, 9, 10, 11, 12, 13, 14, 15, 16, 17, 18, 19, 20, 21, 22, 23, 24, 25, 26, 27, 28, 29, 30, 31, 32, 33, 34, 35, 36, 37, 38, 39], "data": [0.0009795836846430213, 0.0013504484408158306, 0.0, 0.0, 0.03753390772968008, 0.0, 0.03875467283567401, 0.0, 0.0, 0.0, 0.0027720750899424672, 0.0, 0.0, 0.05928222298744642, 0.0, 0.0, 0.0, 0.0, 0.0, 0.0006079787080475581, 0.015285101359344811, 0.0007910627872715622, 0.0, 0.016693457031396783, 0.0, 0.0, 0.0, 0.0, 0.0, 0.0, 0.0, 0.0, 0.0019865216154026756, 0.005279642712662525, 0.0, 0.0, 0.0, 0.0, 0.0, 0.0]}