{"labels": [0, 1, 2, 3, 4, 5, 6, 7, 8, 9, 10, 11, 12, 13, 14, 15, 16, 17, 18, 19, 20, 21, 22, 23, 24, 25, 26, 27, 28, 29, 30, 31, 32, 33, 34, 35, 36, 37, 38, 39], "data": [0.0, 0.0, 0.0, 0.0, 0.0, 0.007571032758562871, 0.022469952586201766, 0.0, 0.010789592322935816, 0.0, 0.10693672101417, 0.007059417510967358, 0.0, 0.0, 0.0, 0.0, 0.0, 0.0018455847047506159, 0.0, 0.0014155818112766298, 0.0, 0.0, 0.0, 0.0, 0.0, 0.0, 0.0, 0.018704730709998556, 0.0, 0.015261804753106076, 0.022059999733356695, 0.0, 0.0008453583209724806, 0.0, 0.0, 0.0, 0.0, 0.0, 0.03228250881322955, 0.001648465763370426]}