{"labels": [0, 1, 2, 3, 4, 5, 6, 7, 8, 9, 10, 11, 12, 13, 14, 15, 16, 17, 18, 19, 20, 21, 22, 23, 24, 25, 26, 27, 28, 29, 30, 31, 32, 33, 34, 35, 36, 37, 38, 39], "data": [0.0, 0.0, 0.0, 0.0, 0.0, 0.0, 0.013748479119189964, 0.00718974972375742, 0.05382573153980634, 0.0, 0.0, 0.011948826516234004, 0.031339211148384526, 0.0, 0.0, 0.0017188363722897841, 0.0, 0.021267962671256364, 0.0, 0.0, 0.0, 0.0, 0.0, 0.0, 0.0, 0.0053968925030887715, 0.0, 0.0, 0.0, 0.0, 0.0, 0.0, 0.0, 0.0, 0.0, 0.03333544623171512, 0.0, 0.07351457135706947, 0.0, 0.006132170667197012]}