{"labels": [0, 1, 2, 3, 4, 5, 6, 7, 8, 9, 10, 11, 12, 13, 14, 15, 16, 17, 18, 19, 20, 21, 22, 23, 24, 25, 26, 27, 28, 29, 30, 31, 32, 33, 34, 35, 36, 37, 38, 39], "data": [0.0, 0.0017325706511213282, 0.0020705404952817527, 0.0, 0.0, 0.0, 0.0, 0.025356086084018802, 0.0, 0.0, 0.0, 0.0, 0.0, 0.0401784913992768, 0.0, 0.0, 0.0, 0.0, 0.0, 0.001174563651259165, 0.0, 0.0, 0.0, 0.14167888023594993, 0.0, 0.0, 0.0, 0.0, 0.0, 0.0, 0.0, 0.0013743458123340185, 0.0, 0.0, 0.02180909800233074, 0.0, 0.001587071827282865, 0.0, 0.0, 0.0]}