{"labels": [0, 1, 2, 3, 4, 5, 6, 7, 8, 9, 10, 11, 12, 13, 14, 15, 16, 17, 18, 19, 20, 21, 22, 23, 24, 25, 26, 27, 28, 29, 30, 31, 32, 33, 34, 35, 36, 37, 38, 39], "data": [0.0, 0.0, 0.00044680182907453595, 0.0, 0.004819813555326312, 0.0, 0.061314817407856825, 0.001487595793586882, 0.001640997452460286, 0.0, 0.0015615959559364505, 0.0, 0.0, 0.0, 0.0, 0.0, 0.027222731475811484, 0.0, 0.004025231489539861, 0.0033849021367772817, 0.0, 0.0, 0.0015667916446161104, 0.0, 0.0015530920877769815, 0.0, 0.0039786225500435726, 0.0, 0.0067668621077028885, 0.0, 0.0021193541454675013, 0.0020115995018637777, 0.0, 0.036165756830920624, 0.0, 0.0, 0.0, 0.00871457175130712, 0.0, 0.0]}