{"labels": [0, 1, 2, 3, 4, 5, 6, 7, 8, 9, 10, 11, 12, 13, 14, 15, 16, 17, 18, 19, 20, 21, 22, 23, 24, 25, 26, 27, 28, 29, 30, 31, 32, 33, 34, 35, 36, 37, 38, 39], "data": [0.0, 0.020353744162638417, 0.02560011966257471, 0.003972971548918659, 0.04288831855008916, 0.0, 0.0, 0.0, 0.0, 0.0, 0.015371929787909773, 0.0, 0.0, 0.0004246869856423582, 0.053688439157116734, 0.0002687422972832629, 0.0, 0.0, 0.0, 0.0026287161392741162, 0.0012883911759820558, 0.0, 0.0, 0.0011988825965215653, 0.0, 0.017692188177204624, 0.0028782675086940204, 0.0, 0.002910428749101467, 0.0, 0.009176124465463864, 0.0012174832586912862, 0.0, 0.014725724964841707, 0.0, 0.005932562381803204, 0.0009860785063850028, 0.023489042062424123, 0.0, 0.0]}