{"labels": [0, 1, 2, 3, 4, 5, 6, 7, 8, 9, 10, 11, 12, 13, 14, 15, 16, 17, 18, 19, 20, 21, 22, 23, 24, 25, 26, 27, 28, 29, 30, 31, 32, 33, 34, 35, 36, 37, 38, 39], "data": [0.0, 0.027987577433179877, 0.03480513091585275, 0.0, 0.0, 0.10969765911441569, 0.03756396417290927, 0.0, 0.012756213270625897, 0.010646963078767361, 0.0, 0.0, 0.04057488348186134, 0.0, 0.0, 0.0, 0.0, 0.0, 0.003416946852187081, 0.0, 0.0, 0.0, 0.0005525016271958899, 0.0, 0.0, 0.0052085870287079394, 0.0018346536780999496, 0.0, 0.0, 0.0058443005211507556, 0.0, 0.002001084154272413, 0.0, 0.0, 0.0, 0.03928674281892971, 0.019127008854088443, 0.0011635726554503302, 0.02707750565474495, 0.0]}