{"labels": [0, 1, 2, 3, 4, 5, 6, 7, 8, 9, 10, 11, 12, 13, 14, 15, 16, 17, 18, 19, 20, 21, 22, 23, 24, 25, 26, 27, 28, 29, 30, 31, 32, 33, 34, 35, 36, 37, 38, 39], "data": [0.0, 0.0, 0.02875118723166873, 0.00039620109315258937, 0.008488403320764925, 0.010580341636643738, 0.009773236812551314, 0.0, 0.003070767190171536, 0.0006070961497988948, 0.008635242969305644, 0.014025273866617973, 0.0, 0.0, 0.0, 0.009250973591181714, 0.011990307956769591, 0.0, 0.014714777344865291, 0.0, 6.62325350145394e-05, 0.014406118629826867, 0.0, 0.0, 0.0, 0.015141951124394837, 0.0, 0.0, 0.0, 0.0, 0.0010866171020995931, 0.0, 0.0, 0.0027522930892964633, 0.0, 0.0011195417826805837, 0.0, 0.0006896336482343728, 0.001054984343455768, 0.0065881455778768454]}