{"labels": [0, 1, 2, 3, 4, 5, 6, 7, 8, 9, 10, 11, 12, 13, 14, 15, 16, 17, 18, 19, 20, 21, 22, 23, 24, 25, 26, 27, 28, 29, 30, 31, 32, 33, 34, 35, 36, 37, 38, 39], "data": [0.002394488867690009, 0.01566853355409769, 0.011370428100326279, 0.0, 0.0, 0.0058714494741752155, 0.030992977565841285, 0.040656448553387355, 0.0, 0.007345594862716191, 0.0015927626134184633, 0.0033038490155175024, 0.0, 0.0, 0.043298759053552884, 0.0, 0.0, 0.0018937388491575917, 0.0021797901252855307, 0.00012011376835678269, 0.0028870376627495946, 0.013451950683522475, 0.0011578579136151538, 0.0, 0.0004452763882868327, 0.0, 0.0010468677988986067, 0.0, 0.0, 0.0, 0.013771593935688432, 0.005034207422034247, 0.05061185651229045, 0.0, 0.003608185699640835, 0.003541528154893459, 0.0, 0.027049858230353732, 0.0, 0.0010473981899029087]}