{"labels": [0, 1, 2, 3, 4, 5, 6, 7, 8, 9, 10, 11, 12, 13, 14, 15, 16, 17, 18, 19, 20, 21, 22, 23, 24, 25, 26, 27, 28, 29, 30, 31, 32, 33, 34, 35, 36, 37, 38, 39], "data": [0.006449624139322327, 0.0035854893863218763, 0.004974661623574871, 0.0, 0.027113267592349853, 0.0016419556283254202, 0.02286043792331485, 0.0, 0.00021175584285963804, 0.002511864486465897, 0.0, 0.002176383503499569, 0.0, 0.0, 0.008758793162436062, 0.0008403139916383342, 0.0, 0.0, 0.0, 0.0, 0.004005394310309645, 0.0, 0.0003655611367773032, 0.0, 0.0, 0.0, 0.005105829671874409, 0.00017716950359606394, 0.0, 0.001958430230908697, 0.0, 0.0016994653583297904, 0.0021728304558259115, 0.009851106799373583, 6.433522067934253e-05, 0.001201556128678035, 0.0, 0.00914870858819233, 0.010662562693874741, 0.006286389000293448]}