{"labels": [0, 1, 2, 3, 4, 5, 6, 7, 8, 9, 10, 11, 12, 13, 14, 15, 16, 17, 18, 19, 20, 21, 22, 23, 24, 25, 26, 27, 28, 29, 30, 31, 32, 33, 34, 35, 36, 37, 38, 39], "data": [0.00491490608798454, 0.0, 0.004354244221026839, 0.09806289247858081, 0.0075098865517827145, 0.0, 0.0, 0.0, 0.0, 0.0, 0.010482294777297995, 0.0010103748392387953, 0.02953438658854815, 0.0, 5.632858693302561e-05, 0.0, 0.0, 0.0, 0.016836932338392403, 0.0, 0.0067169699850775175, 0.029862505835672726, 0.001134761829174236, 0.0, 0.0, 0.0, 9.887495839127197e-06, 0.016342853043659303, 0.0, 0.0, 0.00066953411779327, 0.015356846444261187, 0.0008024108691819401, 0.0017032243768265816, 0.03462717796368034, 0.0, 0.0, 0.0059430986404916085, 0.000851317942193303, 0.0]}