{"labels": [0, 1, 2, 3, 4, 5, 6, 7, 8, 9, 10, 11, 12, 13, 14, 15, 16, 17, 18, 19, 20, 21, 22, 23, 24, 25, 26, 27, 28, 29, 30, 31, 32, 33, 34, 35, 36, 37, 38, 39], "data": [0.0, 0.006952242764558216, 0.01881785692827063, 0.004331777315031464, 0.0, 0.09025395688656049, 0.008482511312871997, 0.05387902681911795, 0.00432327524963743, 0.0, 0.002712233613410565, 0.0034777358448767025, 0.0, 0.0028846926739694847, 0.005069290309899777, 0.004088110168966317, 0.0, 0.005129857646858164, 0.01759106425667398, 0.0, 0.0, 0.04339812840321237, 0.0034517717180089645, 0.0, 0.0, 0.0, 0.0010594158422655587, 0.0, 0.0, 0.010779195001584838, 0.01042871243437194, 0.0, 0.0006374960905721269, 0.004283787649503936, 0.0019087742882741082, 0.0, 0.0, 0.0019494499086590148, 0.0, 0.001198505501060946]}