{"labels": [0, 1, 2, 3, 4, 5, 6, 7, 8, 9, 10, 11, 12, 13, 14, 15, 16, 17, 18, 19, 20, 21, 22, 23, 24, 25, 26, 27, 28, 29, 30, 31, 32, 33, 34, 35, 36, 37, 38, 39], "data": [0.0036280810903355867, 0.0, 0.0003085268443761463, 0.0, 0.04234748358911149, 0.0, 0.0, 0.0, 0.0, 0.0, 0.0, 0.002169602818897324, 0.002269617429745848, 0.0, 0.0, 0.003509267579757318, 0.05122591665009202, 0.009676596517724064, 0.0026536947397554373, 0.0, 0.0, 0.00817104514491606, 0.0016045780434677218, 0.0, 0.0, 0.04349406883572591, 0.0, 0.0051113713220482925, 0.00498895128727328, 7.985679805801352e-05, 0.0, 0.0010983806786570734, 0.0, 0.023230515788948344, 0.0, 0.00400084814656328, 0.0028478270274502394, 0.0, 0.006086667224163879, 0.0]}