{"labels": [0, 1, 2, 3, 4, 5, 6, 7, 8, 9, 10, 11, 12, 13, 14, 15, 16, 17, 18, 19, 20, 21, 22, 23, 24, 25, 26, 27, 28, 29, 30, 31, 32, 33, 34, 35, 36, 37, 38, 39], "data": [0.013305988519877002, 0.0, 0.0, 0.0, 0.022086842813784563, 0.0, 0.021798498595577667, 0.0, 0.004503596997575479, 0.017899681707599695, 0.022289609793246856, 0.00022766053849416454, 0.0, 0.0, 0.0, 0.021807724862081136, 0.0, 0.01441605024669814, 0.0, 0.0, 0.06117050535467088, 0.0, 0.0010245669196948936, 0.03135639232192225, 0.0, 0.003802919724370915, 0.0, 0.017525519643556416, 0.0, 0.0, 0.0, 0.0, 0.0, 0.0, 0.042308247381535505, 0.0, 0.0, 0.0, 0.0, 0.0]}