{"labels": [0, 1, 2, 3, 4, 5, 6, 7, 8, 9, 10, 11, 12, 13, 14, 15, 16, 17, 18, 19, 20, 21, 22, 23, 24, 25, 26, 27, 28, 29, 30, 31, 32, 33, 34, 35, 36, 37, 38, 39], "data": [0.0, 0.00486517019775618, 0.0028718141493179155, 0.0, 0.0, 0.0, 0.04518241817973144, 0.0, 0.0, 0.018671393734094783, 0.03638817498855236, 0.0, 0.0, 0.007305846420740423, 0.0, 0.0013565537128519447, 0.0015029685162099384, 0.0, 0.0, 0.0, 0.0, 0.0, 0.0, 0.008160570377158461, 0.0, 0.0, 0.0, 0.0, 0.0, 0.03917481106657446, 0.0, 0.0, 0.0014741008091500411, 0.0, 0.0, 0.0, 0.0, 0.0, 0.0, 0.0]}