{"labels": [0, 1, 2, 3, 4, 5, 6, 7, 8, 9, 10, 11, 12, 13, 14, 15, 16, 17, 18, 19, 20, 21, 22, 23, 24, 25, 26, 27, 28, 29, 30, 31, 32, 33, 34, 35, 36, 37, 38, 39], "data": [0.0, 0.0, 0.0, 0.0, 0.07106802452006054, 0.0, 0.0, 0.0, 0.0012949398540835866, 0.0, 0.0, 0.0, 0.0, 0.0, 0.0, 0.0, 0.002395658238785147, 0.0, 0.0, 0.0, 0.0, 0.0, 0.0, 0.0, 0.03977175626615116, 0.0, 0.0, 0.0, 0.0, 0.0, 0.0, 0.0, 0.000339177874021833, 0.07043967385144613, 0.034922324277226434, 0.0, 0.0, 0.026807615912470707, 0.0, 0.0]}