{"labels": [0, 1, 2, 3, 4, 5, 6, 7, 8, 9, 10, 11, 12, 13, 14, 15, 16, 17, 18, 19, 20, 21, 22, 23, 24, 25, 26, 27, 28, 29, 30, 31, 32, 33, 34, 35, 36, 37, 38, 39], "data": [0.0, 0.0, 0.0, 0.0, 0.0, 0.0, 0.0, 0.0, 0.0039013384163452207, 0.003449146767413817, 0.0, 0.0, 0.0028756932568340336, 0.00045204182709875817, 0.0, 0.0, 0.04408707634311716, 0.004456497619774203, 0.0021132510284828936, 0.0, 0.0, 0.00352773283895049, 0.0011343501596180216, 0.006331088366702666, 0.0025178148676531617, 0.013316304760987609, 0.003157880941494256, 0.0, 0.0, 0.0, 0.0, 0.00638268430350419, 0.0, 0.030648389516657274, 0.0, 0.0, 0.0, 0.02661325358490916, 0.0, 0.0]}