{"labels": [0, 1, 2, 3, 4, 5, 6, 7, 8, 9, 10, 11, 12, 13, 14, 15, 16, 17, 18, 19, 20, 21, 22, 23, 24, 25, 26, 27, 28, 29, 30, 31, 32, 33, 34, 35, 36, 37, 38, 39], "data": [0.001817489269337699, 0.0, 0.0, 0.0, 0.0024235863194801903, 0.0852102246837488, 0.0, 0.023955983351879262, 0.0, 0.0, 0.0, 0.0, 0.0, 0.0, 0.0, 0.0, 0.0023115907854943224, 0.0, 0.0, 0.0, 0.0, 0.0, 0.0, 0.10181009120421497, 0.0, 0.0, 0.0, 0.0, 0.0, 0.0, 0.0, 0.0, 0.052749434214948716, 0.0, 0.0, 0.0, 0.0, 0.0, 0.053590322500002674, 0.0009361613104905401]}