{"labels": [0, 1, 2, 3, 4, 5, 6, 7, 8, 9, 10, 11, 12, 13, 14, 15, 16, 17, 18, 19, 20, 21, 22, 23, 24, 25, 26, 27, 28, 29, 30, 31, 32, 33, 34, 35, 36, 37, 38, 39], "data": [0.010969295741435365, 0.005976362933330069, 0.0009170459882827882, 0.017797925042544318, 0.0172989738025537, 0.0, 0.020742590558907703, 0.0, 0.0, 0.01941884234311239, 0.0, 0.0, 0.01092875635043446, 0.0, 0.0, 0.0, 0.0, 0.0, 0.0, 0.003415592522996856, 0.0, 0.0, 0.0, 0.0, 0.0, 0.04018181228758128, 0.0, 0.02999258486101549, 0.009470665153362942, 0.0, 0.0, 0.0, 0.0, 0.0, 0.0055456353398647676, 0.0, 0.0, 0.030248908233517183, 0.0, 0.0011714360180631077]}