{"labels": [0, 1, 2, 3, 4, 5, 6, 7, 8, 9, 10, 11, 12, 13, 14, 15, 16, 17, 18, 19, 20, 21, 22, 23, 24, 25, 26, 27, 28, 29, 30, 31, 32, 33, 34, 35, 36, 37, 38, 39], "data": [0.00044822532783725947, 0.0016770950915477494, 0.0, 0.006072737842355455, 0.06361606637627387, 0.05697135986978985, 0.0007303701163790196, 0.0, 0.0013719125308650963, 0.0011061912677333306, 0.0022987628155692777, 0.0008746715472073644, 0.0, 0.0, 0.0, 0.0, 0.0008147705304841009, 0.0, 9.547581908258926e-05, 3.804265586670861e-05, 0.0, 0.0, 2.4427402480225727e-05, 0.0, 0.0, 0.00828064074850652, 0.0007328037074978479, 0.030324564405392555, 0.0, 0.0, 0.0007207206210731226, 0.0, 0.0, 0.04452888573431444, 0.0, 0.008289181232004223, 0.0, 0.0014838086436806592, 0.0, 0.0013756408259609691]}