{"labels": [0, 1, 2, 3, 4, 5, 6, 7, 8, 9, 10, 11, 12, 13, 14, 15, 16, 17, 18, 19, 20, 21, 22, 23, 24, 25, 26, 27, 28, 29, 30, 31, 32, 33, 34, 35, 36, 37, 38, 39], "data": [0.001402516191417129, 0.0046615497249951395, 0.0001015864448232915, 0.0, 0.013979403365094121, 0.0, 0.0, 0.0, 0.0, 0.0, 0.0, 0.0, 0.0, 0.011890862711073903, 0.0, 0.00015597294900171685, 0.0012666258595307848, 0.0005342487879053458, 0.005674506564875583, 0.04495860457694593, 0.03518205228626785, 0.0, 0.0, 0.0, 0.0, 0.03198975541840796, 0.0, 0.0, 0.0, 0.004051136986334578, 0.0, 0.0, 0.0, 0.0, 0.0, 0.10561240687941781, 0.0, 0.003651597592226254, 0.017835505444612258, 0.03554799475070408]}