{"labels": [0, 1, 2, 3, 4, 5, 6, 7, 8, 9, 10, 11, 12, 13, 14, 15, 16, 17, 18, 19, 20, 21, 22, 23, 24, 25, 26, 27, 28, 29, 30, 31, 32, 33, 34, 35, 36, 37, 38, 39], "data": [0.004197024651708636, 0.01226431278076384, 0.016816230506386417, 0.0005444696290114565, 0.0013638149848215514, 0.0, 0.001690627426918055, 0.006578307456768951, 0.0, 0.016299134433562887, 0.0, 0.0, 0.0, 0.0029219378884510648, 0.00825608830228775, 0.003632895031804365, 0.00023777859863208448, 0.035486502667884494, 0.017740746572740905, 0.019486708204293737, 0.0, 0.028898207629551035, 0.04450911225016519, 0.01885360711638107, 0.016399570600498226, 0.016851632592382655, 0.0360303567355331, 0.013417105286598117, 0.0, 0.0, 0.0, 0.0, 0.001957232092187776, 0.0, 0.008980817963826597, 0.0, 0.020483054844509716, 0.02794571709774965, 0.02699287009959889, 0.003042067276135884]}