{"labels": [0, 1, 2, 3, 4, 5, 6, 7, 8, 9, 10, 11, 12, 13, 14, 15, 16, 17, 18, 19, 20, 21, 22, 23, 24, 25, 26, 27, 28, 29, 30, 31, 32, 33, 34, 35, 36, 37, 38, 39], "data": [0.0, 0.0, 0.0526814849047573, 0.0, 0.0, 0.0, 0.02914494055937324, 0.0, 0.011850311257863911, 0.0, 0.014775114174272947, 0.007318833367498357, 0.0, 0.0024451590850142453, 0.0006018841534882601, 0.0, 0.0, 0.0, 0.0, 0.0020804615423935867, 0.0, 0.0, 0.0, 0.007583857111059268, 0.014482001034934501, 0.0, 0.0010869662534921708, 0.0, 0.0012405333851771216, 0.0, 0.003737167691449813, 0.003113694779298346, 0.0, 0.015870816704788213, 0.0, 0.0031998648570421657, 0.0006538118887209004, 0.008890156558234765, 0.0015320229180416408, 0.0]}