{"labels": [0, 1, 2, 3, 4, 5, 6, 7, 8, 9, 10, 11, 12, 13, 14, 15, 16, 17, 18, 19, 20, 21, 22, 23, 24, 25, 26, 27, 28, 29, 30, 31, 32, 33, 34, 35, 36, 37, 38, 39], "data": [0.005808579901793116, 0.0036035159202503987, 0.013583856000105225, 0.004012531123018627, 0.0054856645266642455, 0.007992143833564903, 0.0, 0.0, 0.01259594217097084, 0.0020814416964156607, 0.0003039506382078237, 0.002351034083789182, 0.0, 0.0, 0.00706622546057336, 0.0, 0.007103101166338903, 0.022395809133071928, 0.00043557271023989073, 0.0, 0.0, 0.03769842905710617, 0.00022133935594904954, 0.0008840465736629161, 0.0, 0.01958154984654071, 0.028207400436636804, 0.0026200991315520183, 0.0, 0.0, 0.0, 0.025861942798764408, 0.0, 0.011752964697884255, 0.0, 0.0007299655896628345, 0.015374272527690329, 0.01002683381809192, 0.0, 0.006738831042555745]}