{"labels": [0, 1, 2, 3, 4, 5, 6, 7, 8, 9, 10, 11, 12, 13, 14, 15, 16, 17, 18, 19, 20, 21, 22, 23, 24, 25, 26, 27, 28, 29, 30, 31, 32, 33, 34, 35, 36, 37, 38, 39], "data": [0.008318903950109504, 0.0005936174104878749, 0.0011033281320239816, 0.0, 0.0, 0.0, 0.0, 0.0, 0.0, 0.0, 0.0013203187272414706, 0.0, 0.0002852252316133286, 0.0, 0.0005915448864088196, 0.0, 0.0, 0.0, 0.0, 0.0, 0.027697324638693347, 0.0, 0.0, 0.0, 0.004495327718966703, 0.03376285716964754, 0.0, 0.0010588282528213478, 0.0, 0.0, 0.004534118771763943, 0.0, 0.0, 0.0, 0.0074782887098125365, 0.0, 0.002560347094269632, 0.009113526780099737, 0.0, 0.0]}