{"labels": [0, 1, 2, 3, 4, 5, 6, 7, 8, 9, 10, 11, 12, 13, 14, 15, 16, 17, 18, 19, 20, 21, 22, 23, 24, 25, 26, 27, 28, 29, 30, 31, 32, 33, 34, 35, 36, 37, 38, 39], "data": [0.0002108220011010357, 0.0, 0.002928593455033, 0.0, 0.0, 0.0, 0.0, 0.0, 0.01494256816427028, 0.0, 0.0, 0.0, 0.0, 0.011132076040490177, 0.0, 0.007489714931882651, 0.0, 0.0, 0.0, 0.0, 0.0034840698817416096, 0.007120653066853328, 0.011089195300142055, 0.04136529555692494, 0.007061117760908999, 0.0, 0.0013234070376943333, 0.0, 0.0, 0.0022129708360793953, 0.00038788354028460183, 0.0, 0.0010923710495292904, 0.008078738505180177, 0.0, 0.002387463838861883, 0.0, 0.0, 0.0, 0.0006899431471976916]}