{"labels": [0, 1, 2, 3, 4, 5, 6, 7, 8, 9, 10, 11, 12, 13, 14, 15, 16, 17, 18, 19, 20, 21, 22, 23, 24, 25, 26, 27, 28, 29, 30, 31, 32, 33, 34, 35, 36, 37, 38, 39], "data": [0.0, 0.0, 0.0, 0.01118844970574206, 0.0, 0.0, 0.022547866154798448, 0.0068138349413976685, 0.002687448686140889, 0.012725562866800927, 0.0, 0.0, 0.0, 0.0034547227382932945, 0.05952849339824493, 0.0, 0.0, 0.006555687840742952, 0.030286649557760153, 0.02395485595832542, 0.0, 0.0, 0.0041854662982088306, 0.007024040224707849, 0.022040805409925614, 0.023499366822627536, 0.0020568819230566493, 0.0, 0.0, 0.0, 0.04662901788674269, 0.002961883946161909, 0.0, 0.0, 0.0, 0.0, 0.0, 0.04863385375536515, 0.0022784440854363556, 0.0]}