{"labels": [0, 1, 2, 3, 4, 5, 6, 7, 8, 9, 10, 11, 12, 13, 14, 15, 16, 17, 18, 19, 20, 21, 22, 23, 24, 25, 26, 27, 28, 29, 30, 31, 32, 33, 34, 35, 36, 37, 38, 39], "data": [0.0052725564369638465, 0.01436424468688987, 0.00606854721389609, 0.0, 0.020305000830890995, 0.0, 0.0072140545488386335, 0.0, 0.0, 0.0, 0.018636408003861932, 0.0, 0.0, 0.019983907769560955, 0.0, 0.0, 0.0, 0.0026306939456909218, 0.0010966051826852734, 0.02298532498498294, 0.0031733833725741335, 0.0, 0.00864879917033486, 0.03361972366298753, 0.015831134575715364, 0.0, 0.0, 0.041774072328468394, 0.013049448169130475, 0.009772619781036806, 0.0, 0.0, 0.028658920957587108, 0.031998127743095094, 0.0, 0.0018945419122448433, 0.0, 0.0, 0.004878822122938787, 0.0]}