{"labels": [0, 1, 2, 3, 4, 5, 6, 7, 8, 9, 10, 11, 12, 13, 14, 15, 16, 17, 18, 19, 20, 21, 22, 23, 24, 25, 26, 27, 28, 29, 30, 31, 32, 33, 34, 35, 36, 37, 38, 39], "data": [0.0, 0.013147912040584343, 0.0, 0.0013429496833533984, 0.0, 0.0, 0.0, 0.03459949832025518, 0.0, 0.008230695994793358, 0.0, 0.0, 0.002255357375603226, 0.007352435218399038, 0.0, 0.0, 0.009513032504947116, 0.0406603007690183, 0.021115292295887142, 0.0, 0.0, 0.0018924011927226013, 0.014977281026781673, 0.0, 0.00028999766657916606, 0.0032699427326699153, 0.0, 0.03559444212670119, 0.0005156316348749177, 0.0, 0.0, 0.001656332149652576, 0.0, 0.0, 0.0, 0.0, 0.0, 0.0006408794156030871, 0.0, 0.0]}