{"labels": [0, 1, 2, 3, 4, 5, 6, 7, 8, 9, 10, 11, 12, 13, 14, 15, 16, 17, 18, 19, 20, 21, 22, 23, 24, 25, 26, 27, 28, 29, 30, 31, 32, 33, 34, 35, 36, 37, 38, 39], "data": [0.007269896813625371, 0.0, 0.0001961261393969679, 0.0, 0.0, 0.0, 0.0, 0.04358847027943259, 0.0, 0.006039438843004714, 0.001476183016261943, 0.0, 0.035260555612789304, 0.009891707649125297, 0.0, 0.0, 0.0, 0.0, 0.0, 0.0, 0.0010523442048174618, 0.0, 0.0, 0.0007115992182007957, 0.0, 0.0, 0.0, 0.05195136830706592, 0.02946693734036096, 0.000631050305261132, 0.005873164706202243, 0.0, 0.0, 0.010184198084551318, 0.0015550762642732288, 0.0, 0.005582347052263273, 0.011157107101049621, 0.0, 0.0018574931929215392]}