{"labels": [0, 1, 2, 3, 4, 5, 6, 7, 8, 9, 10, 11, 12, 13, 14, 15, 16, 17, 18, 19, 20, 21, 22, 23, 24, 25, 26, 27, 28, 29, 30, 31, 32, 33, 34, 35, 36, 37, 38, 39], "data": [0.0, 0.0, 0.0, 0.0, 0.043096844701179214, 0.014709674924734524, 0.030568304313717567, 0.0, 0.004166338707128541, 0.0, 0.0, 0.000467157951903618, 0.03238868220448124, 0.0006284849303404615, 0.022685274320866974, 0.0008930531206960135, 0.0, 0.0, 0.0, 0.0006071499243142078, 0.0, 0.03288611399323439, 0.0004934598665014164, 0.0, 0.0, 0.0, 0.002661226424429255, 0.0, 0.0, 0.0, 0.0007978514821243367, 0.0, 0.0, 0.011841254893709243, 0.0, 0.05137102544263867, 0.0, 0.020720702679497407, 0.0026462327138783337, 0.0019745107772570557]}