{"labels": [0, 1, 2, 3, 4, 5, 6, 7, 8, 9, 10, 11, 12, 13, 14, 15, 16, 17, 18, 19, 20, 21, 22, 23, 24, 25, 26, 27, 28, 29, 30, 31, 32, 33, 34, 35, 36, 37, 38, 39], "data": [0.0, 0.005106779025763278, 0.009538392012980979, 0.0, 0.0044965008799961285, 0.0, 0.0031100188989505056, 0.0, 0.0, 0.011721377687704199, 0.0, 0.0, 0.0, 0.0, 0.0, 0.0, 0.0, 0.0, 0.005030554597729478, 0.0, 0.012530850232658416, 0.0, 0.0, 0.00756755864428952, 0.0, 0.0, 0.0, 0.0, 0.0, 0.0, 0.0026270163435957532, 0.0, 0.0, 0.018085787576793463, 0.0, 0.0, 0.016626705008302014, 0.0, 0.003512617179303863, 0.0]}