{"labels": [0, 1, 2, 3, 4, 5, 6, 7, 8, 9, 10, 11, 12, 13, 14, 15, 16, 17, 18, 19, 20, 21, 22, 23, 24, 25, 26, 27, 28, 29, 30, 31, 32, 33, 34, 35, 36, 37, 38, 39], "data": [0.010255340504176669, 0.0, 0.004116915802852938, 0.0, 0.018150443875804587, 0.0, 0.0, 0.015329485303115543, 0.0068235713050779434, 0.024344206222282415, 0.0, 0.006558411082649513, 0.03257728042888665, 0.0018261954077337468, 0.004575229291382924, 0.0019247689403160569, 0.0, 0.03926302189453239, 0.0, 0.0, 0.047405227368310855, 0.050915533980592065, 0.0, 0.0, 0.0, 0.0031236036071824267, 0.0, 0.00013080846221412808, 0.0, 0.0, 0.00496651596049013, 0.011871166342632328, 0.003425701370124304, 0.010823754515197664, 0.01141925120150223, 0.014173747066005254, 0.0012799447668126944, 0.01803177629220563, 0.015889011877830244, 0.0]}