{"labels": [0, 1, 2, 3, 4, 5, 6, 7, 8, 9, 10, 11, 12, 13, 14, 15, 16, 17, 18, 19, 20, 21, 22, 23, 24, 25, 26, 27, 28, 29, 30, 31, 32, 33, 34, 35, 36, 37, 38, 39], "data": [0.003538938068447675, 0.020751335730468248, 0.02195933554878762, 0.004168022431496215, 0.00934978600210014, 0.004005581996504737, 0.005373533730287362, 0.0, 0.0001036398892969095, 0.0, 0.003145833752224823, 0.0, 0.0, 0.003993905341089383, 0.013213248364525832, 0.001431811034496151, 0.002353327675703857, 0.014785180237237367, 0.040605646254325806, 0.0, 0.002483983080322642, 0.02313440019912734, 0.0004837008198869662, 0.0, 0.0, 0.0, 0.0, 0.027735428245115594, 0.0, 0.0, 0.0, 0.0, 0.0, 0.0, 0.007713492270110577, 0.07047843545452219, 0.07159415359759264, 0.012009500500725906, 0.011929484690130568, 0.004111014500008149]}