{"labels": [0, 1, 2, 3, 4, 5, 6, 7, 8, 9, 10, 11, 12, 13, 14, 15, 16, 17, 18, 19, 20, 21, 22, 23, 24, 25, 26, 27, 28, 29, 30, 31, 32, 33, 34, 35, 36, 37, 38, 39], "data": [0.0, 0.0, 0.0, 0.0037746330327406903, 0.0, 0.0, 0.04431586737061465, 0.0, 0.0364365186759493, 0.0, 0.0, 0.001304793220797391, 0.0, 9.50465536866601e-05, 0.09481085700202908, 0.0, 0.0, 4.899814223303107e-06, 0.0, 0.0, 0.0, 0.0, 0.0, 0.002656199105969507, 0.0, 0.0, 0.0, 0.0, 0.0, 0.0, 0.0, 0.0, 0.0029926384462171463, 0.0, 0.0, 0.0, 0.0, 0.012802378704633093, 0.04349907382474089, 0.001595693774935204]}