{"labels": [0, 1, 2, 3, 4, 5, 6, 7, 8, 9, 10, 11, 12, 13, 14, 15, 16, 17, 18, 19, 20, 21, 22, 23, 24, 25, 26, 27, 28, 29, 30, 31, 32, 33, 34, 35, 36, 37, 38, 39], "data": [0.0, 0.0, 0.0, 0.0, 0.0, 0.06416629750647018, 0.0, 0.04753034887917357, 0.0, 0.00023423341531653787, 0.0, 0.0, 0.0037092944341079103, 0.0, 0.0, 0.008706924034279454, 0.008007489151013077, 0.0035850508767402965, 0.01587898118327854, 0.0, 0.0, 0.003999179317960944, 0.0, 0.0, 0.0, 0.0, 0.0, 0.024710605506660283, 0.0005196065225927639, 0.0, 0.0, 0.0014192787930467545, 0.0018222062542020518, 0.005391963812035855, 0.007317804608958901, 0.042781668633764806, 0.0, 0.03594983589381823, 0.0, 0.0]}