{"labels": [0, 1, 2, 3, 4, 5, 6, 7, 8, 9, 10, 11, 12, 13, 14, 15, 16, 17, 18, 19, 20, 21, 22, 23, 24, 25, 26, 27, 28, 29, 30, 31, 32, 33, 34, 35, 36, 37, 38, 39], "data": [0.017207595437600223, 0.0069931833772826964, 0.0, 0.0024112324256956356, 0.019369969153855228, 0.0, 0.0, 0.0, 0.0, 0.003263897136093229, 0.01051657064337342, 0.001446369133785399, 0.0, 0.008630326990177293, 0.004134649473849128, 0.00011942949051631325, 0.0, 0.027771087821906924, 0.0, 0.0, 0.0, 0.0518251506725635, 0.0, 0.001379276924365288, 0.0, 0.021134692329350793, 0.0, 0.0, 0.0006369096382224974, 0.0006896994780992883, 0.010375598262018663, 0.0, 0.0, 0.0003176981870505824, 0.002129053348879961, 0.03765887478144592, 0.05663404940496445, 0.0, 0.0, 0.0]}