{"labels": [0, 1, 2, 3, 4, 5, 6, 7, 8, 9, 10, 11, 12, 13, 14, 15, 16, 17, 18, 19, 20, 21, 22, 23, 24, 25, 26, 27, 28, 29, 30, 31, 32, 33, 34, 35, 36, 37, 38, 39], "data": [0.0, 0.0, 0.020477941524971822, 0.0, 0.009230962769135088, 0.013755753272334439, 0.0, 0.0, 0.0, 0.0, 0.0, 0.00035765997422305333, 0.016787200975039062, 0.029562939527940323, 0.0, 0.00017613329620732855, 0.005417963234096298, 0.0022093616165936676, 0.018273269762404815, 0.033175992023162536, 0.0004824051283077475, 0.004519883234799451, 0.004508340104304279, 0.009490220231594985, 0.012740897085401772, 0.0, 0.005506274675994352, 0.02331842960513106, 0.0, 0.004217418186132473, 0.002321160201487299, 0.002876859222148501, 0.06963572607267635, 0.0, 0.0, 0.0, 0.012419808044561097, 0.0, 0.002150070295823625, 0.0]}