{"labels": [0, 1, 2, 3, 4, 5, 6, 7, 8, 9, 10, 11, 12, 13, 14, 15, 16, 17, 18, 19, 20, 21, 22, 23, 24, 25, 26, 27, 28, 29, 30, 31, 32, 33, 34, 35, 36, 37, 38, 39], "data": [0.0, 0.0, 0.02591982482614697, 0.0021146876796049137, 0.04407474633533642, 0.014086881949084121, 0.02014806004908626, 0.0, 0.012833606253232875, 0.0, 0.0, 0.00438136001770852, 0.03141489368268796, 0.00447447020244132, 0.0, 0.016292041284288183, 0.02007470375807886, 0.005578408428831567, 0.0, 0.024432362819914316, 0.008207223250258437, 0.012694494439631842, 0.00045434061724158046, 0.0, 0.0, 0.0014111336041464672, 0.011711132246664016, 0.0, 0.005325376095777689, 0.0, 0.0, 0.013640169336742806, 0.031795946114275164, 0.01325316218096875, 0.0, 0.0, 0.0, 0.0, 0.03408527079966716, 0.006751199412470876]}