{"labels": [0, 1, 2, 3, 4, 5, 6, 7, 8, 9, 10, 11, 12, 13, 14, 15, 16, 17, 18, 19, 20, 21, 22, 23, 24, 25, 26, 27, 28, 29, 30, 31, 32, 33, 34, 35, 36, 37, 38, 39], "data": [0.003224614419495334, 0.0022785900119438726, 0.0008952126056949442, 0.0, 0.029031934572985984, 0.00796451264985757, 0.061703981935471205, 0.0, 0.0, 0.0005750792961983136, 0.00264568219593759, 0.0010459149870017067, 0.0, 0.01650110517195676, 0.0, 0.028202480533323752, 0.0, 0.0, 0.005387494508082945, 0.0, 0.048076857701242086, 0.0, 0.0, 0.022364340493628298, 0.004776468423383393, 0.0029520400309955667, 0.0036488988610719085, 0.018164489263795262, 0.0, 0.015869986013094216, 0.0, 0.0, 0.006369227925179375, 0.006581856505075475, 0.0, 0.0, 0.0029528926205294897, 0.0, 0.001455841080222531, 0.0054332919876983465]}