{"labels": [0, 1, 2, 3, 4, 5, 6, 7, 8, 9, 10, 11, 12, 13, 14, 15, 16, 17, 18, 19, 20, 21, 22, 23, 24, 25, 26, 27, 28, 29, 30, 31, 32, 33, 34, 35, 36, 37, 38, 39], "data": [0.0, 0.0, 0.0, 0.0, 0.0, 0.00029532761557032926, 0.0, 0.0009196206723927815, 0.0, 0.0, 0.005208755064015826, 0.0015364266670942343, 0.0, 0.0014371983425327988, 0.0, 0.0, 0.0001697226502714398, 0.054291136104406904, 0.0011495335724373064, 0.0, 0.0, 0.0013087543679771469, 0.0, 0.0, 0.04366976325137087, 0.006751699075016808, 0.0, 0.0, 0.0, 0.006537748433579495, 0.0, 0.0, 0.0, 0.0, 0.0, 0.002944601236311918, 0.02520453182033146, 0.0, 1.1354915789683267e-05, 0.0]}