{"labels": [0, 1, 2, 3, 4, 5, 6, 7, 8, 9, 10, 11, 12, 13, 14, 15, 16, 17, 18, 19, 20, 21, 22, 23, 24, 25, 26, 27, 28, 29, 30, 31, 32, 33, 34, 35, 36, 37, 38, 39], "data": [0.0, 0.0, 0.0, 0.034180261835224345, 0.0, 0.0, 0.0, 0.002046168364954352, 0.005247853087392248, 0.017102359740704388, 0.0, 0.0, 0.007806820299647477, 0.04196747116247506, 0.0, 0.0, 0.0, 0.0, 0.0, 0.0, 0.02725642883788198, 0.0, 6.080090626785851e-05, 0.0, 0.001345464236989605, 0.0, 0.0038254933013512566, 0.038027656846771715, 0.0034695434426850517, 0.0, 0.0, 0.0025622269839140907, 0.0037772328548014494, 0.0026391677575776347, 0.0018922845837803324, 0.08384024494230995, 0.006890027094306781, 0.0, 0.0, 0.0015320654412780317]}