{"labels": [0, 1, 2, 3, 4, 5, 6, 7, 8, 9, 10, 11, 12, 13, 14, 15, 16, 17, 18, 19, 20, 21, 22, 23, 24, 25, 26, 27, 28, 29, 30, 31, 32, 33, 34, 35, 36, 37, 38, 39], "data": [0.0, 0.027069789000224057, 0.0, 0.0, 0.005793331425595363, 0.0, 0.011607432516112548, 0.0, 0.0, 0.0, 0.0, 0.0019811632296998106, 0.03252079676504344, 0.0, 0.0, 0.0, 0.0, 0.0, 0.008747501374101177, 0.0, 0.0, 0.0, 0.0020492387444364323, 0.011645171854354841, 0.0, 0.0, 0.0, 0.002242498695935604, 0.0033098923763505306, 0.0, 0.033391343995376174, 0.0, 0.0777762354946162, 0.00012219776693358223, 0.00636382047901339, 0.0, 0.06027287357700605, 0.0, 0.0, 0.0]}