{"labels": [0, 1, 2, 3, 4, 5, 6, 7, 8, 9, 10, 11, 12, 13, 14, 15, 16, 17, 18, 19, 20, 21, 22, 23, 24, 25, 26, 27, 28, 29, 30, 31, 32, 33, 34, 35, 36, 37, 38, 39], "data": [0.0, 0.0, 0.0, 0.06210352551203896, 0.006918650333843294, 0.0, 0.0, 0.0, 0.0008036551393627418, 0.0, 0.0, 0.0, 4.453099422392264e-05, 0.0, 0.0, 0.0, 0.000323175010233103, 0.0, 0.0, 0.0, 0.0, 0.0, 0.0, 6.745790921446099e-05, 0.022428899619649157, 0.0032973538513677014, 0.0, 0.0001361388039240796, 0.001782599788245102, 0.2217110868954827, 0.0, 0.0, 0.0, 0.0, 0.0, 0.0, 0.0, 0.0, 0.0, 0.0]}