{"labels": [0, 1, 2, 3, 4, 5, 6, 7, 8, 9, 10, 11, 12, 13, 14, 15, 16, 17, 18, 19, 20, 21, 22, 23, 24, 25, 26, 27, 28, 29, 30, 31, 32, 33, 34, 35, 36, 37, 38, 39], "data": [0.005739656962666512, 0.0, 0.005149159937901926, 0.0, 0.014513640910754681, 0.0, 0.0, 0.0018113285691797798, 0.0, 0.006099522644498175, 0.001205864805554655, 0.0, 0.0, 0.007346182388099782, 0.0, 0.0, 0.00267005537571507, 0.008828087614345942, 0.001982903058824103, 0.0004537721750652769, 0.0, 0.0, 0.0034108554868930293, 0.0, 0.0040559224468849605, 0.0, 0.000465974391439633, 0.003413642034737248, 0.0011457445916815282, 0.011824631151112722, 0.0, 0.004663587820058086, 0.0, 0.01986003873505579, 0.0010278605239469156, 0.0, 0.0, 0.0048648451639601055, 0.0011223043836397397, 0.0]}