{"labels": [0, 1, 2, 3, 4, 5, 6, 7, 8, 9, 10, 11, 12, 13, 14, 15, 16, 17, 18, 19, 20, 21, 22, 23, 24, 25, 26, 27, 28, 29, 30, 31, 32, 33, 34, 35, 36, 37, 38, 39], "data": [0.0, 0.005524883034994528, 0.0, 0.0, 0.014907797332669268, 0.0, 0.048158048755632954, 0.0, 0.017906921160855852, 0.0, 0.0, 0.0, 0.008061083033276026, 0.0005014033961307941, 0.013303924644045598, 0.0008174302090656761, 0.0, 0.0, 0.0004279674545110582, 0.0, 0.0, 0.0, 0.0, 0.0, 0.0, 0.0, 0.03410604036038827, 0.00040581685059840105, 0.0, 0.0, 0.0, 0.0, 0.0, 0.05279022805184579, 0.05408867563172204, 0.017514745116734058, 0.0, 0.033885994525383496, 0.0, 0.004025803917013379]}