{"labels": [0, 1, 2, 3, 4, 5, 6, 7, 8, 9, 10, 11, 12, 13, 14, 15, 16, 17, 18, 19, 20, 21, 22, 23, 24, 25, 26, 27, 28, 29, 30, 31, 32, 33, 34, 35, 36, 37, 38, 39], "data": [0.0, 0.0, 0.0015576198810221362, 0.0, 0.0, 0.0, 0.02501011115562477, 0.0, 0.0, 0.0014008548876691704, 0.01632007202663717, 0.0015879827506191462, 0.0653854979731682, 0.0, 0.006310863740316252, 0.02379292026715986, 0.0, 0.0, 0.0036742216307358404, 0.0, 0.08355558473653449, 0.0004819094110243262, 0.0340206661718663, 0.0, 0.0, 0.00833305543211245, 0.008853523031413523, 0.0014261833720062727, 0.055398455928165016, 0.0, 0.0, 0.05827114600031985, 0.0, 0.006434757592441055, 0.01900672761615007, 0.0, 0.0, 0.000671972110646955, 0.0, 0.0]}