{"labels": [0, 1, 2, 3, 4, 5, 6, 7, 8, 9, 10, 11, 12, 13, 14, 15, 16, 17, 18, 19, 20, 21, 22, 23, 24, 25, 26, 27, 28, 29, 30, 31, 32, 33, 34, 35, 36, 37, 38, 39], "data": [0.013057119018814853, 0.00827606703501931, 0.0, 0.0, 0.0, 0.006664337753611049, 0.032220459248029465, 0.0, 0.0, 0.013676557216522448, 0.00046190197084813525, 0.0, 0.03798813431925817, 0.004052253713783035, 0.003303496433830527, 0.02764137420567497, 0.005015571258252389, 0.0, 0.0163864345562457, 0.0, 0.002402917842494295, 0.0005890817968115596, 0.0, 0.002570487840431079, 0.0008238643164110373, 0.0014103683224312548, 0.07073075894760027, 0.0, 0.0004578443568403065, 0.02520022493705012, 0.010664998188318833, 0.0, 0.0015548163277451024, 0.0, 0.0, 0.0, 0.0, 0.005326300986306546, 0.004600302313870889, 0.0020980148010783057]}