{"labels": [0, 1, 2, 3, 4, 5, 6, 7, 8, 9, 10, 11, 12, 13, 14, 15, 16, 17, 18, 19, 20, 21, 22, 23, 24, 25, 26, 27, 28, 29, 30, 31, 32, 33, 34, 35, 36, 37, 38, 39], "data": [0.0, 0.0, 0.0, 0.0, 0.0, 0.08419665916172264, 0.0, 0.022297423830137494, 0.0, 0.0, 0.0, 0.0, 0.005554608565227109, 0.0, 0.0, 0.0, 0.0, 0.0, 0.0, 0.0, 0.0, 0.02189420610013112, 0.007257314075819226, 0.0, 0.0, 0.0, 0.0, 0.0, 0.010710541241138053, 0.0, 0.0, 0.0, 0.0, 0.0, 0.0, 0.0, 0.0, 0.022020921944697208, 0.0, 0.0]}