{"labels": [0, 1, 2, 3, 4, 5, 6, 7, 8, 9, 10, 11, 12, 13, 14, 15, 16, 17, 18, 19, 20, 21, 22, 23, 24, 25, 26, 27, 28, 29, 30, 31, 32, 33, 34, 35, 36, 37, 38, 39], "data": [0.0024444895000015772, 0.0, 0.028148569658291184, 0.004202844841297868, 0.0215260711069871, 0.0, 0.007424853049995661, 4.732197016988898e-05, 0.0, 0.0038684661980886432, 0.006308873013317045, 0.0021427503643841007, 0.0, 0.022859965939303034, 0.0, 0.01610387341951351, 0.0542065154079372, 0.0, 0.006803670589317339, 0.0, 0.0, 0.0017864728744293307, 0.0, 0.0300840321877147, 0.003340625518273034, 0.0, 0.0, 0.06800227147827742, 0.004816618369583027, 0.0, 0.028093874270117995, 0.0, 0.0, 0.0, 0.004638442364948062, 0.0, 0.0, 0.00882491499431439, 0.030367042889571164, 0.0]}