{"labels": [0, 1, 2, 3, 4, 5, 6, 7, 8, 9, 10, 11, 12, 13, 14, 15, 16, 17, 18, 19, 20, 21, 22, 23, 24, 25, 26, 27, 28, 29, 30, 31, 32, 33, 34, 35, 36, 37, 38, 39], "data": [0.0, 0.0, 0.0005685656951559243, 0.0, 0.0, 0.03411727663281537, 0.0020482153303158757, 0.0, 0.0, 0.005198659682322499, 0.0, 0.005370184004020661, 0.0, 0.0, 0.02048626771652795, 0.0, 0.0, 0.0, 0.0, 0.0, 0.0, 0.0012869156911422667, 0.0, 0.0, 0.0, 0.0, 0.0024108518341814105, 0.05753216156972324, 0.0, 0.0, 0.0, 0.0, 0.0, 0.0, 0.0, 0.09585086541815308, 0.005083489846962443, 0.02863243546984764, 0.00044023780659513623, 0.0]}