{"labels": [0, 1, 2, 3, 4, 5, 6, 7, 8, 9, 10, 11, 12, 13, 14, 15, 16, 17, 18, 19, 20, 21, 22, 23, 24, 25, 26, 27, 28, 29, 30, 31, 32, 33, 34, 35, 36, 37, 38, 39], "data": [0.009196768874211642, 0.0027846472387298145, 0.0, 0.0014981930840772676, 0.0, 0.0, 0.0, 0.0030948642553780535, 0.001414151137535753, 0.0, 0.0, 0.0, 0.0, 0.0007192586813763327, 0.002951165096406508, 0.025046576864185877, 0.004930309886606236, 0.0, 0.0, 0.0025804860356874555, 0.0005340405601576944, 0.0031753726203026258, 0.050998454942551896, 0.0, 0.032005170902655034, 0.004255156449375049, 0.0, 0.004524210952418575, 0.0, 0.013409177336967733, 0.0, 0.0, 0.0022362789828975866, 0.0, 0.028386388643640216, 0.0031305405286524133, 0.0, 0.020421396022373143, 0.0, 0.0]}