{"labels": [0, 1, 2, 3, 4, 5, 6, 7, 8, 9, 10, 11, 12, 13, 14, 15, 16, 17, 18, 19, 20, 21, 22, 23, 24, 25, 26, 27, 28, 29, 30, 31, 32, 33, 34, 35, 36, 37, 38, 39], "data": [0.018420622085660948, 0.0, 0.0, 0.035885898806344387, 0.03292527396057994, 0.0, 0.01615402219319986, 0.002666293588444701, 0.0, 0.003388734576952226, 0.0, 0.0, 0.002451899856142017, 0.0, 0.00359308291788416, 0.008237296366326726, 0.020477197655512303, 0.004860147399002458, 0.017495324524487044, 0.0021138172187250255, 0.0022932177275971364, 0.023454566921494887, 0.0, 0.006524288122354997, 0.0, 0.050497705879503516, 9.734724564676416e-05, 0.015393605077279602, 0.0, 0.0, 0.0, 0.0, 0.0010653205570927448, 0.013514872615517091, 0.026731313699918356, 0.009077528982165538, 0.0, 0.004331773671981253, 0.004286404442858138, 0.0]}