{"labels": [0, 1, 2, 3, 4, 5, 6, 7, 8, 9, 10, 11, 12, 13, 14, 15, 16, 17, 18, 19, 20, 21, 22, 23, 24, 25, 26, 27, 28, 29, 30, 31, 32, 33, 34, 35, 36, 37, 38, 39], "data": [0.008249037141572319, 0.003519320925439775, 0.0006449743673200972, 0.01766295781556385, 0.005141387036771246, 0.0, 0.007431113064092734, 0.0014669507683823524, 0.0, 0.01795602200461655, 0.014186203771626195, 0.0, 0.0, 0.018248000500440443, 0.00046049203386182936, 0.00039611737217735895, 0.0, 0.0, 0.002298448969243572, 0.004892800879637197, 0.0, 0.0, 0.0022965508412268504, 0.06155070700938097, 0.05124465087017306, 0.010053894092285652, 0.0, 0.001256613927166422, 0.0, 0.0, 0.0, 0.0, 0.0, 0.022778010124223903, 2.9250615635415994e-05, 0.009357081978923003, 0.0, 0.001422028890446133, 0.03447440668687679, 0.0]}