{"labels": [0, 1, 2, 3, 4, 5, 6, 7, 8, 9, 10, 11, 12, 13, 14, 15, 16, 17, 18, 19, 20, 21, 22, 23, 24, 25, 26, 27, 28, 29, 30, 31, 32, 33, 34, 35, 36, 37, 38, 39], "data": [0.0, 0.008907360928988941, 0.001670739617721252, 0.0, 0.0, 0.0467333454755193, 0.001587248984582216, 0.05571136302463091, 0.0, 0.038966100991775825, 0.0, 0.0, 0.0, 0.010058667674232044, 0.0, 0.0, 0.003990751597079022, 0.0012360327794985358, 0.0, 0.0, 0.0, 0.0016277540507858383, 0.0032904920517801994, 0.029484321632866933, 0.0027082659373588317, 0.0, 0.0030235618621206853, 0.028168197051090638, 0.0, 0.004036704852285704, 0.0, 0.05214780371951382, 0.0024921989536704566, 0.0, 0.0, 0.0, 0.0, 0.0, 0.024313541050792427, 0.0]}