{"labels": [0, 1, 2, 3, 4, 5, 6, 7, 8, 9, 10, 11, 12, 13, 14, 15, 16, 17, 18, 19, 20, 21, 22, 23, 24, 25, 26, 27, 28, 29, 30, 31, 32, 33, 34, 35, 36, 37, 38, 39], "data": [0.0, 0.01076461015687176, 0.004609642729102124, 0.0, 0.0, 0.0, 0.03655267365882741, 0.0, 0.0, 0.0, 0.008303795551689351, 0.0, 0.0, 0.0, 0.004129777167685725, 0.0005353660693054498, 0.0, 0.0, 0.0, 0.0, 0.0, 0.0, 0.0, 0.00015642792021737582, 0.009353919126495393, 0.0, 0.005314674542418662, 0.0, 0.0, 0.012356064481984235, 0.009443992220068807, 0.0, 0.0, 0.01798272053334377, 0.0, 0.0, 0.06671727236024046, 0.0008417292988557232, 0.0014573407797222658, 0.0]}