{"labels": [0, 1, 2, 3, 4, 5, 6, 7, 8, 9, 10, 11, 12, 13, 14, 15, 16, 17, 18, 19, 20, 21, 22, 23, 24, 25, 26, 27, 28, 29, 30, 31, 32, 33, 34, 35, 36, 37, 38, 39], "data": [0.0, 0.0, 0.0, 0.0, 0.0, 0.010737941875893676, 0.020814078633870244, 0.0, 0.0, 0.024653949798295043, 0.0, 0.0, 0.0, 0.00787361632025647, 0.0, 0.0002529873742255152, 0.0, 0.0013621580426286806, 0.0, 0.053444801112258584, 0.0, 0.0, 0.0006429650973227935, 0.0, 0.00033721702959207283, 0.07512235865964048, 0.001137783012567301, 0.02172998592207914, 0.0, 0.0, 0.0, 0.0, 0.0, 0.0, 0.007086620157191807, 0.024364610836028595, 0.0, 0.0, 0.010207649094544587, 0.0]}