{"labels": [0, 1, 2, 3, 4, 5, 6, 7, 8, 9, 10, 11, 12, 13, 14, 15, 16, 17, 18, 19, 20, 21, 22, 23, 24, 25, 26, 27, 28, 29, 30, 31, 32, 33, 34, 35, 36, 37, 38, 39], "data": [0.006214672730131485, 0.0, 0.0, 0.009776073934950962, 0.03607125982343717, 0.0, 0.0, 0.0, 0.002829936538684364, 0.04508704070606938, 0.0005451296368605516, 0.0022066730839666714, 0.0, 0.005800947699167397, 0.0, 0.0, 0.0379499463087979, 0.010231325784275524, 0.0, 0.0037021260739577193, 0.0208597336047454, 0.0, 0.042878236083522925, 0.005887636127650264, 0.03239978980527589, 0.0, 0.0, 0.002591423410035406, 0.0, 0.0, 0.0, 0.0009249452978122042, 0.002139002448180106, 0.00401495054036459, 0.0, 0.0, 0.0, 0.0, 0.0, 0.0]}