{"labels": [0, 1, 2, 3, 4, 5, 6, 7, 8, 9, 10, 11, 12, 13, 14, 15, 16, 17, 18, 19, 20, 21, 22, 23, 24, 25, 26, 27, 28, 29, 30, 31, 32, 33, 34, 35, 36, 37, 38, 39], "data": [0.0, 0.005209244622628767, 0.002578319212126518, 0.0, 0.0, 0.0071573594789656435, 0.0, 0.0009569418809210633, 0.0018405693086597894, 0.01983350240828603, 0.0, 0.0, 0.031166157178169097, 0.031663084157393946, 0.0, 0.0, 0.008287539845280356, 0.004519751573894687, 0.0007782633792321464, 0.005412482380280161, 0.0, 0.0, 0.002708643623836182, 0.01648234811539392, 0.07927574712278276, 0.015537169251440342, 0.0004762004854635709, 0.004420410296115263, 0.0, 0.005822108740690104, 0.019327927956790707, 0.001957403720047922, 0.0053386610036087745, 0.0037121167519527445, 0.01420022673850069, 0.00394228057347057, 0.008092594866028027, 0.0004251142128913688, 0.008275101325712436, 0.0]}