{"labels": [0, 1, 2, 3, 4, 5, 6, 7, 8, 9, 10, 11, 12, 13, 14, 15, 16, 17, 18, 19, 20, 21, 22, 23, 24, 25, 26, 27, 28, 29, 30, 31, 32, 33, 34, 35, 36, 37, 38, 39], "data": [0.005511463329594413, 0.0, 0.02125765884667964, 0.0, 0.023999334114546494, 0.010990430534551334, 0.0, 0.044203092067571136, 0.0, 0.0, 0.014032318716401397, 0.0, 0.013453866880959967, 0.0, 0.004913101753816987, 0.0, 0.0, 0.0, 0.0, 0.002796069724880081, 0.0, 0.004247871627775726, 0.00321415017913159, 0.0, 0.000881396900317576, 0.0015422393985337554, 0.0017674856148274817, 0.0, 0.009494749740231288, 0.00011385739446535429, 0.00206769293571352, 0.0, 0.03717900640331124, 0.003914974826234095, 0.0, 0.001258613899659459, 0.0687872590087011, 0.0, 0.0, 0.0]}