{"labels": [0, 1, 2, 3, 4, 5, 6, 7, 8, 9, 10, 11, 12, 13, 14, 15, 16, 17, 18, 19, 20, 21, 22, 23, 24, 25, 26, 27, 28, 29, 30, 31, 32, 33, 34, 35, 36, 37, 38, 39], "data": [0.0, 0.0, 0.0, 0.015334408508689128, 0.05137482847359922, 0.015574348243517555, 0.00963302093243534, 0.06627860553732395, 0.0, 0.01254117118259895, 0.0051157225911806934, 0.0, 0.0, 0.0, 0.0, 0.0, 0.0, 0.004486772138555463, 0.0, 0.0, 0.006006810057992017, 0.0016671972487206411, 0.0, 0.00768238072483968, 0.0, 0.0, 0.0, 0.0, 0.0, 0.007639531812940972, 0.00018368643802946824, 0.0, 0.0, 0.0, 0.0, 0.0, 0.0, 0.0, 0.0, 0.0]}