{"labels": [0, 1, 2, 3, 4, 5, 6, 7, 8, 9, 10, 11, 12, 13, 14, 15, 16, 17, 18, 19, 20, 21, 22, 23, 24, 25, 26, 27, 28, 29, 30, 31, 32, 33, 34, 35, 36, 37, 38, 39], "data": [0.0, 0.0, 0.0, 0.02133156190514524, 0.0, 0.1106836211297107, 0.0030532281744380728, 0.0, 0.0015069851802824643, 0.0, 0.0, 0.0, 0.0, 0.00107385504911207, 0.0, 0.0, 0.005256043229272482, 0.0, 0.0, 0.0, 0.0019366548035118164, 0.0, 0.0, 0.0, 0.0, 0.01781335766610131, 0.039953986684923726, 0.003362069485568986, 0.0, 0.0, 0.0, 0.07526377949259253, 0.04770936502833657, 0.0, 0.0, 0.0, 0.0, 0.0, 0.003062718992160213, 0.0]}