{"labels": [0, 1, 2, 3, 4, 5, 6, 7, 8, 9, 10, 11, 12, 13, 14, 15, 16, 17, 18, 19, 20, 21, 22, 23, 24, 25, 26, 27, 28, 29, 30, 31, 32, 33, 34, 35, 36, 37, 38, 39], "data": [0.0026257455060469123, 0.0, 0.003777140521882729, 0.0, 0.0005814733502072345, 0.036059556959987256, 0.02176732314596245, 0.004619143400003939, 0.0005697886872345131, 0.023975292214113146, 0.008173846724037257, 0.003966887213661453, 0.020129307434995244, 0.05229737602194989, 0.008935679611976654, 0.00035050760049722975, 0.0, 0.0, 0.0, 0.0007707814920672741, 0.0, 0.0, 0.02856626034953121, 0.026335849379877648, 0.002993007513688185, 0.0, 0.008356169513791756, 0.0, 0.1397195297737415, 0.0, 0.00017410025214818694, 0.0011722090156558154, 0.0, 0.008448737595629292, 0.008395196678944011, 0.0, 0.0, 0.003329887167260381, 0.0002935960442784911, 0.0]}