{"labels": [0, 1, 2, 3, 4, 5, 6, 7, 8, 9, 10, 11, 12, 13, 14, 15, 16, 17, 18, 19, 20, 21, 22, 23, 24, 25, 26, 27, 28, 29, 30, 31, 32, 33, 34, 35, 36, 37, 38, 39], "data": [0.0, 0.0, 0.0006951779853148806, 0.029698894861233886, 0.0489547710722183, 0.0, 0.012544360667398037, 0.022734761079316247, 0.006866829784219786, 0.01769504851121273, 0.0, 0.003984596440901255, 0.0, 0.0, 0.0, 0.0, 0.004041897455071398, 0.0, 0.001182569416714317, 0.0028117819127675796, 0.0, 0.0, 0.0, 0.0, 0.0, 0.014100805911229338, 0.0006530942604822766, 0.02342038457466738, 0.0, 0.006126340404352146, 0.0, 0.0, 0.0, 0.0, 0.0, 0.0, 0.006047445187723834, 0.0, 0.0019021522934227096, 0.0]}