{"labels": [0, 1, 2, 3, 4, 5, 6, 7, 8, 9, 10, 11, 12, 13, 14, 15, 16, 17, 18, 19, 20, 21, 22, 23, 24, 25, 26, 27, 28, 29, 30, 31, 32, 33, 34, 35, 36, 37, 38, 39], "data": [0.0026896499142688526, 0.00765712998054417, 0.006791578128677762, 0.011326197434221343, 0.043885670191919274, 0.0, 0.00045271078013173546, 0.00010628730239249797, 0.002222477265245845, 0.006957193807993796, 0.001433023928432187, 0.0031100803578766197, 0.023264612466674293, 0.0, 0.0029021857497010532, 0.0, 0.0, 0.007659417269976092, 0.005536719621013496, 0.0, 0.007291044079968609, 0.00857213975260016, 0.0013127552927383781, 0.0, 0.002482015486255992, 0.0019544774884765466, 0.0, 0.029135342106552112, 0.001231634320165908, 0.03264593375637765, 0.0, 0.005054050685275042, 0.0, 0.0051402384886984915, 0.014253083410193537, 0.004653614095925641, 0.0, 0.0006219179662375536, 0.0, 0.0]}