{"labels": [0, 1, 2, 3, 4, 5, 6, 7, 8, 9, 10, 11, 12, 13, 14, 15, 16, 17, 18, 19, 20, 21, 22, 23, 24, 25, 26, 27, 28, 29, 30, 31, 32, 33, 34, 35, 36, 37, 38, 39], "data": [0.0019678861502727117, 0.003575351102135852, 0.0013585527673784707, 0.0, 0.018533005589698996, 0.0, 0.0, 0.001495112942457649, 0.0, 0.0, 0.0, 0.0, 0.004109651156423411, 0.0, 0.0, 0.0, 0.10784418687971309, 0.0034143260326935294, 0.0, 0.000356549284342585, 0.0, 0.0, 0.0, 0.0, 0.0, 0.0027004144465341217, 0.0008239363436061183, 0.0, 0.0, 0.0017066424836400251, 0.0003744629611794859, 0.0, 0.0, 0.0397704453735374, 0.017524349736420055, 0.003408905110851533, 0.0, 0.0, 0.0013759126974759303, 0.0]}