{"labels": [0, 1, 2, 3, 4, 5, 6, 7, 8, 9, 10, 11, 12, 13, 14, 15, 16, 17, 18, 19, 20, 21, 22, 23, 24, 25, 26, 27, 28, 29, 30, 31, 32, 33, 34, 35, 36, 37, 38, 39], "data": [0.001260567651174125, 0.027029398896731276, 0.00394628808221714, 0.0, 0.0, 0.0, 0.0, 0.0, 0.0, 0.006757585302583679, 0.0, 0.11163266005327932, 0.0073690434361436625, 0.0, 0.007762736833271088, 0.0, 0.0, 0.0, 0.027847178194756305, 0.0, 0.0, 0.0, 0.0016288317622103331, 0.0, 0.0, 0.0, 0.0031600106416517187, 0.0002113552568540561, 0.0, 0.0017564138276008941, 0.0, 0.0, 0.006609040517441116, 0.0, 0.0, 0.035651014078995756, 0.022106998811349976, 0.0, 0.0, 0.0]}