{"labels": [0, 1, 2, 3, 4, 5, 6, 7, 8, 9, 10, 11, 12, 13, 14, 15, 16, 17, 18, 19, 20, 21, 22, 23, 24, 25, 26, 27, 28, 29, 30, 31, 32, 33, 34, 35, 36, 37, 38, 39], "data": [0.005980515370611966, 0.0, 0.004980890827646924, 0.004933923794655292, 0.0, 0.0, 0.00927561319664839, 0.0029838931922350266, 0.0006942582685556593, 0.00048066542211215905, 0.0004399146758486861, 0.001886772635476219, 0.0, 0.02567384985932914, 0.02436144760355576, 0.0, 0.0, 0.0, 0.0038514041182740695, 0.0, 0.0008806290121071826, 0.056506374416980934, 0.03871054172244322, 0.0, 0.02156995464618567, 0.0024177572013784968, 0.003748423047228716, 0.0, 0.0, 0.0004908585364223236, 0.003967250700973336, 0.08649518284867433, 0.0, 0.0049954131773425154, 0.0, 0.001460342338930004, 0.011074178549841267, 0.0061655171684386004, 0.017716016180287703, 0.0]}