{"labels": [0, 1, 2, 3, 4, 5, 6, 7, 8, 9, 10, 11, 12, 13, 14, 15, 16, 17, 18, 19, 20, 21, 22, 23, 24, 25, 26, 27, 28, 29, 30, 31, 32, 33, 34, 35, 36, 37, 38, 39], "data": [0.0, 0.03270351085099572, 0.021408362283038346, 0.0023568414307946453, 0.010410091189635425, 0.0, 0.007693094601856668, 0.0, 0.013397890781331601, 0.0, 0.007029180656996491, 0.006688189877960192, 0.0, 0.0, 0.0014647692900661275, 0.0, 0.0, 0.00016986231159998993, 0.0006958736200194065, 0.0, 0.0010031894504973083, 0.0002609309755924934, 0.0032731673472739444, 0.0, 0.0, 0.0, 0.0013224158048519062, 0.027503420394003785, 0.0, 0.008189197794574705, 0.05204806133781391, 0.007200902015646756, 0.0, 0.04567042341527121, 0.0, 0.0, 0.0, 0.0017417952159806752, 0.0, 0.0]}