{"labels": [0, 1, 2, 3, 4, 5, 6, 7, 8, 9, 10, 11, 12, 13, 14, 15, 16, 17, 18, 19, 20, 21, 22, 23, 24, 25, 26, 27, 28, 29, 30, 31, 32, 33, 34, 35, 36, 37, 38, 39], "data": [0.0, 0.0, 0.0015061177190189865, 0.0, 0.08381630186716192, 0.05847538897249825, 0.0, 0.0, 0.0, 0.0, 0.0, 0.0, 0.0, 0.008429273833027938, 0.002111894260269072, 0.0, 0.0034493677548843144, 0.0, 0.0, 0.0009656180185524128, 0.0, 0.0, 0.0, 0.0, 0.0, 0.0, 0.0, 0.04749082727930057, 0.0, 0.0, 0.001185555320737522, 0.06725331972835366, 0.04613294080034092, 0.0, 0.0, 0.0, 0.0, 0.04219558757740653, 0.0, 0.0]}