{"labels": [0, 1, 2, 3, 4, 5, 6, 7, 8, 9, 10, 11, 12, 13, 14, 15, 16, 17, 18, 19, 20, 21, 22, 23, 24, 25, 26, 27, 28, 29, 30, 31, 32, 33, 34, 35, 36, 37, 38, 39], "data": [0.0, 0.0, 0.0, 0.0, 0.0, 0.0, 0.0, 0.0, 0.0, 0.0, 0.0, 0.0, 0.024870523382346157, 0.013941578981684334, 0.01341856339017914, 0.014102989844886301, 0.0, 0.05398045957192937, 0.019092781570501868, 0.0023479052228607307, 0.0, 0.005054339390156188, 0.0, 0.0, 0.0, 0.05518854814074701, 0.0, 0.023798198679245663, 0.0, 0.007475070342088764, 0.002242084200997861, 0.0, 0.0, 0.0, 0.0, 0.009831702442674523, 0.0, 0.009578105403827543, 0.0, 0.03362547376751243]}