{"labels": [0, 1, 2, 3, 4, 5, 6, 7, 8, 9, 10, 11, 12, 13, 14, 15, 16, 17, 18, 19, 20, 21, 22, 23, 24, 25, 26, 27, 28, 29, 30, 31, 32, 33, 34, 35, 36, 37, 38, 39], "data": [0.0, 0.0, 0.023597346451791477, 0.058475328201940444, 0.040400269604298135, 0.0, 0.00028336991008482093, 0.0, 0.0, 0.0028507259517927537, 0.0, 0.0, 0.0, 0.0, 0.0, 0.0, 0.0017395648251732497, 0.010593991914698538, 0.0, 0.0, 0.0, 0.0, 0.0, 0.0, 0.0, 0.03552091159271692, 0.0, 0.05037191157424343, 0.0, 0.0, 0.0, 0.0, 0.0005403089471386215, 0.062131765248643084, 0.0020801344886964015, 0.0, 0.0, 0.0020288442275611333, 0.0, 0.0]}