{"labels": [0, 1, 2, 3, 4, 5, 6, 7, 8, 9, 10, 11, 12, 13, 14, 15, 16, 17, 18, 19, 20, 21, 22, 23, 24, 25, 26, 27, 28, 29, 30, 31, 32, 33, 34, 35, 36, 37, 38, 39], "data": [0.0, 0.0, 0.0, 0.0, 0.004890293743724334, 0.0, 0.005769269552424511, 0.047776885438747266, 0.0, 0.0, 0.0044378303787227175, 0.0, 0.0, 0.0, 0.0, 0.0, 0.0, 0.0, 0.0, 0.0005302720276074362, 0.0, 0.004392771957771827, 0.05723524429896845, 0.0, 0.0, 0.0, 0.0, 0.001318147070851899, 0.09223140306645469, 0.0, 0.01173269317926184, 0.006452578366525352, 0.0, 0.0, 0.0, 0.002813844716392491, 0.0, 0.021222861674285505, 0.0, 0.0]}